{"incumbents": [-107.3, -104.0, -239.9, -345.5, -107.1, -84.6, -214.7, -394.9, -252.7, -293.4, -74.9, -78.2, -77.6, -77.3, -77.1, -75.4, -80.1, -79.2, -78.3, -77.1, -77.5, -79.0, -67.6, -73.6, -73.4, -83.4, -77.7, -72.1, -66.5, -69.8, -72.4, -74.5, -74.3, -68.7, -73.7, -67.7, -67.8, -68.1, -72.6, -68.4, -69.0, -70.5, -67.8, -64.3, -67.0, -69.1, -63.7, -72.8, -64.5, -77.9, -63.8, -64.8, -64.7, -65.2, -64.8, -63.4, -67.6, -64.3, -66.8, -63.8, -67.5, -66.9, -62.9, -63.4, -67.3, -68.5, -64.0, -66.1, -67.0, -63.4, -62.6, -63.5, -63.8, -65.7, -67.1, -62.8, -63.4, -64.5, -62.8, -65.0, -62.6, -66.9, -64.4, -64.0, -64.9, -63.7, -63.3, -68.0, -62.5, -65.1, -66.9, -63.1, -64.1, -65.4, -66.5, -63.2, -63.4, -62.9, -62.7, -64.7], "wallclock_time_eval": [89.96673345565796, 185.90659618377686, 323.400137424469, 433.25680017471313, 524.2093706130981, 621.1958646774292, 724.5740842819214, 866.5206861495972, 1012.0245981216431, 1117.802186012268, 207.95088386535645, 229.74134016036987, 244.2539393901825, 265.873699426651, 277.3892159461975, 301.03504180908203, 319.0169048309326, 336.767808675766, 355.0481343269348, 372.7618899345398, 389.65479350090027, 402.5158612728119, 424.9145519733429, 444.07678961753845, 459.83509159088135, 477.12501645088196, 494.8218836784363, 512.6742646694183, 528.6353182792664, 546.7303156852722, 566.3940806388855, 581.8577859401703, 601.0796985626221, 618.6161108016968, 637.0659897327423, 655.2085411548615, 672.5076396465302, 690.754923582077, 708.6189813613892, 728.0573682785034, 745.1543135643005, 763.0794231891632, 781.1203405857086, 797.883905172348, 815.8808779716492, 833.9431009292603, 851.3744912147522, 869.4529252052307, 890.9075963497162, 890.8199179172516, 925.8556735515594, 943.4621584415436, 959.0998923778534, 978.9669680595398, 994.7274322509766, 1006.8982372283936, 1024.6153693199158, 1047.602182149887, 1065.5632383823395, 1083.6182942390442, 1101.686738729477, 1119.7574880123138, 1137.3916504383087, 1154.756688117981, 1172.218624830246, 1183.0668230056763, 1208.3847606182098, 1218.9152586460114, 1236.654193162918, 1261.1301033496857, 1277.354033946991, 1289.4916594028473, 1312.5513792037964, 1329.0620710849762, 1346.8025193214417, 1365.1327137947083, 1379.2590231895447, 1400.1944036483765, 1417.9784247875214, 1435.3948278427124, 1452.5789880752563, 1470.4526793956757, 1488.5037150382996, 1501.526796579361, 1521.769536972046, 1539.8425097465515, 1557.877453327179, 1575.6832692623138, 1593.664766073227, 1611.654957294464, 1629.7019817829132, 1647.7075390815735, 1665.6933751106262, 1673.7438683509827, 1703.1230528354645, 1709.0315697193146, 1739.303252696991, 1744.9978716373444, 1775.48876953125, 1779.6008195877075], "timesteps_eval": [10000, 19969, 30507, 40735, 50899, 61048, 71034, 81363, 90613, 101839, 111804, 122270, 132165, 142433, 151572, 162749, 172973, 183416, 193391, 203578, 214012, 223075, 234469, 244420, 254659, 265111, 275297, 285239, 295702, 305908, 315846, 326285, 336253, 346623, 356667, 366906, 377208, 387337, 397632, 407834, 418009, 428171, 438368, 448535, 458720, 468895, 479118, 489290, 499566, 508702, 520002, 530142, 540392, 550595, 560790, 571044, 581262, 591237, 601443, 611674, 621894, 632101, 642275, 652440, 662666, 673044, 683099, 693486, 703685, 713714, 723922, 734269, 744316, 754475, 764648, 774875, 785284, 795263, 805467, 815646, 825513, 835705, 845888, 856732, 866262, 876476, 886638, 896859, 907012, 917243, 927461, 937639, 947816, 958638, 968253, 979093, 988620, 999525, 1009032, 1019963]}