{"incumbents": [344.9, 191.1, 179.6, 204.9, 408.4, 287.7, 332.1, 419.8, 395.8, 243.0, 500.0, 500.0, 500.0, 500.0, 500.0, 500.0, 500.0, 500.0, 500.0, 500.0, 500.0, 500.0, 500.0, 500.0, 500.0, 500.0, 500.0, 500.0, 500.0, 500.0, 500.0, 500.0, 500.0, 500.0, 500.0, 500.0, 500.0, 500.0, 500.0, 500.0, 500.0, 500.0, 500.0, 500.0, 500.0, 500.0, 500.0, 500.0, 500.0, 500.0, 500.0, 500.0, 500.0, 500.0, 500.0, 500.0, 500.0, 500.0, 500.0, 500.0, 500.0, 500.0, 500.0, 500.0, 500.0, 500.0, 500.0, 500.0, 500.0, 500.0, 500.0, 500.0, 500.0, 500.0, 500.0, 500.0, 500.0, 500.0, 500.0, 500.0, 500.0, 500.0, 500.0, 500.0, 500.0, 500.0, 500.0, 500.0, 500.0, 500.0, 500.0, 500.0, 500.0, 500.0, 500.0, 500.0, 500.0, 500.0, 500.0, 500.0], "wallclock_time_eval": [83.75544786453247, 166.127290725708, 251.94067001342773, 338.7588143348694, 431.90712451934814, 513.4298968315125, 605.8542060852051, 699.1816854476929, 790.8144164085388, 878.5249137878418, 208.90369653701782, 227.24248671531677, 247.858412027359, 269.0532760620117, 287.3093914985657, 298.8562536239624, 318.73290514945984, 335.9287750720978, 346.99177861213684, 373.0157587528229, 389.80657052993774, 408.3211827278137, 435.1625351905823, 453.84868574142456, 471.8872356414795, 481.9455008506775, 499.7133297920227, 517.1995227336884, 535.0935797691345, 553.311142206192, 571.1641209125519, 588.7690343856812, 607.0911133289337, 624.9595642089844, 643.1528060436249, 661.2502493858337, 679.4809212684631, 697.0600337982178, 715.4350998401642, 732.937488079071, 750.9522252082825, 768.4170331954956, 786.0914750099182, 804.1960570812225, 822.3835525512695, 840.7308738231659, 859.2577075958252, 877.3514289855957, 895.6719093322754, 914.0959305763245, 932.1029179096222, 949.6987445354462, 967.2140235900879, 985.3611862659454, 1003.40323138237, 1021.4271459579468, 1039.830325126648, 1058.3011140823364, 1075.9696190357208, 1094.4038410186768, 1112.6527919769287, 1130.6617407798767, 1148.2858951091766, 1166.3107805252075, 1184.8059203624725, 1202.575650691986, 1220.6564621925354, 1238.6288530826569, 1256.0200328826904, 1274.149983882904, 1292.5624454021454, 1311.0302197933197, 1329.5278120040894, 1347.7328662872314, 1366.1952848434448, 1384.574957370758, 1402.9666106700897, 1421.2124106884003, 1438.9194173812866, 1457.4477155208588, 1475.8661994934082, 1494.3014180660248, 1512.4750530719757, 1530.5998241901398, 1549.0926132202148, 1567.364928483963, 1585.7182250022888, 1603.8832075595856, 1622.359007358551, 1640.2665150165558, 1658.7630546092987, 1677.2311789989471, 1695.7248196601868, 1713.809180021286, 1731.8895208835602, 1750.055834531784, 1768.5059883594513, 1786.6198546886444, 1804.8084466457367, 1822.2555389404297], "timesteps_eval": [10065, 19881, 29881, 40485, 50528, 60735, 69881, 79881, 90235, 100235, 111461, 121599, 130235, 139881, 149881, 160688, 171602, 180555, 192279, 200736, 212272, 222181, 229881, 239881, 249881, 262249, 272249, 282249, 292249, 302249, 312249, 322249, 332249, 342249, 352249, 362249, 372249, 382249, 392249, 402249, 412249, 422249, 432249, 442249, 452249, 462249, 472249, 482249, 492249, 502249, 512249, 522249, 532249, 542249, 552249, 562249, 572249, 582249, 592249, 602249, 612249, 622249, 632249, 642249, 652249, 662249, 672249, 682249, 692249, 702249, 712249, 722249, 732249, 742249, 752249, 762249, 772249, 782249, 792249, 802249, 812249, 822249, 832249, 842249, 852249, 862249, 872249, 882249, 892249, 902249, 912249, 922249, 932249, 942249, 952249, 962249, 972249, 982249, 992249, 1002249]}