{"incumbents": [-200.0, -200.0, -200.0, -200.0, -200.0, -200.0, -200.0, -200.0, -200.0, -200.0, -200.0, -200.0, -200.0, -200.0, -200.0, -200.0, -200.0, -200.0, -200.0, -200.0, -200.0, -200.0, -200.0, -200.0, -200.0, -200.0, -200.0, -200.0, -200.0, -200.0, -200.0, -200.0, -200.0, -200.0, -200.0, -200.0, -200.0, -200.0, -200.0, -200.0, -200.0, -200.0, -200.0, -200.0, -200.0, -200.0, -200.0, -200.0, -200.0, -200.0, -200.0, -200.0, -200.0, -200.0, -200.0, -200.0, -200.0, -200.0, -200.0, -200.0, -200.0, -200.0, -200.0, -200.0, -200.0, -200.0, -200.0, -200.0, -200.0, -200.0, -200.0, -200.0, -200.0, -200.0, -200.0, -200.0, -200.0, -200.0, -200.0, -200.0, -200.0, -200.0, -200.0, -200.0, -200.0, -200.0, -200.0, -200.0, -200.0, -200.0, -200.0, -200.0, -200.0, -200.0, -200.0, -200.0, -200.0, -200.0, -200.0, -200.0], "wallclock_time_eval": [90.06702899932861, 186.06570482254028, 283.6024022102356, 382.9893398284912, 478.0433511734009, 577.40478515625, 673.9191746711731, 768.2258105278015, 864.8716902732849, 960.4314279556274, 204.070232629776, 221.63969087600708, 237.74914526939392, 254.3583800792694, 271.6868736743927, 289.1273114681244, 305.66537499427795, 322.7442488670349, 339.7041459083557, 356.32763743400574, 373.5826463699341, 390.27078080177307, 406.37420988082886, 423.3768608570099, 440.9224374294281, 457.51319909095764, 474.00327944755554, 490.5843768119812, 507.98767495155334, 524.3783462047577, 541.227400302887, 557.5203702449799, 573.7883188724518, 590.5108993053436, 607.5800921916962, 624.9892556667328, 642.1540098190308, 658.5099105834961, 675.4930830001831, 692.0864300727844, 709.6432526111603, 726.3301315307617, 742.8588094711304, 759.8656589984894, 776.3114531040192, 793.3295607566833, 810.3810892105103, 827.4956336021423, 844.4850211143494, 861.0689549446106, 876.8424341678619, 893.5376660823822, 910.4148936271667, 927.6110773086548, 944.9437222480774, 961.7159113883972, 979.0300571918488, 995.7906572818756, 1012.3327326774597, 1029.5796093940735, 1046.2156426906586, 1062.84566116333, 1079.8241028785706, 1096.8000543117523, 1113.5065150260925, 1130.0459797382355, 1147.4760611057281, 1164.229897260666, 1181.1840045452118, 1197.9242219924927, 1214.8561613559723, 1232.3380510807037, 1249.2600209712982, 1265.5813760757446, 1282.8305478096008, 1299.9756083488464, 1316.7687397003174, 1333.264001607895, 1350.105476617813, 1367.1894376277924, 1384.1626369953156, 1401.1783711910248, 1418.6939148902893, 1435.9093399047852, 1453.2050940990448, 1470.2039849758148, 1486.8539280891418, 1503.879235982895, 1520.8985195159912, 1537.522183895111, 1554.4428153038025, 1571.2509398460388, 1587.9513523578644, 1605.399286031723, 1622.6719055175781, 1639.4533648490906, 1656.4482717514038, 1673.0868129730225, 1689.6317253112793, 1705.7437603473663], "timesteps_eval": [10200, 20400, 30600, 40800, 51000, 61200, 71400, 81600, 91800, 102000, 112200, 122400, 132600, 142800, 153000, 163200, 173400, 183600, 193800, 204000, 214200, 224400, 234600, 244800, 255000, 265200, 275400, 285600, 295800, 306000, 316200, 326400, 336600, 346800, 357000, 367200, 377400, 387600, 397800, 408000, 418200, 428400, 438600, 448800, 459000, 469200, 479400, 489600, 499800, 510000, 520200, 530400, 540600, 550800, 561000, 571200, 581400, 591600, 601800, 612000, 622200, 632400, 642600, 652800, 663000, 673200, 683400, 693600, 703800, 714000, 724200, 734400, 744600, 754800, 765000, 775200, 785400, 795600, 805800, 816000, 826200, 836400, 846600, 856800, 867000, 877200, 887400, 897600, 907800, 918000, 928200, 938400, 948600, 958800, 969000, 979200, 989400, 999600, 1009800, 1020000]}