{"incumbents": [-915.461998, -269.8293323, -347.3495045, -482.74783830000007, -602.3350576, -279.87151400000005, -309.9103271, -209.66877979999998, -590.6577304, -949.5948144999999, -205.15428697728785, -174.18425383872818, -153.44853560419287, -147.5862147463835, -112.55894656811543, -111.17372584230615, -132.27527319690563, -182.08881042824368, -155.45116337179206, -202.97761936747264, -197.89704474923593, -209.66852700310156, -161.9275482374287, -141.36381197708633, -160.00483123173325, -178.10222416461255, -133.11719588291598, -118.72186285854113, -132.10715370595466, -192.80075469001875, -205.63390782347324, -107.20091547144257, -177.60658710232238, -180.11097602038643, -176.80029563233256, -177.4622113068006, -187.0035221985774, -217.34574114018943, -171.9583504932758, -125.11663856389933, -125.52051638499833, -144.8543370249783, -125.35589660964806, -141.35316058842582, -202.31271669437993, -165.93335287565714, -153.22879050269256, -176.54344224616142, -140.26751207088995, -157.3015424661118, -140.67820910377873, -146.6395043535944, -130.4962695394439, -90.46680990990717, -126.15784546559735, -75.71023902680227, -125.92033432380413, -128.56375581056926, -165.99545868380227, -152.94439268718708, -123.84105346595598, -102.83624629116966, -133.89436086511415, -156.3081274966593, -163.3414207427417, -165.05314841715807, -140.58293648831022, -163.12751346144506, -105.21898202585457, -118.42591036722733, -142.24398389014823, -154.86723524205155, -108.34838389975558, -133.9188076561026, -153.3520184002635, -116.00979461257157, -155.94862261286252, -167.5705228187482, -120.25992695946624, -136.39485739146556, -165.109049307859, -123.4875629618601, -118.31987506161113, -144.01096105776668, -103.50278918753611, -130.1159511294085, -144.57057424159066, -163.62106881398032, -100.28889226692263, -122.30848388482191, -150.45638999956464, -187.1534174168184, -110.96923484549625, -138.83520891562802, -180.42766754046315, -147.4535921866365, -75.81822841615649, -133.97277310061327, -154.79366157807743, -139.93155803613553], "wallclock_time_eval": [77.69108772277832, 162.49385356903076, 241.52034997940063, 323.3230233192444, 405.23539781570435, 486.2701201438904, 567.7363562583923, 650.3361558914185, 732.9474210739136, 813.3132100105286, 205.7139594554901, 211.66763401031494, 241.24982714653015, 246.18872451782227, 276.83204674720764, 294.3637275695801, 312.5308437347412, 330.3111581802368, 348.34785747528076, 347.62187480926514, 362.8521146774292, 402.3705048561096, 393.9244785308838, 411.0710783004761, 427.78324913978577, 474.4316174983978, 459.9340364933014, 510.5820550918579, 528.552484035492, 509.8939263820648, 527.4231989383698, 582.2508254051208, 599.3953371047974, 617.4047515392303, 635.4481530189514, 653.5182247161865, 671.5529787540436, 689.5381057262421, 660.2568228244781, 675.3801944255829, 691.4848248958588, 760.8853597640991, 723.7376503944397, 796.812212228775, 813.8904914855957, 815.563018321991, 833.4050981998444, 806.369880437851, 823.6097567081451, 839.4057264328003, 857.1099207401276, 938.4906468391418, 938.261420249939, 907.9342894554138, 970.4670286178589, 987.2311723232269, 956.6100080013275, 974.3374280929565, 992.0504810810089, 1009.7402403354645, 1027.3106265068054, 1044.4782238006592, 1135.0469937324524, 1117.6650154590607, 1095.1175153255463, 1151.3423612117767, 1126.7261362075806, 1180.9359357357025, 1159.9317207336426, 1176.9902415275574, 1238.4488277435303, 1296.1995582580566, 1314.2246341705322, 1332.3625645637512, 1307.6382086277008, 1325.5961742401123, 1385.5060923099518, 1402.67293715477, 1420.3850684165955, 1437.7310831546783, 1455.1663043498993, 1472.8847966194153, 1490.947684764862, 1508.9432361125946, 1424.3041622638702, 1544.5873010158539, 1561.7085225582123, 1534.6475620269775, 1492.8672986030579, 1569.0132546424866, 1586.4570109844208, 1604.4596045017242, 1620.4961245059967, 1636.8755767345428, 1653.4946975708008, 1670.796912908554, 1688.2523787021637, 1693.208655834198, 1775.3973243236542, 1741.8292059898376], "timesteps_eval": [10200, 20400, 30600, 40800, 51000, 61200, 71400, 81600, 91800, 102000, 112200, 122400, 132600, 142800, 153000, 163200, 173400, 183600, 193800, 204000, 214200, 224400, 234600, 244800, 255000, 265200, 275400, 285600, 295800, 306000, 316200, 326400, 336600, 346800, 357000, 367200, 377400, 387600, 397800, 408000, 418200, 428400, 438600, 448800, 459000, 469200, 479400, 489600, 499800, 510000, 520200, 530400, 540600, 550800, 561000, 571200, 581400, 591600, 601800, 612000, 622200, 632400, 642600, 652800, 663000, 673200, 683400, 693600, 703800, 714000, 724200, 734400, 744600, 754800, 765000, 775200, 785400, 795600, 805800, 816000, 826200, 836400, 846600, 856800, 867000, 877200, 887400, 897600, 907800, 918000, 928200, 938400, 948600, 958800, 969000, 979200, 989400, 999600, 1009800, 1020000]}