{"incumbents": [30.5, 30.5, 30.5, 30.5, 30.5, 30.5, 30.5, 30.5, 30.5, 30.5, 21.1, 22.9, 30.5, 30.5, 30.5, 30.5, 30.5, 30.5, 30.5, 30.5, 30.5, 30.5, 30.5, 30.5, 31.0, 30.5, 30.5, 44.4, 42.5, 57.4, 59.0, 65.0, 69.9, 81.8, 87.9, 87.2, 84.0, 100.2, 91.6, 91.8, 93.1, 95.9, 104.4, 93.1, 100.5, 99.1, 111.7, 101.0, 108.3, 99.3, 104.0, 101.7, 114.3, 103.9, 103.2, 101.8, 103.1, 115.1, 105.5, 113.4, 107.6, 113.9, 103.7, 112.4, 102.8, 112.0, 115.2, 100.2, 98.9, 110.0, 106.3, 106.1, 116.7, 110.1, 120.0, 115.4, 116.6, 112.6, 110.9, 108.0, 113.2, 114.7, 109.1, 110.0, 109.5, 108.5, 109.3, 116.7, 120.0, 111.8, 115.0, 110.6, 125.2, 116.2, 123.6, 114.9, 125.5, 124.0, 123.6, 130.3], "wallclock_time_eval": [53.108153343200684, 257.4898544549942, 446.7607090473175, 631.2358303070068, 819.6775724887848, 1012.5787947177887, 1208.8959251642227, 1408.652094244957, 1609.0431402921677, 1810.165395140648, 972.4038052558899, 1060.5841028690338, 1148.8781518936157, 1237.0955913066864, 1325.4241609573364, 1413.7177073955536, 1502.0072073936462, 1590.362018108368, 1678.5806276798248, 1766.8640944957733, 1855.1215767860413, 1943.3407459259033, 2031.6141469478607, 2119.9053077697754, 2208.200125694275, 2292.6131501197815, 2380.678110599518, 2473.7894241809845, 2562.1223821640015, 2650.4561924934387, 2738.7375383377075, 2827.089804649353, 2915.4042570590973, 3003.7015664577484, 3092.0177779197693, 3180.301043510437, 3268.7014241218567, 3356.9676887989044, 3445.3250019550323, 3533.5736861228943, 3621.9003446102142, 3710.1704018115997, 3798.436753988266, 3886.8133935928345, 3975.1960260868073, 4063.762142896652, 4152.141295194626, 4241.65861415863, 4329.946494817734, 4418.488315105438, 4506.879474163055, 4595.262607097626, 4683.543524503708, 4771.820071220398, 4860.164109706879, 4948.453843355179, 5036.889875173569, 5125.254346132278, 5213.500944375992, 5301.778104543686, 5390.158639192581, 5478.325750350952, 5566.622468471527, 5654.816851615906, 5743.081320524216, 5831.362339496613, 5919.7874364852905, 6008.116781949997, 6096.563098669052, 6184.884726524353, 6273.1900045871735, 6361.510080814362, 6449.894826889038, 6538.256774425507, 6626.6274037361145, 6715.0274884700775, 6803.385466814041, 6891.832263708115, 6980.139111757278, 7068.526926517487, 7156.9327001571655, 7245.377369642258, 7333.838022708893, 7422.326761722565, 7510.785048246384, 7599.211131572723, 7687.696843147278, 7776.193747997284, 7864.630070209503, 7953.093480587006, 8041.523228883743, 8130.094325065613, 8218.539246797562, 8306.976054430008, 8395.563750267029, 8484.175795555115, 8573.00885295868, 8661.580308675766, 8750.106240034103, 8838.699155330658], "timesteps_eval": [8804, 17635, 26466, 35297, 44128, 52959, 61790, 70621, 79452, 88283, 97114, 105945, 114776, 123607, 132438, 141269, 150100, 158931, 167762, 176593, 185424, 194255, 203086, 211917, 220748, 229579, 238410, 247241, 256072, 264903, 273734, 282565, 291396, 300227, 309058, 317889, 326720, 335551, 344382, 353213, 362044, 370875, 379706, 388537, 397368, 406199, 415030, 423861, 432692, 441523, 450354, 459185, 468016, 476847, 485678, 494509, 503340, 512171, 521002, 529833, 538664, 547495, 556326, 565157, 573988, 582819, 591650, 600481, 609312, 618143, 626974, 635805, 644636, 653467, 662298, 671129, 679960, 688791, 697622, 706453, 715284, 724115, 732946, 741777, 750608, 759439, 768270, 777101, 785932, 794763, 803594, 812425, 821256, 830087, 838918, 847749, 856580, 865411, 874242, 883073]}