{"incumbents": [-127.5, -127.5, -127.5, -106.0, -106.0, -106.0, -106.0, -106.0, -106.0, -106.0, -106.0, -106.0, -106.0, -106.0, -106.0, -100.3, -100.3, -100.3, -100.3, -100.3, -100.3, -100.3, -100.3, -100.3, -100.3, -100.3, -100.3, -100.3, -100.3, -100.3, -100.3, -100.3, -100.3, -100.3, -100.3, -94.1, -94.1, -94.1, -94.1, -94.1, -94.1, -94.1, -94.1, -94.1, -94.1, -94.1, -94.1, -94.1, -94.1, -94.1, -94.1, -94.1, -94.1, -94.1, -94.1, -94.1, -94.1, -94.1, -94.1, -94.1, -94.1, -94.1, -94.1, -94.1, -94.1, -94.1, -94.1, -94.1, -94.1, -94.1, -94.1, -94.1, -94.1, -94.1, -94.1, -94.1, -94.1, -94.1, -94.1, -94.1, -94.1, -94.1, -94.1, -94.1, -94.1, -94.1, -94.1, -94.1, -94.1, -94.1, -94.1, -94.1, -94.1, -94.1, -94.1, -94.1, -94.1, -94.1, -94.1, -94.1, -94.1, -94.1, -94.1, -94.1], "wallclock_time_eval": [1720.119446516037, 3449.8018317222595, 5236.023916959763, 6978.662391424179, 8718.905143260956, 10446.117280721664, 12179.658855199814, 13898.789408922195, 15632.568409919739, 17408.38981986046, 19150.569488048553, 20873.30087852478, 22605.193489789963, 24359.302264213562, 26124.59352850914, 27838.585181236267, 29602.428996801376, 31349.832263946533, 33121.724949359894, 34861.268825531006, 36577.38547730446, 38359.80279350281, 40137.594400167465, 41907.10367703438, 43669.86539387703, 45451.47197127342, 47180.80574512482, 48927.09061336517, 50655.46156144142, 52404.926765441895, 54147.0709233284, 55856.04888391495, 57597.51289200783, 59384.61562681198, 61105.25356674194, 62861.88421869278, 64626.594140291214, 66335.7184894085, 68122.87035107613, 69886.26762390137, 71639.65487551689, 73436.75042366982, 75213.20054268837, 77001.26082229614, 78763.84014940262, 80470.36878323555, 82221.70041108131, 83948.31596517563, 85752.16787719727, 87509.88423228264, 89248.01395106316, 90987.6574652195, 92722.28924417496, 94481.83888983727, 96224.93238949776, 97986.31947135925, 99755.64861273766, 101548.91427731514, 103277.19203782082, 105072.02385568619, 106812.56742167473, 108542.47221708298, 110304.73752617836, 112074.7748131752, 113841.65159678459, 115581.74409723282, 117372.23307132721, 119135.32025027275, 120905.41765069962, 122671.9397251606, 124432.48988604546, 126204.05873560905, 127945.52376365662, 129677.15299963951, 131453.59767913818, 133162.08149909973, 134950.09938716888, 136692.88619947433, 138443.98512744904, 140207.1697921753, 141977.86192131042, 143771.79546284676, 145489.37481617928, 147244.97726655006, 148984.36015295982, 150700.59496974945, 152425.85732913017, 154169.20639038086, 155911.421813488, 157700.50124502182, 159488.11873292923, 161202.3333890438, 162955.71909284592, 164703.28827905655, 166480.44289779663, 168215.62185311317, 169982.4330368042, 171735.47520518303, 173485.6243584156, 175241.453250885, 176998.7044930458, 178754.0370838642, 180491.63948702812, 182238.21070289612], "timesteps_eval": [1019822, 2039822, 3059822, 4077807, 5097257, 6116349, 7135619, 8153024, 9172842, 10192854, 11212200, 12232060, 13252060, 14271778, 15291778, 16308516, 17328516, 18348516, 19368516, 20388516, 21408516, 22428516, 23448516, 24468516, 25488516, 26508516, 27528516, 28548516, 29568516, 30588516, 31607682, 32627682, 33647682, 34667682, 35685520, 36703449, 37723449, 38742693, 39762693, 40782693, 41802693, 42822693, 43842693, 44862693, 45882693, 46902693, 47922533, 48942218, 49962218, 50982218, 52001833, 53021287, 54041287, 55061287, 56081287, 57101287, 58121287, 59141287, 60161287, 61181287, 62200462, 63219710, 64239710, 65259710, 66279710, 67299710, 68319710, 69339710, 70359710, 71379710, 72399710, 73419310, 74436099, 75453083, 76473083, 77490247, 78510063, 79529926, 80549926, 81569926, 82589926, 83609926, 84629831, 85649831, 86669831, 87689831, 88709831, 89729560, 90749560, 91769560, 92789560, 93809560, 94829178, 95849178, 96869178, 97889178, 98909178, 99929178, 100948668, 101968668, 102988668, 104008668, 105028668, 106048668]}