{"incumbents": [79.1, 22.8, 435.8, 22.8, 136.7, 70.9, 22.8, 22.8, 163.5, 379.8, 16.3, 173.4, 113.2, 342.0, 340.6, 89.9, 173.8, 79.6, 406.7, 334.6, 92.7, 53.6, 185.3, 409.2, 184.1, 125.2, 395.5, 118.0, 123.4, 369.2, 22.8, 0.0, 22.8, 120.8, 22.8, 174.2, 22.8, 78.7, 22.8, 53.9, 22.8, 16.7, 0.0, 74.3, 2.2, 22.8, 170.0, 22.8, 22.8, 0.0, 22.8, 22.8, 0.0, 0.0, 22.8, 22.8, 0.0, 22.8, 22.8, 22.8, 22.8, 0.0, 0.2, 22.8, 22.0, 80.1, 0.0, 22.8, 22.8, 5.1, 22.8, 22.8, 22.8, 70.6, 22.8, 113.4, 0.0, 22.8, 22.8, 140.9, 81.3, 22.8, 9.1, 5.7, 0.0, 5.9, 22.8, 22.8, 22.8, 22.8, 22.8, 0.0, 22.8, 22.8, 107.7, 22.8, 113.8, 22.8, 22.8, 22.8, 22.8, 22.8, 22.8, 22.8, 6.0, 9.4, 6.3, 22.8], "wallclock_time_eval": [8577.639550447464, 17134.499128818512, 27720.930718898773, 36251.60071539879, 44841.07041668892, 53453.139303684235, 62065.04540157318, 70693.37562537193, 79391.14589166641, 89601.73770141602, 98214.43605685234, 106858.32443976402, 115484.12637448311, 126168.63327074051, 136652.64571857452, 145263.97217655182, 153993.16574931145, 162607.60815882683, 173654.71831202507, 184287.2270140648, 192893.77763056755, 201493.24436092377, 210656.29490566254, 221132.17588424683, 230009.0715429783, 238609.38340306282, 249684.32762241364, 258290.1498219967, 266905.1179058552, 277604.98128151894, 286172.3397369385, 294714.09139704704, 303328.8416969776, 311948.5634958744, 320676.04768800735, 329274.72873044014, 337864.7427687645, 346496.5605459213, 355055.5069448948, 363655.09023714066, 372256.505587101, 380842.26683330536, 389406.412920475, 398067.60739064217, 406648.0659239292, 415216.78005099297, 424149.9418067932, 432742.31006741524, 441269.63960313797, 449875.086635828, 458460.6609265804, 467080.426402092, 475883.5435769558, 484556.62911844254, 493121.8964164257, 501743.2363190651, 510501.761238575, 519093.7352797985, 527671.0587544441, 536221.657917738, 544786.9886074066, 553310.7359409332, 561862.1605842113, 570433.2477366924, 579555.8893971443, 588387.4145052433, 596945.0665910244, 605541.1414139271, 614130.5980005264, 622898.449949503, 631760.3187446594, 640329.6814162731, 648957.718880415, 657566.3975281715, 666153.9755666256, 674769.0591738224, 683453.459933281, 691982.991379261, 700526.7590777874, 709144.8330562115, 717842.786724329, 726386.8683845997, 734960.220789671, 743565.031046629, 752110.4776787758, 760714.8129329681, 769310.6857993603, 777930.7361233234, 786502.1563251019, 795109.2331278324, 803680.3327870369, 812328.2384214401, 820860.948704958, 829412.1378788948, 838011.2289583683, 846581.7130386829, 855198.2107052803, 863789.0143482685, 872419.1565229893, 881020.0036301613, 889568.8471989632, 898294.4760634899, 906812.924134016, 915396.1978931427, 924157.7638716698, 932742.5548312664, 941324.6372621059, 949874.7678472996], "timesteps_eval": [883374, 1766748, 2665568, 3548942, 4432754, 5316128, 6199502, 7082876, 7968012, 8890325, 9773699, 10657073, 11540447, 12435850, 13377532, 14260906, 15145602, 16028976, 16513952, 17492781, 18376155, 19259529, 20150826, 21053519, 21938650, 22822024, 23319186, 24202560, 25085934, 26049637, 26933011, 27816385, 28699759, 29583133, 30466507, 31349881, 32233255, 33116629, 34000003, 34883377, 35766751, 36650125, 37533499, 38416873, 39300247, 40183621, 41069636, 41953010, 42836384, 43719758, 44603132, 45486506, 46369880, 47253254, 48136628, 49020002, 49903376, 50786750, 51670124, 52553498, 53436872, 54320246, 55203620, 56086994, 56970368, 57853742, 58737116, 59620490, 60503864, 61387238, 62270612, 63153986, 64037360, 64920734, 65804108, 66687482, 67570856, 68454230, 69337604, 70220978, 71104352, 71987726, 72871100, 73754474, 74637848, 75521222, 76404596, 77287970, 78171344, 79054718, 79938092, 80821466, 81704840, 82588214, 83471588, 84354962, 85238336, 86121710, 87005084, 87888458, 88771832, 89655206, 90538580, 91421954, 92305328, 93188702, 94072076, 94955450]}