{"incumbents": [0.0, 14.0, 14.0, 20.0, 20.0, 20.0, 21.0, 21.0, 21.0, 21.0, 21.0, 21.0, 21.0, 21.0, 21.0, 21.0, 21.0, 21.0, 21.0, 21.0, 21.0, 21.0, 21.0, 21.0, 21.0, 21.0, 21.0, 21.0, 21.0, 21.0, 21.0, 21.0, 21.0, 21.0, 21.0, 21.0, 21.0, 21.0, 21.0, 21.0, 21.0, 21.0, 21.0, 21.0, 21.0, 21.0, 21.0, 21.0, 21.0, 21.0, 21.0, 21.0, 21.0, 21.0, 21.0, 21.0, 21.0, 21.0, 21.0, 21.0, 21.0, 21.0, 21.0, 21.0, 21.0, 21.0, 21.0, 21.0, 21.0, 21.0, 21.0, 21.0, 21.0, 21.0, 21.0, 21.0, 21.0, 21.0, 21.0, 21.0, 21.0, 21.0, 21.0, 21.0, 21.0, 21.0, 21.0, 21.0, 21.0, 21.0, 21.0, 21.0, 21.0, 21.0, 21.0, 21.0, 21.0, 21.0, 21.0, 21.0], "wallclock_time_eval": [3764.458813905716, 7195.833745718002, 10707.220069885254, 14780.0901825428, 18146.96308875084, 22108.219081640244, 25483.18895983696, 29471.34616613388, 32864.56322097778, 36509.93316221237, 40048.2065281868, 47596.94231462479, 51027.61128973961, 54405.81863951683, 59273.80003833771, 62712.29654788971, 66411.29072070122, 69859.08228111267, 74558.08232283592, 78217.18157887459, 83164.74725961685, 86700.50952911377, 90764.247787714, 95534.9044854641, 99011.38979101181, 104754.00518608093, 108151.31666064262, 116106.63562560081, 121937.24079108238, 126177.79329276085, 129596.09631443024, 137251.90938687325, 140766.18354535103, 144223.11456298828, 150093.05241680145, 153677.88779473305], "timesteps_eval": [972703, 1935915, 2904407, 3870021, 4837582, 5807095, 6771954, 7735673, 8701036, 9670802, 10642582, 10651819, 11629937, 12598295, 13568689, 14537373, 15501484, 16469523, 17413380, 18384546, 18394426, 19351121, 20315661, 21285605, 22271880, 23201882, 24189505, 24513393, 25483211, 26452324, 27424669, 27434665, 28406282, 29379190, 30241236, 31212047]}