{"incumbents": [3659.9377026, 3659.9377026, 3659.9377026, 3659.9377026, 3659.9377026, 3659.9377026, 3659.9377026, 3659.9377026, 3659.9377026, 3659.9377026, 3659.9377026, 3659.9377026, 3659.9377026, 3659.9377026, 3659.9377026, 3659.9377026, 3659.9377026, 3659.9377026, 3659.9377026, 3659.9377026, 3659.9377026, 3659.9377026, 3659.9377026, 3659.9377026, 3659.9377026, 3659.9377026, 3659.9377026, 3659.9377026, 3659.9377026, 3659.9377026, 3659.9377026, 3659.9377026, 3659.9377026, 3659.9377026, 3659.9377026, 3659.9377026, 3659.9377026, 3659.9377026, 3659.9377026, 3659.9377026, 3659.9377026, 3659.9377026, 3659.9377026, 3659.9377026, 3659.9377026, 3659.9377026, 3659.9377026, 3659.9377026, 3659.9377026, 3659.9377026, 3659.9377026, 3659.9377026, 3659.9377026, 3659.9377026, 3659.9377026, 3659.9377026, 3659.9377026, 3659.9377026, 3659.9377026, 3659.9377026, 3659.9377026, 3659.9377026, 3659.9377026, 3659.9377026, 3659.9377026, 3659.9377026, 3659.9377026, 3659.9377026, 3659.9377026, 3659.9377026, 3659.9377026, 3659.9377026, 3659.9377026, 3659.9377026, 3659.9377026, 3659.9377026, 3659.9377026, 3659.9377026, 3659.9377026, 3659.9377026, 3659.9377026, 3659.9377026, 3659.9377026, 3659.9377026, 3659.9377026, 3659.9377026, 3659.9377026, 3659.9377026, 3659.9377026, 3659.9377026, 3659.9377026, 3659.9377026, 3659.9377026, 3659.9377026, 3659.9377026, 3659.9377026, 3659.9377026, 3659.9377026, 3659.9377026, 3659.9377026, 3659.9377026, 3659.9377026, 3659.9377026, 3659.9377026, 3659.9377026, 3659.9377026, 3659.9377026, 3659.9377026], "wallclock_time_eval": [2628.97172832489, 4677.161757707596, 7607.302034378052, 9988.358733415604, 12612.062854528427, 15542.498283863068, 17639.19688487053, 20577.78334259987, 23539.922405719757, 26497.890669822693, 29433.493363142014, 31819.44573879242, 34744.66730117798, 37136.259694099426, 40103.13704633713, 43059.578295469284, 45976.51040792465, 48959.0980052948, 51037.15438199043, 53954.82050538063, 56875.26171350479, 59787.055112838745, 62211.35663604736, 65099.7137567997, 67986.79702425003, 70871.77706861496, 73791.99498534203, 76698.82207226753, 79594.76859736443, 82502.2824318409, 85421.25335764885, 88324.3139269352, 90851.24741506577, 93194.34952306747, 96042.55114150047, 98908.6496500969, 101810.57917952538, 104693.23820972443, 107600.35639357567, 110333.34163093567, 112710.39208221436, 114767.31728959084, 117151.53772997856, 119494.35905838013, 122241.48533153534, 124775.73891592026, 126921.00878977776, 129058.20589756966, 131495.37169384956, 133881.9401679039, 136463.57286453247, 139420.59807562828, 142352.78534579277, 145242.04599785805, 147341.59674692154, 149946.34860491753, 152278.38437604904, 154515.37646651268, 157407.1660168171, 160114.54733347893, 162982.5333623886, 165803.13403892517, 168444.67986774445, 170968.96870970726, 173055.42674064636, 175158.49808335304, 177611.2835767269, 179727.79927897453, 182447.75388860703, 184834.41135287285, 187647.72671985626, 190005.86276698112, 192113.06977438927, 194624.53963637352, 196990.71344542503, 199213.51784086227, 201329.45647501945, 203420.90094852448, 205470.44092583656, 207522.06078648567, 209598.10664272308, 211713.59353470802, 213820.49008345604, 215872.54884910583, 218004.5328950882, 220076.30481243134, 222283.67546749115, 224394.2429535389, 226460.80832862854, 228505.01988077164, 231410.92714381218, 233725.00715851784, 235818.36160945892, 238050.1127986908, 240175.46316695213, 242258.30330109596, 244320.62630820274, 246409.65824103355, 248581.60175156593, 250663.07206726074, 252764.16284704208, 254850.6851644516, 256906.51471066475, 258980.30923080444, 261091.15790581703, 263150.43681550026, 265287.67045235634, 267385.5143096447], "timesteps_eval": [987835, 2010474, 3005902, 3996391, 4984398, 5974315, 6992005, 7985669, 8981816, 9975480, 10971627, 11973183, 12966847, 13964414, 14953604, 15942794, 16928757, 17917947, 18920877, 19917393, 20909009, 21904437, 22904419, 23899847, 24891463, 25887979, 26879595, 27875742, 28872258, 29863663, 30852260, 31846774, 32842342, 33836305, 34823821, 35813514, 36810482, 37804996, 38797279, 39778642, 40769131, 41788089, 42787263, 43781226, 44762536, 45751330, 46764318, 47759622, 48759604, 49757171, 50738585, 51735532, 52727021, 53707972, 54720006, 55701515, 56695237, 57690444, 58678885, 59663428, 60651365, 61634595, 62618758, 63607916, 64622587, 65632641, 66628691, 67639867, 68617101, 69607600, 70594658, 71582621, 72596064, 73585916, 74571736, 75561302, 76566603, 77575555, 78597274, 79620116, 80632248, 81648351, 82671298, 83692520, 84679079, 85699812, 86715483, 87732136, 88753222, 89774715, 90759579, 91751974, 92754290, 93751287, 94755583, 95767380, 96787897, 97792487, 98793285, 99795854, 100815754, 101824462, 102833511, 103848832, 104861509, 105862720, 106870258, 107876711]}