{"incumbents": [-30000.0, -30000.0, -22826.8, -9013.0, -9013.0, -30000.0, -30000.0, -30464.1, -30000.0, -30000.0, -9013.0, -28948.7, -30000.0, -30000.0, -30000.0, -28299.3, -29518.2, -9054.7, -30000.0, -26781.5, -30000.0, -30000.0, -30000.0, -9013.0, -30000.0, -30000.0, -30000.0, -30000.0, -30000.0, -30000.0, -9013.0, -30000.0, -30000.0, -30000.0, -30000.0, -30000.0, -30000.0, -30000.0, -28166.6, -30000.0, -30000.0, -30000.0, -30000.0, -30000.0, -9013.0, -30000.0, -9013.0, -9013.0, -30000.0, -30000.0, -9013.0, -30000.0, -26424.4, -9013.0, -9013.0, -30000.0, -30000.0, -30000.0, -9013.0, -30000.0, -9013.0, -30000.0, -9013.0, -30000.0, -30000.0, -30000.0, -29520.9, -30000.0, -30000.0, -30000.0, -30000.0, -9013.0, -30000.0, -22572.0, -30000.0, -9013.0, -9013.0, -30000.0, -30000.0, -30000.0, -9013.0, -23451.8, -30000.0, -30000.0, -27691.6, -9013.0, -30000.0, -9050.9, -30000.0, -30000.0, -30000.0, -9013.0, -9013.0, -24250.8, -25613.9, -9013.0, -9013.0, -21846.7, -9013.0, -23242.1, -27398.5, -9013.0, -9013.0, -30000.0, -9013.0, -30000.0, -9013.0, -9013.0], "wallclock_time_eval": [8955.487371206284, 17575.36385011673, 26334.8189766407, 32534.245676994324, 39184.40043902397, 48229.189845085144, 57145.13184595108, 66101.34981012344, 75188.52919483185, 84167.53345632553, 90316.68355369568, 99162.66396784782, 108166.90699458122, 117186.61706662178, 126301.80138993263, 135471.07937455177, 144723.70138692856, 152279.7463054657, 161228.33065509796, 170332.16315937042, 179277.7342057228, 188432.50049042702, 197579.68334913254, 205036.54683709145, 214064.08451271057, 223053.25823569298, 232131.2243387699, 241353.52464580536, 250462.99844002724, 259628.7009294033, 265997.5566635132, 275156.09221720695, 284355.0476489067, 293466.65895080566, 302525.1574792862, 311733.7022192478, 320687.4287478924, 329651.2177865505, 338761.59867954254, 347729.57406783104, 355806.37126636505, 364929.76310682297, 373918.3104906082, 382870.12307572365, 389152.6386322975, 398026.8834300041, 404617.48082733154, 411621.6346566677, 420552.129052639, 429480.5627322197, 435698.56641054153, 444626.5928156376, 453549.05791950226, 459877.9629290104, 466069.9373450279, 474966.8746418953, 483327.25717520714, 492264.98088622093, 498701.0176894665, 507870.104197979, 516672.33591485023, 525818.1902472973, 532624.3958878517, 541807.7279624939, 550750.1977217197, 560192.3206095695, 569241.5160603523, 578262.4014060497, 586947.5215394497, 595829.5618255138, 604905.0107700825, 610993.428580761, 620106.0984287262, 628268.0981369019, 635898.8284609318, 642027.5739367008, 648454.9816884995, 657471.5321013927, 666395.6450340748, 675344.7670691013, 682046.6788492203, 690974.233716011, 700037.3100516796, 708916.5466496944, 717255.5607316494, 723908.4031238556, 731625.6896929741, 738111.6448822021, 747402.1095235348, 756564.0037417412, 765748.8197388649, 772527.7460055351, 779157.7613301277, 788203.5916185379, 796793.7403283119, 803019.7210056782, 809193.6187448502, 817949.3575758934, 824225.1011240482, 833253.5266799927, 842205.8465697765, 848356.3283624649, 854463.6022233963, 863562.1682629585, 870297.5860955715, 879239.2580153942, 885984.1613736153, 892706.6530630589], "timesteps_eval": [1202039, 2509284, 3756945, 5221031, 6680294, 8008763, 9210802, 10502098, 11770134, 12972173, 14487159, 15731832, 16940911, 18146478, 19385823, 20790920, 22238336, 23745975, 24948014, 26224409, 27426448, 28860362, 30297936, 31760457, 32962496, 34164535, 35366574, 36634881, 38082284, 39540669, 41022900, 42458806, 43886259, 45319440, 46758349, 48205717, 49407756, 50611801, 51760709, 52963444, 54292600, 55675079, 56877118, 58079157, 59596903, 60807119, 62279316, 63714130, 64916169, 66118208, 67629213, 68831252, 70052381, 71542968, 73033636, 74302336, 75788786, 76995482, 78411195, 79805471, 81216205, 82649452, 84133934, 85570793, 86775307, 87977175, 89171501, 90373540, 91600463, 92802502, 94004541, 95522291, 96797691, 98239345, 99587697, 101105572, 102585149, 103787188, 104989227, 106191266, 107640482, 108842914, 110047008, 111249825, 112536808, 113965866, 115294248, 116711316, 118144668, 119571553, 120947045, 122408543, 123891437, 125096722, 126362630, 127860096, 129396973, 130660725, 132116231, 133330087, 134526962, 136015602, 137550945, 138986298, 140472926, 141700539, 143192904, 144661089]}