{"incumbents": [-11.4, -11.4, -11.4, -11.4, -11.4, -11.4, -11.4, -11.4, -11.4, -11.4, -11.4, -11.4, -11.4, -11.4, -11.4, -11.4, -11.4, -11.4, -11.4, -11.4, -11.4, -11.4, -11.4, -11.4, -11.4, -11.4, -11.4, -11.4, -11.4, -11.4, -11.4, -11.4, -11.4, -11.4, -11.4, -11.4, -11.4, -11.4, -11.4, -11.4, -11.4, -11.4, -11.4, -11.4, -11.4, -11.4, -11.4, -11.4, -11.4, -11.4, -11.4, -11.4, -11.4, -11.4, -11.4, -11.4, -11.4, -11.4, -11.4, -11.4, -11.4, -11.4, -11.4, -11.4, -11.4, -11.4, -11.4, -11.4, -11.4, -11.4, -11.4, -11.4, -11.4, -11.4, -11.4, -11.4, -11.4, -11.4, -11.4, -11.4, -11.4, -11.4, -9.9, -9.9, -9.9, -9.9, -9.9, -9.9, -9.9, -9.9, -9.9, -9.9, -9.9, -9.9, -9.9, -9.9, -9.9, -9.9, -9.5, -9.5, -9.5, -9.5, -9.5, -9.5], "wallclock_time_eval": [7074.351666688919, 12628.883643627167, 19901.27139544487, 25428.73881149292, 30913.505805253983, 36476.788704395294, 41983.53620481491, 47496.54569339752, 53054.32250714302, 58582.92305493355, 64128.26832270622, 69649.49069046974, 75189.38514328003, 80728.93150687218, 86279.85585618019, 91749.54497671127, 97302.05637025833, 102847.29569125175, 108337.04314398766, 113876.29966759682, 119391.27732920647, 124928.43869686127, 130509.27650165558, 136054.61236858368, 141578.08210897446, 147089.92606973648, 152594.74192857742, 158133.12295341492, 163707.9898235798, 169211.61617732048, 174768.65118598938, 180258.1266362667, 185749.55350613594, 191242.48002576828, 196827.17017006874, 202424.24148368835, 207996.02974152565, 213514.03232884407, 219966.6703400612, 226494.21829509735, 232541.88751244545, 238927.08320736885, 244848.7294769287, 251183.08967494965, 257110.98400211334, 263503.78464126587, 270206.49742746353, 276803.7968595028, 283376.77705836296, 289908.5561981201, 296354.36576008797, 303014.7700035572, 309738.7749452591, 316444.0074701309, 323102.30183005333, 329828.83677101135, 335976.93553996086, 343243.7865662575, 350618.37134552, 356771.24774742126, 362320.4882643223, 367906.69283509254, 373432.83857917786, 378964.47539687157, 385008.3894035816, 390616.9693546295, 396661.59801220894, 402170.68467640877, 408320.8312997818, 414540.45891571045, 420154.75301241875, 425668.0907845497, 431194.32948088646, 436755.8390338421, 442285.0404253006, 447861.1883995533, 453883.27471113205, 459944.75862812996, 466015.0565960407, 472218.0306735039, 479428.50716638565, 486307.14014315605, 493852.13702630997, 500953.06395220757, 508014.28311371803, 514952.7782316208, 520485.65473389626, 526015.109680891, 531547.1739768982, 537111.4095244408, 542668.408135891, 548588.0041050911, 554765.3079352379, 561026.8484377861, 566573.2538454533, 572935.7850630283, 579094.8486831188, 586434.2958095074, 594077.9750781059, 601465.413340807, 608753.3755640984, 615696.611536026, 621233.7834992409, 627461.725197792], "timesteps_eval": [1318982, 2892707, 4136861, 5658890, 7171704, 8712476, 10221621, 11790073, 13323008, 14854337, 16364148, 17877772, 19387202, 20918760, 22434613, 23947936, 25475709, 26987152, 28489894, 29993973, 31510202, 33017602, 34548328, 36052506, 37587557, 39090873, 40660829, 42177182, 43755748, 45322411, 46897687, 48410422, 49918934, 51425147, 52995981, 54500307, 56087785, 57612423, 58989624, 60367316, 61838393, 63236923, 64715180, 66123961, 67609423, 69002156, 70400581, 71767228, 73104718, 74480893, 75865921, 77236674, 78582363, 79916866, 81276335, 82619187, 84054198, 85294655, 86473474, 87930416, 89469013, 90998277, 92503836, 94013415, 95457783, 96965247, 98402939, 99906025, 101336295, 102745748, 104275057, 105779762, 107292818, 108799337, 110303309, 111831205, 113283976, 114739440, 116192772, 117595994, 118878460, 120204528, 121405729, 122714153, 124027662, 125358631, 126859951, 128387140, 129894234, 131407566, 132929078, 134393784, 135838671, 137250690, 138757703, 140159502, 141610366, 142872656, 144072210, 145285830, 146542151, 147860851, 149371473, 150827064]}