{"incumbents": [30.4, 30.4, 30.4, 30.4, 30.4, 35.4, 35.4, 39.1, 39.1, 39.1, 39.1, 39.1, 39.4, 39.4, 39.4, 39.4, 39.4, 39.4, 39.4, 39.4, 39.4, 39.4, 39.4, 39.4, 39.4, 39.4, 39.4, 39.4, 39.4, 39.4, 39.4, 39.4, 39.4, 39.4, 39.4, 39.4, 39.4, 39.4, 39.4, 39.4, 39.4, 39.4, 39.4, 39.4, 39.4, 39.4, 39.4, 39.4, 39.4, 39.4, 39.4, 39.4, 39.4, 39.4, 39.4, 39.4, 39.4, 39.4, 39.4, 39.4, 39.4, 39.4, 39.4, 39.4, 39.4, 39.4, 39.4, 39.4, 39.4, 39.4, 39.4, 39.4, 39.4, 39.4, 39.4, 39.4, 39.4, 39.4, 39.4, 39.4, 39.4, 39.4, 39.4, 39.4, 39.4, 39.4, 39.4, 39.4, 39.4, 39.4, 39.4, 39.4, 39.4, 39.4, 39.4, 39.4, 39.4, 39.4, 39.4, 39.4], "wallclock_time_eval": [4952.858659029007, 9828.630785942078, 14639.177436590195, 20642.732954502106, 25497.927068948746, 30408.32080388069, 35333.25282907486, 40247.947992801666, 45133.91615772247, 49976.53370761871, 54841.053079366684, 59676.38864612579, 64559.59110999107, 69418.93330168724, 74273.04543447495, 79128.60179877281, 83981.30876588821, 88878.27593708038, 93767.29664492607, 98617.25757312775, 103478.61855506897, 108323.92727613449, 114314.45677518845, 119136.34979176521, 123961.52134680748, 129961.53943490982, 134702.9568669796, 139594.0436913967, 144448.37720155716, 149299.19902825356, 154108.727891922, 158944.59497880936, 163799.1601474285, 168659.46013474464, 174676.55356550217, 180670.59676289558], "timesteps_eval": [943082, 1886164, 2829246, 3772328, 4715410, 5658492, 6601574, 7544656, 8487738, 9430820, 10373902, 11316984, 12260066, 13203148, 14146230, 15089312, 16032394, 16975476, 17918558, 18861640, 19804722, 20747804, 21690886, 22633968, 23577050, 24520132, 25463214, 26406296, 27349378, 28292460, 29235542, 30178624, 31121706, 32064788, 33007870, 33950952]}