{"incumbents": [2224.0, 2224.0, 2224.0, 2224.0, 2224.0, 2224.0, 2224.0, 3284.0, 3284.0, 3284.0, 3284.0, 3284.0, 3284.0, 3284.0, 3284.0, 3284.0, 3284.0, 3284.0, 3284.0, 3284.0, 3284.0, 3284.0, 3284.0, 3284.0, 3284.0, 3284.0, 3284.0, 3284.0, 3284.0, 3284.0, 3284.0, 3284.0, 3284.0, 3284.0, 3284.0, 3284.0, 3284.0, 3284.0, 3284.0, 3284.0, 3284.0, 3284.0, 3284.0, 3284.0, 3284.0, 3284.0, 3284.0, 3284.0, 3284.0, 3284.0, 3284.0, 3284.0, 3284.0, 3284.0, 3284.0, 3284.0, 3284.0, 3284.0, 3284.0, 3284.0, 3284.0, 3284.0, 3284.0, 3284.0, 3284.0, 3284.0, 3284.0, 3284.0, 3284.0, 3284.0, 3284.0, 3284.0, 3284.0, 3284.0, 3284.0, 3284.0, 3284.0, 3284.0, 3284.0, 3284.0, 3284.0, 3284.0, 3284.0, 3284.0, 3284.0, 3284.0, 3284.0, 3284.0, 3284.0, 3284.0, 3284.0, 3284.0, 3284.0, 3284.0, 3284.0, 3284.0, 3284.0, 3284.0, 3284.0, 3284.0], "wallclock_time_eval": [3034.8178062438965, 5697.044655799866, 8436.117297172546, 16457.361654281616, 20214.98563528061, 23654.164024353027, 26804.11332154274, 29943.483948230743, 33445.59423017502, 36333.00120830536, 39046.39979314804, 41735.099413871765, 44835.24130678177, 48581.262184381485, 50933.33354663849, 54629.35379123688, 58163.703451395035, 60778.42250800133, 63603.44696640968, 67170.49875640869, 71029.18420600891, 73918.96578192711, 76542.10124731064, 79819.24246406555, 82519.67416787148, 85157.06699085236, 87649.80217671394, 90963.40973234177, 97221.25449252129, 99894.44722676277, 102497.47262501717, 104994.29782652855, 107661.34671068192, 110354.42545461655, 113001.64439058304, 115560.24705767632], "timesteps_eval": [962118, 1922221, 2805793, 3701406, 4669284, 5639625, 6581482, 7532290, 8468798, 9434304, 10413749, 11392802, 12342895, 13321402, NaN, NaN, NaN, NaN, NaN, NaN, NaN, NaN, NaN, NaN, NaN, NaN, NaN, NaN, NaN, NaN, NaN, NaN, NaN, NaN, NaN, NaN]}