{"incumbents": [-21.0, -21.0, -21.0, -21.0, -21.0, -21.0, -21.0, -21.0, -21.0, -21.0, -21.0, -21.0, -15.7, -15.7, -15.7, -15.7, -15.7, -15.7, -15.7, -15.7, -15.7, -15.7, -15.7, -15.7, -15.7, -15.7, -15.7, -15.7, -15.7, -15.7, -15.7, -15.7, -15.7, -15.1, -15.1, -15.1, -15.1, -15.1, -15.1, -15.1, -15.1, -15.1, -15.1, -15.1, -15.1, -15.1, -15.1, -15.1, -15.1, -15.1, -15.1, -15.1, -15.1, -15.1, -15.1, -15.1, -15.1, -15.1, -15.1, -15.1, -15.1, -15.1, -15.1, -15.1, -15.1, -15.1, -15.1, -15.1, -15.1, -15.1, -15.1, -15.1, -15.1, -15.1, -15.1, -15.1, -15.1, -15.1, -15.1, -15.1, -15.1, -15.1, -15.1, -15.1, -15.1, -15.1, -15.1, -15.1, -15.1, -15.1, -15.1, -15.1, -15.1, -15.1, -15.1, -15.1, -15.1, -15.1, -15.1, -15.1], "wallclock_time_eval": [3017.6715893745422, 6058.484039306641, 9109.379952192307, 12111.790924072266, 15178.302437543869, 18218.457941055298, 21269.189410448074, 24290.686697006226, 27318.268098831177, 30335.15327167511, 33389.872339487076, 36421.57765626907, 39712.06731557846, 43471.22087049484, 46955.663140296936, 50205.49925780296, 53513.611166000366, 56538.34611201286, 59586.78393864632, 62620.86965966225, 65626.51811170578, 69065.4761955738, 72083.7090446949, 75104.64058041573, 78358.82010936737, 81404.49451136589, 84471.31147670746, 87516.33862161636, 90554.43631005287, 93648.51450371742, 96787.62185192108, 99772.04559063911, 102799.00878477097, 106529.85662794113, 109547.8715043068, 112606.4758837223], "timesteps_eval": [958528, 1860959, 2831510, 3715801, 4663264, 5610766, 6522796, 7428232, 8399242, 9285495, 10194614, 11165367, 12003880, 12795831, 13578430, 14406741, 15231819, 16199133, 17147407, 18115481, 19085846, 19929644, 20895519, 21784858, 22657872, 23567648, 24534319, 25447708, 26418265, 27290109, 28179613, 29089521, 30002246, 30808661, 31727034, 32630569]}