{"incumbents": [-994.5259160000002, -682.4533485, -682.4533485, -190.5000569, -190.5000569, -190.5000569, -190.5000569, -190.5000569, -190.5000569, -190.5000569, -190.5000569, -190.5000569, -190.5000569, -190.5000569, -190.5000569, -190.5000569, -190.5000569, -190.5000569, -190.5000569, -190.5000569, -190.5000569, -190.5000569, -190.5000569, -190.5000569, -190.5000569, -190.5000569, -190.5000569, -133.46629579999998, -133.46629579999998, -133.46629579999998, -133.46629579999998, -133.46629579999998, -133.46629579999998, -133.46629579999998, -133.46629579999998, -133.46629579999998, -133.46629579999998, -133.46629579999998, -133.46629579999998, -133.46629579999998, -133.46629579999998, -133.46629579999998, -133.46629579999998, -133.46629579999998, -133.46629579999998, -133.46629579999998, -133.46629579999998, -133.46629579999998, -133.46629579999998, -133.46629579999998, -133.46629579999998, -133.46629579999998, -133.46629579999998, -133.46629579999998, -133.46629579999998, -133.46629579999998, -133.46629579999998, -133.46629579999998, -133.46629579999998, -133.46629579999998, -133.46629579999998, -133.46629579999998, -133.46629579999998, -133.46629579999998, -133.46629579999998, -133.46629579999998, -133.46629579999998, -133.46629579999998, -133.46629579999998, -133.46629579999998, -133.46629579999998, -133.46629579999998, -133.46629579999998, -133.46629579999998, -133.46629579999998, -133.46629579999998, -133.46629579999998, -133.46629579999998, -133.46629579999998, -133.46629579999998, -133.46629579999998, -133.46629579999998, -133.46629579999998, -133.46629579999998, -133.46629579999998, -133.46629579999998, -133.46629579999998, -133.46629579999998, -133.46629579999998, -133.46629579999998, -133.46629579999998, -133.46629579999998, -133.46629579999998, -133.46629579999998, -133.46629579999998, -133.46629579999998, -133.46629579999998, -133.46629579999998, -133.46629579999998, -133.46629579999998, -133.46629579999998, -133.46629579999998, -133.46629579999998, -133.46629579999998], "wallclock_time_eval": [1793.575287103653, 3594.2763860225677, 5356.543681383133, 7113.755388975143, 8891.812103033066, 10696.567065477371, 12420.539223909378, 14204.30558681488, 15965.244589090347, 17764.39751625061, 19513.372171401978, 21301.118785858154, 23095.99463582039, 24886.01852297783, 26666.906497001648, 28419.36155319214, 30212.66297864914, 32005.772691965103, 33780.289086818695, 35587.132600069046, 37335.84709596634, 39133.36480498314, 40924.79732656479, 42726.01440453529, 44528.59202504158, 46324.06154894829, 48100.6791036129, 49864.813418626785, 51608.35990142822, 53393.756442308426, 55185.23837685585, 56975.66752934456, 58784.95964932442, 60563.387063503265, 62322.949702739716, 64115.75440979004, 65905.00864171982, 67690.95963025093, 69480.47209310532, 71229.71138262749, 73028.19307374954, 74759.66822528839, 76525.5701277256, 78302.21795082092, 80100.23399782181, 81894.97013020515, 83711.10636472702, 85478.14943623543, 87257.3356461525, 89031.56764507294, 90820.5926668644, 92584.69711565971, 94400.1632373333, 96189.5969350338, 97915.33867645264, 99694.06334710121, 101477.42162704468, 103238.6952946186, 105027.8332028389, 106826.43258309364, 108604.00673317909, 110369.42107868195, 112154.27693772316, 113931.69927883148, 115728.25197815895, 117510.1020424366, 119292.42874956131, 121076.35090208054, 122859.1220600605, 124639.99439501762, 126436.0253765583, 128221.16588234901, 129983.13166928291, 131764.95121574402, 133553.47651267052, 135311.18270635605, 137046.91902518272, 138801.81183075905, 140581.5497584343, 142376.17646479607, 144167.0528869629, 145947.4774708748, 147748.5979101658, 149491.74094605446, 151248.9424519539, 153017.51798939705, 154782.05194711685, 156585.61508202553, 158353.88425946236, 160170.0001296997, 161940.13417482376, 163743.21641659737, 165527.88872647285, 167308.39207983017, 169084.51427173615, 170855.74787425995, 172637.9848935604, 174424.3115773201, 176204.8877468109, 177988.1071665287, 179772.6960105896, 181548.68225550652, 183332.45317840576, 185128.96541571617], "timesteps_eval": [1020000, 2040000, 3060000, 4080000, 5100000, 6120000, 7140000, 8160000, 9180000, 10200000, 11220000, 12240000, 13260000, 14280000, 15300000, 16320000, 17340000, 18360000, 19380000, 20400000, 21420000, 22440000, 23460000, 24480000, 25500000, 26520000, 27540000, 28560000, 29580000, 30600000, 31620000, 32640000, 33660000, 34680000, 35700000, 36720000, 37740000, 38760000, 39780000, 40800000, 41820000, 42840000, 43860000, 44880000, 45900000, 46920000, 47940000, 48960000, 49980000, 51000000, 52020000, 53040000, 54060000, 55080000, 56100000, 57120000, 58140000, 59160000, 60180000, 61200000, 62220000, 63240000, 64260000, 65280000, 66300000, 67320000, 68340000, 69360000, 70380000, 71400000, 72420000, 73440000, 74460000, 75480000, 76500000, 77520000, 78540000, 79560000, 80580000, 81600000, 82620000, 83640000, 84660000, 85680000, 86700000, 87720000, 88740000, 89760000, 90780000, 91800000, 92820000, 93840000, 94860000, 95880000, 96900000, 97920000, 98940000, 99960000, 100980000, 102000000, 103020000, 104040000, 105060000, 106080000]}