{"incumbents": [-146.7, -500.0, -500.0, -500.0, -82.6, -500.0, -63.2, -63.2, -98.4, -500.0, -500.0, -500.0, -500.0, -500.0, -500.0, -500.0, -500.0, -500.0, -500.0, -500.0, -500.0, -500.0, -500.0, -500.0, -500.0, -73.6, -500.0, -500.0, -500.0, -500.0, -500.0, -500.0, -500.0, -500.0, -500.0, -500.0, -366.4, -500.0, -500.0, -500.0, -500.0, -500.0, -500.0, -229.6, -118.2, -83.2, -69.6, -500.0, -108.9, -62.2, -78.1, -66.8, -64.8, -212.3, -85.0, -80.2, -64.8, -63.0, -250.9, -130.9, -79.6, -80.2, -222.3, -83.4, -80.6, -107.1, -76.1, -86.4, -84.9, -86.0, -70.7, -96.8, -76.6, -77.9, -84.4, -81.7, -78.7, -75.9, -79.2, -78.2, -97.4, -79.5, -81.4, -79.6, -108.0, -87.9, -82.5, -85.8, -79.3, -88.9, -77.8, -88.6, -80.2, -96.0, -80.4, -89.2, -84.8, -100.6, -70.6, -74.0, -80.6, -84.0, -79.8, -75.4, -70.0, -81.5, -69.2, -74.4], "wallclock_time_eval": [1842.7400074005127, 3943.565110206604, 5925.464823484421, 7946.516245603561, 9761.09062385559, 11830.168959856033, 13612.255707502365, 15394.342455148697, 17220.217975139618, 19201.18163895607, 21232.910587072372, 23286.957567214966, 25354.39570736885, 27442.679017305374, 29451.6572971344, 31512.597892045975, 33593.3196284771, 35610.19045519829, 37551.39876413345, 39492.45767378807, 41533.61141490936, 43605.03246331215, 45680.31466627121, 47698.424226760864, 49739.02415561676, 51547.213024139404, 53623.832367658615, 55710.587156534195, 57770.49297094345, 59835.1219496727, 61931.19976592064, 63897.435807704926, 65938.18730378151, 67972.05707883835, 70007.0940322876, 72070.52497982979, 74087.63731431961, 76119.69540119171, 78139.02651357651, 80209.96544337273, 82286.9631857872, 84322.70371222496, 86340.01647567749, 88249.15104198456, 90161.88831710815, 91982.93768239021, 93783.33449363708, 95722.92691540718, 97516.57091617584, 99335.11905884743, 101123.94670987129, 102931.13946557045, 104725.77855396271, 106528.30260443687, 108328.12306332588, 110197.81827116013, 112017.3690545559, 113850.60367321968, 115849.76426172256, 117873.08701443672, 119745.76143240929, 121571.19316244125, 123587.02506065369, 125419.8526275158, 127266.38001132011, 129096.73492264748, 130965.34799408913, 132772.9911289215, 134545.3234181404, 136353.4238011837, 138188.85083842278, 140064.3009018898, 141978.0999109745, 143843.21214413643, 145726.58288264275, 147596.75890493393, 149484.74159169197, 151352.58499073982, 153242.5741276741, 155092.80506134033, 157010.77143144608, 158853.9343340397, 160717.85042262077, 162505.0767724514, 164323.83810448647, 166124.92842698097, 167960.8651945591, 169768.7856066227, 171600.16482377052, 173434.11661338806, 175222.5982427597, 177019.48765444756, 178852.4086818695, 180672.85957622528, 182477.10550022125, 184267.71001195908, 186104.95398378372, 187918.2920601368, 189759.37113189697, 191576.40145373344, 193403.22114658356, 195194.90664958954, 197014.82891225815, 198845.68548250198, 200635.46361637115, 202441.8581454754, 204268.29212975502, 206091.91050434113], "timesteps_eval": [1018983, 2018782, 3021431, 4028573, 5046936, 6046936, 7065811, 8084686, 9103868, 10105548, 11105394, 12105394, 13105541, 14105541, 15105446, 16105608, 17105608, 18106471, 19112229, 20121361, 21121641, 22121409, 23121409, 24121716, 25122373, 26141954, 27141954, 28141954, 29141954, 30141954, 31141954, 32142589, 33142653, 34144951, 35145598, 36146289, 37150428, 38150542, 39150510, 40150647, 41150990, 42150990, 43151161, 44164043, 45174450, 46193726, 47212529, 48219321, 49238283, 50256885, 51276242, 52296558, 53316433, 54335374, 55351852, 56370392, 57389881, 58409421, 59410374, 60411327, 61416417, 62433291, 63434244, 64451128, 65456218, 66475737, 67480827, 68498423, 69515789, 70535486, 71555408, 72561716, 73566483, 74571130, 75574751, 76581059, 77585826, 78590473, 79594094, 80600402, 81605169, 82609816, 83613437, 84631033, 85650335, 86667673, 87685250, 88702490, 89720043, 90737512, 91755089, 92772329, 93789882, 94807456, 95824964, 96843214, 97860642, 98879640, 99898482, 100916854, 101936065, 102955208, 103975106, 104994446, 106013643, 107032250, 108051465, 109070758]}