{"incumbents": [6.0, 6.5, 7.6, 8.5, 6.8, 7.6, 7.4, 10.8, 1.7, 10.4, 8.6, 10.9, 9.4, 1.7, 10.5, 8.1, 9.1, 11.3, 7.5, 10.7, 8.2, 8.7, 6.7, 12.3, 11.5, 12.3, 12.5, 1.7, 8.1, 1.7, 9.4, 1.7, 1.7, 8.6, 7.2, 6.6, 8.8, 9.2, 1.7, 10.2, 1.7, 1.7, 9.8, 10.1, 1.7, 1.7, 8.0, 12.5, 10.8, 9.1, 1.7, 7.1, 7.5, 7.7, 8.0, 5.6, 6.0, 1.7, 1.7, 4.7, 1.7, 5.7, 1.7, 1.7, 1.7, 1.7, 2.2, 1.7, 1.7, 1.7, 1.7, 1.7, 6.8, 9.0, 1.7, 1.7, 1.7, 1.7, 2.2, 1.7, 1.7, 1.7, 1.7, 1.7, 1.7, 1.1, 1.7, 1.7, 1.7, 1.7, 1.7, 1.1, 1.7, 1.7, 7.2, 1.7, 1.7, 1.7, 1.7, 1.7, 1.7, 1.7, 1.7, 1.7, 2.2, 1.7, 1.7, 1.7], "wallclock_time_eval": [6052.327595949173, 12123.790492773056, 18168.223828315735, 24228.251314640045, 30272.95177602768, 36317.38511157036, 42400.53895044327, 48437.80810236931, 54880.845277071, 60912.29739022255, 66947.18670892715, 72985.9703207016, 79016.9513039589, 85387.49987649918, 91429.08989453316, 97498.13223648071, 103539.68641400337, 109580.7837524414, 115865.07315826416, 122194.69644880295, 128276.8467373848, 134318.1776883602, 140410.95771288872, 146492.63131403923, 152659.8925936222, 158725.50932002068, 164779.76542806625, 171236.1791973114, 177326.45923352242, 183734.35215353966, 189775.67831158638, 196173.0728917122, 202608.1908466816, 208834.68819093704, 214875.95098304749, 220996.7875201702, 227274.7352244854, 233393.429104805, 239837.24875593185, 245868.06939959526, 252293.2146437168, 258737.1797516346, 264930.1958782673, 270957.21899437904, 277387.5110578537, 283784.23927903175, 289842.3299458027, 295882.9081735611, 301935.78587174416, 308181.49572205544, 314653.923879385, 320686.3422663212, 326712.16351509094, 332829.8315384388, 338895.50283551216, 345130.7641673088, 351203.21753001213, 357645.5432498455, 364061.1537051201, 370513.30239391327, 376921.0035250187, 383267.3951766491, 389684.49793720245, 396067.63262343407, 402477.872590065, 408927.28946852684, 415361.6709628105, 421847.5462012291, 428300.9204597473, 434671.74279499054, 441157.0383298397, 447626.8427014351, 453979.1122264862, 460307.3154001236, 466698.2344069481, 473116.1674730778, 479588.7901608944, 486038.01308751106, 492463.68686676025, 498876.56758880615, 505301.6958105564, 511760.65883874893, 518203.8344595432, 524693.8984425068, 531079.3954160213, 537763.6164278984, 544225.0643515587, 550759.8016834259, 557246.1396455765, 563672.9127418995, 570076.4637858868, 576757.5699224472, 583206.2498912811, 589609.7083790302, 595678.380250454, 602102.1248915195, 608644.9554140568, 615069.5589232445, 621510.6376349926, 627930.5081968307, 634327.9453749657, 640775.778386116, 647211.6910278797, 653753.9871470928, 660206.3401174545, 666634.9159429073, 673023.9647812843, 679427.3002870083], "timesteps_eval": [1623925, 3248816, 4873012, 6496363, 8120360, 9744556, 11369425, 12992917, 14623437, 16248199, 17873010, 19495046, 21117862, 22748282, 24371372, 25995790, 27618416, 29241375, 30870241, 32493189, 34117819, 35742036, 37368409, 38991277, 40616919, 42238997, 43862045, 45493853, 47118558, 48748683, 50372740, 52003574, 53634820, 55262032, 56885594, 58512148, 60138902, 61764252, 63394978, 65017667, 66650451, 68282181, 69908823, 71530933, 73163974, 74794345, 76419449, 78042113, 79665192, 81292707, 82924410, 84548777, 86173180, 87797764, 89421521, 91047565, 92672518, 94304831, 95935932, 97566609, 99196981, 100826552, 102457414, 104088336, 105718579, 107349987, 108981645, 110613964, 112245281, 113876800, 115507254, 117138340, 118767342, 120396773, 122026916, 123658176, 125289542, 126920149, 128553245, 130183342, 131814691, 133444718, 135075267, 136706765, 138336882, 139969694, 141599829, 143229682, 144860749, 146493236, 148126368, 149759883, 151391168, 153022565, 154647469, 156279129, 157909566, 159539458, 161171664, 162802402, 164434323, 166064212, 167694276, 169325232, 170958817, 172590713, 174221362, 175851559]}