{"incumbents": [921.7001038000001, 956.5535523000001, 999.4301743, 999.4301743, 1003.1102688000001, 1003.1102688000001, 1003.1102688000001, 1003.1102688000001, 1003.1102688000001, 1003.4592871000001, 1003.4592871000001, 1003.4592871000001, 1003.4592871000001, 1066.5039327000002, 1066.5039327000002, 1066.5039327000002, 1066.5039327000002, 1066.5039327000002, 1066.5039327000002, 1066.5039327000002, 1066.5039327000002, 1456.2442148999999, 1456.2442148999999, 1456.2442148999999, 1456.2442148999999, 1456.2442148999999, 1456.2442148999999, 1456.2442148999999, 1456.2442148999999, 1456.2442148999999, 1456.2442148999999, 1456.2442148999999, 1456.2442148999999, 1456.2442148999999, 1456.2442148999999, 1456.2442148999999, 1456.2442148999999, 1456.2442148999999, 1456.2442148999999, 1456.2442148999999, 1456.2442148999999, 1456.2442148999999, 1456.2442148999999, 1456.2442148999999, 1456.2442148999999, 1456.2442148999999, 1456.2442148999999, 1456.2442148999999, 1456.2442148999999, 1456.2442148999999, 1456.2442148999999, 1456.2442148999999, 1456.2442148999999, 1456.2442148999999, 1456.2442148999999, 1456.2442148999999, 1456.2442148999999, 1456.2442148999999, 1456.2442148999999, 1456.2442148999999, 1456.2442148999999, 1456.2442148999999, 1456.2442148999999, 1456.2442148999999, 1456.2442148999999, 1456.2442148999999, 1456.2442148999999, 1456.2442148999999, 1456.2442148999999, 1456.2442148999999, 1456.2442148999999, 1456.2442148999999, 1456.2442148999999, 1456.2442148999999, 1456.2442148999999, 1456.2442148999999, 1456.2442148999999, 1456.2442148999999, 1456.2442148999999, 1456.2442148999999, 1456.2442148999999, 1456.2442148999999, 1456.2442148999999, 1456.2442148999999, 1456.2442148999999, 1456.2442148999999, 1456.2442148999999, 1456.2442148999999, 1456.2442148999999, 1456.2442148999999, 1456.2442148999999, 1456.2442148999999, 1456.2442148999999, 1456.2442148999999, 1456.2442148999999, 1456.2442148999999, 1456.2442148999999, 1456.2442148999999, 1456.2442148999999, 1456.2442148999999], "wallclock_time_eval": [3414.6957433223724, 6842.979301452637, 10278.89264369011, 13698.457387208939, 17057.669166326523, 20486.534596920013, 23089.947082042694, 26581.2478826046, 30082.783185243607, 33547.0543320179, 37011.595762491226, 40110.37275147438, 43545.9033305645, 46956.40114569664, 49587.87977433205, 52968.01600933075, 55411.60713982582, 58083.818969249725, 60836.68705677986, 63318.33716106415, 66749.77675819397, 70109.397285223, 73403.42430353165, 76235.29207706451, 78745.5193593502, 81287.23914957047, 84665.98696374893, 87518.06096243858, 90008.73819065094, 93411.42442369461, 96065.15955805779, 98668.82829475403, 101357.9479007721, 103853.35172438622, 106364.82770776749, 109018.48134064674], "timesteps_eval": [967724, 1938480, 2910853, 3881567, 4849510, 5818409, 6777737, 7749876, 8721151, 9689112, 10657763, 11627387, 12597715, 13579620, 14550392, 15521106, 16491638, 17471161, 18443708, 19419910, 20387700, 21358135, 22327317, 23285700, 24278163, 25261548, 26229607, 27193174, 28167691, 29134383, 30097007, 31070026, 32035328, 33014806, 33983972, 34964055]}