{"incumbents": [5.4, 14.8, 0.0, 30.0, 43.1, 43.1, 0.0, 50.0, 38.1, 12.0, 29.7, 30.0, 30.0, 30.0, 30.0, 30.0, 0.0, 8.7, 30.0, 30.0, 30.0, 30.0, 30.0, 23.0, 53.6, 45.9, 25.1, 28.0, 4.5, 30.0, 54.0, 24.4, 24.1, 37.1, 43.0, 0.0, 38.3, 0.0, 0.0, 30.0, 30.0, 30.0, 30.5, 0.0, 34.1, 0.0, 32.7, 14.4, 37.8, 0.0, 0.9, 6.9, 0.0, 30.0, 0.0, 30.0, 0.0, 30.0, 0.0, 0.0, 27.6, 45.5, 0.0, 29.5, 9.3, 27.3, 0.0, 0.0, 0.0, 0.0, 0.0, 0.0, 0.0, 0.0, 11.2, 0.0, 0.0, 0.0, 0.0, 30.0, 0.0, 0.0, 0.0, 0.0, 0.0, 0.0, 20.4, 0.0, 0.0, 0.0, 0.0, 0.0, 0.0, 0.0, 30.0, 0.0, 0.0, 0.0, 0.0, 0.0, 0.0, 0.0, 0.0, 0.0, 30.0, 30.0, 0.0, 30.0], "wallclock_time_eval": [9086.811960697174, 17733.88029575348, 26713.75049328804, 32998.105338811874, 44376.915508031845, 55755.725677251816, 61449.165892124176, 68566.89505505562, 74599.33154129982, 84326.81782054901, 95136.66113209724, 101770.76186203957, 107598.02045822144, 113410.73138809204, 119178.8713479042, 125103.43888664246, 130986.6127550602, 139813.45949077606, 146248.56024241447, 152065.5868241787, 158524.16133594513, 164337.14079594612, 175180.4322323799, 182327.28968715668, 189072.83879375458, 195272.93648934364, 201605.54311609268, 208698.90737462044, 216862.03664517403, 222729.33601999283, 229554.40216588974, 237417.60001945496, 245075.58872961998, 251251.7104988098, 257744.34478116035, 266264.842148304, 273661.1182208061, 280332.5310854912, 286051.3320698738, 291883.4350678921, 303142.0365834236, 308961.4598867893, 315835.05289292336, 321591.5860836506, 329060.71098160744, 342354.04045057297, 349813.03323841095, 358562.9989759922, 364761.2794599533, 370535.2701780796, 380102.4102783203, 386659.01043248177, 395228.9417588711, 401111.64608955383, 406919.5058045387, 412738.1631073952, 418606.44645380974, 424411.4905912876, 432885.97104239464, 440443.6815290451, 447361.23619008064, 454071.8925602436, 461362.6691994667, 468315.19202780724, 477153.4816644192, 484670.99342012405, 490648.16727375984, 497067.9856109619, 505672.56299209595, 514351.59262776375, 520786.4516634941, 529611.264021635, 538480.4118931293, 544381.371694088, 553021.4574556351, 559263.3778743744, 564981.4074990749, 573506.5509757996, 579320.4007124901, 586457.8050653934, 593714.949410677, 600470.0674481392, 609391.6222584248, 615339.0752949715, 622336.2674663067, 631130.680678606, 637103.7928476334, 645957.4081888199, 651692.1278419495, 660316.2119278908, 669022.9123959541, 677386.9720356464, 684293.0558788776, 693174.1916296482, 700144.3194367886, 708576.7463872433, 717328.5446543694, 725213.8197214603, 731608.121437788, 739648.0115361214, 748288.2452452183, 757065.6791968346, 762857.600799799, 768558.5048742294, 775190.6608355045, 781768.9282457829, 787490.1025102139, 793224.9349524975], "timesteps_eval": [1127453, 2282908, 3502478, 4651423, 5798678, 6945933, 8382881, 9519790, 10654802, 11821982, 12956362, 14102359, 15239366, 16374141, 17517992, 18655034, 20095475, 21228315, 22382529, 23522302, 24668859, 25804161, 26938845, 28058840, 29193227, 30331880, 31480523, 32623779, 33751698, 34971059, 36110243, 37251858, 38392381, 39531571, 40669458, 41809399, 42947496, 44099774, 45602232, 46737689, 47869456, 49004332, 50208747, 51566948, 52716229, 53894892, 55027516, 56172880, 57303177, 58823956, 59622904, 60713696, 61890788, 63029445, 64522310, 65661935, 67122732, 68256783, 69413383, 70559996, 71701568, 72833724, 73981441, 75118737, 76264016, 77413961, 78871494, 80246717, 81407371, 82570352, 83968417, 85178011, 86269533, 87635784, 88703680, 90033312, 91551180, 92719898, 94187963, 95345616, 96575524, 97963682, 99118105, 100671554, 101857015, 103023751, 104370862, 105717289, 107261175, 108424350, 109479950, 110669851, 112016584, 113179464, 114328596, 115598750, 116853198, 118014316, 119435435, 120591372, 121746485, 122802257, 124276022, 125697696, 126848401, 127989274, 129498141, 130639470]}