{"incumbents": [30.0, 0.0, 50.0, 0.0, 45.5, 24.4, 37.1, 6.9, 5.4, 30.0, 30.0, 43.0, 0.0, 0.0, 30.0, 30.0, 23.0, 30.0, 45.9, 53.6, 27.6, 25.1, 4.5, 38.3, 0.0, 43.1, 38.1, 12.0, 29.5, 54.0, 24.1, 30.0, 0.0, 30.0, 30.0, 30.0, 29.7, 0.0, 37.8, 14.8, 0.0, 32.7, 14.4, 30.5, 34.1, 0.0, 9.3, 30.0, 0.9, 0.0, 30.0, 30.0, 27.3, 0.0, 30.0, 30.0, 30.0, 30.0, 0.0, 8.7, 30.0, 0.0, 0.0, 0.0, 28.0, 0.0, 0.0, 0.0, 0.0, 0.0, 0.0, 0.0, 0.0, 0.0, 11.2, 0.0, 30.0, 0.0, 0.0, 0.0, 0.0, 0.0, 0.0, 20.4, 0.0, 0.0, 0.0, 0.0, 0.0, 0.0, 0.0, 0.0, 30.0, 0.0, 0.0, 0.0, 0.0, 0.0, 0.0, 0.0, 0.0, 0.0, 0.0, 30.0], "wallclock_time_eval": [5822.026581764221, 13112.80322098732, 20230.532383918762, 26038.392098903656, 32749.04846906662, 40612.246322631836, 46788.36809182167, 53344.968245983124, 62426.7802066803, 68885.35471844673, 74698.33417844772, 81190.96846079826, 89711.4658279419, 95579.74917435646, 102014.84992599487, 108299.2047715187, 115446.06222629547, 126289.35366272926, 132489.45135831833, 139235.00046491623, 146152.55512595177, 152485.1617527008, 160648.2910232544, 168044.56709575653, 174715.9799604416, 186094.79012966156, 192127.22661590576, 201854.71289515495, 208807.23572349548, 215632.3018693924, 223290.29057955742, 229117.5491757393, 234836.35016012192, 240604.49011993408, 247238.5908498764, 253163.15838861465, 263973.0017001629, 272613.2354092598, 278811.5158932209, 287458.5842282772, 296063.16160941124, 303522.1543972492, 312272.1201348305, 319145.7131409645, 326614.83803892136, 339908.1675078869, 348746.4571444988, 354559.16807436943, 364126.30817461014, 370368.22859334946, 376235.52796816826, 387494.1294836998, 395011.6412394047, 403581.572565794, 409400.9958691597, 415233.09886717796, 421051.7561700344, 426934.46050071716, 434492.17098736763, 443319.0177230835, 449124.06186056137, 454880.5950512886, 463355.07550239563, 469332.2493560314, 476425.6136145592, 482326.5734155178, 489232.657258749, 495006.6479768753, 503531.79145359993, 509951.609790802, 518820.7576622963, 526077.9020075798, 531961.0758759975, 538395.9349117279, 547036.020673275, 552770.7403264046, 559908.1446793079, 566905.3368506432, 575826.8916609287, 582582.009698391, 588529.4627349377, 594247.4923596382, 603072.3047177792, 609045.4168868065, 617839.8300991058, 626693.4454402924, 635400.1459083557, 641213.9956450462, 649578.0552847385, 658459.1910355091, 667439.0612330437, 676118.0908687115, 683088.2186758518, 691520.6456263065, 700272.4438934326, 708896.5279793739, 714589.9681942463, 722475.2432613373, 728869.544977665, 736909.4350759983, 745686.8690276146, 751478.790630579, 757179.6947050095, 763811.8506662846], "timesteps_eval": [1139773, 2287490, 3424399, 4917264, 6049420, 7191035, 8330225, 9421017, 10548470, 11695027, 12830329, 13968216, 15108157, 16568954, 17723168, 18872113, 19992108, 21126792, 22265445, 23399832, 24541404, 25690047, 26817966, 27956063, 29108341, 30255596, 31390608, 32557788, 33695084, 34834268, 35974791, 37111798, 38614256, 39758107, 40904104, 42041146, 43175526, 44330639, 45460936, 46616391, 47777045, 48909669, 50055033, 51259448, 52408729, 53587392, 54732671, 55867446, 56666394, 57996026, 59215387, 60347154, 61497099, 62674191, 63809067, 64944524, 66084149, 67222806, 68369419, 69502259, 70636310, 71994511, 73151111, 74608644, 75751900, 77118151, 78464884, 79985663, 81154381, 82529604, 83621126, 84851034, 86291475, 87689540, 88757436, 90301322, 91458975, 92644436, 93798859, 95187017, 96740466, 98258334, 99467928, 100815039, 101981775, 103328202, 104383802, 105851867, 107041768, 108204648, 109424218, 110587199, 111736331, 113006485, 114260933, 115424108, 116861056, 118022174, 119443293, 120599230, 121655002, 123128767, 124550441, 125701146]}