{"incumbents": [180.0, 274.0, 402.0, 1254.0, 1300.0, 1300.0, 1300.0, 1382.0, 1404.0, 1404.0, 1404.0, 1404.0, 1404.0, 1404.0, 1404.0, 1476.0, 1598.0, 1598.0, 1598.0, 1598.0, 1598.0, 1598.0, 1598.0, 1598.0, 1598.0, 1598.0, 1598.0, 1598.0, 1598.0, 1598.0, 1598.0, 1598.0, 1598.0, 1598.0, 1598.0, 1598.0, 1598.0, 1598.0, 1598.0, 1598.0, 1598.0, 1598.0, 1598.0, 1598.0, 1598.0, 1598.0, 1598.0, 1598.0, 1598.0, 1598.0, 1598.0, 1598.0, 1598.0, 1598.0, 1598.0, 1598.0, 1598.0, 1598.0, 1598.0, 1598.0, 1598.0, 1598.0, 1598.0, 1598.0, 1598.0, 1598.0, 1598.0, 1598.0, 1598.0, 1598.0, 1598.0, 1598.0, 1598.0, 1598.0, 1598.0, 1598.0, 1598.0, 1598.0, 1598.0, 1598.0, 1598.0, 1598.0, 1598.0, 1598.0, 1598.0, 1598.0, 1598.0, 1598.0, 1598.0, 1598.0, 1598.0, 1598.0, 1598.0, 1598.0, 1598.0, 1598.0, 1598.0, 1598.0, 1598.0, 1598.0, 1598.0, 1598.0, 1598.0, 1598.0, 1598.0, 1598.0, 1598.0, 1598.0], "wallclock_time_eval": [5721.3969259262085, 11440.966900110245, 17572.093501091003, 24382.388899564743, 30647.162277936935, 36630.330887794495, 42391.47010707855, 48504.90936899185, 54951.70383286476, 61062.452573776245, 67293.8626525402, 73055.3544921875, 79532.97831392288, 85952.65271401405, 92398.19729614258, 98728.66226744652, 105178.8140771389, 111686.54567337036, 117794.35404086113, 123672.43887376785, 129956.87006235123, 136438.57538676262, 142495.8289592266, 148309.27112531662, 154714.13754987717, 167442.0751771927, 173274.399923563, 179053.1996948719, 184984.30289292336, 190819.1596505642, 196713.34920406342, 202523.3905622959, 208167.84688091278, 213796.66379451752, 219483.27222394943, 225235.78265929222, 230993.57817697525, 236713.02269554138, 242408.55775141716, 248286.23821091652, 253938.21272468567, 260124.57985377312, 266083.5011098385, 271798.18740701675, 278339.57940506935, 284922.10187244415, 290802.9849488735, 296707.2919867039, 302538.4426224232, 308251.4262456894, 314684.571942091, 320971.50201654434, 326761.5653884411, 332466.2722213268, 338854.3517148495, 344530.8785173893, 350319.00407266617, 356756.60752010345, 362489.49583387375, 368195.45337963104, 373988.89745402336, 379762.8861737251, 385535.5622713566, 391365.186719656, 397387.19152641296, 403320.7764854431, 409456.3519215584, 415360.6219382286, 421791.06181526184, 427562.82806682587, 433208.934540987, 438818.90658307076, 445275.8110342026, 450990.7748708725, 456640.76474285126, 462414.8139567375, 468096.3345131874, 474297.46797037125, 480058.46997213364, 485984.2918858528, 492027.82718133926, 497721.83275699615, 503355.58007097244, 509312.60147476196, 515177.10994052887, 521419.88436961174, 527146.8320026398, 533372.207398653, 539425.9053168297, 545450.7003660202, 551441.3936963081, 557098.6139066219, 563148.9888513088, 568750.730036974, 574351.4736204147, 580069.9453122616, 585906.7349126339, 591673.0285129547, 597558.8377931118, 603202.5526862144, 608772.5590393543, 614400.7068200111, 620250.8446280956, 626117.8380599022, 631814.5860984325, 637619.6585166454, 643751.224167347, 649402.8398640156], "timesteps_eval": [1589734, 3204476, 4797914, 6375767, 7962927, 9553278, 11137720, 12728180, 14309791, 15900226, 17484139, 19095029, 20670285, 22253386, 23842797, 25425954, 26994987, 28572138, 30169678, 31776931, 33360904, 34946544, 36540195, 38149017, 39727872, 41338073, 42948283, 44550224, 46161409, 47773775, 49385145, 50997220, 52618569, 54211865, 55832493, 57432976, 59037286, 60652910, 62239021, 63850099, 65454677, 67063223, 68656546, 70244897, 71818346, 73390087, 74986227, 76589310, 78193271, 79808679, 81416413, 83003947, 84613910, 86229958, 87813840, 89434290, 91049901, 92638522, 94225565, 95840827, 97454651, 99067255, 100682419, 102292786, 103901385, 105501796, 107109639, 108720712, 110309277, 111913805, 113502405, 115088872, 116676987, 118263860, 119858086, 121459205, 123057998, 124626881, 126231932, 127838282, 129446958, 131044482, 132629942, 134231805, 135826300, 137410135, 139004928, 140591768, 142189005, 143785506, 145371057, 146955822, 148548810, 150140273, 151733281, 153326378, 154911455, 156499317, 158082030, 159667193, 161255163, 162843148, 164437538, 166029416, 167623261, 169207503, 170796692, 172385412]}