{"incumbents": [5588.0, 5588.0, 5588.0, 5588.0, 5588.0, 5588.0, 5588.0, 5588.0, 5659.0, 5659.0, 5659.0, 5659.0, 5659.0, 5659.0, 5659.0, 5659.0, 5659.0, 5659.0, 5659.0, 5659.0, 5659.0, 5659.0, 5659.0, 5659.0, 5659.0, 5659.0, 5659.0, 5659.0, 5659.0, 5659.0, 5659.0, 5659.0, 5659.0, 5659.0, 5659.0, 5659.0, 5659.0, 5659.0, 5659.0, 5659.0, 5659.0, 5659.0, 5659.0, 5659.0, 5659.0, 5659.0, 5659.0, 5659.0, 5659.0, 5659.0, 5659.0, 5659.0, 5659.0, 5659.0, 5659.0, 5659.0, 5659.0, 5659.0, 5659.0, 5659.0, 5659.0, 5659.0, 5659.0, 5659.0, 5659.0, 5659.0, 5659.0, 5659.0, 5659.0, 5659.0, 5659.0, 5659.0, 5659.0, 5659.0, 5659.0, 5659.0, 5659.0, 5659.0, 5659.0, 5659.0, 5659.0, 5659.0, 5659.0, 5659.0, 5659.0, 5659.0, 5659.0, 5659.0, 5659.0, 5659.0, 5659.0, 5659.0, 5659.0, 5659.0, 5659.0, 5659.0, 5659.0, 5659.0, 5659.0, 5659.0, 5659.0, 5659.0, 5659.0, 5659.0, 5659.0, 5659.0, 5659.0, 5659.0], "wallclock_time_eval": [6684.241161584854, 13087.937556028366, 19602.858377218246, 25918.79159808159, 32231.80718421936, 38586.493613004684, 44927.19365000725, 51442.31447029114, 58174.70779252052, 64892.439019203186, 71475.32418990135, 78329.01308655739, 84842.78467869759, 91240.51403856277, 97618.87289476395, 104118.67244625092, 110509.9339261055, 116918.36549568176, 123494.4218108654, 130183.51742625237, 136918.05743789673, 143812.08509469032, 150260.73276734352, 156838.8928053379, 163652.64195084572, 170169.68145394325, 176638.55347204208, 183037.58389997482, 189503.92249584198, 196355.44726014137, 203165.1720917225, 209674.3199555874, 216615.15443325043, 223024.56620001793, 229337.11850881577, 235713.38326191902, 242092.53985834122, 248521.01555132866, 254909.75524139404, 261287.1583352089, 267515.84044122696, 273853.2274250984, 280670.34237241745, 286942.8659441471, 293389.0150370598, 299751.87062883377, 306126.47209715843, 312661.0201332569, 318998.76514339447, 325436.2759270668, 331836.0710954666, 338283.29078269005, 344615.75373363495, 350888.9368312359, 357273.49218297005, 363681.87835240364, 370015.28545594215, 376820.59459114075, 383190.7286250591, 389503.1350746155, 395894.78176021576, 402239.1230137348, 408739.39638471603, 415270.0320458412, 421831.2016842365, 428498.12373924255, 435022.47104763985, 441403.2875185013, 447796.52001190186, 454182.47421336174, 460557.7283344269, 466804.4429807663, 480527.456908226, 486806.23588752747, 493120.13419270515, 499611.57888007164, 505912.43982863426, 512224.2702360153, 518497.72007632256, 524785.4115622044, 531173.202403307, 537764.677580595, 543991.0319263935, 550161.6965990067, 556660.4087855816, 562959.4062626362, 569326.6787188053, 577816.2413144112, 584340.8973617554, 590685.7086877823, 597159.0520551205, 603527.7424516678, 609794.4444224834, 616052.1663458347, 622330.3913464546, 629436.7425489426, 636395.2696413994, 642649.2814657688, 649231.3435556889, 655489.8073413372, 661763.5873785019, 667959.7387957573, 674204.0931096077, 680879.7791786194, 687138.740983963, 693721.9674565792, 699936.3656716347, 706482.8447935581], "timesteps_eval": [1594280, 3210207, 4814463, 6432345, 8055234, 9676743, 11295676, 12900933, 14496554, 16090651, 17693687, 19310707, 20915678, 22529058, 24147384, 25753553, 27366241, 28985211, 30587001, 32183850, 33778680, 35366528, 36982197, 38587369, 40192298, 41799583, 43411417, 45030959, 46638600, 48230891, 49826171, 51428927, 53039162, 54651452, 56271802, 57886455, 59501940, 61115529, 62746454, 64366863, 65994907, 67611636, 69208312, 70827939, 72458040, 74085305, 75714292, 77316416, 78923988, 80532946, 82142274, 83750039, 85378388, 87005873, 88623626, 90255187, 91867148, 93457674, 95084606, 96707717, 98326236, 99948593, 101556129, 103157806, 104765370, 106358153, 107965730, 109595615, 111226470, 112844101, 114474208, 116098702, 117715178, 119336769, 120957569, 122562941, 124183319, 125803354, 127423285, 129045843, 130670678, 132279019, 133904010, 135526142, 137132048, 138754325, 140371876, 141987802, 143596800, 145214243, 146819052, 148438803, 150058916, 151679403, 153299761, 154908298, 156528675, 158149085, 159757569, 161379005, 163000089, 164620338, 166240518, 167843483, 169463782, 171081417, 172701964, 174307876]}