{"incumbents": [-38.2, -37.9, -37.9, -10.6, -10.6, -10.6, -10.6, -10.6, -10.6, -10.6, -2.5, -2.5, 35.0, 35.0, 35.0, 35.0, 35.0, 35.0, 35.0, 35.9, 35.9, 35.9, 35.9, 35.9, 35.9, 35.9, 44.3, 44.3, 44.3, 44.3, 44.3, 44.3, 44.3, 44.3, 44.3, 44.3, 44.3, 51.7, 51.7, 51.7, 51.7, 51.7, 51.7, 51.7, 51.7, 51.7, 51.7, 51.7, 51.7, 51.7, 51.7, 51.7, 51.7, 51.7, 51.7, 51.7, 51.7, 51.7, 51.7, 51.7, 51.7, 51.7, 51.7, 51.7, 51.7, 51.7, 51.7, 51.7, 51.7, 51.7, 51.7, 51.7, 51.7, 51.7, 51.7, 51.7, 51.7, 51.7, 51.7, 51.7, 51.7, 51.7, 51.7, 51.7, 51.7, 51.7, 51.7, 51.7, 51.7, 51.7, 51.7, 51.7, 51.7, 51.7, 51.7, 51.7, 51.7, 51.7, 51.7, 51.7, 51.7, 51.7, 51.7, 51.7], "wallclock_time_eval": [7798.76243519783, 15566.306856393814, 23413.078741550446, 31235.32465863228, 38988.87023925781, 46871.81153512001, 54696.633622169495, 62490.70574760437, 70192.23092103004, 77959.35388326645, 85799.23913383484, 93678.7355389595, 101492.52714204788, 109286.50053048134, 117129.78572320938, 124902.47643256187, 132708.23571157455, 140589.9342391491, 148405.41514873505, 156198.80817770958, 164005.44363379478, 171872.8948082924, 179683.28700113297, 187481.6341791153, 195470.9262778759, 203290.2534174919, 211237.48084187508, 219064.6178650856, 226897.94529485703, 234729.14072203636, 242564.18018126488, 250393.86267876625, 258213.98650431633, 266028.2533531189, 273824.6644849777, 281649.92131757736, 289545.85760998726, 297373.082662344, 305216.6736383438, 313087.9479484558, 320890.4864370823, 328721.672796011, 336516.8463625908, 344339.6673476696, 352112.3236300945, 359876.1813876629, 367675.0064573288, 375445.84454894066, 383214.52042102814, 390967.7974677086, 398742.1646518707, 406553.4339900017, 414328.1577446461, 422167.2323484421, 430087.744017601, 437920.3858163357, 445728.18643569946, 453538.168782711, 461374.60154247284, 469189.31383514404, 476997.39037323, 484713.79060196877, 492487.04416155815, 500304.57298731804, 508069.1280298233, 515871.62219047546, 523676.5274634361, 531474.961417675, 539276.225340128, 547102.8192794323, 554914.2719328403, 562777.1302042007, 570572.7822115421, 578454.1413447857, 586294.5968537331, 594069.099001646, 601839.3820662498, 609627.4275228977, 617489.9073493481, 625280.3842222691, 633067.2250285149, 640869.7856712341, 648665.4297702312, 656453.8896670341, 664281.9311914444, 672070.4695467949, 679855.3478009701, 687623.1893963814, 695481.2727994919, 703270.893393755, 711581.4888029099, 719409.1990551949, 727179.429359436, 734991.608148098, 742874.9168381691, 750686.1053156853, 758531.6452651024, 766379.9965891838, 774147.1168596745, 781923.2235672474, 789720.5503613949, 798044.4570798874, 805855.1282360554, 813634.4418077469], "timesteps_eval": [1412578, 2825156, 4237734, 5650312, 7062890, 8475468, 9888046, 11300624, 12713202, 14125780, 15538358, 16950936, 18363514, 19776092, 21188670, 22601248, 24013826, 25426404, 26838982, 28251560, 29664138, 31076716, 32489294, 33901872, 35314450, 36727028, 38139606, 39552184, 40964762, 42377340, 43789918, 45202496, 46615074, 48027652, 49440230, 50852808, 52265386, 53677943, 55090521, 56503099, 57915677, 59328255, 60735026, 62147604, 63560182, 64972760, 66385338, 67797916, 69210494, 70623072, 72035650, 73448228, 74860789, 76273367, 77685945, 79098523, 80511101, 81923679, 83336257, 84748835, 86161413, 87573991, 88986569, 90399147, 91811725, 93224303, 94636881, 96049459, 97462037, 98874615, 100286002, 101698580, 103111158, 104523736, 105936314, 107348892, 108761470, 110174048, 111586626, 112999204, 114411782, 115824360, 117236938, 118649516, 120062094, 121474672, 122887250, 124299828, 125712406, 127124984, 128537562, 129950140, 131362718, 132775296, 134187874, 135600452, 137013030, 138425608, 139838186, 141250764, 142663342, 144075920, 145488498, 146901076]}