{"incumbents": [220.0, 678.0, 220.0, 148.0, 383.0, 687.0, 148.0, 645.0, 463.0, 489.0, 516.0, 220.0, 623.0, 633.0, 514.0, 148.0, 705.0, 251.0, 475.0, 733.0, 498.0, 565.0, 358.0, 840.0, 780.0, 693.0, 220.0, 508.0, 529.0, 433.0, 558.0, 176.0, 439.0, 660.0, 184.0, 728.0, 525.0, 668.0, 454.0, 220.0, 479.0, 220.0, 600.0, 575.0, 148.0, 692.0, 725.0, 641.0, 148.0, 148.0, 750.0, 613.0, 744.0, 703.0, 401.0, 877.0, 388.0, 700.0, 754.0, 202.0, 148.0, 612.0, 526.0, 421.0, 148.0, 557.0, 220.0, 220.0, 148.0, 220.0, 220.0, 148.0, 520.0, 696.0, 220.0, 220.0, 148.0, 148.0, 220.0, 220.0, 148.0, 148.0, 148.0, 148.0, 220.0, 220.0, 119.0, 220.0, 220.0, 148.0, 148.0, 148.0, 148.0, 220.0, 148.0, 220.0, 220.0, 220.0, 220.0, 148.0, 110.0, 220.0, 220.0, 220.0], "wallclock_time_eval": [5466.216176509857, 10909.072652101517, 16439.479143619537, 22126.91157221794, 27578.44391131401, 33020.37532687187, 38730.89346051216, 44212.276262283325, 52882.09776592255, 58362.86570930481, 67032.51133990288, 72553.57394742966, 78183.91823220253, 83689.79008841515, 89281.24389863014, 95021.89017915726, 100510.81554579735, 105920.34344649315, 111448.32948708534, 116933.15623116493, 122450.71312022209, 127878.86118388176, 133305.27193164825, 138813.73749113083, 144285.5526690483, 149793.42296481133, 155318.37824892998, 160907.88736081123, 166366.6678791046, 174991.7857723236, 180487.5121459961, 185951.45306372643, 191468.83625936508, 196956.85112524033, 202484.80150055885, 208018.92283034325, 216778.21729946136, 222249.7524983883, 227768.50201416016, 233291.57552075386, 238824.84406876564, 244326.5218911171, 249886.55272221565, 255428.6582648754, 260945.88047790527, 266401.227411747, 271824.68796658516, 277372.07205057144, 282935.5473651886, 288588.8908483982, 294168.79571938515, 299707.9230957031, 305238.07118177414, 310730.1450984478, 316280.24237298965, 321863.52667450905, 327331.7118496895, 332818.7411534786, 338240.3336019516, 343757.09594511986, 349407.39530205727, 354950.31978178024, 360530.2471051216, 365980.3930282593, 371519.678968668, 376993.5571732521, 382538.69894361496, 388087.30931162834, 393745.54949069023, 399217.9768869877, 404746.0494430065, 410383.7715036869, 415940.51243138313, 421487.9666209221, 426987.4042401314, 432399.53583693504, 438037.0325510502, 443716.0860826969, 449245.8230588436, 454709.6603541374, 460392.11972117424, 466014.060772419, 471677.05700421333, 477365.08424425125, 482892.3430953026, 488402.3891031742, 493912.08652567863, 499437.60565686226, 504911.39485383034, 510609.567353487, 516202.07277560234, 521792.1157286167, 527477.6364481449, 532960.0955052376, 538522.6675815582, 544002.4480826855, 552743.3418824673, 558310.7274286747, 563798.9951477051, 569469.955496788, 574764.3287966251, 580262.0026988983, 585810.9573330879, 591295.1418242455], "timesteps_eval": [1598315, 3207466, 4805410, 6427675, 8049731, 9660016, 11282946, 12894498, 14515642, 16124071, 17722033, 19323465, 20913404, 22510737, 24103810, 25724051, 27334299, 28951863, 30575855, 32188613, 33812651, 35421972, 37036456, 38632145, 40229015, 41825975, 43427407, 45017541, 46639413, 48235876, 49845892, 51456590, 53079243, 54689341, 56303903, 57904767, 59492607, 61104503, 62701902, 64300565, 65927342, 67525593, 69150332, 70746286, 72349172, 73958101, 75568096, 77167521, 78783515, 80401536, 82004949, 83606111, 85202019, 86801936, 88397210, 89994590, 91613164, 93214310, 94812779, 96410269, 98028504, 99628819, 101223922, 102831135, 104446766, 106056439, 107657871, 109262798, 110882274, 112483484, 114086606, 115705861, 117307208, 118906234, 120507083, 122102612, 123721290, 125338366, 126939956, 128538142, 130156526, 131776465, 133396965, 135020777, 136622295, 138227902, 139841533, 141439403, 143037082, 144660438, 146273471, 147889713, 149512637, 151108597, 152719261, 154318324, 155920986, 157525159, 159125415, 160747279, 162357282, 163956257, 165559963, 167155359]}