{"incumbents": [226.0, 120.0, 542.0, 542.0, 431.0, 492.0, 272.0, 120.0, 2079.0, 854.0, 2249.0, 120.0, 126.0, 847.0, 78.0, 1005.0, 104.0, 3574.0, 120.0, 3636.0, 3712.0, 867.0, 126.0, 120.0, 120.0, 939.0, 639.0, 120.0, 126.0, 120.0, 120.0, 120.0, 120.0, 120.0, 86.0, 120.0, 120.0, 120.0, 120.0, 120.0, 120.0, 120.0, 120.0, 120.0, 120.0, 120.0, 120.0, 120.0, 120.0, 120.0, 120.0, 120.0, 120.0, 120.0, 120.0, 120.0, 120.0, 120.0, 120.0, 120.0, 120.0, 120.0, 120.0, 120.0, 120.0, 120.0, 120.0, 120.0, 120.0, 120.0, 120.0, 120.0, 120.0, 120.0, 120.0, 120.0, 120.0, 120.0, 120.0, 120.0, 120.0, 120.0, 120.0, 120.0, 120.0, 120.0, 120.0, 120.0, 120.0, 120.0, 120.0, 120.0, 120.0, 120.0, 120.0, 120.0, 120.0, 120.0, 120.0, 120.0], "wallclock_time_eval": [3696.8807752132416, 6354.989109516144, 9034.224451065063, 11713.459792613983, 14529.771269321442, 17174.49909210205, 19827.612159490585, 22460.789356946945, 25324.24788236618, 28071.520050525665, 31162.558365345, 34000.706453084946, 37128.31873464584, 39838.35003757477, 43575.810081243515, 46237.41725730896, 48897.30932211876, 51779.448063373566, 54436.19808554649, 57661.04755139351, 60761.336298942566, 63484.152769804, 66541.27783513069, 69376.51157307625, 71927.32447981834, 74551.96641230583, 77226.62627911568, 79994.41736125946, 83388.69921469688, 86028.54428935051, 88698.37514209747, 91641.9063398838, 94273.7648870945, 97009.73902201653, 102608.21836519241, 105252.53363108635], "timesteps_eval": [877605, 1831833, 2797117, 3762401, 4725758, 5692604, 6654147, 7595775, 8561439, 9530550, 10483279, 11339676, 12143012, 13123476, 14081491, 15058939, 16017657, 16982366, 17921970, 18869294, 19820171, 20797710, 21585734, 22523598, 23174099, 24147534, 25128990, 26068780, 26792911, 27553038, 28497570, 29429753, 30374630, 31244729, 32044558, 32992155]}