{"incumbents": [-1.0, -1.0, -1.1, -1.0, -1.0, -2.0, -1.4, -1.5, -1.0, -1.0, -1.0, -1.0, -1.0, -1.0, -1.0, -1.0, -1.2, -2.4, -1.9, -1.0, -1.0, -1.0, -1.0, -1.0, -24.0, -1.0, -23.8, -3.1, -1.6, -1.0, -23.5, -1.9, -1.0, -1.0, -1.0, -1.0, -2.2, -3.4, -2.6, -1.0, -24.0, -1.0, -1.0, -1.0, -24.0, -1.0, -1.0, -1.3, -24.0, -1.0, -1.0, -1.0, -1.8, -0.8, -1.0, -23.5, -24.0, -24.0, -24.0, -3.3, -2.2, -1.0, -1.3, -2.9, -3.1, -1.0, -1.4, -1.1, -1.0, -1.1, -1.0, -1.0, -24.0, -1.0, -1.0, -1.0, -1.0, -1.0, -1.0, -1.0, -1.0, -1.0, -1.0, -1.0, -1.3, -1.0, -1.0, -1.0, -1.0, -1.1, -1.3, -1.0, -1.0, -1.0, -1.0, -1.0, -1.7, -1.0, -1.0, -1.0, -1.0, -1.0, -1.0, -1.0], "wallclock_time_eval": [11791.064266681671, 23478.31834959984, 35273.8449754715, 47183.56602144241, 58988.42700958252, 70751.84404921532, 82618.8803088665, 94457.46399188042, 106879.13909959793, 118692.57617878914, 130478.50282359123, 141947.27958869934, 153702.41161084175, 165434.79861187935, 177318.7599954605, 189156.7063689232, 200959.42418313026, 212831.25935530663, 224721.55382609367, 236521.17099785805, 248271.3790860176, 260031.59484934807, 271828.80459856987, 283463.40007829666, 291491.995401144, 302193.44926810265, 309788.0294275284, 321695.1170966625, 333548.4899878502, 345289.1165628433, 353690.40131926537, 365934.47850322723, 377728.30860710144, 388086.3166618347, 399893.3115468025, 410892.5209414959, 422770.4055788517, 434993.352517128, 446806.3689248562, 458566.12146782875, 465846.5400059223, 477813.20670342445, 489821.5394990444, 500940.68688988686, 508719.2350025177, 520490.96523189545, 532290.1645042896, 544155.49233675, 552038.4280941486, 563824.6891076565, 576585.904255867, 588438.9451768398, 600602.9826996326, 612447.102584362, 624318.7868080139, 632144.8892765045, 639312.0125887394, 647516.877099514, 654764.3996207714, 666588.0559351444, 678470.2853426933, 687308.5095341206, 700670.1588792801, 712596.5139191151, 725388.438079834, 737107.9374353886, 748957.3304390907, 760698.6091923714, 772245.0579013824, 784025.714110136, 795783.0199956894, 807561.1400973797, 816810.5346975327, 826148.4210305214, 837894.5684201717, 849668.9468483925, 861483.5519726276, 872911.7875452042, 884805.3181586266, 896608.4532697201, 908359.5494279861, 920322.9549672604, 931853.218162775, 943700.0310072899, 955516.8780744076, 964805.9657201767, 976535.0154943466, 988270.2555150986, 1000120.80793643, 1012130.41624403, 1023945.4204218388, 1035666.6003940105, 1047486.7760522366, 1059533.2001504898, 1071344.5111362934, 1083819.0863244534, 1095580.6820874214, 1107305.8190541267, 1119307.926128149, 1131150.925860405, 1143020.1380243301, 1154635.964577198, 1166357.9178316593, 1178235.2222156525], "timesteps_eval": [760119, 1456964, 2159499, 2931036, 3630876, 4335851, 5038882, 5750531, 5985831, 6678443, 7404885, 8103240, 8846795, 9636710, 9913275, 10611006, 11296218, 11992319, 12687276, 13387518, 14092887, 14784115, 15531890, 16291683, 17470120, 18280480, 19637431, 20336775, 21028968, 21756720, 22924797, 23108314, 23838499, 24772872, 25552367, 26267888, 26954390, 27165033, 27874856, 28586530, 29728956, 30843980, 31583986, 31859084, 33204139, 33962255, 34694551, 35403094, 36260469, 37004593, 37147492, 37847368, 38555367, 39263319, 40131049, 41412568, 42675869, 44026282, 45479170, 46216373, 46933474, 47371438, 47570806, 48338149, 48621383, 49360924, 50121447, 50818618, 51611089, 52310548, 53034567, 53736713, 54624119, 55471942, 56214046, 56974165, 57692159, 58442961, 59192522, 59895082, 60587475, 61340809, 62054021, 62796562, 63515012, 64370209, 65072180, 65814284, 66528874, 67228539, 67942782, 68652393, 69407784, 70171068, 70913609, 72115685, 72824192, 73527047, 74276155, 75039047, 75795476, 76501712, 77215002, 77931818]}