{"incumbents": [220.0, 615.0, 140.0, 220.0, 615.0, 220.0, 453.0, 661.0, 602.0, 414.0, 533.0, 641.0, 531.0, 578.0, 501.0, 705.0, 685.0, 526.0, 633.0, 656.0, 638.0, 771.0, 640.0, 726.0, 538.0, 518.0, 220.0, 656.0, 635.0, 569.0, 309.0, 110.0, 433.0, 651.0, 513.0, 220.0, 502.0, 531.0, 220.0, 517.0, 487.0, 518.0, 338.0, 650.0, 432.0, 440.0, 477.0, 220.0, 630.0, 382.0, 609.0, 623.0, 604.0, 360.0, 466.0, 370.0, 140.0, 220.0, 595.0, 731.0, 586.0, 632.0, 592.0, 653.0, 140.0, 398.0, 220.0, 140.0, 220.0, 140.0, 140.0, 140.0, 220.0, 140.0, 220.0, 220.0, 140.0, 140.0, 140.0, 220.0, 220.0, 140.0, 220.0, 140.0, 140.0, 121.0, 121.0, 140.0, 220.0, 220.0, 121.0, 220.0, 121.0, 140.0, 220.0, 140.0, 110.0, 204.0, 220.0, 220.0, 220.0, 220.0, 220.0, 220.0], "wallclock_time_eval": [5502.108040332794, 11029.494121074677, 16658.795469522476, 22155.217671394348, 27646.658085107803, 33154.756215810776, 38600.61818385124, 44265.65375375748, 49847.015080690384, 55420.85174703598, 61006.56998419762, 66536.77843308449, 72037.15198111534, 77543.19104671478, 83026.16030192375, 88548.52708816528, 94112.28446960449, 99704.1186504364, 105211.16247534752, 110770.11449933052, 116271.43301129341, 121824.96565389633, 127314.20625138283, 132924.26229023933, 138508.8554737568, 144016.3179628849, 149526.71591496468, 155006.0722823143, 160617.95497822762, 166185.27928304672, 171601.6970205307, 177036.68133687973, 182448.7000246048, 187909.31655049324, 193375.92463684082, 198887.48034524918, 204438.37884116173, 209838.6388053894, 215377.48316168785, 220866.88003873825, 226343.15476822853, 232299.58962273598, 237685.32688951492, 243120.3660275936, 248590.27042722702, 254050.53011655807, 259504.0559206009, 265024.77969384193, 270514.2681007385, 276036.0625793934, 281511.51849770546, 287134.77076649666, 292695.7569053173, 298157.08528256416, 303726.9320099354, 309295.4578409195, 314965.8591017723, 320492.3287034035, 325997.72401714325, 331549.09098005295, 337256.54755187035, 342735.40484023094, 348328.7327680588, 353899.08542203903, 359559.77093720436, 365022.3479704857, 370512.1071996689, 376174.0183317661, 381642.7707929611, 387257.6684868336, 392839.7242605686, 398885.1062669754, 404359.02299427986, 409953.054967165, 415517.354565382, 420966.5566856861, 426596.58243250847, 432320.2486231327, 437869.4871535301, 443425.0194661617, 448979.48155999184, 454482.8195178509, 460008.8837249279, 465632.42626690865, 471244.61887431145, 476815.0414304733, 482270.329867363, 487940.56647729874, 493523.57979106903, 498958.93397021294, 504387.7656185627, 509882.73413705826, 515389.3072385788, 521079.15238428116, 526648.76679492, 532096.4183588028, 537537.6559121609, 543066.7770478725, 548514.7935900688, 553978.5255556107, 559546.36226511, 565061.3316307068, 570564.1712799072, 576077.9612767696], "timesteps_eval": [1612318, 3207985, 4823971, 6422794, 8018341, 9618990, 11223737, 12817234, 14416631, 16012761, 17604255, 19206112, 20814813, 22412552, 24023914, 25622155, 27220804, 28837037, 30441532, 32038830, 33640957, 35235672, 36833609, 38426811, 40023838, 41627127, 43232710, 44843097, 46446594, 48058400, 49676574, 51291234, 52905595, 54518314, 56137381, 57735654, 59346380, 60953650, 62554288, 64176097, 65785000, 67395955, 69009919, 70620231, 72222285, 73840528, 75457712, 77058918, 78672814, 80270257, 81881824, 83478159, 85075176, 86685872, 88283986, 89905636, 91524756, 93123640, 94731618, 96333279, 97926769, 99531065, 101124757, 102714495, 104334227, 105947782, 107544495, 109162341, 110754900, 112371461, 113986672, 115603810, 117201878, 118822743, 120426268, 122025611, 123648243, 125269546, 126885561, 128489911, 130092152, 131710813, 133311042, 134925543, 136542144, 138152800, 139756970, 141379358, 142992317, 144591320, 146203269, 147797629, 149407604, 151029691, 152636330, 154245108, 155847782, 157450820, 159048652, 160649986, 162255674, 163862552, 165459673, 167061719]}