{"incumbents": [-21.0, -21.0, -21.0, -21.0, -21.0, -21.0, -21.0, -21.0, -21.0, -21.0, -21.0, -21.0, -15.7, -19.3, -20.2, -17.2, -16.0, -21.0, -21.0, -21.0, -21.0, -19.5, -21.0, -21.0, -15.9, -21.0, -21.0, -21.0, -21.0, -20.7, -16.7, -21.0, -21.0, -15.1, -21.0, -21.0, -21.0, -21.0, -21.0, -21.0, -21.0, -21.0, -21.0, -21.0, -21.0, -21.0, -21.0, -21.0, -21.0, -21.0, -21.0, -21.0, -21.0, -21.0, -21.0, -21.0, -21.0, -21.0, -21.0, -21.0, -21.0, -21.0, -21.0, -21.0, -21.0, -21.0, -21.0, -21.0, -21.0, -21.0, -21.0, -21.0, -21.0, -21.0, -21.0, -21.0, -21.0, -21.0, -21.0, -21.0, -21.0, -21.0, -21.0, -21.0, -21.0, -21.0, -21.0, -21.0, -21.0, -21.0, -21.0, -21.0, -21.0, -21.0, -21.0, -21.0, -21.0, -21.0, -21.0, -21.0], "wallclock_time_eval": [3022.6715893745422, 6063.484039306641, 9114.379952192307, 12116.790924072266, 15183.302437543869, 18223.457941055298, 21274.189410448074, 24295.686697006226, 27323.268098831177, 30340.15327167511, 33394.872339487076, 36426.57765626907, 39717.06731557846, 43476.22087049484, 46960.663140296936, 50210.49925780296, 53518.611166000366, 56543.34611201286, 59591.78393864632, 62625.86965966225, 65631.51811170578, 69070.4761955738, 72088.7090446949, 75109.64058041573, 78363.82010936737, 81409.49451136589, 84476.31147670746, 87521.33862161636, 90559.43631005287, 93653.51450371742, 96792.62185192108, 99777.04559063911, 102804.00878477097, 106534.85662794113, 109552.8715043068, 112611.4758837223], "timesteps_eval": [958528, 1860959, 2831510, 3715801, 4663264, 5610766, 6522796, 7428232, 8399242, 9285495, 10194614, 11165367, 12003880, 12795831, 13578430, 14406741, 15231819, 16199133, 17147407, 18115481, 19085846, 19929644, 20895519, 21784858, 22657872, 23567648, 24534319, 25447708, 26418265, 27290109, 28179613, 29089521, 30002246, 30808661, 31727034, 32630569]}