{"incumbents": [732.0, 732.0, 732.0, 732.0, 1712.0, 732.0, 666.8, 576.8, 1715.6, 1571.2, 1170.0, 784.4, 972.0, 762.8, 732.0, 653.6, 732.0, 667.6, 1220.0, 1603.6, 1964.0, 2078.8, 532.4, 1315.2, 904.8, 712.0, 706.8, 1600.4, 1660.4, 1444.0, 732.0, 684.0, 1600.0, 1318.4, 542.4, 806.0, 689.2, 732.0, 667.6, 785.6, 732.0, 1120.4, 732.0, 622.0, 832.8, 732.0, 664.4, 732.0, 732.0, 732.0, 944.8, 732.0, 732.0, 598.8, 652.0, 732.0, 732.0, 489.2, 596.4, 1175.6, 732.0, 732.0, 732.0, 745.6, 732.0, 791.8, 732.0, 1165.6, 669.6, 732.0, 732.0, 732.0, 1120.8, 732.0, 732.0, 660.0, 525.2, 732.0, 732.0, 667.6, 534.4, 751.2, 808.8, 1089.2, 400.4, 732.0, 732.0, 732.0, 732.0, 732.0, 605.2, 732.0, 622.0, 732.0, 732.0, 510.4, 1057.6, 721.6, 732.0, 785.6, 732.0, 732.0, 732.0, 669.6, 732.0, 582.8, 690.0, 626.0], "wallclock_time_eval": [7294.711780786514, 14523.309826850891, 21751.907872915268, 29034.36963534355, 36419.222596645355, 43760.09058070183, 51172.480820417404, 57843.70698428154, 65541.57840323448, 74023.75768613815, 81245.78541612625, 88292.08331084251, 95353.41673374176, 102851.95728874207, 110122.45088100433, 116695.94556570053, 124007.37324309349, 131927.3875193596, 138957.3129849434, 146338.92796564102, 154002.4122517109, 162664.58419036865, 169870.28373289108, 177344.7270746231, 184515.74349331856, 191152.0457623005, 198915.33136105537, 207455.90420675278, 214831.78950428963, 222270.67967414856, 229703.57748389244, 236601.5958147049, 244304.10531783104, 251374.83284044266, 258096.19227266312, 264762.04031920433, 271902.8431441784, 279128.81838727, 287211.2512252331, 294316.3054935932, 301622.1849861145, 308756.4788002968, 316002.76464509964, 322713.895175457, 329497.5278201103, 336812.7547171116, 343403.834138155, 350778.00469326973, 358078.303661108, 365376.25054216385, 372625.25501203537, 379907.29950761795, 387275.43543052673, 394124.9660768509, 401474.3230853081, 408824.07953834534, 416140.1840701103, 422752.9105665684, 429377.24531030655, 436244.9113895893, 443558.19257998466, 451255.88140010834, 458530.311661005, 465380.64559054375, 472626.7789745331, 480073.928355217, 487399.5224826336, 494119.01677012444, 501818.2213845253, 509108.89868855476, 516534.7258296013, 523843.3705840111, 530612.4359736443, 538060.5003874302, 545464.1107909679, 553506.3231680393, 560348.0322759151, 567664.8911836147, 575006.2317721844, 583048.8059206009, 590146.5078058243, 598231.5706861019, 605291.203268528, 613222.2081799507, 620697.7998125553, 628103.9703195095, 635361.6334989071, 642664.1197516918, 650003.4042150974, 657374.5146164894, 664545.6541743279, 671817.8373684883, 678598.6009922028, 685921.0647592545, 693185.4614789486, 700053.8005878925, 708061.6360862255, 716045.9004070759, 723312.1078481674, 730573.8116419315, 737919.4197244644, 745326.0239253044, 752651.3946626186, 760184.1451945305, 767574.9722282887, 774936.9952890873, 781836.815984726, 788910.5774774551], "timesteps_eval": [1561019, 3087167, 4613315, 6175762, 7693221, 9207165, 10773276, 12340169, 13837109, 15279126, 16811290, 18353143, 19904098, 21402230, 22930163, 24488277, 26016828, 27566167, 29103264, 30620587, 32112609, 33549487, 35087454, 36634786, 38198022, 39760298, 41317736, 42762034, 44272378, 45810162, 47332798, 48884318, 50373553, 51920814, 53481959, 55046858, 56606063, 58076278, 59509723, 61070936, 62592716, 64146322, 65657346, 67213082, 68781161, 70304907, 71872195, 73332331, 74891766, 76430047, 77985546, 79481156, 81038806, 82600365, 84130866, 85571232, 87129383, 88691624, 90254627, 91804959, 93368152, 94917231, 96389161, 97948169, 99447937, 100954663, 102506616, 104057169, 105615597, 107176052, 108735206, 110295319, 111845641, 113405059, 114969783, 116442556, 118001510, 119511232, 121068070, 122551901, 124088168, 125592541, 127143235, 128700658, 130204400, 131721538, 133233883, 134788001, 136353381, 137921104, 139447614, 140905173, 142462073, 144025698, 145525746, 147082630, 148631191, 150169481, 151695862, 153192331, 154755833, 156320722, 157816495, 159328496, 160892452, 162438005, 163983343, 165513222]}