{"incumbents": [2577.0, 86.0, 2208.0, 220.0, 2735.0, 2218.0, 184.0, 915.0, 1790.0, 2561.0, 615.0, 2261.0, 3090.0, 2267.0, 2211.0, 1824.0, 2161.0, 1772.0, 2352.0, 2840.0, 1427.0, 1168.0, 2540.0, 2372.0, 1845.0, 3064.0, 2272.0, 1681.0, 3388.0, 122.0, 1087.0, 668.0, 2690.0, 2429.0, 2489.0, 2104.0, 1326.0, 1872.0, 886.0, 1493.0, 1759.0, 1193.0, 122.0, 1274.0, 414.0, 96.0, 953.0, 134.0, 68.0, 1005.0, 808.0, 96.0, 144.0, 294.0, 1516.0, 679.0, 88.0, 122.0, 88.0, 549.0, 72.0, 755.0, 96.0, 86.0, 96.0, 102.0, 136.0, 86.0, 78.0, 604.0, 122.0, 122.0, 80.0, 96.0, 154.0, 593.0, 78.0, 96.0, 118.0, 78.0, 451.0, 122.0, 96.0, 469.0, 1050.0, 434.0, 122.0, 96.0, 254.0, 118.0, 88.0, 238.0, 96.0, 122.0, 84.0, 96.0, 96.0, 364.0, 238.0, 96.0, 122.0, 96.0, 96.0, 188.0], "wallclock_time_eval": [5308.076520204544, 13061.165935754776, 18407.542873620987, 25718.015971422195, 31250.04760336876, 36556.8764398098, 41502.86664915085, 47129.95578408241, 52910.55528450012, 58258.58925652504, 63638.31878232956, 68936.71918725967, 74449.99880170822, 79714.48687410355, 85412.10042524338, 90588.98651504517, 95702.5622112751, 100811.36133503914, 106104.89862775803, 111369.02590680122, 116495.50896430016, 121674.20192050934, 126973.66567993164, 132165.597550869, 137366.950091362, 143129.17611265182, 148405.7818865776, 154702.49290537834, 160469.94745445251, 165796.00753998756, 170850.819108963, 176011.40165662766, 181596.13039970398, 187321.98898267746, 192739.2968235016, 198365.94148254395, 204100.74640989304, 209218.84362483025, 214675.0869498253, 219832.87007451057, 225216.8432879448, 230358.32679748535, 235639.36173081398, 240849.80425691605, 246198.0992231369, 251003.60539865494, 256705.76246905327, 261648.92080402374, 266607.2434477806, 272324.6863870621, 279858.0288169384, 284714.78795552254, 289753.52556586266, 296879.13647437096, 302154.72088623047, 307348.8128056526, 312340.7763464451, 317263.0551126003, 322221.79639196396, 327500.66714191437, 332505.56872344017, 337754.5365216732, 342569.83141708374, 350332.40478658676, 355102.2547020912, 360046.38813757896, 365072.3897345066, 372827.7498738766, 378368.62389588356, 383896.7475004196, 388785.2085199356, 394128.3217475414, 399069.1523473263, 403955.6124293804, 408946.3885345459, 414460.11539793015, 420463.14722085, 425300.366550684, 431073.62951135635, 436611.45213007927, 442561.12650704384, 447384.2576582432, 452258.54395604134, 457722.7849652767, 463595.2688755989, 469555.41791272163, 474521.9735980034, 479399.40479135513, 484346.42493247986, 489531.12853217125, 494416.6649208069, 499369.6447017193, 504308.7818932533, 509375.6439464092, 514321.52043390274, 519165.19564819336, 524021.48117113113, 529006.6910395622, 533961.770720005, 538798.2322063446, 543766.823874712, 548528.8892920017, 553329.915995121, 558304.1692721844], "timesteps_eval": [1594333, 3072781, 4670887, 6053967, 7620426, 9217295, 10817753, 12358108, 13944637, 15539655, 17138586, 18736380, 20321938, 21922576, 23468926, 25072139, 26672806, 28284340, 29881616, 31489126, 33099532, 34708555, 36310001, 37920420, 39529667, 41113906, 42717565, 44219833, 45778647, 47211375, 48822222, 50380026, 51960045, 53525005, 55114773, 56687754, 58134950, 59739720, 61330154, 62933266, 64532323, 66144075, 67589018, 69189906, 70770587, 72213487, 73820392, 75419348, 77011993, 78616453, 79850602, 81321592, 82920060, 84210224, 85808611, 87416140, 88992629, 90543640, 91922607, 93526044, 95124887, 96728739, 98116845, 99595293, 100963192, 102559801, 104157710, 105636158, 107227756, 108778664, 110267290, 111633178, 113234869, 114616087, 116215944, 117763195, 119225137, 120707317, 122232849, 123815728, 125351176, 126614958, 128103458, 129651089, 131189224, 132766665, 134335357, 135896230, 137495029, 138652357, 140230404, 141829055, 143283173, 144667781, 146266698, 147726130, 149273782, 150867889, 152461457, 153944307, 155473882, 156684720, 158137382, 159732279]}