{"incumbents": [-81.1, -79.8, -79.8, -79.8, -79.8, -79.8, -79.8, -79.8, -79.8, -74.8, -74.8, -74.8, -74.8, -74.8, -74.8, -74.8, -74.8, -74.8, -74.8, -74.8, -74.8, -74.8, -74.8, -74.8, -74.8, -74.8, -74.8, -74.8, -74.8, -74.8, -74.8, -74.8, -73.1, -73.1, -73.1, -73.1, -73.1, -73.1, -73.1, -73.1, -73.1, -73.1, -73.1, -73.1, -73.1, -73.1, -73.1, -73.1, -73.1, -73.1, -73.1, -73.1, -73.1, -73.1, -73.1, -73.1, -73.1, -73.1, -73.1, -73.1, -73.1, -73.1, -73.1, -73.1, -73.1, -73.1, -73.1, -73.1, -73.1, -73.1, -73.1, -73.1, -73.1, -73.1, -73.1, -73.1, -73.1, -73.1, -73.1, -73.1, -73.1, -73.1, -73.1, -73.1, -73.1, -73.1, -73.1, -73.1, -73.1, -73.1, -73.1, -73.1, -73.1, -73.1, -73.1, -73.1, -73.1, -73.1, -73.1, -73.1], "wallclock_time_eval": [1902.0793633460999, 3770.701809167862, 5959.44243144989, 7799.768400192261, 9819.047017335892, 11985.8100938797, 13971.575493097305, 15995.057837247849, 18042.151557207108, 19809.454796791077, 21858.67133975029, 23894.286873102188, 25930.639900684357, 27956.84903907776, 30002.62146139145, 32096.794158935547, 34084.65293312073, 35900.05905842781, 37784.21641373634, 39576.20783019066, 41335.67253136635, 43139.71477723122, 44939.796394348145, 47125.59179210663, 49088.11075043678, 50942.96408677101, 53012.436079502106, 55071.80893087387, 56876.14834070206, 58688.082484960556, 60500.184926986694, 62295.711772441864, 64114.23194336891, 65931.8246588707, 67750.97410130501, 69567.74492835999], "timesteps_eval": [994764, 1991059, 2991059, 3986381, 4982446, 5982446, 6971247, 7971247, 8971247, 9966572, 10966572, 11966572, 12966572, 13966572, 14966572, 15966572, 16951280, 17946821, 18927793, 19922407, 20911015, 21906052, 22892533, 23891328, 24891328, 25885660, 26885660, 27879293, 28873058, 29865614, 30851558, 31839454, 32824681, 33810102, 34798752, 35785135]}