{"incumbents": [592.0, 842.0, 842.0, 664.0, 592.0, 842.0, 2211.0, 2513.0, 2718.0, 3303.0, 2827.0, 664.0, 2994.0, 2376.0, 2957.0, 2489.0, 2746.0, 2411.0, 664.0, 592.0, 592.0, 592.0, 2035.0, 1531.0, 592.0, 664.0, 664.0, 664.0, 664.0, 1689.0, 592.0, 592.0, 664.0, 592.0, 664.0, 592.0, 592.0, 592.0, 592.0, 592.0, 592.0, 592.0, 592.0, 592.0, 592.0, 592.0, 592.0, 592.0, 592.0, 592.0, 592.0, 592.0, 592.0, 592.0, 592.0, 592.0, 592.0, 592.0, 592.0, 592.0, 592.0, 592.0, 592.0, 592.0, 592.0, 592.0, 592.0, 592.0, 592.0, 592.0, 592.0, 592.0, 592.0, 592.0, 592.0, 592.0, 592.0, 592.0, 592.0, 592.0, 592.0, 592.0, 592.0, 592.0, 592.0, 592.0, 592.0, 592.0, 592.0, 592.0, 592.0, 592.0, 592.0, 592.0, 592.0, 592.0, 592.0, 592.0, 592.0, 592.0], "wallclock_time_eval": [3463.9341464042664, 6895.67737197876, 10329.811800003052, 13862.686300516129, 17159.64749765396, 20539.174251794815, 24077.56694841385, 27588.347715854645, 31184.340050935745, 34837.4028236866, 38393.63907241821, 41869.37916588783, 45518.44889616966, 49002.10728406906, 52501.53468251228, 55972.85374236107, 59457.47660470009, 62905.116792201996, 66411.82816648483, 69692.92988085747, 73208.11870861053, 76687.43733286858, 80238.70683598518, 83650.6088089943, 87119.7800219059, 90563.14041638374, 93847.6997923851, 97109.29719042778, 100563.3849439621, 103962.75123238564, 107380.07983756065, 110825.63326215744, 114083.96849441528, 117356.76174879074, 120874.98747730255, 124316.30382299423], "timesteps_eval": [994253, 1978393, 2962429, 3954816, 4939726, 5922499, 6899682, 7880354, 8852667, 9822444, 10796145, 11791405, 12757330, 13739814, 14720081, 15702748, 16683357, 17667104, 18661966, 19647660, 20641833, 21636053, 22617435, 23607199, 24601387, 25594602, 26581377, 27565153, 28560371, 29548381, 30540856, 31535085, 32519241, 33503967, 34497820, 35493647]}