{"incumbents": [404.0, 468.0, 2226.0, 2226.0, 3284.0, 3284.0, 3284.0, 3284.0, 3284.0, 3284.0, 3284.0, 3284.0, 3284.0, 3284.0, 3284.0, 3284.0, 3284.0, 3284.0, 3284.0, 3284.0, 3284.0, 3284.0, 3284.0, 3284.0, 3284.0, 3284.0, 3284.0, 3284.0, 3284.0, 3284.0, 3284.0, 3284.0, 3284.0, 3284.0, 3284.0, 3284.0, 3284.0, 3284.0, 3284.0, 3284.0, 3284.0, 3284.0, 3284.0, 3284.0, 3284.0, 3284.0, 3284.0, 3284.0, 3284.0, 3284.0, 3284.0, 3284.0, 3284.0, 3284.0, 3284.0, 3284.0, 3284.0, 3284.0, 3284.0, 3284.0, 3284.0, 3284.0, 3284.0, 3284.0, 3284.0, 3284.0, 3284.0, 3284.0, 3284.0, 3284.0, 3284.0, 3284.0, 3284.0, 3284.0, 3284.0, 3284.0, 3284.0, 3284.0, 3284.0, 3284.0, 3284.0, 3284.0, 3284.0, 3284.0, 3284.0, 3284.0, 3284.0, 3284.0, 3284.0, 3284.0, 3284.0, 3284.0, 3284.0, 3284.0, 3284.0, 3284.0, 3284.0, 3284.0, 3284.0, 3284.0], "wallclock_time_eval": [2673.1927342414856, 6419.213611841202, 9306.620589971542, 15564.465350151062, 18703.835976839066, 22205.94625878334, 25355.895555973053, 28094.968197345734, 31790.988441944122, 34479.68806266785, 37514.50586891174, 40227.904453754425, 43328.04634666443, 47085.67032766342, 55106.91468477249, 57807.346388578415, 61374.39817857742, 64908.74783873558, 67531.88330411911, 70421.66488003731, 73246.68933844566, 75908.91618800163, 79186.05740475655, 83044.74285435677, 85396.81421661377, 88011.53327322006, 90504.26845908165, 93943.44684815407, 96580.83967113495, 99894.44722676277, 102497.47262501717, 104994.29782652855, 107661.34671068192, 110354.42545461655, 113001.64439058304, 115560.24705767632], "timesteps_eval": [965349, 1943856, 2909362, NaN, NaN, NaN, NaN, NaN, NaN, NaN, NaN, NaN, NaN, NaN, NaN, NaN, NaN, NaN, NaN, NaN, NaN, NaN, NaN, NaN, NaN, NaN, NaN, NaN, NaN, NaN, NaN, NaN, NaN, NaN, NaN, NaN]}