{"incumbents": [0.0, 434.0, 434.0, 800.0, 800.0, 1431.0, 1431.0, 1431.0, 1431.0, 1431.0, 1431.0, 1431.0, 1431.0, 1431.0, 1431.0, 1431.0, 1431.0, 1431.0, 1431.0, 1431.0, 1431.0, 1431.0, 1431.0, 1431.0, 1431.0, 1431.0, 1431.0, 1444.0, 1444.0, 1444.0, 1444.0, 1444.0, 1444.0, 1444.0, 1444.0, 1444.0, 1444.0, 1444.0, 1444.0, 1444.0, 1444.0, 1444.0, 1444.0, 1444.0, 1444.0, 1444.0, 1444.0, 1444.0, 1444.0, 1444.0, 1444.0, 1444.0, 1444.0, 1444.0, 1444.0, 1444.0, 1444.0, 1444.0, 1444.0, 1444.0, 1444.0, 1444.0, 1444.0, 1444.0, 1444.0, 1444.0, 1444.0, 1444.0, 1444.0, 1444.0, 1444.0, 1444.0, 1444.0, 1444.0, 1444.0, 1444.0, 1444.0, 1444.0, 1444.0, 1444.0, 1444.0, 1444.0, 1444.0, 1444.0, 1444.0, 1444.0, 1444.0, 1444.0, 1444.0, 1444.0, 1444.0, 1444.0, 1444.0, 1444.0, 1444.0, 1444.0, 1444.0, 1444.0, 1444.0, 1444.0, 1444.0, 1444.0, 1444.0, 1444.0], "wallclock_time_eval": [6745.245429515839, 13607.988441705704, 20596.368910074234, 27384.685946941376, 34261.93183684349, 41156.14698553085, 48040.812484025955, 54849.64844608307, 61834.207929849625, 68797.51870465279, 75785.4878540039, 82712.3881084919, 89539.27192616463, 96359.89146137238, 103325.12250113487, 110236.97569274902, 117062.30070495605, 123901.43164372444, 130663.88970470428, 137529.23091554642, 144374.724462986, 151772.90089988708, 158685.51756119728, 165547.36973118782, 172461.81706690788, 179301.23484516144, 186172.7576124668, 193096.95703029633, 199982.25227117538, 206806.55597615242, 213735.13920903206, 220594.9847624302, 227417.3986568451, 234296.85743141174, 241169.52995300293, 248016.68470287323, 254892.47836256027, 261769.61188173294, 268595.26541376114, 275569.39601683617, 282382.12371850014, 289169.79474020004, 296009.69411349297, 302799.0094883442, 309665.92419075966, 316539.8745908737, 323407.81184625626, 330311.09609270096, 337308.56764030457, 344032.5103302002, 351026.93940353394, 357903.3394076824, 364770.15287947655, 371588.23284316063, 378432.3200850487, 385255.4567861557, 392161.5745623112, 399011.12031936646, 405876.1184358597, 412844.9833173752, 419573.71909189224, 426445.93693065643, 433274.8929965496, 440259.5731525421, 447080.0553739071, 453975.77406811714, 460871.1325125694, 467612.5260336399, 474360.9889137745, 481126.4465548992, 488140.78696608543, 494961.92484879494, 501925.5495145321, 508809.66222047806, 515701.49884462357, 522418.8728234768, 529141.9015855789, 535875.381218195, 542621.7805376053, 549410.4176704884, 556395.8494803905, 563393.412238121, 570309.8374643326, 577236.2127766609, 584121.876278162, 591106.4614677429, 597942.2854812145, 604725.4413278103, 611571.9295887947, 618548.6668460369, 625493.3040614128, 632429.027520895, 639250.3777742386, 646083.6597325802, 652804.9441468716, 659568.1529762745, 666323.0834605694, 673045.8766877651, 679984.473692894, 686871.734161377, 693823.7870223522, 700748.3994157314, 707675.6389493942, 714396.5108795166], "timesteps_eval": [1608328, 3221353, 4832399, 6439011, 8050406, 9649579, 11246106, 12854659, 14457748, 16056838, 17655229, 19253667, 20860043, 22467211, 24068638, 25666090, 27271102, 28876651, 30486142, 32093664, 33706882, 35314063, 36913679, 38520065, 40130962, 41737846, 43345473, 44944298, 46553977, 48162087, 49767902, 51375802, 52981937, 54588048, 56201926, 57815139, 59413814, 61014884, 62627586, 64231305, 65844920, 67451900, 69064547, 70678674, 72287708, 73901824, 75513696, 77119015, 78719985, 80329382, 81934537, 83544244, 85157046, 86764809, 88377668, 89986366, 91596114, 93203188, 94812298, 96413401, 98022963, 99629399, 101239426, 102843489, 104455429, 106063501, 107672081, 109282868, 110892228, 112501625, 114105138, 115715050, 117323186, 118930223, 120536355, 122147478, 123758930, 125366513, 126976992, 128584389, 130192882, 131797424, 133404943, 135011913, 136618450, 138224007, 139833574, 141440412, 143051399, 144651765, 146257040, 147866284, 149472322, 151081554, 152691340, 154301188, 155912246, 157522588, 159129930, 160735772, 162344814, 163948578, 165559764, 167166006]}