{"incumbents": [-1302.885789, -1055.4924893000002, -1031.2629540000003, -533.1319992, -533.1319992, -533.1319992, -533.1319992, -533.1319992, -533.1319992, -533.1319992, -533.1319992, -533.1319992, -533.1319992, -533.1319992, -533.1319992, -533.1319992, -533.1319992, -533.1319992, -533.1319992, -533.1319992, -533.1319992, -533.1319992, -533.1319992, -533.1319992, -533.1319992, -533.1319992, -533.1319992, -533.1319992, -533.1319992, -533.1319992, -533.1319992, -533.1319992, -533.1319992, -533.1319992, -533.1319992, -533.1319992, -533.1319992, -533.1319992, -322.1092156, -178.45438539999998, -178.45438539999998, -139.69875480000002, -139.69875480000002, -139.69875480000002, -139.69875480000002, -139.69875480000002, -139.69875480000002, -139.69875480000002, -139.69875480000002, -139.69875480000002, -139.69875480000002, -139.69875480000002, -139.69875480000002, -139.69875480000002, -139.69875480000002, -139.69875480000002, -139.69875480000002, -139.69875480000002, -139.69875480000002, -139.69875480000002, -139.69875480000002, -139.69875480000002, -139.69875480000002, -139.69875480000002, -139.69875480000002, -139.69875480000002, -139.69875480000002, -139.69875480000002, -139.69875480000002, -139.69875480000002, -139.69875480000002, -139.69875480000002, -139.69875480000002, -139.69875480000002, -139.69875480000002, -139.69875480000002, -139.69875480000002, -139.69875480000002, -139.69875480000002, -139.69875480000002, -139.69875480000002, -139.69875480000002, -139.69875480000002, -139.69875480000002, -139.69875480000002, -139.69875480000002, -139.69875480000002, -139.69875480000002, -139.69875480000002, -139.69875480000002, -139.69875480000002, -139.69875480000002, -130.4308487, -130.4308487, -130.4308487, -130.4308487, -130.4308487, -130.4308487, -130.4308487, -130.4308487, -130.4308487, -130.4308487, -130.4308487, -130.4308487], "wallclock_time_eval": [1776.064753293991, 3553.7367503643036, 5347.345080375671, 7087.895969629288, 8868.505543470383, 10631.41616654396, 12426.244618415833, 14211.514101266861, 15976.093411684036, 17747.133165836334, 19526.644777059555, 21266.048630952835, 23038.502750635147, 24803.08305168152, 26565.248153448105, 28348.83225798607, 30149.74274945259, 31913.1257083416, 33683.90459942818, 35446.14712405205, 37220.76771688461, 39000.23851895332, 40797.463713645935, 42563.88617181778, 44338.53913474083, 46117.96624779701, 47917.04941153526, 49684.1715900898, 51462.55514550209, 53235.95119190216, 54997.838557481766, 56760.117678165436, 58535.82974123955, 60307.557111263275, 62078.348118543625, 63831.5903365612, 65614.48930358887, 67415.44707465172, 69206.09284615517, 71010.05369877815, 72786.65109324455, 74566.73622441292, 76348.9373395443, 78128.32237243652, 79897.60274410248, 81703.97412252426, 83438.50055837631, 85223.13287377357, 86973.43709611893, 88761.06807875633, 90558.7182958126, 92344.7800219059, 94154.44553303719, 95945.53104281425, 97728.86647462845, 99477.27811956406, 101258.60184144974, 103023.3579852581, 104792.09134221077, 106529.88347768784, 108305.75560307503, 110096.06773543358, 111866.35505342484, 113647.22050952911, 115432.7024629116, 117183.71239757538, 118965.04041647911, 120722.030408144, 122509.43902039528, 124283.89182305336, 126058.577906847, 127794.5045645237, 129574.95079088211, 131367.58429026604, 133147.0770087242, 134908.50247049332, 136700.31154847145, 138485.17637348175, 140264.40929818153, 142042.8783249855, 143844.02142810822, 145648.683478117, 147421.76909923553, 149215.56039214134, 151007.0035378933, 152769.96409273148, 154555.59475326538, 156278.904630661, 158053.70230793953, 159839.32398414612, 161640.27597928047, 163415.95925474167, 165180.30449223518, 166950.47571253777, 168749.52323627472, 170525.05223703384, 172321.35939073563, 174106.89300847054, 175910.50415110588, 177691.70886850357, 179478.0534362793, 181281.70724606514, 183064.26157093048, 184833.23999238014], "timesteps_eval": [1020000, 2040000, 3060000, 4060000, 5080000, 6100000, 7120000, 8140000, 9160000, 10180000, 11200000, 12220000, 13240000, 14260000, 15280000, 16300000, 17320000, 18340000, 19360000, 20380000, 21400000, 22420000, 23440000, 24460000, 25480000, 26500000, 27520000, 28540000, 29560000, 30580000, 31600000, 32620000, 33640000, 34660000, 35680000, 36700000, 37720000, 38740000, 39760000, 40780000, 41800000, 42820000, 43840000, 44860000, 45880000, 46900000, 47900000, 48920000, 49920000, 50940000, 51960000, 52980000, 54000000, 55020000, 56040000, 57060000, 58080000, 59100000, 60120000, 61140000, 62160000, 63180000, 64200000, 65200000, 66220000, 67240000, 68260000, 69280000, 70300000, 71300000, 72300000, 73320000, 74340000, 75360000, 76380000, 77400000, 78420000, 79440000, 80460000, 81480000, 82500000, 83520000, 84540000, 85560000, 86580000, 87600000, 88620000, 89640000, 90660000, 91680000, 92700000, 93720000, 94740000, 95760000, 96780000, 97800000, 98800000, 99820000, 100840000, 101860000, 102880000, 103900000, 104920000, 105940000]}