{"incumbents": [648.0, 648.0, 648.0, 648.0, 300.0, 648.0, 648.0, 576.0, 1632.0, 2237.0, 2732.0, 648.0, 3458.0, 2383.0, 3367.0, 3312.0, 2647.0, 2413.0, 648.0, 576.0, 2759.0, 2457.0, 848.0, 576.0, 2359.0, 312.0, 2261.0, 1535.0, 576.0, 576.0, 576.0, 1407.0, 576.0, 848.0, 648.0, 576.0, 576.0, 576.0, 576.0, 576.0, 576.0, 576.0, 576.0, 576.0, 576.0, 576.0, 576.0, 576.0, 576.0, 576.0, 576.0, 576.0, 576.0, 576.0, 576.0, 576.0, 576.0, 576.0, 576.0, 576.0, 576.0, 576.0, 576.0, 576.0, 576.0, 576.0, 576.0, 576.0, 576.0, 576.0, 576.0, 576.0, 576.0, 576.0, 576.0, 576.0, 576.0, 576.0, 576.0, 576.0, 576.0, 576.0, 576.0, 576.0, 576.0, 576.0, 576.0, 576.0, 576.0, 576.0, 576.0, 576.0, 576.0, 576.0, 576.0, 576.0, 576.0, 576.0, 576.0, 576.0], "wallclock_time_eval": [3304.7934334278107, 6604.180520534515, 9927.438736915588, 13373.414031982422, 16856.20923757553, 20118.14023089409, 23360.767922639847, 26631.545090675354, 30050.61646270752, 33526.958594083786, 37001.56168484688, 40455.05419898033, 43981.34041571617, 47452.80650019646, 51015.618624448776, 54693.648402929306, 58419.58043336868, 61977.09378004074, 65449.14495897293, 68887.28057003021, 72378.89981222153, 75841.42005300522, 79224.99309277534, 82685.37761902809, 86174.63478827477, 89554.54980659485, 93048.73737239838, 96407.2752790451, 99866.3250272274, 103323.48625779152, 106798.9515748024, 110194.94968771935, 113653.49488186836, 117106.50768065453, 120567.91458702087, 124020.02300429344], "timesteps_eval": [985019, 1971140, 2956718, 3949193, 4943989, 5929184, 6913042, 7897787, 8887849, 9870837, 10851662, 11846900, 12825465, 13806905, 14785271, 15748128, 16715294, 17696347, 18691951, 19686533, 20666484, 21651042, 22634817, 23629887, 24610675, 25599560, 26579538, 27568254, 28563312, 29557451, 30551932, 31536510, 32531506, 33515692, 34511202, 35506075]}