{"incumbents": [30.5, 30.5, 30.5, 30.5, 30.5, 30.5, 30.5, 30.5, 30.5, 30.5, 30.5, 30.5, 30.5, 30.5, 30.5, 175.0, 434.4, 120.8, 435.7, 92.0, 154.4, 411.5, 114.6, 174.4, 341.2, 269.1, 6.2, 135.4, 434.1, 85.5, 70.3, 359.3, 187.7, 83.6, 26.6, 375.9, 392.8, 182.4, 109.1, 30.5, 1.9, 396.4, 121.9, 130.7, 72.7, 105.3, 30.5, 30.5, 74.6, 30.5, 198.7, 30.5, 30.5, 30.5, 0.0, 222.7, 83.2, 0.0, 30.5, 30.5, 30.5, 30.5, 34.5, 30.5, 0.0, 30.5, 53.3, 2.4, 30.5, 30.5, 30.5, 30.5, 30.5, 30.5, 30.5, 30.5, 65.9, 30.5, 30.5, 30.5, 86.1, 30.5, 30.5, 252.5, 74.8, 7.3, 30.5, 7.8, 30.5, 30.5, 1.2, 90.3, 30.5, 30.5, 30.5, 67.8, 30.5, 30.5, 82.9, 0.0, 30.5, 30.5, 30.5, 30.5], "wallclock_time_eval": [8571.615319490433, 17115.48864722252, 25659.289400577545, 34203.09015393257, 42828.69897580147, 51396.18032217026, 59977.626878499985, 68580.06892824173, 77215.24270129204, 85847.0311267376, 94371.84634065628, 102970.21667194366, 111570.33194804192, 120106.66673469543, 128677.13057589531, 137320.1768848896, 148183.44474339485, 156799.2070453167, 167627.10766506195, 176221.16460728645, 184803.3655488491, 195169.34628415108, 203770.34491109848, 212427.60301327705, 222627.5510675907, 232172.24601387978, 240749.0172035694, 249367.16765093803, 260025.770485878, 268608.814245224, 277236.15477609634, 287806.93501544, 296902.10108470917, 305505.78713202477, 314104.0504100323, 325040.9212207794, 335600.0810651779, 344951.90542674065, 353557.1587460041, 362120.83997893333, 370721.73857164383, 381407.08895254135, 390032.60013246536, 399155.445977211, 407755.12942528725, 416330.1500375271, 424932.22768712044, 433522.5041677952, 442165.08971452713, 450727.1463215351, 459705.4313929081, 468363.6375968456, 476950.0073621273, 485529.76155638695, 494110.15854144096, 502827.29846405983, 511472.78113412857, 520064.33366179466, 528653.3551151752, 537255.9304392338, 545796.3880941868, 554374.5052750111, 563004.2518980503, 571610.5237748623, 580196.999884367, 588738.8949153423, 597316.4471743107, 605879.4416048527, 614421.4295454025, 622989.0911798477, 631550.5640599728, 640157.512887001, 648841.8544814587, 657424.1059567928, 666000.182135582, 674567.5428774357, 683164.6159334183, 691719.492005825, 700280.980335474, 708861.5548369884, 717470.6433019638, 726029.7747991085, 734555.7294201851, 744218.2670693398, 752901.464070797, 761461.320543766, 770028.467846632, 778620.3858294487, 787745.4807159901, 796343.9912757874, 804954.6614012718, 813579.5905909538, 822156.6236224174, 830736.806047678, 839336.1411879063, 847949.6012570858, 856505.9320926666, 865104.7177796364, 873665.084237814, 882216.6693706512, 890760.5030128956, 899317.0327692032, 907906.4636471272, 916474.6087305546], "timesteps_eval": [883073, 1766146, 2649219, 3532292, 4415365, 5298438, 6181511, 7064584, 7947657, 8830730, 9713803, 10596876, 11479949, 12363022, 13246095, 14129168, 14130272, 15013345, 15901945, 16785018, 17668532, 18671755, 19554828, 20439220, 21369009, 22266598, 23149671, 24032744, 25008195, 25891268, 26774341, 27717866, 28605622, 29488695, 30371768, 31307047, 32272861, 33168263, 34051336, 34934409, 35817482, 36772551, 37655624, 38539134, 39422207, 40305280, 41188353, 42071426, 42954499, 43837572, 44723719, 45606792, 46489865, 47372938, 48256011, 49139084, 50022157, 50905230, 51788303, 52671376, 53554449, 54437522, 55320595, 56203668, 57086741, 57969814, 58852887, 59735960, 60619033, 61502106, 62385179, 63268252, 64151325, 65034398, 65917471, 66800544, 67683617, 68566690, 69449763, 70332836, 71215909, 72098982, 72982055, 73885227, 74768300, 75651373, 76534446, 77417519, 78300592, 79183665, 80066738, 80949811, 81832884, 82715957, 83599030, 84482103, 85365176, 86248249, 87131322, 88014395, 88897468, 89780541, 90663614, 91546687]}