{"incumbents": [-84.4, -500.0, -79.6, -78.2, -500.0, -84.8, -500.0, -500.0, -500.0, -500.0, -500.0, -500.0, -500.0, -500.0, -500.0, -500.0, -500.0, -98.4, -500.0, -500.0, -500.0, -500.0, -500.0, -500.0, -500.0, -500.0, -500.0, -500.0, -78.1, -69.6, -500.0, -500.0, -500.0, -500.0, -500.0, -500.0, -366.4, -500.0, -73.6, -146.7, -62.2, -82.6, -83.2, -64.8, -63.0, -107.1, -500.0, -500.0, -500.0, -500.0, -229.6, -118.2, -500.0, -500.0, -500.0, -108.9, -64.8, -96.8, -66.8, -76.6, -80.6, -97.4, -79.5, -77.9, -81.4, -76.1, -212.3, -85.0, -79.6, -84.9, -86.4, -63.2, -81.7, -250.9, -130.9, -80.2, -80.2, -78.7, -75.9, -79.2, -108.0, -222.3, -83.4, -86.0, -70.7, -89.2, -80.4, -96.0, -88.9, -77.8, -88.6, -80.2, -87.9, -82.5, -85.8, -79.3, -100.6, -70.6, -74.0, -80.6, -84.0, -79.8, -75.4, -70.0, -81.5, -69.2, -74.4, -70.9], "wallclock_time_eval": [1888.3707385063171, 3854.6067802906036, 5641.833130121231, 7492.06406378746, 9433.122973442078, 11270.366945266724, 13252.26665854454, 15261.244938373566, 17315.29191851616, 19296.25558233261, 21357.196177244186, 23424.63431739807, 25493.712653398514, 27570.331996917725, 29610.93192577362, 31642.660873889923, 33743.485976696014, 35569.361496686935, 37657.64480662346, 39598.853115558624, 41679.574851989746, 43696.44567871094, 45783.20046758652, 47843.10628199577, 49876.97605705261, 51941.60503578186, 53976.64198923111, 56040.0729367733, 57828.900587797165, 59629.29739904404, 61704.5796020031, 63776.000650405884, 65872.07846665382, 67890.18802714348, 69931.34176826477, 71972.09326434135, 73989.20559883118, 76010.25702095032, 77818.44588947296, 79656.18589687347, 81474.73403954506, 83289.30841779709, 85110.35778307915, 86929.90856647491, 88763.1431851387, 90593.49809646606, 92612.82920885086, 94683.76813864708, 96715.82622551918, 98792.82396793365, 100701.95853424072, 102614.69580936432, 104650.43633580208, 106667.74909925461, 108607.3415210247, 110400.98552179337, 112195.62461018562, 114071.07467365265, 115878.2674293518, 117792.06643843651, 119638.59382224083, 121556.56019234657, 123399.72309494019, 125264.83532810211, 127128.7514166832, 128997.36448812485, 130799.88853859901, 132599.70899748802, 134472.3834154606, 136244.7157046795, 138052.35883951187, 139834.4455871582, 141704.6216094494, 143703.78219795227, 145727.10495066643, 147552.5366806984, 149422.23188853264, 151310.21457529068, 153178.05797433853, 155068.0471112728, 156886.80844330788, 158902.6403415203, 160735.46790838242, 162543.5682914257, 164378.99532866478, 166169.5998404026, 167973.84576439857, 169794.29665875435, 171628.2484483719, 173416.73007774353, 175213.61948943138, 177046.54051685333, 178847.63083934784, 180683.56760692596, 182491.48801898956, 184322.8672361374, 186136.20531249046, 187977.28438425064, 189794.3147060871, 191621.13439893723, 193412.8199019432, 195232.74216461182, 197063.59873485565, 198853.37686872482, 200659.77139782906, 202486.2053821087, 204309.8237566948, 206117.4043045044], "timesteps_eval": [1003621, 2004256, 3021852, 4028160, 5037292, 6054720, 7057369, 8057274, 9057274, 10058954, 11059116, 12059263, 13059263, 14059263, 15059920, 16059766, 17059565, 18078747, 19078747, 20084505, 21084505, 22085368, 23085368, 24085368, 25087666, 26087666, 27088313, 28089004, 29108361, 30127164, 31127164, 32126932, 33126932, 34127239, 35127519, 36127583, 37131722, 38138864, 39158445, 40177428, 41196030, 42214393, 43233669, 44253158, 45272698, 46292217, 47292185, 48292322, 49292436, 50292779, 51305661, 52316068, 53316068, 54316239, 55323031, 56341993, 57361868, 58368176, 59388492, 60393259, 61398349, 62403116, 63407763, 64412410, 65416031, 66421121, 67440062, 68456540, 69461630, 70478996, 71496592, 72515467, 73521775, 74522728, 75523681, 76540555, 77559095, 78563862, 79568509, 80572130, 81591432, 82592385, 83609269, 84628966, 85648888, 86667138, 87684646, 88702220, 89719689, 90737266, 91754506, 92772059, 93789397, 94806974, 95824214, 96841767, 97860765, 98879607, 99897979, 100917190, 101936333, 102956231, 103975571, 104994768, 106013375, 107032590, 108051883, 109070843]}