{"incumbents": [-1.0, -1.0, -1.0, -24.0, -1.0, -1.0, -1.7, -1.0, -1.3, -24.0, -1.0, -1.0, -1.0, -1.0, -1.0, -1.0, -1.0, -1.0, -1.1, -1.3, -1.0, -1.0, -1.0, -1.0, -1.0, -1.0, -1.1, -1.0, -0.8, -1.0, -1.1, -23.5, -1.0, -1.0, -1.0, -1.3, -1.0, -1.0, -1.0, -1.0, -1.0, -1.0, -1.0, -23.8, -3.1, -1.0, -1.9, -1.0, -1.6, -1.0, -1.0, -2.4, -1.0, -1.0, -1.0, -2.2, -1.2, -2.6, -3.4, -1.1, -1.0, -1.0, -1.0, -2.0, -1.0, -1.0, -1.8, -1.0, -1.0, -1.0, -1.0, -1.4, -1.0, -24.0, -1.0, -1.0, -1.0, -24.0, -1.0, -1.9, -1.5, -23.5, -24.0, -24.0, -24.0, -3.3, -2.2, -1.0, -1.3, -3.1, -2.9, -1.0, -1.4, -1.0, -1.0, -1.0, -1.0, -1.0, -1.0, -1.0, -1.0, -1.0, -1.0, -24.0], "wallclock_time_eval": [11730.136966705322, 23573.136698961258, 35619.56079721451, 43398.10890984535, 55169.8391392231, 66981.1501250267, 78742.74588799477, 91217.32107615471, 103082.64890861511, 110363.06744670868, 122371.40024232864, 134338.06693983078, 146191.1078608036, 157990.30713319778, 169810.4827914238, 180929.63018226624, 192715.89119577408, 204520.75218391418, 216316.27880978584, 228133.12587690353, 239862.17565107346, 252283.85075879097, 265045.0659070015, 276914.27807092667, 288791.5824549198, 300513.5357093811, 312294.1919181347, 324101.1868031025, 335945.3066878319, 347795.8591091633, 359805.4674167633, 368206.75217318535, 379947.3787481785, 391857.0997941494, 403670.5368733406, 415485.54105114937, 427101.36760401726, 439103.47467803955, 450857.47364115715, 462475.22804260254, 474202.5475218296, 484904.0013887882, 495903.2107834816, 503497.79094290733, 515404.8786120415, 527204.4957838058, 539448.5729677677, 551083.1684474945, 562936.5413386822, 573294.5493934155, 585049.6814155579, 596921.5165877342, 608715.3466916084, 620465.554779768, 632303.5011532307, 644181.3857905865, 655984.1036047935, 667797.1200125217, 680020.066950798, 691761.3457040787, 703521.0982470512, 715318.307996273, 727075.6138818264, 738839.0309214592, 750624.9575662613, 762403.0776679516, 774567.1151907444, 786381.7203149796, 798102.9002871513, 809986.8616707325, 821722.1016914845, 833589.1379511356, 845363.5163793564, 853246.452136755, 864978.8391377926, 876447.6159029007, 888319.3001265526, 896347.8954494, 908108.1112127304, 919998.4056835175, 931836.9893665314, 939663.091835022, 946830.2151472569, 955035.0796580315, 962282.6021792889, 974106.2584936619, 985988.4879012108, 994826.712092638, 1008188.3614377975, 1020980.2855985165, 1032906.6406383514, 1044626.139993906, 1056475.5329976082, 1068021.9817066193, 1079709.2357895374, 1091512.370900631, 1103263.467058897, 1114793.7302544117, 1126640.5430989265, 1138603.9486382008, 1150497.4792516232, 1162243.6266412735, 1174029.6909079552, 1183279.0855081081], "timesteps_eval": [702855, 1465747, 2229031, 3574086, 4332202, 5074743, 5783250, 6985326, 7693869, 8836295, 9576301, 10691325, 11391201, 12123497, 12878888, 13153986, 13898110, 14597950, 15300485, 16018935, 16720906, 16956206, 17099105, 17855534, 18572350, 19285640, 19985099, 20764594, 21472546, 22187136, 22886801, 24054878, 24782630, 25554167, 26246779, 26961022, 27667258, 28416366, 29120029, 29812263, 30557906, 31368266, 32083787, 33440738, 34140082, 34840324, 35023841, 35783634, 36475827, 37410200, 38153755, 38849856, 39580041, 40285410, 40983141, 41669643, 42354855, 43064678, 43275321, 43972492, 44684166, 45431941, 46155960, 46860935, 47587377, 48289523, 48997522, 49715516, 50425127, 50701692, 51443796, 52146827, 52906946, 53764321, 54554236, 55252591, 56120321, 57298758, 57989986, 58684943, 59396592, 60678111, 61941412, 63291825, 64744713, 65481916, 66199017, 66636981, 66836349, 67119583, 67886926, 68626467, 69386990, 70179461, 70876306, 71578866, 72271259, 72984471, 73727012, 74480346, 75229907, 75972011, 76732130, 77619536]}