{"incumbents": [-1302.885789, -1055.4924893000002, -1031.2629540000003, -533.1319992, -1363.5409976, -1256.2715641999998, -1120.7203438000001, -1027.3390399, -1313.3560713, -1145.4581985, -1411.2034773, -1183.2008428999998, -1207.3104868000003, -956.5402776000001, -1060.2505981000002, -1263.4342574, -1131.2262676999999, -1185.6127086000001, -1391.8353821000003, -1207.639926, -1331.1698036, -1281.5004936, -1204.0549844000002, -1208.5308259, -1071.6880164, -1133.0031651000002, -878.872234, -976.8326868, -997.5185571, -1046.9491606, -960.8485753000001, -1089.1021339, -1185.4656844, -1165.0858712, -1033.0693847999999, -1083.9544873, -1172.270267, -881.4599429, -322.1092156, -178.45438539999998, -685.4289974999999, -139.69875480000002, -287.2697833, -428.5625954, -805.7111628, -1038.3126532, -447.5158866, -1506.0118978, -578.6424025, -1440.4214821, -1420.8805381999998, -535.552571, -433.8455233000001, -1441.1056411000002, -969.2972104000003, -627.5488776999999, -1512.9402277, -855.7643007, -1421.4588722, -1200.7043589, -1506.8829172, -1588.4077927, -339.3434641, -665.5164526, -398.8841437, -1391.8511999, -1407.8332345, -1320.3649614, -1545.4549283000001, -1007.9296942999999, -1281.0466987, -1545.8590648000002, -957.5917145, -1437.9267167, -1461.2929526, -507.18619519999993, -335.5641561, -226.9080953, -557.5477581, -426.59478049999996, -227.61497449999996, -333.0811685, -773.0584418999999, -358.65254880000003, -1260.5217691, -1419.6405091000001, -780.044361, -1523.5064372000002, -1346.8536009, -1134.4792160000002, -918.5871832, -585.2416738, -130.4308487, -162.05658839999995, -851.0344398, -284.9215441, -806.2096639, -212.92607430000004, -570.3712214, -417.7593505, -546.3186534, -667.6241217, -196.34365910000002, -310.1940011], "wallclock_time_eval": [1781.064753293991, 3558.7367503643036, 5352.345080375671, 7092.895969629288, 8873.505543470383, 10636.41616654396, 12431.244618415833, 14216.514101266861, 15981.093411684036, 17752.133165836334, 19531.644777059555, 21271.048630952835, 23043.502750635147, 24808.08305168152, 26570.248153448105, 28353.83225798607, 30154.74274945259, 31918.1257083416, 33688.90459942818, 35451.14712405205, 37225.76771688461, 39005.23851895332, 40802.463713645935, 42568.88617181778, 44343.53913474083, 46122.96624779701, 47922.04941153526, 49689.1715900898, 51467.55514550209, 53240.95119190216, 55002.838557481766, 56765.117678165436, 58540.82974123955, 60312.557111263275, 62083.348118543625, 63836.5903365612, 65619.48930358887, 67420.44707465172, 69211.09284615517, 71015.05369877815, 72791.65109324455, 74571.73622441292, 76353.9373395443, 78133.32237243652, 79902.60274410248, 81708.97412252426, 83443.50055837631, 85228.13287377357, 86978.43709611893, 88766.06807875633, 90563.7182958126, 92349.7800219059, 94159.44553303719, 95950.53104281425, 97733.86647462845, 99482.27811956406, 101263.60184144974, 103028.3579852581, 104797.09134221077, 106534.88347768784, 108310.75560307503, 110101.06773543358, 111871.35505342484, 113652.22050952911, 115437.7024629116, 117188.71239757538, 118970.04041647911, 120727.030408144, 122514.43902039528, 124288.89182305336, 126063.577906847, 127799.5045645237, 129579.95079088211, 131372.58429026604, 133152.0770087242, 134913.50247049332, 136705.31154847145, 138490.17637348175, 140269.40929818153, 142047.8783249855, 143849.02142810822, 145653.683478117, 147426.76909923553, 149220.56039214134, 151012.0035378933, 152774.96409273148, 154560.59475326538, 156283.904630661, 158058.70230793953, 159844.32398414612, 161645.27597928047, 163420.95925474167, 165185.30449223518, 166955.47571253777, 168754.52323627472, 170530.05223703384, 172326.35939073563, 174111.89300847054, 175915.50415110588, 177696.70886850357, 179483.0534362793, 181286.70724606514, 183069.26157093048, 184838.23999238014], "timesteps_eval": [1020000, 2040000, 3060000, 4060000, 5080000, 6100000, 7120000, 8140000, 9160000, 10180000, 11200000, 12220000, 13240000, 14260000, 15280000, 16300000, 17320000, 18340000, 19360000, 20380000, 21400000, 22420000, 23440000, 24460000, 25480000, 26500000, 27520000, 28540000, 29560000, 30580000, 31600000, 32620000, 33640000, 34660000, 35680000, 36700000, 37720000, 38740000, 39760000, 40780000, 41800000, 42820000, 43840000, 44860000, 45880000, 46900000, 47900000, 48920000, 49920000, 50940000, 51960000, 52980000, 54000000, 55020000, 56040000, 57060000, 58080000, 59100000, 60120000, 61140000, 62160000, 63180000, 64200000, 65200000, 66220000, 67240000, 68260000, 69280000, 70300000, 71300000, 72300000, 73320000, 74340000, 75360000, 76380000, 77400000, 78420000, 79440000, 80460000, 81480000, 82500000, 83520000, 84540000, 85560000, 86580000, 87600000, 88620000, 89640000, 90660000, 91680000, 92700000, 93720000, 94740000, 95760000, 96780000, 97800000, 98800000, 99820000, 100840000, 101860000, 102880000, 103900000, 104920000, 105940000]}