{"incumbents": [0.0, 0.0, 30.0, 30.0, 37.1, 37.1, 37.1, 37.1, 37.1, 37.1, 37.1, 37.1, 37.1, 37.1, 37.1, 37.1, 37.1, 37.1, 37.1, 37.1, 37.1, 37.1, 37.1, 38.1, 43.1, 54.0, 54.0, 54.0, 54.0, 54.0, 54.0, 54.0, 54.0, 54.0, 54.0, 54.0, 54.0, 54.0, 54.0, 54.0, 54.0, 54.0, 54.0, 54.0, 54.0, 54.0, 54.0, 54.0, 54.0, 54.0, 54.0, 54.0, 54.0, 54.0, 54.0, 54.0, 54.0, 54.0, 54.0, 54.0, 54.0, 54.0, 54.0, 54.0, 54.0, 54.0, 54.0, 54.0, 54.0, 54.0, 54.0, 54.0, 54.0, 54.0, 54.0, 54.0, 54.0, 54.0, 54.0, 54.0, 54.0, 54.0, 54.0, 54.0, 54.0, 54.0, 54.0, 54.0, 54.0, 54.0, 54.0, 54.0, 54.0, 54.0, 54.0, 54.0, 54.0, 54.0, 54.0, 54.0, 54.0, 54.0, 54.0, 54.0, 54.0, 54.0, 54.0, 54.0], "wallclock_time_eval": [8979.870197534561, 14701.044461965561, 21333.20042324066, 27145.911353111267, 33322.0331223011, 39096.0238404274, 46386.8004796505, 52191.84461712837, 63450.44613265991, 71008.15661931038, 77564.75677347183, 83332.896733284, 89257.46427202225, 97881.54835796356, 108691.3916695118, 115325.49239945412, 121152.75099563599, 127035.92486405373, 132918.62919473648, 138738.0524981022, 148465.53877735138, 154297.64177536964, 160116.2990782261, 166148.7355644703, 177527.54573369026, 184352.61187958717, 192010.6005897522, 197729.40157413483, 204681.92440247536, 212199.43615818024, 220878.46579384804, 227371.10007619858, 235234.2979297638, 243754.79529690742, 249953.07578086853, 258600.14411592484, 267204.72149705887, 274322.4506599903, 281033.1070301533, 290114.91899085045, 298941.7657265663, 307466.90920329094, 313667.00689888, 320412.5560054779, 327559.41346025467, 338402.70489668846, 345320.259557724, 351652.86618447304, 357937.2210299969, 364372.3217816353, 370189.3483633995, 376002.3278234005, 383398.60389590263, 390491.9681544304, 397961.09305238724, 404834.68605852127, 418128.0155274868, 423995.3149023056, 430453.88941407204, 436210.42260479927, 445777.56270504, 453940.69197559357, 462510.6233019829, 471260.58903956413, 477128.8723859787, 482936.7321009636, 491411.2125520706, 498870.2053399086, 507708.49497652054, 513685.6688301563, 520357.0816948414, 526258.0414958, 532692.9005315304, 541562.0484030247, 548468.1322462559, 557108.218007803, 564105.4101791382, 570347.3305978775, 576082.0502510071, 584876.4634633064, 590594.493088007, 597851.6374332905, 604989.0417861938, 613910.5965964794, 620665.7146339417, 626613.1676704884, 635494.3034212589, 644319.1157793999, 650292.2279484272, 659145.8432896137, 667786.0769987106, 676150.1366384029, 684856.8371064663, 691826.9649136066, 700259.3918640614, 708299.2819623947, 714113.1316990852, 721998.4067661762, 728418.2251033783, 734812.526819706, 740505.9670345783, 749257.7653017044, 754992.597743988, 760784.5193469524, 767362.7867572308, 776140.220708847, 781973.2472579479, 787674.1513323784], "timesteps_eval": [1219570, 2728437, 3879142, 5013917, 6153107, 7673886, 8821603, 9955654, 11087421, 12234034, 13324826, 14468677, 15605719, 16768894, 17903274, 19049271, 20186278, 21626719, 22765376, 23900252, 25067432, 26202889, 27342514, 28477526, 29624781, 30763965, 31904488, 33406946, 34544242, 35694187, 36857168, 37995055, 39136670, 40276611, 41406908, 42562363, 43723017, 44859926, 45992082, 47119535, 48252375, 49421093, 50559746, 51694133, 52814128, 53948812, 55090384, 56239027, 57387972, 58542186, 59681959, 60817261, 61955358, 63098614, 64247895, 65452310, 66630973, 67850334, 68996891, 70355092, 71154040, 72281959, 73459051, 74604415, 76065212, 77558077, 78714677, 79847301, 80992580, 82450113, 83602391, 84968642, 86366707, 87458229, 88804962, 89872858, 91058319, 92387951, 93931837, 95098573, 96616441, 97846349, 99004002, 100158425, 101546583, 103100032, 104262912, 105472506, 106819617, 108166044, 109321157, 110511058, 111566658, 112715790, 113985944, 115141881, 116609946, 117771064, 119146287, 120567406, 122004354, 123258802, 124400131, 125873896, 127014769, 128070541, 129256386, 130678060]}