{"incumbents": [-21.0, -21.0, -21.0, -18.5, -10.7, -21.0, -17.8, -21.0, -21.0, -21.0, -21.0, -21.0, -21.0, -16.0, -19.1, -21.0, -12.7, -18.9, -16.7, -13.9, -18.7, -21.0, -20.2, -21.0, -21.0, -21.0, -21.0, -21.0, -21.0, -21.0, -21.0, -21.0, -21.0, -21.0, -19.6, -21.0, -18.9, -15.6, -16.5, -11.6, -15.9, -21.0, -17.2, -21.0, -19.6, -21.0, -21.0, -15.1, -21.0, -21.0, -21.0, -21.0, -21.0, -21.0, -21.0, -21.0, -14.0, -9.5, -18.6, -15.4, -16.4, -21.0, -16.6, -21.0, -21.0, -21.0, -21.0, -19.7, -18.4, -21.0, -19.0, -13.0, -14.2, -14.4, -9.9, -15.1, -11.6, -10.3, -14.1, -15.6, -11.7, -10.6, -21.0, -21.0, -14.2, -21.0, -21.0, -21.0, -21.0, -21.0, -21.0, -21.0, -21.0, -21.0, -21.0, -18.9, -13.7, -13.6, -12.5, -15.8, -11.7, -11.4, -21.0, -13.7, -21.0, -15.1, -21.0, -16.2], "wallclock_time_eval": [5602.071313619614, 11093.498183488846, 16606.835955619812, 22526.431924819946, 29865.879051208496, 35446.71685600281, 41594.815624952316, 47166.60388278961, 52656.07933306694, 58149.00585269928, 63733.69599699974, 69347.99009370804, 74874.22879004478, 81208.58898806572, 87385.89281821251, 92942.8914296627, 100209.74245595932, 106131.38872551918, 112584.0267367363, 119181.32616877556, 125203.41248035431, 130779.56045460701, 136841.04437160492, 142370.4993185997, 147903.37582087517, 153435.44011688232, 158973.82114171982, 164548.6880118847, 170052.31436562538, 175609.34937429428, 181114.16523313522, 186632.16782045364, 192177.50368738174, 197739.01324033737, 203809.31120824814, 209373.5467557907, 215635.08725833893, 222162.6352133751, 228608.44477534294, 235487.07775211334, 242211.08269381523, 247740.28408527374, 253943.2581627369, 259489.66357040405, 265852.1947879791, 271403.11913728714, 276872.8082578182, 283578.04078269005, 289099.26315045357, 294639.15760326385, 300167.7581510544, 305680.767639637, 311238.5444533825, 316783.88972115517, 322290.6372215748, 327845.16919851303, 334505.57344198227, 342149.2527105808, 348077.1470377445, 354469.94767689705, 361172.6604630947, 366721.9009799957, 372765.8149867058, 378352.01955747604, 383878.16530156136, 389409.80211925507, 395018.38207030296, 401063.0107278824, 407213.1573512554, 412722.24401545525, 418941.8716313839, 426152.34812426567, 432305.2245261669, 439679.80930542946, 447224.8061885834, 454286.02535009384, 461386.95227599144, 468325.4473938942, 475613.4096171856, 481772.4732372761, 489044.8609890938, 495988.0969610214, 501511.5667014122, 507023.4106621742, 513596.3908610344, 519148.90225458145, 524686.0636222363, 530225.6099858284, 535770.8493068218, 541255.6163005829, 546783.0837166309, 552346.3666157722, 557836.1140685081, 563375.3705921173, 568890.348253727, 574938.017471075, 581323.2131659985, 587854.9923057556, 594581.5272467136, 601239.821606636, 608627.2598693371, 615701.611536026, 621238.7834992409, 627466.725197792, 633006.4439799786, 639132.1066310406, 644660.3286485672, 650746.0777423382], "timesteps_eval": [1504326, 3012838, 4517543, 5982249, 7244539, 8775265, 10210276, 11797754, 13310489, 14816702, 16387536, 17916845, 19429901, 20838682, 22283569, 23805081, 25045538, 26523795, 27900996, 29267643, 30720414, 32248310, 33703774, 35230963, 36732283, 38239377, 39755730, 41334296, 42900959, 44476235, 46046191, 47570829, 49075007, 50581526, 52034858, 53548190, 54960209, 56337901, 57722929, 59048997, 60394686, 61898658, 63301880, 64808893, 66210692, 67726545, 69239868, 70574371, 72087995, 73597425, 75128754, 76697206, 78230141, 79739952, 81249097, 82822822, 84193575, 85393129, 86878591, 88271324, 89669749, 91208346, 92652714, 94181978, 95687537, 97197116, 98704580, 100142272, 101572542, 103075628, 104485081, 105767547, 107224489, 108403308, 109604509, 110918018, 112226442, 113557411, 114813732, 116264596, 117508750, 118827450, 120362501, 121865817, 123203307, 124731080, 126238480, 127770038, 129281481, 130794295, 132316324, 133857096, 135359838, 136863917, 138380146, 139851223, 141249753, 142625928, 143968780, 145328249, 146541869, 147860851, 149371473, 150827064, 152336906, 153775067, 155280072, 156715157]}