{"incumbents": [832.8, 400.4, 732.0, 1600.4, 1170.0, 732.0, 806.0, 732.0, 1600.0, 1660.4, 785.6, 690.0, 1444.0, 944.8, 745.6, 525.2, 1712.0, 1715.6, 1571.2, 1964.0, 1603.6, 2078.8, 762.8, 784.4, 751.2, 532.4, 1220.0, 1315.2, 712.0, 1175.6, 785.6, 653.6, 1165.6, 622.0, 689.2, 1318.4, 1120.8, 664.4, 732.0, 598.8, 732.0, 576.8, 904.8, 667.6, 667.6, 732.0, 732.0, 706.8, 732.0, 666.8, 542.4, 732.0, 652.0, 732.0, 1120.4, 732.0, 732.0, 596.4, 732.0, 732.0, 732.0, 489.2, 732.0, 732.0, 791.8, 732.0, 732.0, 732.0, 732.0, 732.0, 732.0, 732.0, 732.0, 660.0, 732.0, 732.0, 669.6, 732.0, 1089.2, 732.0, 808.8, 732.0, 732.0, 732.0, 605.2, 732.0, 732.0, 667.6, 732.0, 622.0, 732.0, 534.4, 732.0, 972.0, 732.0, 510.4, 684.0, 1057.6, 721.6, 732.0, 732.0, 732.0, 732.0, 669.6, 732.0, 582.8, 626.0, 647.2], "wallclock_time_eval": [6788.63264465332, 14264.22427725792, 21579.451174259186, 30120.02401995659, 37342.05174994469, 44748.22225689888, 51414.070303440094, 58714.36927127838, 66416.87877440453, 73792.76407194138, 81054.46786570549, 87954.28856134415, 95393.17873120308, 102642.1832010746, 109492.51713061333, 116334.22623848915, 123719.07919979095, 131416.9506187439, 139899.12990164757, 147562.61418771744, 154944.22916841507, 163606.40110707283, 171104.94166207314, 178151.2395567894, 186236.30243706703, 193442.00197958946, 200471.92744517326, 207946.3707869053, 214582.67305588722, 221450.33913516998, 228555.39340353012, 235128.88808822632, 241848.38237571716, 248559.51290607452, 255700.31573104858, 262771.0432536602, 269540.1086432934, 276131.1880643368, 283429.1349453926, 290278.66559171677, 297504.64083480835, 304175.8669986725, 311346.88341736794, 319429.31625533104, 327349.33053159714, 334595.6163764, 341963.7522993088, 349727.03789806366, 357038.4655754566, 364450.8558151722, 371172.21524739265, 378442.7088396549, 385792.0658481121, 393141.82230114937, 400276.11611533165, 407617.4567039013, 414863.5900878906, 421487.9248316288, 428793.8043241501, 436491.49314427376, 443804.7743346691, 450417.50083112717, 457691.93109202385, 465008.03562378883, 472455.18500447273, 479737.646766901, 487063.2408943176, 494511.30530810356, 501885.4758632183, 509311.30300426483, 516601.9803082943, 524005.59071183205, 531314.2354662418, 539356.4478433132, 546673.3067510128, 553901.9047970772, 561601.109411478, 568890.8211922646, 576821.8261036873, 584103.8705992699, 591163.5031816959, 598465.9894344807, 605805.2738978863, 613062.9370772839, 620234.0766351223, 627605.1870365143, 634877.3702306747, 642919.9443790913, 650242.408146143, 657023.1717698574, 664287.5684895515, 671385.2703747749, 678818.1681845188, 685879.5016074181, 693220.3695914745, 700088.7087004185, 706986.7270312309, 714994.5625295639, 722978.8268504143, 730245.0342915058, 737590.6423740387, 744997.2465748787, 752322.6173121929, 759855.3678441048, 767246.1948778629, 774608.2179386616, 781681.9794313908, 788609.4889016151], "timesteps_eval": [1568079, 3071821, 4595567, 6039865, 7572029, 9089167, 10654066, 12213501, 13702736, 15213080, 16709549, 18254887, 19792671, 21348170, 22907178, 24466132, 25983591, 27480531, 28922548, 30414570, 31931893, 33368771, 34866903, 36408756, 37913129, 39451096, 40988193, 42535525, 44097801, 45648133, 47209346, 48767460, 50318013, 51873749, 53432954, 54980215, 56530537, 58097825, 59636106, 61197665, 62667880, 64234773, 65798009, 67231454, 68780793, 70291817, 71849467, 73406905, 74935456, 76501567, 78062712, 79590645, 81121146, 82561512, 84115118, 85671956, 87171724, 88734727, 90256507, 91805586, 93368779, 94931020, 96402950, 97961101, 99467827, 101030274, 102582227, 104141645, 105601781, 107160935, 108721390, 110286114, 111846227, 113319000, 114828722, 116354870, 117913298, 119474317, 121031740, 122527350, 124078044, 125632162, 127197542, 128709887, 130236397, 131804120, 133261679, 134745510, 136309135, 137866035, 139366083, 140902350, 142424986, 143975941, 145489885, 147046769, 148598289, 150146850, 151685140, 153211521, 154775023, 156339912, 157835685, 159347686, 160911642, 162457195, 163987074, 165535430]}