{"incumbents": [-1238.4721883999998, -1238.4721883999998, -1238.4721883999998, -1238.4721883999998, -1238.4721883999998, -1238.4721883999998, -1238.4721883999998, -1238.4721883999998, -1238.4721883999998, -1238.4721883999998, -1238.4721883999998, -886.3946109000001, -886.3946109000001, -886.3946109000001, -886.3946109000001, -886.3946109000001, -886.3946109000001, -886.3946109000001, -886.3946109000001, -886.3946109000001, -886.3946109000001, -846.765777, -846.765777, -846.765777, -846.765777, -846.765777, -846.765777, -846.765777, -638.6238564, -638.6238564, -638.6238564, -638.6238564, -638.6238564, -638.6238564, -638.6238564, -638.6238564, -638.6238564, -638.6238564, -638.6238564, -638.6238564, -638.6238564, -638.6238564, -638.6238564, -638.6238564, -638.6238564, -638.6238564, -638.6238564, -638.6238564, -638.6238564, -638.6238564, -638.6238564, -638.6238564, -638.6238564, -638.6238564, -638.6238564, -638.6238564, -638.6238564, -638.6238564, -638.6238564, -638.6238564, -638.6238564, -638.6238564, -638.6238564, -638.6238564, -638.6238564, -638.6238564, -638.6238564, -638.6238564, -638.6238564, -638.6238564, -638.6238564, -638.6238564, -638.6238564, -638.6238564, -638.6238564, -638.6238564, -638.6238564, -638.6238564, -638.6238564, -638.6238564, -638.6238564, -638.6238564, -638.6238564, -638.6238564, -638.6238564, -638.6238564, -638.6238564, -638.6238564, -638.6238564, -638.6238564, -638.6238564, -638.6238564, -638.6238564, -638.6238564, -638.6238564, -638.6238564, -638.6238564, -638.6238564, -638.6238564, -638.6238564], "wallclock_time_eval": [1942.1230409145355, 3909.3150148391724, 5881.969764709473, 7787.010105371475, 9718.238075256348, 11663.376469135284, 13646.009477615356, 15621.875679016113, 17604.778150081635, 19593.014016389847, 21564.494920492172, 23545.955186367035, 25496.80180311203, 27419.663662433624, 29371.804476976395, 31349.142331123352, 33330.0832824707, 35302.05967974663, 37230.97037982941, 39217.49550318718, 41196.72511744499, 43176.34418845177, 45154.66966700554, 47100.53547525406, 49098.142546892166, 51083.44690823555, 53075.113062143326, 55021.62578034401, 57005.774824142456, 58960.32118701935, 60922.39026045799, 62850.87985563278, 64811.26576757431, 66794.18212223053, 68744.57272219658, 70714.62816047668], "timesteps_eval": [1000000, 2000000, 3000000, 4000000, 5000000, 6000000, 7000000, 8000000, 9000000, 10000000, 11000000, 12000000, 13000000, 14000000, 15000000, 16000000, 17000000, 18000000, 19000000, 20000000, 21000000, 22000000, 23000000, 24000000, 25000000, 26000000, 27000000, 28000000, 29000000, 30000000, 31000000, 32000000, 33000000, 34000000, 35000000, 36000000]}