{"incumbents": [374.8897896, 425.4986333, 425.4986333, 425.4986333, 461.306915, 461.306915, 461.306915, 461.306915, 461.306915, 461.306915, 461.306915, 461.306915, 461.306915, 461.306915, 461.306915, 461.306915, 461.306915, 461.306915, 473.90733179999995, 478.7319574000001, 478.7319574000001, 478.7319574000001, 478.7319574000001, 478.7319574000001, 478.7319574000001, 478.7319574000001, 478.7319574000001, 478.7319574000001, 478.7319574000001, 478.7319574000001, 478.7319574000001, 478.7319574000001, 478.7319574000001, 478.7319574000001, 478.7319574000001, 478.7319574000001, 478.7319574000001, 478.7319574000001, 478.7319574000001, 478.7319574000001, 478.7319574000001, 478.7319574000001, 478.7319574000001, 478.7319574000001, 478.7319574000001, 478.7319574000001, 478.7319574000001, 485.98732920000003, 485.98732920000003, 485.98732920000003, 485.98732920000003, 485.98732920000003, 485.98732920000003, 485.98732920000003, 485.98732920000003, 539.6396145, 539.6396145, 539.6396145, 539.6396145, 539.6396145, 539.6396145, 539.6396145, 539.6396145, 539.6396145, 539.6396145, 539.6396145, 539.6396145, 539.6396145, 539.6396145, 539.6396145, 539.6396145, 539.6396145, 539.6396145, 539.6396145, 539.6396145, 539.6396145, 539.6396145, 539.6396145, 539.6396145, 539.6396145, 539.6396145, 539.6396145, 539.6396145, 539.6396145, 539.6396145, 539.6396145, 539.6396145, 539.6396145, 539.6396145, 539.6396145, 539.6396145, 539.6396145, 539.6396145, 539.6396145, 539.6396145, 539.6396145, 539.6396145, 539.6396145, 539.6396145, 539.6396145, 539.6396145, 539.6396145, 539.6396145, 539.6396145], "wallclock_time_eval": [2328.567722797394, 4567.550213098526, 7022.208087682724, 9219.635854244232, 11439.530467271805, 13631.845151901245, 15841.482923984528, 18123.20009946823, 20301.748020410538, 22654.31673026085, 24922.437348604202, 27187.140310049057, 29521.659111499786, 31982.211366653442, 34265.30924296379, 36552.23578476906, 39078.60745096207, 41539.43872141838, 43878.29957294464, 46210.688697099686, 48542.79233503342, 50804.38622665405, 53098.25413060188, 55392.71369934082, 57696.08706307411, 60026.31791138649, 62378.2738673687, 64624.912064790726, 66795.63460206985, 69023.47927474976, 71223.94531798363, 73458.93887615204, 75683.28248310089, 77882.44745111465, 80172.71185231209, 82464.87070798874, 84744.92741179466, 86951.14205503464, 89164.67674446106, 91370.66817450523, 93611.88696861267, 95909.11632728577, 98098.64121890068, 100385.80340957642, 102608.42633366585, 104896.54416966438, 107162.03335952759, 109518.45590949059, 111894.42249321938, 114258.07577323914, 116575.05517482758, 118834.91906142235, 120980.5262594223, 123291.8932030201, 125635.21946001053, 127995.58536028862, 130285.69514799118, 132619.41333675385, 134963.04445266724, 137478.57470703125, 139661.0756790638, 141897.26665377617, 144133.73006510735, 146357.66341376305, 148576.75303196907, 150892.3599846363, 153270.69422340393, 155624.29967403412, 157956.06210422516, 160258.6596467495, 162555.9287662506, 164868.74998617172, 167129.037920475, 169370.0895667076, 171698.8424665928, 174015.35713005066, 176288.5593726635, 178446.7952620983, 180733.91044592857, 183059.87840390205, 185399.77576875687, 187744.93394851685, 190053.5025677681, 192333.98137426376, 194662.26966047287, 196955.35350561142, 199249.29441905022, 201708.7323012352, 203914.0978307724, 206191.28991389275, 208572.7146270275, 210885.35065579414, 213181.84925627708, 215515.0649716854, 217790.28545475006, 219959.84711813927, 222115.45926499367, 224290.54989504814, 226465.2309243679, 228629.8552582264, 230743.23403000832, 233018.46554899216, 235273.23595118523, 237448.16937708855], "timesteps_eval": [1020545, 2042650, 3064684, 4086822, 5109109, 6131204, 7153072, 8174378, 9197397, 10217808, 11238749, 12259560, 13279886, 14301739, 15322096, 16343485, 17364248, 18384764, 19404219, 20423888, 21444481, 22465760, 23486947, 24507251, 25528466, 26548837, 27569125, 28590368, 29612543, 30633656, 31655761, 32678451, 33700546, 34722414, 35743744, 36765122, 37785986, 38808161, 39830256, 40852543, 41874648, 42895772, 43917640, 44938527, 45960702, 46981731, 48003249, 49023386, 50043373, 51063605, 52083144, 53104080, 54126764, 55147344, 56168045, 57188485, 58209137, 59229183, 60249097, 61271242, 62294458, 63317358, 64338434, 65360572, 66383413, 67403555, 68424240, 69444320, 70465400, 71485808, 72506834, 73528081, 74549222, 75570220, 76590619, 77612099, 78632954, 79655732, 80676358, 81696165, 82716937, 83737483, 84758009, 85778940, 86799249, 87820127, 88841077, 89863475, 90885834, 91906520, 92927588, 93948101, 94968725, 95990375, 97011500, 98034089, 99056562, 100079393, 101101373, 102123761, 103146381, 104167668, 105190780, 106213819]}