{"incumbents": [-1.0, -1.6, -24.0, -1.9, -1.0, -2.9, -1.3, -1.0, -24.0, -1.0, -1.0, -1.0, -1.0, -1.2, -1.0, -23.5, -1.0, -2.4, -24.0, -1.0, -1.0, -1.0, -1.0, -1.0, -1.0, -1.0, -1.0, -1.0, -1.0, -1.0, -1.0, -23.8, -1.0, -1.0, -1.0, -1.0, -3.1, -24.0, -1.9, -3.4, -23.5, -24.0, -1.0, -24.0, -24.0, -3.3, -2.2, -2.2, -3.1, -1.3, -2.6, -1.4, -1.0, -1.0, -1.1, -2.0, -1.4, -1.0, -1.0, -1.8, -0.8, -1.5, -1.0, -1.1, -1.0, -1.0, -24.0, -1.0, -1.0, -1.0, -1.0, -1.0, -1.0, -1.0, -1.0, -1.0, -1.0, -1.3, -1.0, -1.0, -1.0, -1.0, -1.0, -1.0, -1.1, -1.0, -1.0, -1.1, -1.3, -1.0, -1.0, -1.0, -1.0, -1.0, -1.0, -1.0, -1.7, -1.0, -1.0, -1.0, -1.0, -1.0, -1.0, -1.0, -1.0, -1.0, -1.0, -1.0], "wallclock_time_eval": [11914.721045970917, 23768.093937158585, 31546.64204978943, 43436.93652057648, 55177.56309556961, 67103.91813540459, 80465.56748056412, 93226.78262877464, 100507.20116686821, 112473.86786437035, 124245.59809374809, 135364.74548459053, 147373.0782802105, 159175.79609441757, 170982.79097938538, 179384.07573580742, 191139.20775794983, 203011.0429301262, 210893.9786875248, 222693.17795991898, 234425.56496095657, 246211.82597446442, 258025.26305365562, 269024.472448349, 280810.3990931511, 292279.1758582592, 302980.6297252178, 314615.2252049446, 324973.2332596779, 336844.9174833298, 348642.1272325516, 356236.7073919773, 368036.3245637417, 379786.53265190125, 391580.36275577545, 403340.5785191059, 415247.66618824005, 423276.2615110874, 435520.3386950493, 447743.2856333256, 455569.3881018162, 462736.51141405106, 471574.7356054783, 479779.6001162529, 487027.1226375103, 498850.7789518833, 510733.0083594322, 522610.892996788, 535402.817157507, 547268.1449899673, 559081.1613976955, 570930.5544013977, 582650.0537569523, 594503.0946779251, 606244.3734312057, 618007.7904708385, 629874.8267304897, 641712.7731039524, 653259.2218129635, 665423.2593357563, 677267.3792204857, 689105.9629034996, 700989.9242870808, 712770.5804958344, 724457.8345787525, 736215.1404643059, 745464.5350644588, 754802.4213974476, 766588.4856641293, 778334.6330537796, 790112.7531554699, 801887.1315836906, 813315.3671562672, 825129.9722805023, 834419.0599262714, 846312.5905396938, 858115.7256507874, 869932.572717905, 881895.9782571793, 893647.0744154453, 905493.8872599602, 917024.1504554749, 928783.9029984474, 940512.9527726173, 952308.479398489, 964043.719419241, 975894.2718405724, 987903.8801481724, 999718.8843259811, 1011523.7453141212, 1023244.925286293, 1035666.6003940105, 1047486.7760522366, 1059533.2001504898, 1071344.5111362934, 1083819.0863244534, 1095580.6820874214, 1107305.8190541267, 1119307.926128149, 1131150.925860405, 1143020.1380243301, 1154635.964577198, 1166357.9178316593, 1178235.2222156525, 1189962.5416948795, 1201580.296096325, 1213364.2851634026, 1225118.2841265202], "timesteps_eval": [771537, 1463730, 2808785, 3503742, 4231494, 4998837, 5198205, 5341104, 6483530, 7598554, 8356670, 8631768, 9371774, 10056986, 10836481, 12004558, 12748113, 13444214, 14301589, 15033885, 15823800, 16567924, 17260536, 17976057, 18702499, 19400854, 20211214, 20971007, 21905380, 22773110, 23520885, 24877836, 25578078, 26283447, 27013632, 27704860, 28404204, 29582641, 29766158, 29976801, 31258320, 32521621, 32959585, 34309998, 35762886, 36500089, 37217190, 37903692, 38186926, 38895469, 39605292, 40365815, 41105356, 41805232, 42502403, 43207378, 43910409, 44608140, 45400611, 46108610, 46816562, 47528211, 47804776, 48504235, 49201080, 49925099, 50812505, 51660328, 52420447, 53162551, 53864697, 54624816, 55375618, 56093612, 56948809, 57698370, 58400930, 59119380, 59872714, 60565107, 61307648, 62020860, 62732534, 63434505, 64137040, 64879144, 65593734, 66293399, 67007642, 67707482, 68417093, 68652393, 69407784, 70171068, 70913609, 72115685, 72824192, 73527047, 74276155, 75039047, 75795476, 76501712, 77215002, 77931818, 78677461, 79369695, 80138424, 80842087]}