{"incumbents": [-36.3, -36.3, -36.3, -36.3, -36.3, 26.0, 35.7, 35.7, 35.7, 35.7, 35.7, 35.7, 35.7, 35.7, 35.7, 35.7, 35.7, 35.7, 35.7, 35.7, 35.7, 35.7, 35.7, 35.7, 35.7, 35.7, 35.7, 35.7, 35.7, 35.7, 35.7, 35.7, 35.7, 35.7, 35.7, 35.7, 35.7, 35.7, 35.7, 35.7, 35.7, 35.7, 35.7, 35.7, 35.7, 35.7, 35.7, 35.7, 35.7, 35.7, 35.7, 35.7, 35.7, 35.7, 35.7, 35.7, 35.7, 35.7, 35.7, 35.7, 35.7, 35.7, 35.7, 35.7, 35.7, 35.7, 35.7, 35.7, 35.7, 35.7, 35.7, 35.7, 35.7, 35.7, 35.7, 35.7, 35.7, 35.7, 35.7, 35.7, 35.7, 35.7, 35.7, 35.7, 35.7, 35.7, 35.7, 35.7, 35.7, 35.7, 35.7, 35.7, 35.7, 35.7, 35.7, 35.7, 35.7, 35.7, 35.7, 35.7], "wallclock_time_eval": [4893.512932538986, 9767.873750925064, 14614.333370447159, 19475.154700279236, 24311.24514389038, 29183.732258558273, 34059.63452243805, 38939.09741187096, 43797.27821946144, 48659.44400763512, 53511.503074645996, 58364.15796804428, 63220.60060882568, 68066.92184901237, 72868.24839711189, 77675.29664349556, 82548.92939639091, 87425.3402440548, 92289.18346357346, 97167.08326101303, 102043.9594438076, 106902.7187268734, 111765.62622094154, 116631.13926267624, 121495.61587238312, 126371.5811431408, 131204.7495121956, 136044.95338845253, 140934.92631602287, 145792.73629832268, 150668.69833135605, 155500.5649855137, 160360.14425253868, 165213.9592921734, 170062.6007990837, 174905.85798478127], "timesteps_eval": [942879, 1885758, 2828637, 3771516, 4714395, 5657274, 6600153, 7543032, 8485911, 9428790, 10371669, 11314548, 12257427, 13200306, 14142881, 15085760, 16028639, 16971518, 17914397, 18857276, 19800155, 20743034, 21685913, 22628792, 23571671, 24514550, 25457429, 26400308, 27343187, 28286066, 29228945, 30168030, 31110909, 32053788, 32996667, 33939546]}