{"incumbents": [215.0, 0.0, 0.0, 0.0, 0.0, 0.0, 0.0, 0.0, 154.0, 20.0, 255.0, 143.0, 236.0, 286.0, 189.0, 112.0, 17.0, 237.0, 24.0, 157.0, 267.0, 157.0, 32.0, 280.0, 194.0, 184.0, 51.0, 227.0, 266.0, 269.0, 291.0, 84.0, 67.0, 254.0, 226.0, 122.0, 177.0, 278.0, 236.0, 273.0, 14.0, 0.0, 14.0, 0.0, 0.0, 0.0, 23.0, 124.0, 0.0, 0.0, 136.0, 0.0, 10.0, 14.0, 0.0, 0.0, 0.0, 0.0, 0.0, 0.0, 0.0, 0.0, 18.0, 0.0, 0.0, 29.0, 0.0, 0.0, 0.0, 0.0, 10.0, 0.0, 106.0, 0.0, 82.0, 67.0, 0.0, 0.0, 0.0, 106.0, 105.0, 136.0, 101.0, 0.0, 0.0, 0.0, 0.0, 0.0, 19.0, 32.0, 120.0, 20.0, 0.0, 14.0, 0.0, 0.0, 0.0, 0.0, 0.0, 20.0, 0.0, 10.0, 0.0, 0.0, 0.0, 10.0, 10.0, 0.0], "wallclock_time_eval": [6656.471368312836, 15388.224895715714, 23882.40430212021, 32674.804830789566, 40278.837000608444, 49071.2375292778, 57996.43214058876, 66592.63112807274, 73537.14874601364, 80635.9716784954, 87153.52011227608, 94176.12203788757, 100385.3914449215, 107436.12763643265, 114731.65562748909, 121666.01641488075, 128561.24477767944, 134815.7873196602, 142004.10858678818, 148984.05255627632, 155331.93804693222, 162991.7783255577, 170513.62850761414, 176818.89415335655, 183170.17369508743, 189801.28309869766, 197004.61344313622, 203429.26965093613, 211267.5304801464, 218697.28615498543, 225704.31103539467, 233754.82376003265, 240724.53592443466, 247164.7944097519, 253733.93611383438, 261026.42254590988, 267887.7641713619, 275714.4053194523, 282516.8150501251, 288970.4822525978, 295064.4547879696, 304640.86189746857, 311813.2526266575, 320786.74965429306, 330098.0596756935, 338646.94333195686, 345468.6407930851, 352741.56350946426, 358906.910040617, 367349.89330506325, 375115.0376741886, 381567.5548763275, 389773.5311284065, 395979.4658768177, 402696.57779860497, 410084.48946642876, 416415.17408299446, 424629.0029604435, 430843.1129989624, 440448.40693712234, 449016.0975868702, 457808.12441015244, 465490.15528512, 473949.18201494217, 482089.40243148804, 488479.8020424843, 494823.16137480736, 503635.3789834976, 510356.35446095467, 519593.79485464096, 528450.759978056, 537021.7534031868, 545285.5549759865, 553769.1207149029, 560702.6543114185, 569522.6378347874, 578040.7190728188, 587256.3635995388, 595286.8996579647, 602806.5014431477, 610471.3660619259, 618392.5115134716, 626672.1244626045, 635225.5424370766, 643624.1420230865, 652147.1983485222, 659362.2575621605, 669370.8000507355, 676450.0972368717, 682575.3841440678, 690916.3609104156, 697395.1740634441, 705894.6419231892, 712373.5053844452, 720723.7074337006, 727063.5015416145, 735300.9634299278, 743808.9492731094, 752408.9957039356, 759113.4877796173, 765418.9989938736, 773366.5432059765, 782087.5241839886, 790403.1752746105, 798955.0926117897, 807333.2114834785, 815483.6541736126, 824075.9494791031], "timesteps_eval": [1609930, 3195700, 4744836, 6339421, 7946244, 9540829, 11120662, 12666522, 14278546, 15882316, 17488043, 19098689, 20706462, 22304287, 23909079, 25516127, 27115553, 28723770, 30298286, 31909603, 33519947, 35131380, 36728038, 38337301, 39946632, 41557574, 43153742, 44762737, 46365441, 47965513, 49562320, 51164736, 52756972, 54360987, 55968893, 57578085, 59184907, 60784156, 62387534, 63991396, 65592456, 67201323, 68789206, 70391843, 71939279, 73517029, 75120456, 76726582, 78338035, 79924351, 81533243, 83144487, 84668996, 86285629, 87892465, 89498667, 91110687, 92687952, 94296198, 95887092, 97440742, 99022980, 100599717, 102100336, 103660534, 105264584, 106867475, 108429673, 110032984, 111631906, 113132087, 114714601, 116314671, 117894414, 119485301, 121052165, 122478386, 123904397, 125375199, 126933075, 128498312, 130106098, 131711195, 133274872, 134814214, 136361333, 137965877, 139541554, 141128414, 142736757, 144347373, 145953728, 147463734, 149077784, 150626694, 152238059, 153785418, 155265431, 156851823, 158455420, 160063186, 161616793, 163215434, 164808828, 166402822, 167982785, 169564525, 171121398]}