{"incumbents": [-1092.4481749000001, -882.0605716000002, -1365.7338451, -489.4879539, -1472.6331639, -1050.5086039, -1068.2210793, -1119.7223104, -201.2739422, -1406.4813004, -1052.0021001, -1583.9574538, -342.9259936, -1092.5075834, -1042.3811735, -1142.0195457999998, -683.639464, -1445.7824233999997, -1001.4085326999999, -259.63774709999996, -1066.8171000999998, -133.46629579999998, -1313.7613732000002, -1180.4503624, -1171.2839736, -1166.5081724000001, -1132.0977127, -1232.5201386, -1129.8051597, -1608.6503813, -1534.2377631000002, -725.8322692999999, -937.999073, -229.2691084, -373.63259039999997, -1064.416072, -1563.8416720999999, -1582.9509185, -1605.1515404000002, -242.9868727, -309.03210189999993, -616.9545719, -662.4359946, -660.3074514, -219.14188819999998, -1259.3313253000001, -1613.2860489999998, -210.97468469999998, -1464.941121, -245.51680450000003, -890.2108470999999, -908.3266035999999, -197.0132031, -974.0755892, -175.1365683, -1168.9779353999998, -1154.1133995999999, -999.3635987, -1115.3233729, -1046.5683382999998, -1037.6629504, -1020.7249562000001, -678.5453867, -218.68881860000002, -190.5000569, -1125.4742442000002, -1047.7208926999997, -1022.8832026, -1298.6269971, -187.2748722, -1482.5170688, -994.5259160000002, -359.16819499999997, -1170.0684598, -1061.6681471, -1258.7717558, -933.1522707, -165.41057889999996, -1066.8057985, -1247.1923876, -218.66993229999997, -1393.3201115, -881.3635326, -1106.3675182, -682.4533485, -291.6273708, -947.2388834, -456.1548136, -250.0728458, -194.04313559999997, -823.6262264, -694.5684228, -667.0318126, -520.2464120000001, -590.8235096000001, -1538.9831953999999, -999.0449757, -755.8467435, -1095.9078098999998, -1248.4094101, -1380.3969918999999, -928.4453455, -1031.4462170000002, -928.0359259999999], "wallclock_time_eval": [1783.0567140579224, 3579.0876955986023, 5363.009848117828, 7138.996093034744, 8921.76725101471, 10702.639585971832, 12507.394548416138, 14231.366706848145, 16019.892003774643, 17816.44470310211, 19598.29476737976, 21380.62147450447, 23123.764510393143, 24922.917437553406, 26671.892092704773, 28432.83109498024, 30214.650641441345, 31976.616428375244, 33777.736867666245, 35561.50323057175, 37338.12078523636, 39102.255100250244, 40879.677441358566, 42671.109962940216, 44468.627671957016, 46217.34216785431, 47991.8585627079, 49784.968276023865, 51591.811789274216, 53360.38732671738, 55124.92128443718, 56928.484419345856, 58723.111125707626, 60502.84905338287, 62246.39553618431, 64037.271958351135, 65794.97815203667, 67530.71447086334, 69285.60727643967, 71101.72314667702, 72885.49406957626, 74650.90841507912, 76431.33299899101, 78199.60217642784, 79956.80368232727, 81726.93772745132, 83530.01996922493, 85306.1421611309, 87090.8144710064, 88873.05149030685, 90659.37817406654, 92439.88152742386, 94220.45769691467, 96016.96993422508, 97827.80038309097, 99637.09250307083, 101427.52165555954, 103187.08429479599, 104965.51170897484, 106756.99364352226, 108549.79835057259, 110348.28004169464, 112079.75519323349, 113845.6570956707, 115602.86880326271, 117396.17022871971, 119197.38730669022, 120982.78384757042, 122772.0380795002, 124570.05412650108, 126357.80074095726, 128151.37602806091, 129932.26400208473, 131722.28788924217, 133517.1637392044, 135319.7413597107, 137115.2108836174, 138876.48455119133, 140665.99701404572, 142451.94800257683, 144201.187292099, 145986.0431511402, 147771.18365693092, 149548.75780701637, 151349.4589059353, 153131.96756076813, 154903.20116329193, 156687.79000735283, 158467.27470612526, 160272.7812550068, 162061.91916322708, 163878.05539774895, 165672.7915301323, 167439.8346016407, 169223.19288158417, 171021.7922618389, 172800.5169324875, 174526.25867390633, 176290.36312270164, 178079.3881444931, 179853.62014341354, 181632.8063533306, 183448.2724750042, 185237.7061727047], "timesteps_eval": [1020000, 2040000, 3060000, 4080000, 5100000, 6120000, 7140000, 8160000, 9180000, 10200000, 11220000, 12240000, 13260000, 14280000, 15300000, 16320000, 17340000, 18360000, 19380000, 20400000, 21420000, 22440000, 23460000, 24480000, 25500000, 26520000, 27540000, 28560000, 29580000, 30600000, 31620000, 32640000, 33660000, 34680000, 35700000, 36720000, 37740000, 38760000, 39780000, 40800000, 41820000, 42840000, 43860000, 44880000, 45900000, 46920000, 47940000, 48960000, 49980000, 51000000, 52020000, 53040000, 54060000, 55080000, 56100000, 57120000, 58140000, 59160000, 60180000, 61200000, 62220000, 63240000, 64260000, 65280000, 66300000, 67320000, 68340000, 69360000, 70380000, 71400000, 72420000, 73440000, 74460000, 75480000, 76500000, 77520000, 78540000, 79560000, 80580000, 81600000, 82620000, 83640000, 84660000, 85680000, 86700000, 87720000, 88740000, 89760000, 90780000, 91800000, 92820000, 93840000, 94860000, 95880000, 96900000, 97920000, 98940000, 99960000, 100980000, 102000000, 103020000, 104040000, 105060000, 106080000]}