{"incumbents": [270.0, 491.0, 543.0, 423.5, 285.0, 270.0, 175.0, 206.5, 270.0, 546.5, 423.5, 436.0, 270.0, 385.0, 198.0, 181.0, 353.5, 335.0, 454.0, 331.0, 270.0, 397.5, 593.0, 270.0, 562.5, 400.5, 518.0, 474.5, 452.0, 526.5, 543.5, 401.5, 494.5, 454.5, 270.0, 574.0, 423.5, 512.0, 454.5, 189.5, 336.5, 271.5, 400.0, 270.0, 285.0, 385.0, 270.0, 324.0, 310.5, 332.5, 377.5, 285.0, 285.0, 270.0, 270.0, 270.0, 285.0, 270.0, 218.5, 270.0, 338.5, 270.0, 316.5, 461.0, 417.0, 270.0, 285.0, 270.0, 270.0, 270.0, 234.5, 260.5, 270.0, 285.0, 270.0, 270.0, 270.0, 192.5, 329.0, 245.0, 270.0, 297.5, 504.5, 199.5, 281.5, 308.0, 333.5, 317.5, 270.0, 285.0, 285.0, 248.5, 285.0, 271.0, 270.0, 311.0, 270.0, 285.0, 193.5, 270.0, 270.0, 263.0, 270.0, 276.5, 265.5, 148.0, 241.0, 224.5], "wallclock_time_eval": [5652.5212597846985, 11417.087679386139, 17097.684836149216, 22749.562332630157, 28654.853801965714, 34278.94430208206, 40120.509721279144, 45948.3019797802, 51625.7143805027, 57416.16227865219, 63167.59052205086, 68768.12934374809, 74424.50921344757, 80163.94250917435, 85893.6173119545, 91642.90489649773, 97396.89691567421, 103177.14185500145, 108931.14993715286, 114580.05712676048, 120283.19897675514, 126070.57415986061, 131882.04793477058, 137614.72461867332, 143333.08775687218, 149061.70153427124, 154762.45316457748, 160424.91667485237, 166174.35003113747, 172417.97908616066, 178141.1016242504, 183889.14254069328, 189564.46346879005, 195281.14553308487, 200943.45828914642, 206656.406935215, 212441.06935429573, 218160.32838249207, 223901.47408628464, 229688.16607689857, 235647.40427923203, 241332.0721027851, 247022.06398653984, 252628.9199230671, 258342.8166027069, 263984.7497048378, 269645.42941856384, 275420.3765594959, 281144.17226958275, 286928.0428659916, 292604.5245940685, 298369.26409721375, 304079.8314590454, 309755.2293381691, 315381.8268930912, 321100.28395199776, 326850.84314227104, 332513.4729940891, 338303.2147901058, 343997.3073477745, 349709.59296131134, 355356.90867209435, 361042.56044244766, 366810.6217081547, 372569.58449316025, 378216.7261798382, 384065.4411120415, 389709.98572707176, 395344.14477705956, 401063.08455729485, 406943.93094182014, 412696.8535246849, 418830.6824605465, 424566.81889271736, 430261.33110666275, 435956.72183156013, 448042.58740878105, 454038.6997001171, 459796.2040374279, 465737.55253458023, 471517.58646440506, 477379.22009277344, 483149.09179496765, 488990.7633872032, 494733.017277956, 500514.75278520584, 506301.4039158821, 512134.7647213936, 517831.2214100361, 523658.45043611526, 529397.0569870472, 535207.4940207005, 541021.9104132652, 546677.4927675724, 552357.9243147373, 558167.2352359295, 563901.5049200058, 569669.7269694805, 575438.8175959587, 581099.0751738548, 586755.5244774818, 592605.712485075, 598234.0598368645, 604041.5686564445, 609918.5951180458, 615748.1121759415, 621539.4434700012, 627357.0047922134], "timesteps_eval": [1606076, 3187020, 4788740, 6389144, 8003950, 9609681, 11209568, 12810572, 14421832, 16004687, 17600910, 19200625, 20810164, 22417830, 24022374, 25627255, 27224784, 28818302, 30419588, 32016781, 33627491, 35213849, 36806123, 38414563, 40006703, 41600625, 43200428, 44793562, 46382322, 47985480, 49585906, 51181538, 52778560, 54371885, 55981625, 57577747, 59168353, 60764423, 62353959, 63957328, 65563938, 67175584, 68774988, 70382618, 71985495, 73588744, 75198403, 76802945, 78409701, 80016430, 81619397, 83235976, 84850674, 86456712, 88056448, 89667444, 91280493, 92889942, 94492061, 96099172, 97703977, 99314300, 100915350, 102505969, 104095165, 105705595, 107306290, 108918693, 110522591, 112134645, 113736525, 115338205, 116947924, 118557299, 120166539, 121775616, 123384283, 124984816, 126588820, 128192495, 129803327, 131402198, 133004206, 134607345, 136208617, 137809549, 139412524, 141018089, 142626805, 144225876, 145840683, 147443359, 149044312, 150652717, 152264514, 153864444, 155468110, 157082110, 158681825, 160293107, 161897609, 163499452, 165107544, 166706141, 168304397, 169906364, 171510637, 173110549]}