{"incumbents": [500.0, 500.0, 500.0, 500.0, 500.0, 500.0, 500.0, 500.0, 500.0, 500.0, 500.0, 500.0, 500.0, 500.0, 500.0, 500.0, 500.0, 500.0, 500.0, 500.0, 500.0, 500.0, 500.0, 500.0, 500.0, 500.0, 500.0, 500.0, 500.0, 500.0, 500.0, 500.0, 500.0, 500.0, 500.0, 500.0, 500.0, 500.0, 500.0, 500.0, 500.0, 500.0, 500.0, 500.0, 500.0, 500.0, 500.0, 500.0, 500.0, 500.0, 500.0, 500.0, 500.0, 500.0, 500.0, 500.0, 500.0, 500.0, 500.0, 500.0, 500.0, 500.0, 500.0, 500.0, 500.0, 500.0, 500.0, 500.0, 500.0, 500.0, 500.0, 500.0, 500.0, 500.0, 500.0, 500.0, 500.0, 500.0, 500.0, 500.0, 500.0, 500.0, 500.0, 500.0, 500.0, 500.0, 500.0, 500.0, 500.0, 500.0, 500.0, 500.0, 500.0, 500.0, 500.0, 500.0, 500.0, 500.0, 500.0, 500.0, 500.0, 500.0, 500.0, 500.0, 500.0, 500.0, 500.0, 500.0], "wallclock_time_eval": [1862.3029687404633, 3484.1160130500793, 5348.779140472412, 7180.022168874741, 8992.50043463707, 10635.433233261108, 12524.910705804825, 14224.095564126968, 16075.783935785294, 17941.27082324028, 19803.615665197372, 21650.60178875923, 23448.65463256836, 25291.145196199417, 27089.760704517365, 28886.20465183258, 30747.23771905899, 32519.215262174606, 34272.61397457123, 36095.64717698097, 37974.429691553116, 39848.56968688965, 41727.01045823097, 43584.26067733765, 45388.01477885246, 47208.85646414757, 49035.33230471611, 50848.398020505905, 52717.44402742386, 54586.56853222847, 56468.81589794159, 58326.60403203964, 60162.463356256485, 61971.56436562538, 63842.301119565964, 65716.83820104599, 67589.37165570259, 69416.6607003212, 71236.1192457676, 73086.13713121414, 74894.4721250534, 76683.75582671165, 78483.35916471481, 80313.2171099186, 82143.60990691185, 84002.61085367203, 85864.22623085976, 87709.25294852257, 89546.27961730957, 91403.3587565422, 93262.04527688026, 95083.2495071888, 96944.16855788231, 98700.1405582428, 100500.83516788483, 102329.30777907372, 104122.91775465012, 105889.6007232666, 107684.45249438286, 109497.16067290306, 111350.52166247368, 113135.58699822426, 114929.17190408707, 116715.37353825569, 118488.58189368248, 120283.36265087128, 122040.2224919796, 123852.1252439022, 125682.97002887726, 127405.05136489868, 129217.98439645767, 131014.02777147293, 132747.70403504372, 134546.51699209213, 136350.51951265335, 137993.14984631538, 139780.01194739342, 141584.31921482086, 143394.1485850811, 145124.65595293045, 146857.59331703186, 148575.63315105438, 150374.78637170792, 152191.29448652267, 153861.2423839569, 155508.99390411377, 157328.89603304863, 159167.74790024757, 160978.68371248245, 162639.56893897057, 164377.04285168648, 166100.22719168663, 167840.75670075417, 169476.20875954628, 171123.5396695137, 172781.39032626152, 174474.14349484444, 176155.0028810501, 177834.4965119362, 179503.97977399826, 181165.32659506798, 182822.7286887169, 184424.84381461143, 186075.7473063469, 187705.3837811947, 189368.08225107193, 190995.8899796009, 192631.42534208298], "timesteps_eval": [1000595, 2023994, 3026434, 4029384, 5031710, 6055108, 7055308, 8067707, 9068075, 10068465, 11068271, 12068953, 13069244, 14068862, 15087365, 16093686, 17095119, 18113622, 19130398, 20135581, 21135992, 22137102, 23137153, 24137332, 25142633, 26145409, 27145944, 28146397, 29146781, 30147585, 31148327, 32149246, 33154242, 34162032, 35161994, 36162242, 37161966, 38162467, 39162339, 40162497, 41179468, 42196439, 43213410, 44223226, 45224323, 46234411, 47236255, 48238582, 49247216, 50249992, 51252130, 52252596, 53254303, 54271079, 55277797, 56279136, 57295891, 58312671, 59327253, 60329474, 61330974, 62345556, 63362332, 64379112, 65393694, 66412197, 67428952, 68438733, 69446546, 70463326, 71480081, 72489351, 73502140, 74503444, 75508006, 76531404, 77536700, 78535801, 79543103, 80554147, 81565141, 82578476, 83579656, 84585101, 85606923, 86630324, 87631365, 88633683, 89638988, 90656757, 91669001, 92685387, 93697417, 94720815, 95744135, 96767533, 97784071, 98807477, 99830880, 100854680, 101878085, 102901483, 103925283, 104949083, 105972880, 106996680, 108020478, 109044272]}