{"incumbents": [329.0, 329.0, 329.0, 329.0, 329.0, 329.0, 329.0, 329.0, 329.0, 329.0, 329.0, 329.0, 329.0, 329.0, 329.0, 329.0, 329.0, 329.0, 329.0, 329.0, 329.0, 329.0, 329.0, 329.0, 329.0, 329.0, 329.0, 329.0, 329.0, 329.0, 329.0, 329.0, 329.0, 329.0, 329.0, 329.0, 329.0, 329.0, 329.0, 329.0, 329.0, 329.0, 329.0, 329.0, 329.0, 329.0, 329.0, 329.0, 329.0, 329.0, 329.0, 329.0, 329.0, 329.0, 329.0, 329.0, 329.0, 329.0, 329.0, 329.0, 329.0, 329.0, 329.0, 329.0, 329.0, 329.0, 329.0, 329.0, 329.0, 329.0, 329.0, 329.0, 329.0, 329.0, 329.0, 329.0, 329.0, 329.0, 329.0, 329.0, 329.0, 329.0, 329.0, 329.0, 329.0, 329.0, 329.0, 329.0, 329.0, 329.0, 329.0, 329.0, 329.0, 329.0, 329.0, 329.0, 329.0, 329.0, 329.0, 329.0], "wallclock_time_eval": [2847.8941943645477, 5750.702115774155, 8658.275797843933, 11665.150377035141, 14834.642954826355, 17908.147791862488, 21112.57135605812, 24196.93194413185, 27063.962852478027, 30063.091351509094, 32941.96947431564, 36033.11404752731, 39172.128067970276, 42116.84194421768, 45012.44992375374, 48108.5830988884, 51226.217958927155, 54384.69582462311, 57305.63868570328, 61250.52101683617, 64335.28672981262, 67355.947275877, 70409.80038499832, 73466.00692939758, 76484.90773558617, 79412.056204319, 82497.43554353714, 85467.38868355751, 88529.70516943932, 91472.32201695442, 94392.76086354256, 97408.27863097191, 100484.79125142097, 103479.55356860161, 106619.91022706032, 109668.69223427773], "timesteps_eval": [967201, 1921394, 2872528, 3819527, 4803493, 5780008, 6763400, 7722651, 8695722, 9661032, 10642991, 11610381, 12591712, 13554918, 14507273, 15485624, 16466477, 17448705, 18401695, 19380344, 20355995, 21323144, 22288444, 23251764, 24205886, 25165942, 26133090, 27095858, 28064026, 29012959, 29964297, 30939392, 31910962, 32859577, 33826977, 34786877]}