{"incumbents": [-200.0, -200.0, -200.0, -200.0, -200.0, -200.0, -200.0, -200.0, -200.0, -200.0, -200.0, -200.0, -200.0, -200.0, -200.0, -200.0, -200.0, -200.0, -200.0, -200.0, -200.0, -200.0, -200.0, -200.0, -200.0, -200.0, -200.0, -200.0, -200.0, -200.0, -200.0, -200.0, -200.0, -200.0, -200.0, -200.0, -200.0, -200.0, -200.0, -200.0, -200.0, -200.0, -200.0, -200.0, -200.0, -200.0, -200.0, -200.0, -200.0, -200.0, -200.0, -200.0, -200.0, -200.0, -200.0, -200.0, -200.0, -200.0, -200.0, -200.0, -200.0, -200.0, -200.0, -200.0, -200.0, -200.0, -200.0, -200.0, -200.0, -200.0, -200.0, -200.0, -200.0, -200.0, -200.0, -200.0, -200.0, -200.0, -200.0, -200.0, -200.0, -200.0, -200.0, -200.0, -200.0, -200.0, -200.0, -200.0, -200.0, -200.0, -200.0, -200.0, -200.0, -200.0, -200.0, -200.0, -200.0, -200.0, -200.0, -200.0], "wallclock_time_eval": [1936.6709504127502, 3847.9437470436096, 5793.7321190834045, 7731.635833740234, 9649.160430908203, 11585.462375879288, 13510.94617486, 15381.115419149399, 17256.11451625824, 19198.67694735527, 21084.204790592194, 23018.276043891907, 24965.4821228981, 26891.89981651306, 28826.597756385803, 30773.114254951477, 32699.21736741066, 34647.949739694595, 36575.62756228447, 38509.64672803879, 40381.87317800522, 42306.77254533768, 44175.39890193939, 46122.65907788277, 48055.085772037506, 49985.86464858055, 51937.90977168083, 53866.69350671768, 55763.84015250206, 57716.01059103012, 59665.02865576744, 61622.02227449417, 63573.636914253235, 65516.82852649689, 67460.5080845356, 69375.64459824562], "timesteps_eval": [1000000, 2000000, 3000000, 4000000, 5000000, 6000000, 7000000, 8000000, 9000000, 10000000, 11000000, 12000000, 13000000, 14000000, 15000000, 16000000, 17000000, 18000000, 19000000, 20000000, 20999972, 21999972, 22999972, 23999972, 24999972, 25999972, 26999972, 27999972, 28999972, 29999972, 30999972, 31999972, 32999972, 33999972, 34999972, 35999972]}