{"incumbents": [-1343.9927485, -997.0295471, -1433.6162210999998, -1454.2110479, -1471.0215563, -1402.4245824000002, -1455.6338712000002, -1304.4855867, -1540.1865743, -1327.651585, -1416.2185055000002, -876.256702, -1337.3971434, -1357.7123916, -1324.3251625, -1282.1046988, -1312.4582217999998, -1492.3166388, -1151.2444873999998, -1126.5773944, -916.5762179000001, -1170.5693939999999, -1084.2732406, -1187.7666976, -1308.4851672999998, -1718.8340625999997, -995.5487249999999, -1113.439746, -1357.040345, -1555.5684124000002, -701.6244718999999, -1160.0789484000002, -1000.4574083, -1057.3817165, -1307.9780751, -1140.0212084999998, -1140.0212084999998, -1140.0212084999998, -1140.0212084999998, -1140.0212084999998, -1140.0212084999998, -1140.0212084999998, -1140.0212084999998, -1140.0212084999998, -1140.0212084999998, -1140.0212084999998, -1140.0212084999998, -1140.0212084999998, -1140.0212084999998, -1140.0212084999998, -1140.0212084999998, -1140.0212084999998, -1140.0212084999998, -1140.0212084999998, -1140.0212084999998, -1140.0212084999998, -1140.0212084999998, -1140.0212084999998, -1140.0212084999998, -1140.0212084999998, -1140.0212084999998, -1140.0212084999998, -1140.0212084999998, -1140.0212084999998, -1140.0212084999998, -1140.0212084999998, -1140.0212084999998, -1140.0212084999998, -1140.0212084999998, -1140.0212084999998, -1140.0212084999998, -1140.0212084999998, -1140.0212084999998, -1140.0212084999998, -1140.0212084999998, -1140.0212084999998, -1140.0212084999998, -1140.0212084999998, -1140.0212084999998, -1140.0212084999998, -1140.0212084999998, -1140.0212084999998, -1140.0212084999998, -1140.0212084999998, -1140.0212084999998, -1140.0212084999998, -1140.0212084999998, -1140.0212084999998, -1140.0212084999998, -1140.0212084999998, -1140.0212084999998, -1140.0212084999998, -1140.0212084999998, -1140.0212084999998, -1140.0212084999998, -1140.0212084999998, -1140.0212084999998, -1140.0212084999998, -1140.0212084999998, -1140.0212084999998], "wallclock_time_eval": [1985.760235786438, 3978.191467523575, 5946.263510942459, 7922.968254566193, 9883.495730161667, 11863.396874904633, 13833.949630737305, 15805.997200012207, 17706.440901756287, 19689.53002524376, 21635.93984103203, 23611.239760637283, 25593.7072160244, 27570.075293779373, 29547.665493249893, 31551.697161197662, 33545.669204473495, 35535.597397089005, 37516.15760421753, 39493.63941812515, 41439.32697224617, 43410.45066690445, 45388.494653224945, 47374.374213695526, 49340.950682640076, 51321.892026901245, 53282.29212164879, 55260.422053813934, 57217.44296646118, 59163.25163435936, 61125.79745197296, 63161.78733062744, 65126.42837142944, 67119.6716325283, 69106.9576330185, 71076.973498106], "timesteps_eval": [1000000, 2000000, 3000000, 4000000, 5000000, 6000000, 7000000, 8000000, 9000000, 10000000, 11000000, 12000000, 13000000, 14000000, 15000000, 16000000, 17000000, 18000000, 19000000, 20000000, 21000000, 22000000, 23000000, 24000000, 25000000, 26000000, 27000000, 28000000, 29000000, 30000000, 31000000, 32000000, 33000000, 34000000, 35000000, 36000000]}