{"incumbents": [28.7, 0.0, 30.0, 0.0, 30.0, 30.0, 30.0, 30.0, 30.0, 30.0, 30.0, 30.0, 0.0, 58.3, 34.3, 41.8, 38.9, 13.0, 25.7, 29.0, 50.7, 14.4, 29.4, 0.0, 9.6, 35.5, 58.8, 22.6, 30.5, 31.9, 32.5, 30.0, 30.0, 17.1, 30.0, 30.0, 15.0, 0.0, 30.0, 0.0, 27.0, 30.0, 24.8, 49.4, 0.0, 38.2, 30.0, 30.0, 29.4, 30.0, 30.0, 25.1, 0.0, 44.8, 34.7, 20.0, 29.4, 30.0, 27.0, 30.0, 33.7, 30.3, 4.2, 30.0, 30.0, 30.0, 0.0, 30.0, 30.0, 0.0, 0.0, 16.5, 0.0, 0.0, 0.0, 0.0, 0.0, 0.0, 0.0, 30.0, 30.0, 30.0, 30.0, 0.0, 0.0, 0.0, 0.0, 0.0, 0.0, 3.0, 0.0, 0.0, 0.0, 0.0, 27.7, 0.0, 0.0, 0.0, 0.0, 0.0, 0.0, 0.0, 0.0, 0.0], "wallclock_time_eval": [6803.292684793472, 15716.173803329468, 21527.877600193024, 27317.855400800705, 33199.272033691406, 39059.10256290436, 45494.42509508133, 51452.837468624115, 57431.183138132095, 63361.92405509949, 69181.69205927849, 75041.53817653656, 80867.4204545021, 86992.85151457787, 93680.66685342789, 99605.67987418175, 105970.56163024902, 114276.18797469139, 121167.5969722271, 127926.74197745323, 134985.1850914955, 143569.58932638168, 151750.37010765076, 160676.82811450958, 169206.00290560722, 175722.07455801964, 182135.07840919495, 189276.6566233635, 196280.30757641792, 203524.64759492874, 210631.61442565918, 217375.55181264877, 223214.4592101574, 231781.7830889225, 237638.70256853104, 243518.89485025406, 251202.423183918, 258323.72338986397, 264144.1694242954, 273001.2976653576, 279911.7592778206, 286218.88436722755, 294487.8468430042, 303029.4145040512, 312010.3698172569, 319502.64722776413, 325965.1063797474, 332559.80062389374, 338989.7475891113, 344907.8428285122, 351339.32634902, 359380.5817217827, 368345.1343278885, 374671.50835847855, 381696.7446260452, 389262.6799683571, 396673.35865449905, 402521.41599202156, 409935.15856289864, 415913.44256544113, 422956.749171257, 430284.4263448715, 438608.0428299904, 444435.8824632168, 450237.1029291153, 456105.2864019871, 465038.1089346409, 471179.39642834663, 477034.2871847153, 485991.1681280136, 494910.1505703926, 502776.81405711174, 511679.1921157837, 518083.71733140945, 523956.50649023056, 532907.2996611595, 539994.9471263885, 548909.0685062408, 554631.0443584919, 560512.8210971355, 566411.3688876629, 572235.8622334003, 578003.1508500576, 583758.2598879337, 589539.8064570427, 598452.2824981213, 607523.5956206322, 616482.2782754898, 625395.0381202698, 634097.4983673096, 639843.5935103893, 648794.6414570808, 657712.0358810425, 666629.1102097034, 674323.4319622517, 682106.7442455292, 689488.3067286015, 695211.8748326302, 704117.6765801907, 710297.6721930504, 716079.4452774525, 724555.5615200996, 730275.0380387306, 736013.962759018], "timesteps_eval": [1137815, 2223780, 3368352, 4748483, 5894865, 7040353, 8180426, 9323342, 10466518, 11612869, 12759031, 13904667, 15102538, 16244713, 17372004, 18505926, 19631690, 20782656, 21912618, 23058659, 24205699, 25338417, 26562347, 27792422, 29036600, 30164456, 31315577, 32456946, 33590200, 34737112, 35882595, 37029007, 38174990, 39322505, 40466512, 41612787, 42890584, 44046736, 45190679, 46480252, 47624563, 48763700, 49914572, 51055014, 52282330, 53415775, 54555710, 55702907, 56846684, 57993796, 59133713, 60274002, 61385613, 62526160, 63677484, 64830086, 65970755, 67117082, 68269419, 69412391, 70538419, 71679449, 72802302, 73946245, 75090869, 76235509, 77255315, 78403344, 79548023, 80776644, 82115472, 83236118, 84380096, 85699081, 87222563, 88504531, 89878490, 91236053, 92777032, 93922103, 95063711, 96208351, 97359436, 98798437, 100296790, 101118950, 102421934, 103707960, 104508421, 105674012, 107235635, 108563738, 109744686, 110790228, 111943680, 113112361, 114449643, 115927268, 116847281, 118337763, 119695917, 120925360, 122440164, 123907525]}