{"incumbents": [-1.0, -1.0, -1.0, -1.0, -1.0, -1.0, -1.0, -1.0, -1.0, -1.0, -1.0, -1.0, -1.0, -1.0, -1.0, -1.0, -1.0, -1.0, -1.0, -1.0, -1.0, -1.0, -1.0, -1.0, -1.0, -1.0, -1.0, -1.0, -1.0, -1.0, -1.0, -1.0, -1.0, -1.0, -1.0, -1.0, -1.0, -1.0, -1.0, -1.0, -1.0, -1.0, -1.0, -1.0, -1.0, -1.0, -1.0, -1.0, -1.0, -1.0, -1.0, -1.0, -1.0, -1.0, -1.0, -1.0, -1.0, -1.0, -1.0, -1.0, -1.0, -1.0, -1.0, -1.0, -1.0, -1.0, -1.0, -1.0, -1.0, -1.0, -1.0, -1.0, -1.0, -1.0, -1.0, -1.0, -1.0, -1.0, -1.0, -1.0, -1.0, -1.0, -1.0, -1.0, -1.0, -1.0, -1.0, -1.0, -1.0, -1.0, -1.0, -1.0, -1.0, -1.0, -1.0, -1.0, -1.0, -1.0, -1.0, -1.0], "wallclock_time_eval": [8979.258402347565, 17989.769283294678, 26008.472792625427, 34605.25821375847, 43157.20437502861, 52182.77827215195, 59769.152978658676, 64082.03362774849, 68536.72338342667, 78421.2784588337, 82908.80809283257, 91898.8149189949, 100139.61202645302, 109283.45206427574, 115154.1258225441, 124232.82201886177, 130065.80121803284, 139012.54323673248, 147373.11150312424, 156430.82022190094, 165577.77474594116, 173941.9682443142, 184419.14462924004, 193409.42268657684, 200895.80177259445, 210002.65865588188, 215164.40891313553, 224370.78188824654, 233207.24704265594, 241311.88102579117, 250528.26625990868, 261181.26172971725, 270303.54352378845, 279414.94206643105, 288413.7941570282, 297515.31799316406], "timesteps_eval": [587413, 859067, 1314491, 2160645, 2170518, 3019583, 3481750, 4286262, 5177766, 5187568, 6072998, 6308470, 7020806, 7267731, 7277306, 7287284, 7296859, 7603638, 7948106, 8230476, 8671913, 9397488, 9405965, 10006049, 10643202, 10928442, 11626095, 12503036, 12934619, 13713597, 14568492, 14578470, 14984442, 15416200, 16264789, 17136032]}