{"incumbents": [-1.0, -1.0, -1.0, -1.0, -24.0, -24.0, -3.3, -23.5, -24.0, -2.2, -1.0, -1.0, -1.0, -1.0, -1.0, -1.0, -1.0, -1.0, -1.8, -1.1, -0.8, -1.0, -1.0, -1.0, -1.1, -1.3, -1.0, -1.0, -1.9, -1.2, -1.0, -1.0, -1.0, -1.0, -1.0, -1.0, -1.7, -1.0, -1.0, -1.1, -1.0, -1.5, -1.4, -2.0, -1.9, -1.0, -1.0, -1.0, -1.0, -1.0, -1.0, -2.4, -3.1, -1.6, -1.0, -1.0, -1.0, -1.0, -1.0, -23.8, -1.0, -1.0, -1.0, -1.0, -1.0, -1.0, -1.0, -1.0, -1.0, -1.0, -1.0, -1.0, -1.0, -24.0, -1.0, -1.0, -2.2, -1.0, -1.0, -1.0, -3.4, -1.1, -1.3, -1.3, -1.0, -1.0, -1.0, -24.0, -24.0, -1.0, -23.5, -1.3, -2.6, -3.1, -1.0, -2.9, -1.4, -24.0, -1.0, -1.0, -1.0, -1.0, -1.0, -24.0], "wallclock_time_eval": [11858.040920972824, 23618.256684303284, 35461.25641655922, 47079.01081800461, 55283.87532877922, 62531.39785003662, 74355.05416440964, 82181.15663290024, 89348.27994513512, 101230.50935268402, 111588.5174074173, 123460.20163106918, 135267.196516037, 147061.0266199112, 155899.25081133842, 166898.4602060318, 178749.0126273632, 190626.31701135635, 202790.35453414917, 214571.01074290276, 226415.13062763214, 238284.3427915573, 250006.2960460186, 262008.4031200409, 274018.0114276409, 285833.0156054497, 297448.84215831757, 309176.16163754463, 321066.4561083317, 332869.17392253876, 344556.4280054569, 356978.10311317444, 368703.24007987976, 380514.55106568336, 392560.9751639366, 404381.1508221626, 416142.7465851307, 428617.32177329063, 440422.18276143074, 452217.7093873024, 463946.7591614723, 475785.34284448624, 487652.3791041374, 499415.7961437702, 511659.8733277321, 523128.6500928402, 534914.5767376423, 546728.0138168335, 558527.2130892277, 570313.4741027355, 583074.689250946, 594946.5244231224, 606853.6120922565, 618706.9849834442, 630544.9313569069, 642428.892740488, 654179.1008286476, 665978.718000412, 677738.4705433846, 685333.0507028103, 696034.5045697689, 707775.131144762, 719553.2512464523, 731356.3863575459, 743107.4825158119, 754637.7457113266, 766484.5585558414, 778447.9640951157, 790341.494708538, 802076.73472929, 813797.9147014618, 825544.0620911121, 837552.3948867321, 845435.3306441307, 856554.4780349731, 868521.1447324753, 880399.0293698311, 892131.4163708687, 903766.0118505955, 915521.1438727379, 927744.0908110142, 939485.3695642948, 951350.6973967552, 963167.5444638729, 974921.5434269905, 986831.2644729614, 998615.2535400391, 1005895.6720781326, 1013674.2201907635, 1025445.9504201412, 1033847.2351765633, 1047208.8845217228, 1059021.900929451, 1071813.82509017, 1083611.0348393917, 1095537.3898792267, 1107386.7828829288, 1115415.3782057762, 1127134.8775613308, 1138681.3262703419, 1150438.6321558952, 1162253.2372801304, 1174039.301546812, 1183288.696146965], "timesteps_eval": [699876, 1391104, 2153996, 2846230, 4196643, 5649531, 6386734, 7668253, 8931554, 9648655, 10583028, 11450758, 12230253, 12960438, 13398402, 14113923, 14828513, 15545329, 16253328, 16952787, 17660739, 18417168, 19130458, 19879566, 20579231, 21293474, 21999710, 22745353, 23440310, 24125522, 24822367, 25057667, 25760522, 26503063, 27266347, 28021738, 28730245, 29932321, 30632161, 31334696, 32036667, 32748316, 33451347, 34156322, 34339839, 35038194, 35764636, 36457248, 37189544, 37933668, 38076567, 38772668, 39472012, 40164205, 40861936, 41138501, 41843870, 42544112, 43255786, 44612737, 45423097, 46150849, 46852995, 47555555, 48247948, 48961160, 49703701, 50457035, 51206596, 51948700, 52658311, 53400415, 54140421, 54997796, 55272894, 56387918, 57074420, 57864335, 58624128, 59367683, 59578326, 60275497, 60984040, 61702490, 62406153, 63177690, 63946419, 65088845, 66433900, 67192016, 68360093, 68559461, 69269284, 69552518, 70300293, 71067636, 71828159, 73006596, 73746137, 74538608, 75262627, 75980621, 76740740, 77628146]}