{"incumbents": [-1.0, -1.0, -1.3, -1.1, -1.0, -1.0, -24.0, -1.0, -1.0, -1.0, -1.0, -1.0, -1.0, -1.0, -3.1, -2.6, -3.3, -1.0, -1.0, -2.2, -1.1, -2.2, -24.0, -24.0, -23.5, -24.0, -1.0, -1.0, -1.0, -1.0, -1.0, -1.0, -1.6, -3.4, -1.0, -1.0, -0.8, -1.9, -2.0, -1.4, -1.5, -1.0, -1.1, -1.0, -1.0, -1.0, -1.0, -1.0, -1.0, -1.0, -1.0, -1.0, -1.3, -1.1, -1.0, -1.0, -1.0, -1.0, -1.0, -1.0, -1.3, -1.3, -1.0, -1.0, -1.0, -24.0, -1.0, -1.0, -24.0, -24.0, -1.0, -1.0, -23.5, -1.0, -1.0, -1.0, -1.0, -1.0, -1.0, -1.7, -1.0, -1.0, -1.0, -1.0, -1.0, -1.0, -1.0, -1.0, -1.0, -1.0, -3.1, -2.4, -1.2, -23.8, -1.0, -1.0, -1.0, -1.0, -1.0, -1.0, -1.9, -2.9, -1.0, -24.0, -1.8, -1.4, -1.0, -1.0], "wallclock_time_eval": [11737.387001037598, 23551.99212527275, 36913.64147043228, 48694.29767918587, 60571.602063179016, 72424.64298415184, 81674.03758430481, 93473.23685669899, 105192.73621225357, 114530.62254524231, 126316.68681192398, 137863.13552093506, 149620.44140648842, 161394.81983470917, 174186.74399542809, 185999.76040315628, 197823.4167175293, 209569.56410717964, 221347.68420886993, 233229.91361641884, 244971.19236969948, 256849.07700705528, 264096.5995283127, 272301.4640390873, 280127.5665075779, 287294.6898198128, 299101.6847047806, 309459.69275951385, 321331.37698316574, 333125.20708703995, 344124.4164817333, 352962.64067316055, 364816.0135643482, 377038.9605026245, 388798.7130455971, 400636.65941905975, 412480.77930378914, 424724.856487751, 436488.2735273838, 448355.309787035, 460193.8934700489, 471662.670235157, 483458.1968610287, 495351.72747445107, 507156.5884625912, 519917.8036108017, 531720.9387218952, 543507.1997354031, 555470.6052746773, 567892.2803823948, 579614.2336368561, 591230.060189724, 603045.0643675327, 615054.6726751328, 626905.2250964642, 638656.3212547302, 650186.5844502449, 662033.3972947598, 673917.3586783409, 685604.6127612591, 697469.9405937195, 709286.7876608372, 721015.8374350071, 732633.5918364525, 744387.5907995701, 752270.5265569687, 763389.6739478111, 775356.3406453133, 782636.7591834068, 790415.3072960377, 802187.0375254154, 814195.3703210354, 822596.6550774574, 834506.3761234283, 846261.5081455708, 858002.1347205639, 869815.5717997551, 881601.4984445572, 894076.0736327171, 905837.6693956852, 917562.8063623905, 929283.9863345623, 941095.2973203659, 953141.7214186192, 964961.8970768452, 976697.1370975971, 988424.4565768242, 1000293.6687407494, 1012136.6684730053, 1024138.7755470276, 1036045.8632161617, 1047917.6983883381, 1059720.4162025452, 1067314.996361971, 1079114.6135337353, 1089816.067400694, 1101450.6628804207, 1113200.8709685802, 1124961.0867319107, 1136758.2964811325, 1148648.5909519196, 1160574.9459917545, 1172358.9350588322, 1180387.5303816795, 1192551.5679044724, 1204400.9609081745, 1215829.196480751, 1225118.2841265202], "timesteps_eval": [789915, 1507909, 1707277, 2406736, 3123552, 3823428, 4710834, 5443130, 6182671, 7030494, 7790613, 8583084, 9307103, 10067222, 10350456, 11060279, 11797482, 12539586, 13241732, 13958833, 14656004, 15342506, 16795394, 18145807, 19427326, 20690627, 21470122, 22404495, 23272225, 24002410, 24717931, 25155895, 25848088, 26058731, 26770405, 27468136, 28176088, 28359605, 29064580, 29767611, 30479260, 31177615, 31880150, 32629711, 33329551, 33472450, 34175010, 34919134, 35672468, 35907768, 36621058, 37327294, 38041537, 38741202, 39455792, 40148185, 40861397, 41603938, 41880503, 42577348, 43285891, 44004341, 44706312, 45398546, 46102209, 46959584, 47234682, 48349706, 49492132, 50837187, 51595303, 52335309, 53503386, 54274923, 55018478, 55746230, 56438842, 57165284, 58367360, 59075867, 59778722, 60488333, 61230874, 61994158, 62749549, 63491653, 64237296, 64993725, 65756617, 66505725, 67205069, 67901170, 68586382, 69943333, 70643575, 71453935, 72213728, 72919097, 73610325, 74358100, 75053057, 75820400, 76589129, 77767566, 78475565, 79236088, 79986890, 80842087]}