{"incumbents": [842.0, 2462.0, 2609.0, 2609.0, 2609.0, 3054.0, 4404.0, 4404.0, 4404.0, 4409.0, 4409.0, 4409.0, 4983.0, 4983.0, 4983.0, 5583.0, 5583.0, 5583.0, 5583.0, 5583.0, 5583.0, 5583.0, 5583.0, 5583.0, 5583.0, 5583.0, 5583.0, 5583.0, 5583.0, 5583.0, 5583.0, 5583.0, 5583.0, 5583.0, 5583.0, 5583.0, 5583.0, 5583.0, 5583.0, 5583.0, 5588.0, 5659.0, 5659.0, 5659.0, 5659.0, 5659.0, 5659.0, 5659.0, 5659.0, 5659.0, 5659.0, 5659.0, 5659.0, 5659.0, 5659.0, 5659.0, 5659.0, 5659.0, 5659.0, 5659.0, 5659.0, 5659.0, 5659.0, 5659.0, 5659.0, 5659.0, 5659.0, 5659.0, 5659.0, 5659.0, 5659.0, 5659.0, 5659.0, 5659.0, 5659.0, 5659.0, 5659.0, 5659.0, 5659.0, 5659.0, 5659.0, 5659.0, 5659.0, 5659.0, 5659.0, 5659.0, 5659.0, 5659.0, 5659.0, 5659.0, 5659.0, 5659.0, 5659.0, 5659.0, 5659.0, 5659.0, 5659.0, 5659.0, 5659.0, 5659.0, 5659.0, 5659.0, 5659.0, 5659.0, 5659.0, 5659.0, 5659.0, 5659.0], "wallclock_time_eval": [6214.398215055466, 12592.757071256638, 19409.87201857567, 25901.316705942154, 32180.095685243607, 38556.36043834686, 44965.772205114365, 51264.76968216896, 57642.17277598381, 64583.00725364685, 70895.55956244469, 77274.71615886688, 83791.75566196442, 90260.62768006325, 96601.32771706581, 103415.07686257362, 109993.23690056801, 116493.03645205498, 123069.09276723862, 129460.7394528389, 135889.21514582634, 142578.3107612133, 149312.85077285767, 156030.58199954033, 162924.60965633392, 169313.3493463993, 175651.09435653687, 182166.01517772675, 188748.9003484249, 195146.6297082901, 201375.31181430817, 207884.45967817307, 214330.60877108574, 220721.87025094032, 227059.25723481178, 235548.81983041763, 242354.12896561623, 249163.85379719734, 256015.37856149673, 262546.0142226219, 269230.2553842068, 275962.64870643616, 282329.9211626053, 288728.951590538, 295137.3831601143, 301500.2387518883, 307966.57734775543, 314413.79703497887, 320746.25998592377, 327130.8153376579, 333568.32612133026, 339923.0125501156, 346331.3987195492, 352731.193887949, 359064.6009914875, 365434.7350254059, 371747.14147496223, 378020.3245725632, 384554.87260866165, 390867.8881947994, 397212.2294483185, 403773.3990867138, 410148.00055503845, 416661.77214717865, 423162.04551815987, 429547.99971961975, 435928.8161904812, 442322.04868388176, 448770.69635653496, 455145.9504776001, 461459.8487827778, 467863.5451772213, 474387.8924856186, 480558.55715823174, 494281.57108569145, 500948.4931406975, 507249.3540892601, 513561.18449664116, 520076.30531692505, 526323.0199632645, 532710.8108043671, 539302.2859816551, 545589.9774675369, 552443.666364193, 558670.0207099915, 565168.7328965664, 571442.1827368736, 577966.8387842178, 584311.6501102448, 590784.9934775829, 597153.6838741302, 603420.3858449459, 609678.1077682972, 615956.3327689171, 623062.683971405, 629335.2075431347, 636293.7346355915, 642609.6678564548, 649191.7299463749, 655450.1937320232, 661704.2055563927, 667977.9855935574, 674174.1370108128, 680418.4913246632, 687094.1773936749, 693353.1391990185, 699936.3656716347, 706482.8447935581], "timesteps_eval": [1620547, 3238873, 4835549, 6440921, 8062512, 9677165, 11289455, 12911732, 14532141, 16142376, 17762726, 19378211, 20985496, 22597330, 24216263, 25821192, 27426364, 29032533, 30634323, 32252842, 33866431, 35463280, 37058110, 38652207, 40240055, 41870980, 43478552, 45082808, 46685844, 48299224, 49927268, 51530024, 53160125, 54772813, 56389542, 58005468, 59595994, 61191274, 62783565, 64385242, 65979522, 67575143, 69192694, 70812236, 72431206, 74058471, 75666112, 77273877, 78902226, 80519979, 82128937, 83750446, 85382007, 86991335, 88603296, 90230228, 91853339, 93480824, 95082948, 96705837, 98328194, 99935758, 101564745, 103169716, 104777252, 106394883, 108024768, 109655623, 111271292, 112901399, 114522199, 116138126, 117745703, 119367835, 120984311, 122577094, 124197472, 125817507, 127422764, 129047258, 130672093, 132280434, 133902992, 135520012, 137145003, 138750909, 140370840, 141979838, 143597281, 145202090, 146821841, 148441954, 150062441, 151682799, 153291336, 154910963, 156531340, 158149222, 159757706, 161379142, 162999552, 164620636, 166240885, 167861065, 169464030, 171084329, 172701964, 174307876]}