{"incumbents": [28.7, 28.7, 30.0, 30.0, 30.0, 30.0, 30.0, 30.0, 30.0, 30.0, 30.0, 30.0, 30.0, 58.3, 58.3, 58.3, 58.3, 58.3, 58.3, 58.3, 58.3, 58.3, 58.3, 58.3, 58.3, 58.3, 58.8, 58.8, 58.8, 58.8, 58.8, 58.8, 58.8, 58.8, 58.8, 58.8, 58.8, 58.8, 58.8, 58.8, 58.8, 58.8, 58.8, 58.8, 58.8, 58.8, 58.8, 58.8, 58.8, 58.8, 58.8, 58.8, 58.8, 58.8, 58.8, 58.8, 58.8, 58.8, 58.8, 58.8, 58.8, 58.8, 58.8, 58.8, 58.8, 58.8, 58.8, 58.8, 58.8, 58.8, 58.8, 58.8, 58.8, 58.8, 58.8, 58.8, 58.8, 58.8, 58.8, 58.8, 58.8, 58.8, 58.8, 58.8, 58.8, 58.8, 58.8, 58.8, 58.8, 58.8, 58.8, 58.8, 58.8, 58.8, 58.8, 58.8, 58.8, 58.8, 58.8, 58.8, 58.8, 58.8, 58.8, 58.8], "wallclock_time_eval": [6798.292684793472, 15711.173803329468, 21522.877600193024, 27312.855400800705, 33194.272033691406, 39054.10256290436, 45489.42509508133, 51447.837468624115, 57426.183138132095, 63356.92405509949, 69176.69205927849, 75036.53817653656, 80862.4204545021, 86987.85151457787, 93675.66685342789, 99600.67987418175, 105965.56163024902, 114271.18797469139, 121162.5969722271, 127921.74197745323, 134980.1850914955, 143564.58932638168, 151745.37010765076, 160671.82811450958, 169201.00290560722, 175717.07455801964, 182130.07840919495, 189271.6566233635, 196275.30757641792, 203519.64759492874, 210626.61442565918, 217370.55181264877, 223209.4592101574, 231776.7830889225, 237633.70256853104, 243513.89485025406, 251197.423183918, 258318.72338986397, 264139.1694242954, 272996.2976653576, 279906.7592778206, 286213.88436722755, 294482.8468430042, 303024.4145040512, 312005.3698172569, 319497.64722776413, 325960.1063797474, 332554.80062389374, 338984.7475891113, 344902.8428285122, 351334.32634902, 359375.5817217827, 368340.1343278885, 374666.50835847855, 381691.7446260452, 389257.6799683571, 396668.35865449905, 402516.41599202156, 409930.15856289864, 415908.44256544113, 422951.749171257, 430279.4263448715, 438603.0428299904, 444430.8824632168, 450232.1029291153, 456100.2864019871, 465033.1089346409, 471174.39642834663, 477029.2871847153, 485986.1681280136, 494905.1505703926, 502771.81405711174, 511674.1921157837, 518078.71733140945, 523951.50649023056, 532902.2996611595, 539989.9471263885, 548904.0685062408, 554626.0443584919, 560507.8210971355, 566406.3688876629, 572230.8622334003, 577998.1508500576, 583753.2598879337, 589534.8064570427, 598447.2824981213, 607518.5956206322, 616477.2782754898, 625390.0381202698, 634092.4983673096, 639838.5935103893, 648789.6414570808, 657707.0358810425, 666624.1102097034, 674318.4319622517, 682101.7442455292, 689483.3067286015, 695206.8748326302, 704112.6765801907, 710292.6721930504, 716074.4452774525, 724550.5615200996, 730270.0380387306, 736008.962759018], "timesteps_eval": [1137815, 2223780, 3368352, 4748483, 5894865, 7040353, 8180426, 9323342, 10466518, 11612869, 12759031, 13904667, 15102538, 16244713, 17372004, 18505926, 19631690, 20782656, 21912618, 23058659, 24205699, 25338417, 26562347, 27792422, 29036600, 30164456, 31315577, 32456946, 33590200, 34737112, 35882595, 37029007, 38174990, 39322505, 40466512, 41612787, 42890584, 44046736, 45190679, 46480252, 47624563, 48763700, 49914572, 51055014, 52282330, 53415775, 54555710, 55702907, 56846684, 57993796, 59133713, 60274002, 61385613, 62526160, 63677484, 64830086, 65970755, 67117082, 68269419, 69412391, 70538419, 71679449, 72802302, 73946245, 75090869, 76235509, 77255315, 78403344, 79548023, 80776644, 82115472, 83236118, 84380096, 85699081, 87222563, 88504531, 89878490, 91236053, 92777032, 93922103, 95063711, 96208351, 97359436, 98798437, 100296790, 101118950, 102421934, 103707960, 104508421, 105674012, 107235635, 108563738, 109744686, 110790228, 111943680, 113112361, 114449643, 115927268, 116847281, 118337763, 119695917, 120925360, 122440164, 123907525]}