{"incumbents": [-23721.6, -9013.0, -9013.0, -9013.0, -9013.0, -9013.0, -9013.0, -9013.0, -9013.0, -9013.0, -9013.0, -9013.0, -9013.0, -9013.0, -9013.0, -9013.0, -9013.0, -9013.0, -9013.0, -9013.0, -9013.0, -9013.0, -9013.0, -9013.0, -9013.0, -9013.0, -9013.0, -9013.0, -9013.0, -9013.0, -9013.0, -9013.0, -9013.0, -9013.0, -9013.0, -9013.0, -9013.0, -9013.0, -9013.0, -9013.0, -9013.0, -9013.0, -9013.0, -9013.0, -9013.0, -9013.0, -9013.0, -9013.0, -9013.0, -9013.0, -9013.0, -9013.0, -9013.0, -9013.0, -9013.0, -9013.0, -9013.0, -9013.0, -9013.0, -9013.0, -9013.0, -9013.0, -9013.0, -9013.0, -9013.0, -9013.0, -9013.0, -9013.0, -9013.0, -9013.0, -9013.0, -9013.0, -9013.0, -9013.0, -9013.0, -9013.0, -9013.0, -9013.0, -9013.0, -9013.0, -9013.0, -9013.0, -9013.0, -9013.0, -9013.0, -9013.0, -9013.0, -9013.0, -9013.0, -9013.0, -9013.0, -9013.0, -9013.0, -9013.0, -9013.0, -9013.0, -9013.0, -9013.0, -9013.0, -9013.0, -9013.0, -9013.0, -9013.0, -9013.0], "wallclock_time_eval": [6433.147336244583, 12571.733633518219, 18724.385700941086, 27602.980241537094, 33727.04389858246, 39784.328712940216, 48604.30178332329, 55915.85192513466, 63497.05373907089, 72451.79238152504, 78562.51574206352, 87402.76469612122, 96457.5801422596, 105407.67001056671, 111778.76261115074, 118581.32159376144, 127608.38035798073, 133724.46927928925, 142681.159627676, 151515.9126138687, 158612.99058818817, 166906.38971543312, 173179.0116007328, 179684.4413511753, 186444.7899773121, 192562.15410614014, 198864.61526060104, 204992.860360384, 212694.88905596733, 218812.04552602768, 227711.78637075424, 236647.01566815376, 243630.61178541183, 252509.44518351555, 261441.16244864464, 269754.8779911995, 278673.4820280075, 287181.75608181953, 296092.5526509285, 304240.18987965584, 312501.34227848053, 320931.7381911278, 329887.27385401726, 336087.6129629612, 342223.65834498405, 348686.45256590843, 354760.5003647804, 363627.4959356785, 372323.155315876, 378478.1749265194, 387378.3196001053, 395774.00560188293, 404865.1463973522, 410963.1039686203, 417113.6775217056, 424302.8609588146, 430595.6593673229, 439803.14173579216, 448227.6707184315, 457100.0588943958, 465884.7552366257, 474753.6184973717, 480922.6765215397, 488992.15706038475, 497869.261305809, 505442.351770401, 514616.73259806633, 523277.74441051483, 532314.5301291943, 541212.3876657486, 547292.256680727, 553455.7500247955, 561201.6723425388, 569951.5492241383, 576276.7340760231, 585187.1814098358, 594138.6679694653, 600378.7103970051, 607042.3606774807, 613111.0199177265, 621723.4157249928, 627886.080520153, 634081.6624283791, 640380.503534317, 649346.4170217514, 656346.5499792099, 662976.3046524525, 669452.6656763554, 677314.6085751057, 684284.1989881992, 690734.4876623154, 699776.2855429649, 708324.780632019, 714486.4886510372, 720720.1958739758, 729238.7088012695, 738390.2530777454, 745007.3457584381, 751242.5790042877, 760327.3659744263, 768847.2636702061, 775317.8709309101, 781551.8540570736, 790368.4099354744], "timesteps_eval": [1465883, 2983547, 4457914, 5660300, 7177844, 8643874, 9837947, 11210357, 12569281, 13771667, 15288972, 16491358, 17680142, 18898285, 20320174, 21765532, 23076763, 24592831, 25795217, 26997603, 28391952, 29708964, 31199246, 32638159, 34064524, 35554767, 37017586, 38510040, 39938454, 41455759, 42658145, 43860531, 45275873, 46480660, 47717954, 48998255, 50202261, 51456292, 52660572, 54012154, 55428035, 56669203, 57897592, 59385924, 60883239, 62359736, 63879746, 65082132, 66298260, 67807031, 69063893, 70305334, 71549562, 73052772, 74545417, 75931130, 77430164, 78636687, 79907825, 81114746, 82317132, 83519518, 85036823, 86266834, 87469220, 88813099, 90270984, 91583370, 93051184, 94253570, 95770401, 97264613, 98723069, 99973338, 101423015, 102625401, 103875007, 105348297, 106840530, 108338889, 109783472, 111278981, 112729224, 114210784, 115658721, 117102931, 118559404, 120015877, 121441582, 122915122, 124371595, 125551247, 126814508, 128353135, 129843595, 131122232, 132350218, 133867071, 135363635, 136610449, 137952829, 139440513, 140901177, 142122406]}