{"incumbents": [0.0, 0.0, 0.0, 14.4, 32.7, 0.0, 0.0, 43.0, 37.1, 50.0, 45.5, 24.4, 5.4, 30.0, 6.9, 0.0, 0.0, 54.0, 43.1, 38.1, 24.1, 12.0, 37.8, 0.0, 29.5, 14.8, 27.3, 27.6, 45.9, 53.6, 23.0, 25.1, 38.3, 28.0, 4.5, 34.1, 30.5, 0.0, 30.0, 30.0, 30.0, 0.9, 30.0, 30.0, 30.0, 0.0, 30.0, 0.0, 8.7, 0.0, 0.0, 30.0, 29.7, 30.0, 30.0, 30.0, 30.0, 0.0, 9.3, 0.0, 0.0, 30.0, 30.0, 30.0, 0.0, 0.0, 0.0, 0.0, 0.0, 0.0, 0.0, 30.0, 30.0, 0.0, 0.0, 11.2, 0.0, 30.0, 0.0, 0.0, 0.0, 0.0, 0.0, 0.0, 0.0, 0.0, 20.4, 0.0, 0.0, 0.0, 0.0, 0.0, 0.0, 30.0, 0.0, 0.0, 0.0, 0.0, 0.0, 0.0, 0.0, 0.0, 0.0, 0.0], "wallclock_time_eval": [5761.533190727234, 14741.403388261795, 20497.93657898903, 29247.902316570282, 36706.895104408264, 42480.88582253456, 51305.69818067551, 57798.33246302605, 63974.45423221588, 71092.18339514732, 77802.83976531029, 85666.0376188755, 94747.84957957268, 106006.45109510422, 112563.05124926567, 119853.82788848877, 127411.53837513924, 134236.60452103615, 145615.41469025612, 151647.85117650032, 159305.83988666534, 169033.32616591454, 175231.60664987564, 180950.40763425827, 187902.9304625988, 196549.9987976551, 204067.51055335999, 210985.06521439552, 217185.1629099846, 223930.7120165825, 231077.56947135925, 237410.1760981083, 244806.45217061043, 251899.81642913818, 260062.94569969177, 267532.0705976486, 274405.66360378265, 287698.9930727482, 293983.347918272, 300418.44866991043, 311261.7401063442, 320828.88020658493, 326645.90678834915, 333104.4813001156, 338917.4607601166, 347487.3920865059, 353354.6914613247, 359222.97480773926, 368049.8215434551, 373857.68125844, 380277.4995956421, 386911.6003255844, 397721.44363713264, 403548.7022333145, 409316.8421931267, 415129.5531229973, 421054.12066173553, 429528.60111284256, 438366.8907494545, 446971.46813058853, 452948.6419842243, 458768.06528759, 464650.7696182728, 470455.81375575066, 476356.7735567093, 485035.8031923771, 491707.21605706215, 498142.0750927925, 507011.2229642868, 512894.39683270454, 518612.4264574051, 524444.5294554234, 530263.1867582798, 538783.6841254234, 547308.827602148, 555948.9133636951, 562190.8337824345, 569328.2381353378, 575142.0878720284, 582399.2322173119, 589396.4243886471, 596151.5424261093, 605073.0972363949, 611020.5502729416, 619814.9634852409, 626721.0473284721, 632694.1594974995, 641547.774838686, 647282.4944918156, 655906.5785777569, 664613.2790458202, 672977.3386855125, 681858.4744362831, 688828.6022434235, 697261.0291938782, 706012.8274610043, 711706.2676758766, 719591.5427429676, 725985.8444592953, 734025.7345576286, 742665.9682667255, 751443.4022183418, 757235.3238213062, 762936.2278957367], "timesteps_eval": [1358201, 2577771, 3935972, 5081336, 6213960, 7734739, 8944333, 10082220, 11221410, 12358319, 13490475, 14632090, 15759543, 16891310, 17982102, 19129819, 20276432, 21415616, 22562871, 23697883, 24838406, 26005586, 27135883, 28638341, 29775637, 30931092, 32081037, 33222609, 34361262, 35495649, 36615644, 37764287, 38902384, 40045640, 41173559, 42322840, 43527255, 44705918, 45854863, 47009077, 48143761, 48942709, 50082482, 51229039, 52364341, 53541433, 54760794, 56221591, 57354431, 58847296, 60222519, 61368516, 62502896, 63639903, 64783754, 65918529, 67055571, 68212171, 69357450, 70518104, 71975637, 73110513, 74249170, 75383221, 76749472, 77912453, 79064731, 80462796, 81554318, 82994759, 84512627, 85648084, 86787709, 87927650, 89096368, 90164264, 91493896, 92651549, 94119614, 95349522, 96534983, 97923141, 99077564, 100631013, 101797749, 103144482, 104491593, 105838020, 107381906, 108545081, 109600681, 110790582, 111953462, 113102594, 114372748, 115627196, 117064144, 118225262, 119646381, 120802318, 121957431, 123013203, 124486968, 125908642]}