{"incumbents": [379.9175964, 379.9175964, 379.9175964, 379.9175964, 379.9175964, 379.9175964, 379.9175964, 379.9175964, 379.9175964, 379.9175964, 379.9175964, 379.9175964, 382.888306, 382.888306, 382.888306, 382.888306, 382.888306, 382.888306, 382.888306, 382.888306, 382.888306, 382.888306, 382.888306, 382.888306, 382.888306, 382.888306, 382.888306, 382.888306, 382.888306, 382.888306, 382.888306, 382.888306, 382.888306, 382.888306, 382.888306, 382.888306, 382.888306, 382.888306, 382.888306, 382.888306, 382.888306, 382.888306, 382.888306, 382.888306, 382.888306, 382.888306, 382.888306, 382.888306, 382.888306, 382.888306, 382.888306, 382.888306, 382.888306, 382.888306, 382.888306, 382.888306, 382.888306, 382.888306, 382.888306, 382.888306, 382.888306, 382.888306, 382.888306, 382.888306, 382.888306, 382.888306, 382.888306, 382.888306, 382.888306, 382.888306, 382.888306, 382.888306, 382.888306, 382.888306, 382.888306, 382.888306, 382.888306, 382.888306, 382.888306, 382.888306, 382.888306, 382.888306, 382.888306, 382.888306, 382.888306, 382.888306, 382.888306, 382.888306, 382.888306, 382.888306, 382.888306, 382.888306, 382.888306, 382.888306, 382.888306, 382.888306, 382.888306, 382.888306, 382.888306, 382.888306], "wallclock_time_eval": [2672.045280456543, 5329.856816768646, 8004.311768531799, 10617.954660892487, 13259.133538484573, 16054.080982923508, 18786.266864299774, 21653.887271165848, 24238.381998062134, 27098.39764404297, 29726.543286323547, 32329.527020692825, 35068.25170922279, 37877.54094862938, 40535.43495678902, 43164.586920022964, 45771.148077487946, 48418.51921415329, 51048.98087835312, 53656.50249648094, 56354.111902713776, 58991.34463453293, 61729.27653670311, 64342.579946279526, 66970.61855864525, 69614.4105181694, 72374.12525558472, 74967.93814873695, 77630.42401576042, 80235.58037376404, 82874.17648553848, 85472.65485525131, 88031.78509354591, 90699.03366184235, 93325.76027679443, 95940.96301937103], "timesteps_eval": [996876, 1993327, 2991763, 3990569, 4986893, 5984419, 6979818, 7976659, 8975632, 9973532, 10972297, 11971200, 12968651, 13966963, 14964787, 15963044, 16961899, 17958968, 18957600, 19956499, 20955171, 21953851, 22951469, 23950346, 24949055, 25947821, 26944751, 27943679, 28941848, 29940761, 30939124, 31937906, 32936099, 33934192, 34933052, 35932053]}