{"incumbents": [-83.7, -83.7, -83.7, -83.7, -81.1, -81.1, -81.1, -81.1, -81.1, -81.1, -81.1, -81.1, -81.1, -81.1, -81.1, -81.1, -81.1, -81.1, -78.6, -78.6, -78.6, -78.6, -78.6, -78.6, -78.6, -78.6, -78.6, -78.6, -78.6, -78.6, -78.6, -78.6, -78.6, -73.9, -73.9, -73.9, -73.9, -73.9, -73.9, -73.9, -73.9, -73.9, -73.9, -73.9, -73.9, -73.9, -73.9, -73.9, -73.9, -73.9, -73.9, -73.9, -73.9, -73.9, -73.9, -73.9, -73.9, -73.9, -73.9, -73.9, -73.9, -73.9, -73.9, -73.9, -73.9, -73.9, -73.9, -73.9, -73.9, -73.9, -73.9, -73.9, -73.9, -73.9, -73.9, -73.9, -73.9, -73.9, -73.9, -73.9, -73.9, -73.9, -73.9, -73.9, -73.9, -73.9, -73.9, -73.9, -73.9, -73.9, -73.9, -73.9, -73.9, -73.9, -73.9, -73.9, -73.9, -73.9, -73.9, -73.9], "wallclock_time_eval": [1879.9996190071106, 3894.077208995819, 5880.506295442581, 7936.206207513809, 9920.851914167404, 11748.8854534626, 13912.167283535004, 16009.595224380493, 18055.694062948227, 19989.320948123932, 21994.04464364052, 24063.421712875366, 26081.8448574543, 28218.610431432724, 30379.279021024704, 32439.38717365265, 34412.83670973778, 36578.545561790466, 38322.620264053345, 40291.39512848854, 42288.70203614235, 44086.284076452255, 45881.987498283386, 47757.49029922485, 49819.32535505295, 51887.560802936554, 53941.041751623154, 55977.753927230835, 57892.05419707298, 59704.06062364578, 61514.86133670807, 63402.44104003906, 65288.60518026352, 67174.39150595665, 69059.99227976799, 70864.26255774498], "timesteps_eval": [989113, 1976803, 2974435, 3974435, 4972322, 5964517, 6964517, 7964517, 8964517, 9959570, 10959570, 11959570, 12959570, 13959570, 14959570, 15959293, 16949130, 17947262, 18942909, 19932314, 20923200, 21917789, 22904987, 23895226, 24894911, 25894911, 26894911, 27886544, 28878836, 29873894, 30863404, 31857321, 32845412, 33831916, 34818046, 35804533]}