{"incumbents": [0.0, 0.0, 273.0, 0.0, 236.0, 194.0, 136.0, 32.0, 236.0, 189.0, 255.0, 143.0, 17.0, 112.0, 215.0, 154.0, 278.0, 254.0, 227.0, 14.0, 177.0, 266.0, 291.0, 269.0, 226.0, 237.0, 157.0, 267.0, 32.0, 157.0, 122.0, 0.0, 23.0, 0.0, 106.0, 184.0, 280.0, 0.0, 0.0, 51.0, 24.0, 0.0, 0.0, 0.0, 0.0, 286.0, 136.0, 0.0, 124.0, 10.0, 20.0, 14.0, 18.0, 0.0, 0.0, 0.0, 0.0, 0.0, 0.0, 0.0, 0.0, 0.0, 0.0, 0.0, 0.0, 0.0, 106.0, 0.0, 0.0, 0.0, 14.0, 0.0, 0.0, 0.0, 0.0, 0.0, 67.0, 29.0, 82.0, 19.0, 0.0, 105.0, 101.0, 0.0, 0.0, 120.0, 67.0, 20.0, 10.0, 84.0, 14.0, 0.0, 0.0, 0.0, 0.0, 0.0, 0.0, 0.0, 20.0, 0.0, 10.0, 0.0, 0.0, 0.0], "wallclock_time_eval": [6344.794107913971, 14485.014524459839, 20938.681726932526, 30249.991748332977, 37052.40147900581, 43403.681020736694, 51324.82647228241, 57450.113379478455, 63659.382786512375, 70954.91077756882, 77472.45921134949, 84495.06113696098, 91390.28949975967, 98324.65028715134, 104976.12165546417, 111920.63927340508, 119747.28042149544, 126187.53890681267, 132612.19511461258, 139784.5858438015, 146645.92746925354, 154484.18829846382, 161491.21317887306, 168920.96885371208, 175490.11055779457, 181744.6530997753, 188724.59706926346, 195072.48255991936, 202594.33274197578, 210254.17302060127, 217546.65945267677, 226095.54310894012, 232917.24057006836, 242132.8850967884, 249652.48688197136, 256283.5962855816, 262588.861931324, 271031.84519577026, 279823.8720190525, 287027.20236349106, 294215.52363061905, 301603.43529844284, 308324.4107758999, 318332.95326447487, 327125.3537931442, 334176.0899846554, 341941.23435378075, 351517.6414632797, 358790.5641796589, 366996.5404317379, 374095.36336421967, 380301.29811263084, 387983.3289875984, 396554.32241272926, 403006.83961486816, 409220.94965338707, 417434.7785308361, 426030.9775183201, 432748.08944010735, 441560.3070487976, 450533.8040764332, 459017.3698153496, 467415.96940135956, 477021.2633395195, 485588.95398926735, 491932.3133215904, 500196.1148943901, 506361.46142554283, 514914.8794000149, 523840.07401132584, 529934.0465466976, 536264.7311632633, 544723.7578930855, 553961.1982867718, 562484.2546122074, 569699.3138258457, 578519.2973492146, 584909.6969602108, 591843.2305567265, 598922.5277428627, 607440.6089808941, 615105.4735996723, 623385.0865488052, 631884.5544085503, 639915.0904669762, 648256.067233324, 655225.7793977261, 661704.5925507545, 670561.5576741695, 678612.0703988075, 685090.9338600636, 693441.1359093189, 701045.1680791378, 709776.9216065407, 718014.383494854, 726522.3693380356, 735122.4157688618, 743616.5951752663, 750321.087250948, 756626.5984652042, 764574.1426773071, 773295.1236553192, 781610.7747459412, 790162.6920831203], "timesteps_eval": [1611365, 3171563, 4775425, 6322861, 7926239, 9535570, 11143356, 12751699, 14359472, 15964264, 17569991, 19180637, 20780063, 22387111, 23997041, 25609065, 27208314, 28812329, 30421324, 32009207, 33616029, 35218733, 36815540, 38415612, 40023518, 41631735, 43243052, 44853396, 46450054, 48061487, 49670679, 51248429, 52851856, 54277867, 55835743, 57446685, 59055948, 60642264, 62224502, 63820670, 65395186, 67001388, 68604699, 70180376, 71774961, 73372786, 74981678, 76590545, 78196671, 79721180, 81324950, 82941583, 84518320, 86100834, 87712078, 89320324, 90897589, 92443449, 94050285, 95612483, 97215120, 98794863, 100334205, 101925099, 103478749, 105081640, 106681710, 108293163, 109856840, 111436673, 113037733, 114649753, 116150372, 117749294, 119296413, 120900957, 122467821, 124071871, 125662758, 127249618, 128675839, 130241076, 131846173, 133356179, 134826981, 136437597, 138029833, 139636188, 141136369, 142738785, 144352835, 145901745, 147508568, 149094338, 150641697, 152121710, 153708102, 155257238, 156860835, 158468601, 160022208, 161620849, 163214243, 164808237]}