{"incumbents": [664.4, 576.8, 1571.2, 667.6, 732.0, 605.2, 732.0, 732.0, 751.2, 732.0, 732.0, 732.0, 972.0, 1715.6, 1712.0, 1170.0, 944.8, 1603.6, 2078.8, 762.8, 1964.0, 532.4, 1315.2, 904.8, 712.0, 1220.0, 1318.4, 806.0, 542.4, 1444.0, 1660.4, 1600.4, 690.0, 732.0, 689.2, 732.0, 667.6, 1600.0, 732.0, 745.6, 1175.6, 653.6, 785.6, 706.8, 732.0, 667.6, 732.0, 622.0, 732.0, 732.0, 596.4, 732.0, 489.2, 525.2, 732.0, 732.0, 832.8, 598.8, 732.0, 732.0, 732.0, 1120.4, 732.0, 732.0, 732.0, 732.0, 732.0, 1165.6, 732.0, 732.0, 732.0, 732.0, 1120.8, 660.0, 732.0, 732.0, 666.8, 732.0, 669.6, 732.0, 732.0, 808.8, 652.0, 732.0, 791.8, 1089.2, 400.4, 732.0, 732.0, 732.0, 732.0, 510.4, 622.0, 732.0, 534.4, 684.0, 1057.6, 721.6, 732.0, 785.6, 732.0, 732.0, 669.6, 732.0, 582.8, 626.0, 784.4, 647.2], "wallclock_time_eval": [6596.079421043396, 13267.305584907532, 21749.484867811203, 29792.059016227722, 37038.192400217056, 44209.331958055496, 51511.818210840225, 58737.79345393181, 66822.85633420944, 74138.96086597443, 81484.56894850731, 88823.85341191292, 95885.18683481216, 103583.0582537651, 110967.91121506691, 118189.93894505501, 125438.94341492653, 132820.55839562416, 141482.73033428192, 148981.27088928223, 156644.7551753521, 163850.45471787453, 171324.89805960655, 178495.914478302, 185132.21674728394, 192162.14221286774, 199232.86973547935, 205898.71778202057, 212620.07721424103, 220058.96738409996, 227434.8526816368, 235975.4255273342, 242875.24622297287, 250186.67390036583, 257327.4767253399, 264625.4236063957, 272707.8564443588, 280410.36594748497, 287778.50187039375, 294628.8357999325, 301496.50187921524, 308069.99656391144, 315175.0508322716, 322938.33643102646, 330244.21592354774, 338164.23019981384, 345410.5160446167, 352121.64657497406, 359403.69107055664, 366703.9900383949, 373328.3247821331, 380643.55167913437, 387256.2781755924, 394097.98728346825, 401472.157838583, 408785.43902897835, 415569.07167363167, 422418.6023199558, 429689.0959122181, 437038.85236525536, 444267.45041131973, 451401.744225502, 459099.4330456257, 466421.8968126774, 473696.32707357407, 480978.78883600235, 488304.38296341896, 495023.8772509098, 502471.94166469574, 509897.76880574226, 517188.4461097717, 524497.0908641815, 531266.1562538147, 539308.3686308861, 546625.2275385857, 553966.0955226421, 561378.4857623577, 568782.0961658955, 576481.3007802963, 583771.0125610828, 591112.3531496525, 598171.9857320786, 605521.3427405357, 612954.2405502796, 620401.3899309635, 628332.3948423862, 635807.9864749908, 643214.156981945, 650471.8201613426, 657842.9305627346, 665115.1137568951, 671983.452865839, 678764.2164895535, 686028.6132092476, 693126.315094471, 700024.3334252834, 708032.1689236164, 716016.4332444668, 723282.6406855583, 730544.3444793224, 737950.9486801624, 745276.3194174767, 752809.0699493885, 760199.8969831467, 767561.9200439453, 774635.6815366745, 781681.9794313908, 788609.4889016151], "timesteps_eval": [1567288, 3134181, 4576198, 6060029, 7559797, 9086307, 10640425, 12110640, 13615013, 15173164, 16736666, 18302046, 19853001, 21349941, 22867400, 24399564, 25955063, 27472386, 28909264, 30407396, 31899418, 33437385, 34984717, 36547953, 38110229, 39647326, 41194587, 42759486, 44320631, 45858415, 47368759, 48813057, 50358395, 51886946, 53446151, 54984432, 56417877, 57907112, 59464762, 61023770, 62574102, 64132216, 65693429, 67250867, 68772647, 70321986, 71833010, 73388746, 74884356, 76443791, 78006794, 79530540, 81092781, 82651735, 84111871, 85675064, 87243143, 88804702, 90332635, 91773001, 93299149, 94852755, 96401834, 97965459, 99437389, 100999836, 102551789, 104102342, 105661760, 107220914, 108781369, 110341482, 111891804, 113364577, 114874299, 116388243, 117954354, 119519078, 121077506, 122638525, 124195363, 125746057, 127276558, 128799194, 130305920, 131863343, 133367085, 134884223, 136396568, 137964291, 139421850, 140978734, 142535634, 144035682, 145571949, 147123469, 148672030, 150210320, 151736701, 153233170, 154798059, 156293832, 157805833, 159369789, 160915342, 162445221, 163987074, 165535430]}