{"incumbents": [690.0, 680.0, 100.0, 0.0, 798.0, 180.0, 180.0, 438.0, 100.0, 800.0, 772.0, 1598.0, 1476.0, 194.0, 1244.0, 1412.0, 414.0, 834.0, 784.0, 1404.0, 1346.0, 784.0, 378.0, 1300.0, 788.0, 1254.0, 970.0, 1430.0, 1026.0, 772.0, 296.0, 562.0, 240.0, 198.0, 180.0, 320.0, 274.0, 180.0, 948.0, 180.0, 1228.0, 180.0, 348.0, 100.0, 224.0, 100.0, 1382.0, 180.0, 340.0, 788.0, 180.0, 100.0, 180.0, 350.0, 210.0, 478.0, 268.0, 512.0, 772.0, 230.0, 180.0, 250.0, 238.0, 100.0, 100.0, 800.0, 140.0, 784.0, 248.0, 180.0, 266.0, 180.0, 180.0, 180.0, 614.0, 140.0, 180.0, 238.0, 180.0, 180.0, 180.0, 586.0, 180.0, 100.0, 118.0, 362.0, 198.0, 180.0, 528.0, 358.0, 180.0, 436.0, 140.0, 402.0, 100.0, 252.0, 180.0, 100.0, 100.0, 100.0, 100.0, 180.0, 140.0, 140.0, 140.0, 214.0, 100.0, 100.0], "wallclock_time_eval": [5995.693330287933, 11832.482930660248, 17461.299844264984, 23325.80831003189, 29807.513634443283, 35711.820672273636, 41483.58692383766, 47257.57564353943, 52867.54768562317, 59305.151133060455, 65693.2306265831, 72143.38243627548, 78473.84740757942, 84531.10098004341, 91038.83257627487, 97146.64094376564, 103024.72577667236, 109309.15696525574, 115141.48171162605, 121588.27617549896, 128065.89999723434, 134496.33987426758, 140546.71481895447, 146811.48819732666, 152692.37127375603, 159502.66667222977, 165935.81236863136, 172477.20436668396, 178882.0707912445, 185169.00086569786, 191126.02226948738, 196960.87902712822, 202665.58586001396, 208453.71141529083, 221181.64904260635, 227075.83859610558, 232795.4085702896, 238574.2083415985, 244557.37695145607, 250388.52758717537, 256971.05005455017, 262902.1532526016, 268692.21662449837, 274406.90292167664, 280126.34744024277, 285878.85787558556, 291992.29713749886, 298178.6642665863, 303988.7056248188, 310434.2502069473, 316311.9306664467, 322270.85192251205, 327922.8264362812, 333635.8100595474, 339341.7676053047, 345135.21167969704, 350779.6679983139, 356593.1101644039, 363012.7845644951, 368917.0545811653, 374674.85009884834, 380351.37690138817, 386037.9853308201, 391733.52038669586, 397379.626860857, 403611.036939621, 409343.92525339127, 415800.8297045231, 421562.3215441704, 427283.7184700966, 433056.39456772804, 438886.01901602745, 444908.0238227844, 451043.5992588997, 456758.5630955696, 462532.6123094559, 468214.13286590576, 474147.7178249359, 479908.7198266983, 485558.70969867706, 491602.2449941635, 497827.6203901768, 503753.44230389595, 509447.44787955284, 515648.5813367367, 521673.3763859272, 527916.1508150101, 533549.8981289864, 539311.0373482704, 545364.7352664471, 551091.6828994751, 557202.4316403866, 562859.6518507004, 568990.7784516811, 574757.072052002, 580642.881332159, 586244.6225178242, 591845.366101265, 597563.8377931118, 603207.5526862144, 608777.5590393543, 614405.7068200111, 620255.8446280956, 626122.8380599022, 631819.5860984325, 637624.6585166454, 643756.224167347, 649407.8398640156], "timesteps_eval": [1585551, 3170628, 4763924, 6358419, 7944059, 9547142, 11151670, 12764274, 14350741, 15939362, 17523244, 19092277, 20675434, 22269085, 23846236, 25443776, 27051029, 28635002, 30245212, 31826823, 33402079, 34990644, 36583632, 38170792, 39766932, 41344785, 42952519, 44525968, 46104823, 47692357, 49294220, 50906586, 52522634, 54138245, 55748446, 57359816, 58974558, 60576499, 62166850, 63770811, 65342552, 66953737, 68563700, 70152051, 71767675, 73368158, 74958618, 76567164, 78179239, 79768650, 81379728, 82973051, 84577629, 86193037, 87808299, 89422123, 91043472, 92652294, 94235395, 95846468, 97450778, 99071228, 100691856, 102277967, 103866567, 105450480, 107037523, 108625638, 110236528, 111826262, 113441426, 115051793, 116660392, 118268235, 119855108, 121456227, 123055020, 124655431, 126260482, 127854708, 129463384, 131050224, 132656574, 134254098, 135822981, 137419482, 139003317, 140588777, 142173219, 143770456, 145365249, 146955684, 148540449, 150133887, 151721749, 153304462, 154895925, 156488933, 158082030, 159667193, 161255163, 162843148, 164437538, 166029416, 167623261, 169207503, 170796692, 172385412]}