{"incumbents": [482.1, 482.1, 500.0, 500.0, 500.0, 500.0, 500.0, 500.0, 500.0, 500.0, 500.0, 500.0, 500.0, 500.0, 500.0, 500.0, 500.0, 500.0, 500.0, 500.0, 500.0, 500.0, 500.0, 500.0, 500.0, 500.0, 500.0, 500.0, 500.0, 500.0, 500.0, 500.0, 500.0, 500.0, 500.0, 500.0, 500.0, 500.0, 500.0, 500.0, 500.0, 500.0, 500.0, 500.0, 500.0, 500.0, 500.0, 500.0, 500.0, 500.0, 500.0, 500.0, 500.0, 500.0, 500.0, 500.0, 500.0, 500.0, 500.0, 500.0, 500.0, 500.0, 500.0, 500.0, 500.0, 500.0, 500.0, 500.0, 500.0, 500.0, 500.0, 500.0, 500.0, 500.0, 500.0, 500.0, 500.0, 500.0, 500.0, 500.0, 500.0, 500.0, 500.0, 500.0, 500.0, 500.0, 500.0, 500.0, 500.0, 500.0, 500.0, 500.0, 500.0, 500.0, 500.0, 500.0, 500.0, 500.0, 500.0, 500.0, 500.0, 500.0, 500.0, 500.0], "wallclock_time_eval": [1858.2822196483612, 3504.500030040741, 5371.628489732742, 7213.325732469559, 9067.330950498581, 10863.092990398407, 12728.53517651558, 14517.259632110596, 16391.24263072014, 18239.884176254272, 20078.38739991188, 21854.02135038376, 23684.86079645157, 25521.43755888939, 27368.39934015274, 29197.819991350174, 30967.19234442711, 32810.76183128357, 34683.713050842285, 36473.79345321655, 38300.883533000946, 40124.04274082184, 41924.49965381622, 43758.800354242325, 45613.90077877045, 47438.49553608894, 49297.64164328575, 51167.35974574089, 52967.01613354683, 54821.805623054504, 56665.12942433357, 58479.05867886543, 60145.9970934391, 62004.8135163784, 63861.41346812248, 65703.57330513, 67577.3761074543, 69410.45554256439, 71252.35322070122, 73090.74019598961, 74827.66663169861, 76582.66933226585, 78316.37384819984, 80125.65641403198, 82014.59500169754, 83823.83088517189, 85698.74503326416, 87578.94662451744, 89429.63510251045, 91200.45505547523, 92987.50464701653, 94769.46189761162, 96535.50913143158, 98359.52736711502, 100180.7112994194, 102021.62071990967, 103847.88203334808, 105720.20037293434, 107551.07931256294, 109194.9739818573, 111013.84944677353, 112754.38154554367, 114551.08709168434, 116311.60808849335, 118120.1444363594, 119843.05955886841, 121679.17596077919, 123427.62860131264, 125225.40537786484, 126973.69249534607, 128661.72360444069, 130407.90564846992, 132159.52584171295, 133918.69210100174, 135713.04167294502, 137459.12723493576, 139116.18366503716, 140834.91806435585, 142580.91227340698, 144325.25141763687, 146073.25048685074, 147833.5282688141, 149548.25626397133, 151213.79222369194, 152834.47873997688, 154476.3664636612, 156297.79823470116, 158140.0024676323, 159782.5228178501, 161522.22538924217, 163283.87275743484, 165029.16799545288, 166778.3567533493, 168417.76448059082, 170064.09383940697, 171740.34006547928, 173380.03390431404, 175131.76959371567, 176805.1393623352, 178459.95686388016, 180088.3629322052, 181723.96422839165, 183378.35631132126, 184993.46155285835], "timesteps_eval": [1008160, 2032042, 3033214, 4032390, 5035918, 6054173, 7052155, 8061600, 9061888, 10064374, 11065012, 12082332, 13082644, 14083543, 15091775, 16097708, 17109539, 18112339, 19112914, 20129853, 21139334, 22147211, 23162988, 24167400, 25167574, 26168321, 27168896, 28168874, 29168996, 30170695, 31174270, 32177153, 33201052, 34198669, 35199685, 36199965, 37199613, 38206390, 39206336, 40210508, 41227447, 42239663, 43255440, 44259492, 45259907, 46259841, 47257971, 48258569, 49258722, 50275661, 51293916, 52302880, 53312144, 54322409, 55323488, 56323446, 57322825, 58322352, 59322180, 60346021, 61349084, 62361073, 63367190, 64380990, 65388391, 66405950, 67415999, 68433558, 69436515, 70447351, 71466002, 72484257, 73501816, 74519136, 75527770, 76543547, 77567446, 78586039, 79603946, 80621266, 81639173, 82648385, 83666292, 84690191, 85713150, 86737049, 87738497, 88743736, 89767635, 90777744, 91789377, 92800582, 93809496, 94831799, 95855698, 96874025, 97897924, 98907434, 99931333, 100955194, 101979093, 103001213, 104025056, 105048955]}