{"incumbents": [-21.0, -21.0, -21.0, -21.0, -21.0, -21.0, -21.0, -21.0, -21.0, -21.0, -21.0, -21.0, -21.0, -17.0, -16.5, -15.4, -21.0, -21.0, -21.0, -21.0, -21.0, -21.0, -21.0, -21.0, -21.0, -21.0, -21.0, -21.0, -16.7, -21.0, -17.7, -17.0, -21.0, -16.5, -16.3, -17.2, -17.2, -17.2, -17.2, -17.2, -17.2, -17.2, -17.2, -17.2, -17.2, -17.2, -17.2, -17.2, -17.2, -17.2, -17.2, -17.2, -17.2, -17.2, -17.2, -17.2, -17.2, -17.2, -17.2, -17.2, -17.2, -17.2, -17.2, -17.2, -17.2, -17.2, -17.2, -17.2, -17.2, -17.2, -17.2, -17.2, -17.2, -17.2, -17.2, -17.2, -17.2, -17.2, -17.2, -17.2, -17.2, -17.2, -17.2, -17.2, -17.2, -17.2, -17.2, -17.2, -17.2, -17.2, -17.2, -17.2, -17.2, -17.2, -17.2, -17.2, -17.2, -17.2, -17.2, -17.2], "wallclock_time_eval": [3053.138258934021, 6107.7642068862915, 9159.79937171936, 12203.199819803238, 15259.493349313736, 18286.172338724136, 21343.175229787827, 24394.2759411335, 27441.803381681442, 30481.645391225815, 33504.23201537132, 36547.5669965744, 39607.70431947708, 43150.638964891434, 46605.47506594658, 50109.280049324036, 53150.32190012932, 56175.25815701485, 59218.79847359657, 62265.62496328354, 65328.380390167236, 68364.72909736633, 71427.57831001282, 74455.20944285393, 77481.57282924652, 80532.89156317711, 83570.16785693169, 86627.23775267601, 89990.28509998322, 93012.34856915474, 96151.81426477432, 99504.62580752373, 102531.41469860077, 106152.01385617256, 109749.35015559196, 113227.98453569412], "timesteps_eval": [942243, 1848645, 2777664, 3673759, 4567788, 5501433, 6434707, 7381497, 8272322, 9173728, 10043391, 10987938, 11887879, 12723535, 13569141, 14354570, 15253566, 16197390, 17138070, 18036454, 18931726, 19827305, 20767396, 21704024, 22650558, 23553335, 24494922, 25441910, 26283487, 27230044, 28113883, 28967360, 29912458, 30715848, 31515131, 32354014]}