{"incumbents": [0.0, 434.0, 140.0, 800.0, 600.0, 1431.0, 1298.0, 540.0, 382.0, 1248.0, 1369.0, 1242.0, 1141.0, 435.0, 448.0, 1212.0, 1016.0, 1079.0, 905.0, 837.0, 0.0, 728.0, 935.0, 1075.0, 448.0, 772.0, 908.0, 1444.0, 140.0, 673.0, 140.0, 578.0, 140.0, 821.0, 365.0, 601.0, 1362.0, 1168.0, 887.0, 730.0, 0.0, 0.0, 0.0, 0.0, 680.0, 0.0, 583.0, 476.0, 140.0, 30.0, 307.0, 630.0, 0.0, 342.0, 346.0, 537.0, 812.0, 280.0, 684.0, 313.0, 30.0, 140.0, 140.0, 454.0, 0.0, 259.0, 140.0, 0.0, 386.0, 30.0, 392.0, 140.0, 140.0, 140.0, 140.0, 30.0, 30.0, 30.0, 30.0, 571.0, 268.0, 163.0, 355.0, 397.0, 495.0, 418.0, 227.0, 494.0, 100.0, 616.0, 536.0, 140.0, 140.0, 140.0, 0.0, 30.0, 30.0, 30.0, 139.0, 140.0, 275.0, 140.0, 140.0, 0.0], "wallclock_time_eval": [6750.245429515839, 13612.988441705704, 20601.368910074234, 27389.685946941376, 34266.93183684349, 41161.14698553085, 48045.812484025955, 54854.64844608307, 61839.207929849625, 68802.51870465279, 75790.4878540039, 82717.3881084919, 89544.27192616463, 96364.89146137238, 103330.12250113487, 110241.97569274902, 117067.30070495605, 123906.43164372444, 130668.88970470428, 137534.23091554642, 144379.724462986, 151777.90089988708, 158690.51756119728, 165552.36973118782, 172466.81706690788, 179306.23484516144, 186177.7576124668, 193101.95703029633, 199987.25227117538, 206811.55597615242, 213740.13920903206, 220599.9847624302, 227422.3986568451, 234301.85743141174, 241174.52995300293, 248021.68470287323, 254897.47836256027, 261774.61188173294, 268600.26541376114, 275574.39601683617, 282387.12371850014, 289174.79474020004, 296014.69411349297, 302804.0094883442, 309670.92419075966, 316544.8745908737, 323412.81184625626, 330316.09609270096, 337313.56764030457, 344037.5103302002, 351031.93940353394, 357908.3394076824, 364775.15287947655, 371593.23284316063, 378437.3200850487, 385260.4567861557, 392166.5745623112, 399016.12031936646, 405881.1184358597, 412849.9833173752, 419578.71909189224, 426450.93693065643, 433279.8929965496, 440264.5731525421, 447085.0553739071, 453980.77406811714, 460876.1325125694, 467617.5260336399, 474365.9889137745, 481131.4465548992, 488145.78696608543, 494966.92484879494, 501930.5495145321, 508814.66222047806, 515706.49884462357, 522423.8728234768, 529146.9015855789, 535880.381218195, 542626.7805376053, 549415.4176704884, 556400.8494803905, 563398.412238121, 570314.8374643326, 577241.2127766609, 584126.876278162, 591111.4614677429, 597947.2854812145, 604730.4413278103, 611576.9295887947, 618553.6668460369, 625498.3040614128, 632434.027520895, 639255.3777742386, 646088.6597325802, 652809.9441468716, 659573.1529762745, 666328.0834605694, 673050.8766877651, 679989.473692894, 686876.734161377, 693828.7870223522, 700753.3994157314, 707680.6389493942, 714401.5108795166], "timesteps_eval": [1608328, 3221353, 4832399, 6439011, 8050406, 9649579, 11246106, 12854659, 14457748, 16056838, 17655229, 19253667, 20860043, 22467211, 24068638, 25666090, 27271102, 28876651, 30486142, 32093664, 33706882, 35314063, 36913679, 38520065, 40130962, 41737846, 43345473, 44944298, 46553977, 48162087, 49767902, 51375802, 52981937, 54588048, 56201926, 57815139, 59413814, 61014884, 62627586, 64231305, 65844920, 67451900, 69064547, 70678674, 72287708, 73901824, 75513696, 77119015, 78719985, 80329382, 81934537, 83544244, 85157046, 86764809, 88377668, 89986366, 91596114, 93203188, 94812298, 96413401, 98022963, 99629399, 101239426, 102843489, 104455429, 106063501, 107672081, 109282868, 110892228, 112501625, 114105138, 115715050, 117323186, 118930223, 120536355, 122147478, 123758930, 125366513, 126976992, 128584389, 130192882, 131797424, 133404943, 135011913, 136618450, 138224007, 139833574, 141440412, 143051399, 144651765, 146257040, 147866284, 149472322, 151081554, 152691340, 154301188, 155912246, 157522588, 159129930, 160735772, 162344814, 163948578, 165559764, 167166006]}