{"incumbents": [270.0, 270.0, 285.0, 505.5, 505.5, 505.5, 505.5, 505.5, 505.5, 505.5, 505.5, 505.5, 505.5, 505.5, 505.5, 505.5, 505.5, 505.5, 505.5, 505.5, 505.5, 505.5, 505.5, 505.5, 505.5, 505.5, 505.5, 505.5, 505.5, 505.5, 505.5, 505.5, 505.5, 505.5, 505.5, 505.5, 505.5, 505.5, 505.5, 505.5, 505.5, 505.5, 505.5, 505.5, 505.5, 505.5, 505.5, 505.5, 505.5, 505.5, 505.5, 505.5, 505.5, 505.5, 505.5, 505.5, 505.5, 505.5, 505.5, 505.5, 505.5, 505.5, 505.5, 505.5, 505.5, 505.5, 505.5, 505.5, 505.5, 505.5, 505.5, 505.5, 505.5, 505.5, 505.5, 505.5, 505.5, 505.5, 505.5, 505.5, 505.5, 505.5, 505.5, 505.5, 505.5, 505.5, 505.5, 505.5, 505.5, 505.5, 505.5, 505.5, 505.5, 505.5, 505.5, 505.5, 505.5, 505.5, 505.5, 505.5], "wallclock_time_eval": [3044.36217713356, 6076.728055715561, 9215.40772986412, 12431.770073890686, 15645.013394117355, 18832.957793474197, 22168.23760175705, 26178.33688044548, 29340.353599071503, 32507.44344997406, 35663.59334611893, 38696.51357293129, 42659.801313877106, 45725.36344575882, 48897.11905837059, 52063.595915555954, 55208.488079071045, 58359.19678044319, 61509.91253900528, 64691.127967596054, 67910.55503821373, 71067.03060078621, 74217.81365180016, 77266.89065647125, 80459.98250222206, 83510.1694624424, 86736.82015037537, 89922.41017436981, 93029.64076375961, 96173.34706068039, 99354.3602218628, 102563.2472307682, 106615.61577153206, 110649.85430812836, 113680.61266422272, 117815.96925330162], "timesteps_eval": [984268, 1967443, 2934004, 3891057, 4847353, 5807417, 6753023, 7718317, 8684981, 9642274, 10607035, 11590825, 12557790, 13524844, 14491464, 15460161, 16427291, 17383394, 18350217, 19319923, 20290909, 21257413, 22221782, 23205097, 24177394, 25161743, 26135055, 27099466, 28068437, 29035544, 30000983, 30969806, 31936751, 32898858, 33873107, 34838073]}