{"incumbents": [286.0, 332.0, 2868.0, 120.0, 1870.0, 902.0, 2777.0, 1535.0, 114.0, 668.0, 2210.0, 2309.0, 114.0, 3241.0, 1427.0, 774.0, 114.0, 224.0, 505.0, 2617.0, 1875.0, 414.0, 3149.0, 1752.0, 744.0, 3216.0, 1056.0, 2702.0, 112.0, 983.0, 2249.0, 1960.0, 2365.0, 2543.0, 1798.0, 966.0, 1528.0, 3342.0, 693.0, 3058.0, 1924.0, 2260.0, 1908.0, 3061.0, 606.0, 1149.0, 2581.0, 607.0, 2654.0, 618.0, 1827.0, 74.0, 1908.0, 102.0, 98.0, 2099.0, 64.0, 1678.0, 98.0, 665.0, 537.0, 84.0, 102.0, 126.0, 479.0, 126.0, 98.0, 76.0, 1424.0, 80.0, 148.0, 98.0, 126.0, 126.0, 170.0, 98.0, 470.0, 98.0, 120.0, 126.0, 98.0, 78.0, 174.0, 98.0, 635.0, 485.0, 78.0, 134.0, 640.0, 402.0, 447.0, 98.0, 682.0, 533.0, 98.0, 126.0, 98.0, 499.0, 98.0, 98.0, 677.0, 216.0, 224.0, 134.0], "wallclock_time_eval": [7733.1264226436615, 13448.205571174622, 19093.08513236046, 24389.474696159363, 29721.79785466194, 35320.84497451782, 41038.85942745209, 46341.172229766846, 51366.86687994003, 56880.72113728523, 62174.050400972366, 67630.33570241928, 72637.16714930534, 78051.24285459518, 83251.0614554882, 88804.94699287415, 93788.53914952278, 98850.33834552765, 104654.16895771027, 110156.28341054916, 115439.03837609291, 120972.41058731079, 126964.03925132751, 132258.87431812286, 137900.83674669266, 143644.10087418556, 149102.490367651, 154757.70606088638, 161746.3412349224, 167266.25514411926, 172996.373493433, 178370.26706004143, 183748.6180419922, 189081.3731918335, 194308.44534039497, 199506.50811243057, 204701.95614361763, 210128.31164860725, 215385.37905287743, 220673.88644957542, 225846.84401583672, 231097.8740313053, 236263.84162926674, 241546.15582585335, 246761.32000255585, 251899.62832927704, 257155.1182706356, 262490.9087090492, 267703.38590049744, 273127.3816411495, 278249.14476656914, 283239.7296104431, 288472.90626358986, 293635.8611981869, 298450.9628381729, 303535.45878338814, 308508.811214447, 313689.6540682316, 318471.40453886986, 323736.86051249504, 328913.94241833687, 333906.515835762, 339041.6386013031, 344326.3027820587, 349640.330391407, 354539.2162566185, 359293.9078042507, 364292.4999463558, 369429.7490224838, 374438.02219963074, 379464.60629725456, 384395.98626065254, 389237.33375811577, 394127.5698823929, 399124.46861600876, 403860.2601828575, 409065.2388243675, 413896.2415204048, 418833.59546780586, 424512.1395676136, 429345.59891295433, 434204.9093539715, 439200.43882393837, 444065.72851347923, 449237.64855980873, 456273.8231384754, 463509.14890027046, 468502.48486566544, 473742.72895264626, 478876.81826901436, 486145.6576473713, 491587.4548535347, 496942.4962005615, 502161.91460323334, 507347.5095252991, 512653.4486949444, 517569.3054201603, 524688.7972445488, 530157.9143092632, 535627.6093821526, 540861.6956808567, 545927.6171770096, 551006.9516496658, 556767.0406177044], "timesteps_eval": [10608, 1530211, 3081155, 4521789, 6109964, 7638224, 9209699, 10798395, 12399176, 13954131, 15539623, 17120790, 18721571, 20314570, 21915712, 23477547, 25078328, 26683845, 28208749, 29758220, 31355414, 32920716, 34504075, 36100686, 37644372, 39213496, 40784156, 42360774, 43720853, 45242908, 46807052, 48402117, 49995556, 51595849, 53198007, 54805375, 56412682, 57994037, 59596388, 61194067, 62803727, 64404847, 66006568, 67603945, 69212774, 70823368, 72428725, 74034512, 75642157, 77243013, 78854229, 80434471, 82042452, 82058492, 83536028, 85145696, 86730108, 88340728, 89806812, 91408733, 93015957, 94615674, 94627178, 95998260, 97602759, 99085260, 100566608, 102164956, 103772055, 105372395, 106951499, 108508451, 109955790, 111320155, 112922054, 114355382, 115959937, 117351758, 118929030, 120334317, 121753242, 123300953, 124903398, 126417009, 128027198, 129369642, 130553983, 132156496, 133764892, 135375425, 135388819, 136947867, 138544071, 140152261, 141611821, 143040982, 144397492, 144413564, 145972612, 147531660, 149137860, 150743007, 152348524, 153944890]}