{"incumbents": [2649.0, 842.0, 2237.0, 2427.0, 4983.0, 2920.0, 5583.0, 4324.0, 2757.0, 5125.0, 4889.0, 4965.0, 5003.0, 5077.0, 2306.0, 4982.0, 2665.0, 4784.0, 2382.0, 2743.0, 4517.0, 5659.0, 3527.0, 5588.0, 2359.0, 2185.0, 4569.0, 3406.0, 4409.0, 4404.0, 2723.0, 3074.0, 2776.0, 512.0, 664.0, 3054.0, 592.0, 2681.0, 3052.0, 1223.0, 2462.0, 1808.0, 2762.0, 664.0, 1133.0, 1223.0, 2671.0, 2769.0, 664.0, 1133.0, 592.0, 2389.0, 664.0, 2917.0, 2422.0, 1887.0, 1885.0, 2506.0, 1694.0, 1923.0, 2508.0, 2355.0, 2609.0, 1223.0, 2477.0, 2409.0, 664.0, 664.0, 592.0, 842.0, 2564.0, 1336.0, 664.0, 2904.0, 842.0, 1830.0, 2433.0, 1970.0, 1758.0, 1133.0, 842.0, 276.0, 1898.0, 592.0, 2038.0, 842.0, 2250.0, 2590.0, 2262.0, 2445.0, 842.0, 938.0, 958.0, 1413.0, 1896.0, 842.0, 842.0, 1133.0, 2185.0, 842.0, 1167.0, 842.0, 842.0, 2392.0], "wallclock_time_eval": [6473.872018098831, 12746.395589828491, 19132.349791288376, 25641.497655153275, 32158.53715825081, 38499.23719525337, 45312.986340761185, 51891.14637875557, 58357.48497462273, 65167.20980620384, 72018.73457050323, 78594.79088568687, 85283.88650107384, 92177.91415786743, 98626.56183052063, 105361.101842165, 111876.22266244888, 118376.02221393585, 124784.45378351212, 131175.7152633667, 137758.60043406487, 144490.99375629425, 151208.7249829769, 157892.96614456177, 164746.6550412178, 171260.426633358, 177775.34745454788, 184203.82314753532, 191144.65762519836, 197554.06939196587, 203866.6217007637, 210245.7782971859, 216583.16528105736, 222811.84738707542, 229257.9964799881, 235634.26123309135, 242023.00092315674, 248400.4040169716, 254798.13337683678, 263287.6959724426, 269666.0548286438, 276028.9104204178, 282563.45845651627, 288938.0599248409, 295275.8049349785, 301675.6001033783, 308113.1108870506, 314467.79731583595, 320876.18348526955, 327209.59058880806, 333482.773686409, 339881.80411434174, 346214.26706528664, 352661.48675251007, 359466.79588770866, 365836.92992162704, 372149.3363711834, 378533.89172291756, 384878.2329764366, 391191.2485625744, 397582.89524817467, 404113.53090929985, 410930.6458566189, 417491.8154950142, 424158.7375500202, 430659.01092100143, 437039.82739186287, 443433.05988526344, 449808.3140063286, 456055.028652668, 462458.7250471115, 468983.0723555088, 475153.73702812195, 488876.75095558167, 495155.5299348831, 501469.4282400608, 507960.8729274273, 514272.70333480835, 520573.564283371, 526847.0141236782, 533134.70560956, 539522.4964506626, 546113.9716279507, 552340.3259737492, 558839.0381603241, 565138.0356373787, 571505.3080935478, 578029.964140892, 584374.775466919, 590848.1188342571, 597216.8092308044, 603483.5112016201, 609741.2331249714, 616019.4581255913, 623125.8093280792, 630084.336420536, 636338.3482449055, 642654.2814657688, 649236.3435556889, 655494.8073413372, 661768.5873785019, 667964.7387957573, 674209.0931096077, 680884.7791786194], "timesteps_eval": [1611834, 3231461, 4849092, 6451848, 8059133, 9678066, 11282995, 12888167, 14495808, 16091088, 17683379, 19285169, 20882018, 22469866, 24085535, 25680365, 27285622, 28891791, 30510761, 32123449, 33726485, 35322106, 36916203, 38510483, 40127503, 41732474, 43336730, 44950319, 46560554, 48172844, 49793194, 51408679, 53025408, 54653452, 56283553, 57898206, 59529131, 61149540, 62762920, 64378846, 65997172, 67624437, 69226561, 70855548, 72463120, 74072448, 75681406, 77302915, 78934476, 80546437, 82173922, 83793464, 85421813, 87029578, 88620104, 90247036, 91870147, 93487900, 95110257, 96733146, 98351665, 99953342, 101550018, 103157582, 104750365, 106357901, 107987786, 109618641, 111248748, 112873242, 114489169, 116096746, 117718878, 119335354, 120956945, 122577745, 124183117, 125803152, 127423530, 129043461, 130666019, 132290854, 133899195, 135524186, 137130092, 138752369, 140369920, 141978918, 143596361, 145201170, 146820921, 148441034, 150061521, 151681879, 153290416, 154910793, 156531203, 158149085, 159757569, 161379005, 163000089, 164620338, 166240518, 167843483]}