{"incumbents": [-127.5, -200.0, -200.0, -106.0, -200.0, -200.0, -200.0, -172.8, -200.0, -200.0, -200.0, -200.0, -200.0, -200.0, -200.0, -100.3, -200.0, -200.0, -200.0, -200.0, -200.0, -200.0, -200.0, -200.0, -200.0, -200.0, -200.0, -200.0, -200.0, -200.0, -118.5, -200.0, -200.0, -200.0, -159.2, -94.1, -200.0, -123.7, -200.0, -200.0, -200.0, -200.0, -200.0, -200.0, -200.0, -200.0, -200.0, -200.0, -200.0, -200.0, -200.0, -200.0, -200.0, -200.0, -200.0, -200.0, -200.0, -200.0, -200.0, -200.0, -144.3, -136.2, -200.0, -200.0, -200.0, -200.0, -200.0, -200.0, -200.0, -200.0, -200.0, -200.0, -140.2, -97.1, -200.0, -155.6, -200.0, -200.0, -200.0, -200.0, -200.0, -200.0, -200.0, -200.0, -200.0, -200.0, -200.0, -200.0, -200.0, -200.0, -200.0, -200.0, -200.0, -200.0, -200.0, -200.0, -200.0, -200.0, -200.0, -200.0, -200.0, -200.0, -200.0, -200.0], "wallclock_time_eval": [1725.119446516037, 3454.8018317222595, 5241.023916959763, 6983.662391424179, 8723.905143260956, 10451.117280721664, 12184.658855199814, 13903.789408922195, 15637.568409919739, 17413.38981986046, 19155.569488048553, 20878.30087852478, 22610.193489789963, 24364.302264213562, 26129.59352850914, 27843.585181236267, 29607.428996801376, 31354.832263946533, 33126.724949359894, 34866.268825531006, 36582.38547730446, 38364.80279350281, 40142.594400167465, 41912.10367703438, 43674.86539387703, 45456.47197127342, 47185.80574512482, 48932.09061336517, 50660.46156144142, 52409.926765441895, 54152.0709233284, 55861.04888391495, 57602.51289200783, 59389.61562681198, 61110.25356674194, 62866.88421869278, 64631.594140291214, 66340.7184894085, 68127.87035107613, 69891.26762390137, 71644.65487551689, 73441.75042366982, 75218.20054268837, 77006.26082229614, 78768.84014940262, 80475.36878323555, 82226.70041108131, 83953.31596517563, 85757.16787719727, 87514.88423228264, 89253.01395106316, 90992.6574652195, 92727.28924417496, 94486.83888983727, 96229.93238949776, 97991.31947135925, 99760.64861273766, 101553.91427731514, 103282.19203782082, 105077.02385568619, 106817.56742167473, 108547.47221708298, 110309.73752617836, 112079.7748131752, 113846.65159678459, 115586.74409723282, 117377.23307132721, 119140.32025027275, 120910.41765069962, 122676.9397251606, 124437.48988604546, 126209.05873560905, 127950.52376365662, 129682.15299963951, 131458.59767913818, 133167.08149909973, 134955.09938716888, 136697.88619947433, 138448.98512744904, 140212.1697921753, 141982.86192131042, 143776.79546284676, 145494.37481617928, 147249.97726655006, 148989.36015295982, 150705.59496974945, 152430.85732913017, 154174.20639038086, 155916.421813488, 157705.50124502182, 159493.11873292923, 161207.3333890438, 162960.71909284592, 164708.28827905655, 166485.44289779663, 168220.62185311317, 169987.4330368042, 171740.47520518303, 173490.6243584156, 175246.453250885, 177003.7044930458, 178759.0370838642, 180496.63948702812, 182243.21070289612], "timesteps_eval": [1019822, 2039822, 3059822, 4077807, 5097257, 6116349, 7135619, 8153024, 9172842, 10192854, 11212200, 12232060, 13252060, 14271778, 15291778, 16308516, 17328516, 18348516, 19368516, 20388516, 21408516, 22428516, 23448516, 24468516, 25488516, 26508516, 27528516, 28548516, 29568516, 30588516, 31607682, 32627682, 33647682, 34667682, 35685520, 36703449, 37723449, 38742693, 39762693, 40782693, 41802693, 42822693, 43842693, 44862693, 45882693, 46902693, 47922533, 48942218, 49962218, 50982218, 52001833, 53021287, 54041287, 55061287, 56081287, 57101287, 58121287, 59141287, 60161287, 61181287, 62200462, 63219710, 64239710, 65259710, 66279710, 67299710, 68319710, 69339710, 70359710, 71379710, 72399710, 73419310, 74436099, 75453083, 76473083, 77490247, 78510063, 79529926, 80549926, 81569926, 82589926, 83609926, 84629831, 85649831, 86669831, 87689831, 88709831, 89729560, 90749560, 91769560, 92789560, 93809560, 94829178, 95849178, 96869178, 97889178, 98909178, 99929178, 100948668, 101968668, 102988668, 104008668, 105028668, 106048668]}