{"incumbents": [505.9157898, 341.98364200000003, 698.6438550999999, 330.9071967, 1062.5150023, 416.9885757, 209.89664739999998, 620.9783527, 630.6477456, 3302.022602, 475.05084149999993, 435.8823122, 276.6301864999999, 487.6932208, 1962.8098600999997, 312.1736653, 1454.8206339000003, 395.7908418, 309.31019100000003, 0.17213879999999998, 437.2982089, 2613.9323528, 3376.6121531000003, 635.0385792, 249.4757888, 355.6572182, 392.99420239999995, 434.53515609999994, 62.6420479, 382.71184729999993, 172.5606483, 725.5556832, 285.3322468, 1109.9328276, 555.4484292000001, 177.96096570000003, 170.8438223, 452.493505, 359.1492536, 3.0906852, 431.001797, 189.57052829999998, 439.99491929999994, 651.8200525, 266.12394409999996, 227.7258684, 165.2372468, 373.7982996, 342.06121599999994, 171.23084620000003, 213.1993018, 163.44594949999998, 39.0586338, 189.23976009999998, 72.7928856, 1022.3426888, 316.23855369999995, 253.2919913, 185.166, 189.7901044, 93.72822060000001, 171.8356903, 75.57445349999999, 377.0688524, 364.4700234, 178.4901438, 372.85035899999997, 180.0063466, 1344.4341264, 184.5367745, 171.46137199999998, 318.3139429, 1339.8480733000001, 541.4688009999999, 80.33292889999998, 176.2357265, 391.42524310000005, 194.06470159999998, 147.5242527, 168.7409473, 184.8605025, 171.0667215, 94.4594911, 175.91624499999998, 290.7775149, 409.846299, 170.50150939999997, 250.1413001, 179.71085240000002, 439.1237126, 63.95425130000001, 401.4245245999999, 247.2509775, 174.8545995, 257.6643221, 179.8247672, 220.74669239999997, 371.63139659999996, 465.1346751, 52.34020539999999, 1.7070361000000003, 38.7213196, 3.0751887, 5.9201021], "wallclock_time_eval": [1874.1453495025635, 3764.205104112625, 5739.096304893494, 7578.821483135223, 9803.03507399559, 11719.640233755112, 13755.98261809349, 15707.498792171478, 17606.401138544083, 19653.011399030685, 21494.82434630394, 23357.66274380684, 25240.134164333344, 27134.23461174965, 29164.958361387253, 31046.89297056198, 33228.06151032448, 35132.3346016407, 37021.38595533371, 38884.49466371536, 40765.672258377075, 42904.88714289665, 45014.718846559525, 46923.17177224159, 49107.64241838455, 50969.20724487305, 52896.705771923065, 54774.07713866234, 56622.97115492821, 58519.8189766407, 60379.38595819473, 62322.84974718094, 64205.61705851555, 66216.69385528564, 68125.82459235191, 70006.37284588814, 71829.824634552, 73656.55640482903, 75522.27525377274, 77341.66072320938, 79201.51390028, 81060.82688140869, 82951.16064071655, 84811.07853102684, 86699.40838170052, 88600.97228002548, 90513.57659077644, 92388.96165418625, 94285.94397568703, 96137.85326766968, 98016.52018237114, 99894.96344327927, 101775.3471364975, 103626.36129164696, 105506.41185355186, 107483.71217632294, 109358.7492992878, 111219.74259996414, 113086.59789276123, 114933.28066420555, 116754.16597509384, 118602.67615842819, 120450.07992696762, 122337.96153259277, 124229.05757713318, 126118.60054445267, 127990.53539204597, 129860.16577339172, 131775.90495181084, 133657.18167996407, 135530.54829096794, 137461.68744707108, 139364.49064707756, 141273.08518004417, 143157.39339613914, 145027.90013837814, 146926.74250125885, 148798.3942372799, 150676.82118296623, 152555.9393568039, 154433.95451378822, 156278.13380932808, 158111.62301373482, 159959.1115436554, 161871.7463581562, 163932.3418366909, 165784.36001992226, 167653.9990696907, 169527.20182991028, 171432.4271645546, 173265.8861269951, 175143.97382092476, 177021.68728899956, 178871.34238028526, 180758.83944177628, 182627.13004112244, 184510.30054306984, 186404.30730104446, 188274.1803944111, 190122.17834591866, 191938.66177129745, 193766.99771428108, 195631.19627594948, 197431.42400717735], "timesteps_eval": [1016765, 2034795, 3043326, 4061702, 5048692, 6064851, 7068732, 8079696, 9095004, 10097361, 11114007, 12129584, 13147941, 14165075, 15169477, 16185769, 17173706, 18179378, 19194153, 20216624, 21233469, 22229520, 23235672, 24251232, 25235360, 26250030, 27263213, 28280400, 29301498, 30320317, 31342104, 32356261, 33373558, 34378419, 35395372, 36414893, 37435571, 38450317, 39467224, 40490775, 41508026, 42527662, 43545476, 44564712, 45582278, 46598293, 47615385, 48632429, 49643255, 50663896, 51681817, 52700439, 53723138, 54742774, 55763310, 56774540, 57793130, 58810203, 59829917, 60849553, 61869517, 62891304, 63911349, 64927746, 65944140, 66960805, 67978317, 68998070, 70015181, 71034895, 72055536, 73070904, 74090029, 75105904, 76123736, 77144027, 78160426, 79178615, 80196562, 81215461, 82235175, 83255816, 84276635, 85296926, 86313265, 87321825, 88343029, 89360848, 90380601, 91396589, 92419935, 93438013, 94455073, 95475364, 96491761, 97511514, 98529378, 99546646, 100563977, 101584290, 102607803, 103631010, 104654855, 105678316]}