{"incumbents": [317.5, 543.5, 543.5, 543.5, 543.5, 543.5, 543.5, 543.5, 543.5, 543.5, 543.5, 574.0, 574.0, 574.0, 574.0, 574.0, 574.0, 574.0, 574.0, 574.0, 574.0, 574.0, 574.0, 574.0, 574.0, 574.0, 574.0, 574.0, 574.0, 574.0, 574.0, 574.0, 574.0, 574.0, 574.0, 574.0, 593.0, 593.0, 593.0, 593.0, 593.0, 593.0, 593.0, 593.0, 593.0, 593.0, 593.0, 593.0, 593.0, 593.0, 593.0, 593.0, 593.0, 593.0, 593.0, 593.0, 593.0, 593.0, 593.0, 593.0, 593.0, 593.0, 593.0, 593.0, 593.0, 593.0, 593.0, 593.0, 593.0, 593.0, 593.0, 593.0, 593.0, 593.0, 593.0, 593.0, 593.0, 593.0, 593.0, 593.0, 593.0, 593.0, 593.0, 593.0, 593.0, 593.0, 593.0, 593.0, 593.0, 593.0, 593.0, 593.0, 593.0, 593.0, 593.0, 593.0, 593.0, 593.0, 593.0, 593.0, 593.0, 593.0, 593.0, 593.0, 593.0, 593.0, 593.0, 593.0], "wallclock_time_eval": [5833.360805511475, 11556.483343601227, 17292.619775772095, 23034.873666524887, 28883.58859872818, 34732.30353093147, 40613.14991545677, 46247.308965444565, 51907.56654334068, 57655.607459783554, 63374.86648797989, 69087.81513404846, 74804.49719834328, 80589.15961742401, 86264.48054552078, 92508.10960054398, 98188.70675730705, 103866.11915802956, 109466.65797972679, 115257.98927378654, 120920.3020298481, 126879.54023218155, 132540.2199459076, 138147.07588243484, 143901.06790161133, 149556.6502559185, 155296.08355164528, 160999.22540163994, 166651.10289812088, 172380.77770090103, 178070.76958465576, 183733.23309493065, 189433.9847252369, 195152.34786343575, 200939.7230465412, 206689.1564028263, 212500.63017773628, 218229.24395513535, 223970.38965892792, 229729.3524439335, 235493.91886353493, 241284.36676168442, 247035.79500508308, 252803.8562707901, 258584.10121011734, 264279.4919350147, 270033.50001716614, 275719.15178751945, 281368.0589771271, 287009.99207925797, 292686.4738073349, 298333.61549401283, 304057.41120409966, 309822.1507072449, 315571.4382917881, 321195.52879190445, 326822.12634682655, 332484.75619864464, 338326.3216178417, 344038.60723137856, 349732.69978904724, 355485.622371912, 361204.5621521473, 366988.43274855614, 372763.3798894882, 378477.27656912804, 384124.59227991104, 389857.2689638138, 395541.93678736687, 401292.49597764015, 407003.0633394718, 412647.6079545021, 418295.1292142868, 424084.8710103035, 430218.6999461651, 435937.15700507164, 441631.669219017, 447418.3203496933, 453093.718228817, 458750.09809851646, 464564.51449108124, 470560.6267824173, 476318.1311197281, 482179.76474809647, 487949.6364502907, 493791.30804252625, 499573.0435497761, 505514.3920469284, 511341.6210730076, 517152.05810666084, 522848.51479530334, 528587.1213462353, 534492.4128155708, 540172.8443627357, 552258.7099399567, 558038.7438697815, 563773.0135538578, 569582.32447505, 575351.4151015282, 581119.6371510029, 586906.3291416168, 592756.51714921, 598412.966452837, 604041.3138046265, 609870.8308625221, 615678.3396821022, 621555.3661437035, 627372.9274659157], "timesteps_eval": [1605565, 3205991, 4815366, 6416638, 8017333, 9618028, 11219908, 12823806, 14435088, 16030720, 17626790, 19222912, 20816237, 22406843, 24003865, 25607023, 27208743, 28820003, 30419718, 32023991, 33633731, 35240341, 36850000, 38457630, 40055159, 41663564, 43271230, 44881940, 46482344, 48086888, 49686292, 51279426, 52879229, 54471369, 56057727, 57646487, 59238761, 60832683, 62422219, 64011415, 65592359, 67175214, 68771437, 70362056, 71955574, 73564651, 75165937, 76766987, 78364180, 79967429, 81570396, 83180826, 84787582, 86404161, 88009042, 89614773, 91214509, 92823958, 94423845, 96028650, 97635761, 99237441, 100849495, 102456224, 104060766, 105663643, 107273966, 108882406, 110494052, 112107101, 113721799, 115334202, 116940278, 118542397, 120152116, 121763112, 123372352, 124975327, 126581365, 128190904, 129791857, 131392390, 132996394, 134595265, 136197273, 137800412, 139401344, 141005019, 142604090, 144206766, 145815482, 147430289, 149045095, 150656892, 152265559, 153876391, 155480057, 157079987, 158679702, 160293702, 161897071, 163498914, 165103416, 166711508, 168313475, 169912072, 171510328, 173110240]}