{"incumbents": [0.0, 0.0, 25.1, 53.6, 53.6, 53.6, 53.6, 53.6, 53.6, 53.6, 53.6, 53.6, 53.6, 53.6, 53.6, 53.6, 53.6, 53.6, 53.6, 53.6, 53.6, 53.6, 53.6, 53.6, 53.6, 53.6, 53.6, 53.6, 53.6, 54.0, 54.0, 54.0, 54.0, 54.0, 54.0, 54.0, 54.0, 54.0, 54.0, 54.0, 54.0, 54.0, 54.0, 54.0, 54.0, 54.0, 54.0, 54.0, 54.0, 54.0, 54.0, 54.0, 54.0, 54.0, 54.0, 54.0, 54.0, 54.0, 54.0, 54.0, 54.0, 54.0, 54.0, 54.0, 54.0, 54.0, 54.0, 54.0, 54.0, 54.0, 54.0, 54.0, 54.0, 54.0, 54.0, 54.0, 54.0, 54.0, 54.0, 54.0, 54.0, 54.0, 54.0, 54.0, 54.0, 54.0, 54.0, 54.0, 54.0, 54.0, 54.0, 54.0, 54.0, 54.0, 54.0, 54.0, 54.0, 54.0, 54.0, 54.0, 54.0, 54.0, 54.0, 54.0], "wallclock_time_eval": [5883.17386841774, 12125.094287157059, 18457.700913906097, 25203.250020503998, 32350.10747528076, 38550.20517086983, 45467.759831905365, 56311.05126833916, 62595.40611386299, 70758.53538441658, 76625.83475923538, 83060.9355108738, 90457.21158337593, 97128.62444806099, 102941.60390806198, 108809.88725447655, 114626.91383624077, 121500.5068423748, 128969.63174033165, 134726.16493105888, 148019.4944000244, 156659.5801615715, 164317.56887173653, 172964.63720679283, 180482.1489624977, 189122.38267159462, 200501.1928408146, 206533.6293270588, 216261.11560630798, 223086.1817522049, 228804.98273658752, 235003.26322054863, 243607.84060168266, 250100.4748840332, 256276.59665322304, 264139.79450678825, 275398.3960223198, 282857.3888101578, 291377.8861773014, 298088.54254746437, 307170.35450816154, 315920.3202457428, 323038.04940867424, 329594.6495628357, 336547.1723911762, 344587.0624895096, 353425.3521261215, 359883.92663788795, 368453.85796427727, 377160.5584323406, 385987.4051680565, 391795.2648830414, 398429.3656129837, 409239.20892453194, 415066.4675207138, 420834.60748052597, 426647.3184103966, 432624.49226403236, 438443.9155673981, 444326.6198980808, 450158.7228960991, 455977.38019895554, 461782.4243364334, 469340.1348230839, 475264.7023618221, 482170.78620505333, 487944.7769231796, 495038.1411817074, 501793.2592191696, 507694.21902012825, 514114.0373573303, 521371.18170261383, 527806.0407383442, 536331.1842150688, 542304.2963840961, 551871.4364843369, 560740.5843558311, 566475.3040089607, 573472.496180296, 581946.976631403, 589084.3809843063, 598005.9357945919, 603953.3888311386, 609671.4184558392, 618465.8316681385, 627319.447009325, 636200.5827600956, 645025.3951182365, 650839.2448549271, 659203.3044946194, 668183.1746921539, 676862.2043278217, 683832.3321349621, 692264.7590854168, 701016.5573525429, 709640.6414384842, 715334.0816533566, 723219.3567204475, 729613.6584367752, 736904.4350759983, 745681.8690276146, 751473.790630579, 757174.6947050095, 763806.8506662846], "timesteps_eval": [1440441, 2770073, 3918716, 5053103, 6173098, 7311751, 8453323, 9588007, 10736952, 11864871, 13084232, 14238446, 15376543, 16528821, 17664123, 19124920, 20264693, 21469108, 22618389, 23976590, 25155253, 26223149, 27363672, 28519127, 29669072, 30824185, 31971440, 33106452, 34273632, 35412816, 36915274, 38045571, 39206225, 40344112, 41483302, 42624917, 43756684, 44889308, 46029249, 47161405, 48288858, 49434222, 50571131, 51661923, 52799219, 53955156, 55100435, 56246992, 57424084, 58479684, 59612524, 61105389, 62251386, 63385766, 64522773, 65666624, 66801399, 68258932, 69393808, 70532465, 71667922, 72807547, 73941598, 75088211, 76225253, 77571986, 79092765, 80236021, 81624179, 82990430, 84365653, 85595561, 86993626, 88162344, 89509455, 90308403, 91399925, 92943811, 94129272, 95285872, 96443525, 97597948, 99151397, 100669265, 101836001, 103182428, 104345308, 105554902, 107022967, 108212868, 109432438, 110595419, 111744551, 113014705, 114269153, 115432328, 116869276, 118030394, 119451513, 120599230, 121655002, 123128767, 124550441, 125701146]}