{"incumbents": [-77.77308640000001, 912.0797912, 912.0797912, 912.0797912, 979.9172514000002, 988.9101486000002, 988.9101486000002, 999.4301743, 1003.1102688000001, 1003.1102688000001, 1003.4592871000001, 1003.4592871000001, 1003.4592871000001, 1003.4592871000001, 1003.4592871000001, 1003.4592871000001, 1003.4592871000001, 1003.4592871000001, 1003.4592871000001, 1003.4592871000001, 1456.2442148999999, 1456.2442148999999, 1456.2442148999999, 1456.2442148999999, 1456.2442148999999, 1456.2442148999999, 1456.2442148999999, 1456.2442148999999, 1456.2442148999999, 1456.2442148999999, 1456.2442148999999, 1456.2442148999999, 1456.2442148999999, 1456.2442148999999, 1456.2442148999999, 1456.2442148999999, 1456.2442148999999, 1456.2442148999999, 1456.2442148999999, 1456.2442148999999, 1456.2442148999999, 1456.2442148999999, 1456.2442148999999, 1456.2442148999999, 1456.2442148999999, 1456.2442148999999, 1456.2442148999999, 1456.2442148999999, 1456.2442148999999, 1456.2442148999999, 1456.2442148999999, 1456.2442148999999, 1456.2442148999999, 1456.2442148999999, 1456.2442148999999, 1456.2442148999999, 1456.2442148999999, 1456.2442148999999, 1456.2442148999999, 1456.2442148999999, 1456.2442148999999, 1456.2442148999999, 1456.2442148999999, 1456.2442148999999, 1456.2442148999999, 1456.2442148999999, 1456.2442148999999, 1456.2442148999999, 1456.2442148999999, 1456.2442148999999, 1456.2442148999999, 1456.2442148999999, 1456.2442148999999, 1456.2442148999999, 1456.2442148999999, 1456.2442148999999, 1456.2442148999999, 1456.2442148999999, 1456.2442148999999, 1456.2442148999999, 1456.2442148999999, 1456.2442148999999, 1456.2442148999999, 1456.2442148999999, 1456.2442148999999, 1456.2442148999999, 1456.2442148999999, 1456.2442148999999, 1456.2442148999999, 1456.2442148999999, 1456.2442148999999, 1456.2442148999999, 1456.2442148999999, 1456.2442148999999, 1456.2442148999999, 1456.2442148999999, 1456.2442148999999, 1456.2442148999999, 1456.2442148999999, 1456.2442148999999], "wallclock_time_eval": [2443.5911304950714, 5737.618148803711, 8569.485922336578, 11668.262911319733, 15070.949144363403, 18502.388741493225, 21930.67229962349, 25366.585641860962, 28725.797420978546, 32154.662851572037, 35618.93399834633, 39038.49874186516, 42529.79954242706, 45944.495285749435, 49446.03058838844, 52881.56116747856, 55513.03979611397, 58893.17603111267, 61496.58851623535, 64168.800345659256, 67528.4208726883, 70938.91868782043, 73429.59591603279, 76894.13734650612, 79375.7874507904, 81886.0147330761, 85264.76254725456, 87806.48233747482, 90658.55633616447, 93411.42442369461, 96065.15955805779, 98668.82829475403, 101357.9479007721, 103853.35172438622, 106364.82770776749, 109018.48134064674], "timesteps_eval": [970532, 1939714, 2898097, 3867721, 4834413, 5802203, 6772959, 7745332, 8713275, 9682174, 10650135, 11620849, 12592988, 13560712, 14531987, 15502315, 16473087, 17443801, 18403129, 19382652, 20353087, 21334992, 22309509, 23278160, 24254362, 25246825, 26214884, 27198269, 28161836, 29134383, 30097007, 31070026, 32035328, 33014806, 33983972, 34964055]}