{"incumbents": [656.0, 220.0, 140.0, 140.0, 309.0, 635.0, 110.0, 651.0, 513.0, 518.0, 531.0, 630.0, 453.0, 121.0, 641.0, 602.0, 661.0, 414.0, 633.0, 501.0, 533.0, 653.0, 382.0, 360.0, 656.0, 578.0, 705.0, 685.0, 526.0, 771.0, 640.0, 726.0, 538.0, 220.0, 638.0, 518.0, 466.0, 531.0, 569.0, 502.0, 220.0, 440.0, 220.0, 615.0, 615.0, 487.0, 433.0, 650.0, 432.0, 477.0, 586.0, 731.0, 595.0, 592.0, 609.0, 623.0, 604.0, 632.0, 338.0, 370.0, 517.0, 140.0, 220.0, 220.0, 140.0, 398.0, 220.0, 220.0, 220.0, 140.0, 220.0, 140.0, 220.0, 140.0, 220.0, 140.0, 140.0, 140.0, 140.0, 140.0, 220.0, 140.0, 220.0, 140.0, 220.0, 121.0, 140.0, 220.0, 121.0, 220.0, 220.0, 121.0, 140.0, 220.0, 220.0, 140.0, 110.0, 204.0, 220.0, 220.0, 220.0, 220.0, 220.0, 220.0], "wallclock_time_eval": [5484.356367349625, 11023.200723648071, 16605.256497383118, 22234.557845830917, 27650.975583314896, 33262.85827922821, 38697.84259557724, 44158.45912146568, 49625.06720781326, 55581.50206232071, 61081.87561035156, 66571.36401724815, 72017.22598528862, 77587.6485414505, 83117.85699033737, 88699.21831727028, 94364.25388717651, 99938.09055352211, 105445.13437843323, 110928.1036336422, 116513.82187080383, 122084.17452478409, 127605.96900343895, 133067.2973806858, 138626.2494046688, 144132.28847026825, 149654.65525650978, 155218.412637949, 160810.2468187809, 166363.77946138382, 171853.02005887032, 177463.07609772682, 183047.66928124428, 188574.13888287544, 194075.45739483833, 199582.91988396645, 205152.76661133766, 210553.02657556534, 216120.35088038445, 221671.249376297, 227182.80508470535, 232643.0647740364, 238116.98150134087, 243608.42191505432, 249135.8079957962, 254612.08272528648, 260024.10141301155, 265459.14055109024, 270929.04495072365, 276382.57075476646, 282090.02732658386, 287641.39428949356, 293146.78960323334, 298740.1175310612, 304215.57344937325, 309838.82571816444, 315399.8118569851, 320878.6691453457, 326264.40641212463, 331832.93224310875, 337322.32912015915, 342825.6670780182, 348336.06503009796, 353856.788803339, 359486.81455016136, 364949.3915834427, 370439.1508126259, 375947.24894332886, 381443.67114520073, 387489.0531516075, 392957.8056128025, 398572.70330667496, 404128.23561930656, 409798.6368801594, 415381.6501939297, 420975.6821668148, 426524.9206972122, 432248.58688783646, 437909.2724030018, 443521.4650104046, 449085.7646086216, 454747.67574071884, 460273.73994779587, 465897.2824897766, 471346.4846100807, 476801.77304697037, 482472.0096569061, 487907.36383605003, 493336.1954843998, 498831.16400289536, 504385.62609672546, 509892.199198246, 515582.04434394836, 521079.15238428116, 526648.76679492, 532096.4183588028, 537537.6559121609, 543066.7770478725, 548514.7935900688, 553978.5255556107, 559546.36226511, 565061.3316307068, 570564.1712799072, 576077.9612767696], "timesteps_eval": [1610387, 3211025, 4826236, 6442222, 8060396, 9663893, 11278553, 12891272, 14510339, 16121294, 17729995, 19343891, 20948638, 22559294, 24161151, 25760548, 27354045, 28950175, 30554670, 32166032, 33757526, 35347264, 36944707, 38555403, 40152701, 41750440, 43348681, 44947330, 46563563, 48158278, 49756215, 51349417, 52946444, 54545328, 56147455, 57750744, 59348858, 60956128, 62567934, 64178660, 65776933, 67395176, 68993244, 70588791, 72184458, 73793361, 75407722, 77018034, 78620088, 80237272, 81830762, 83432423, 85040401, 86634093, 88245660, 89841995, 91439012, 93043308, 94657272, 96278922, 97900731, 99519392, 101124975, 102726181, 104348813, 105962368, 107559081, 109159730, 110758553, 112375691, 113968250, 115584811, 117189161, 118808281, 120421240, 122042105, 123658120, 125279423, 126899155, 128515756, 130119281, 131737127, 133337356, 134951857, 136551200, 138155370, 139777758, 141376761, 142988710, 144583070, 146185311, 147795286, 149417373, 151029691, 152636330, 154245108, 155847782, 157450820, 159048652, 160649986, 162255674, 163862552, 165459673, 167061719]}