{"incumbents": [551.0, 456.0, 517.0, 359.0, 386.0, 315.0, 253.0, 220.0, 220.0, 285.0, 196.0, 220.0, 220.0, 220.0, 220.0, 220.0, 220.0, 220.0, 220.0, 220.0, 220.0, 220.0, 220.0, 220.0, 220.0, 220.0, 220.0, 220.0, 220.0, 220.0, 220.0, 220.0, 220.0, 301.0, 655.0, 220.0, 220.0, 393.0, 354.0, 693.0, 481.0, 551.0, 358.0, 534.0, 554.0, 598.0, 828.0, 409.0, 404.0, 894.0, 603.0, 784.0, 713.0, 852.0, 606.0, 550.0, 520.0, 464.0, 344.0, 701.0, 344.0, 1011.0, 524.0, 784.0, 601.0, 559.0, 223.0, 259.0, 220.0, 533.0, 739.0, 538.0, 673.0, 545.0, 633.0, 772.0, 620.0, 537.0, 1019.0, 436.0, 730.0, 621.0, 506.0, 220.0, 556.0, 488.0, 533.0, 737.0, 328.0, 561.0, 745.0, 558.0, 777.0, 605.0, 596.0, 706.0, 573.0, 622.0, 748.0, 721.0, 721.0, 721.0, 721.0, 721.0, 721.0, 721.0, 721.0, 721.0, 721.0, 721.0, 721.0, 721.0, 721.0, 721.0, 721.0, 721.0, 721.0, 721.0, 721.0, 721.0, 721.0, 721.0, 721.0, 721.0, 721.0, 721.0, 721.0, 721.0, 721.0, 721.0, 721.0, 721.0, 721.0, 721.0, 721.0, 721.0, 721.0, 721.0, 721.0, 721.0, 721.0, 721.0, 721.0, 721.0, 721.0, 721.0, 721.0, 721.0, 721.0, 721.0, 721.0, 721.0, 721.0, 721.0, 721.0, 721.0, 721.0, 721.0, 721.0, 721.0, 721.0, 721.0, 721.0, 721.0, 721.0, 721.0, 721.0, 721.0, 721.0, 721.0, 721.0, 721.0, 721.0, 721.0, 721.0, 721.0, 721.0, 721.0, 721.0, 721.0, 721.0, 721.0, 721.0, 721.0, 721.0, 721.0, 721.0, 721.0, 721.0, 721.0, 721.0, 721.0, 721.0, 721.0, 721.0, 721.0, 721.0, 721.0, 721.0, 721.0], "wallclock_time_eval": [130.75885248184204, 261.4648218154907, 392.04478120803833, 520.4184446334839, 652.4972324371338, 778.3644194602966, 904.8392863273621, 1092.9710030555725, 1232.429636478424, 1201.535967350006, 1358.7836623191833, 1471.324326992035, 1599.471351146698, 1730.2654542922974, 1858.3206224441528, 1985.0095953941345, 2107.8535108566284, 2231.5876121520996, 2355.3000721931458, 2480.2120904922485, 2603.685829639435, 2727.2454504966736, 2852.446273326874, 2977.4402055740356, 3103.513095855713, 3230.190306186676, 3355.849000930786, 3481.1107120513916, 3608.4257307052612, 3731.2944116592407, 3855.7482137680054, 3981.173581600189, 4108.7825446128845, 4147.69148349762, 4317.362768173218, 4483.064158916473, 4609.525531291962, 4718.321185588837, 4846.812475681305, 5007.893509864807, 5143.248461723328, 5285.551485538483, 5419.699185848236, 5562.766504764557, 5701.202521800995, 5860.757483959198, 6055.672866344452, 6185.4468722343445, 6317.613194942474, 6494.477711200714, 6656.223946094513, 6810.811331748962, 6965.076608181, 7111.249341011047, 7260.574122905731, 7394.082964420319, 7524.974074840546, 7662.130574226379, 7794.078768730164, 8004.288429737091, 8149.09445476532, 8315.650229930878, 8464.190175056458, 8637.143472194672, 8784.094415187836, 8965.334643363953, 643.09645652771, 9246.2602725029, 8589.258026599884, 9527.536949634552, 9678.200289726257, 9839.757605552673, 9989.980610370636, 10147.395071029663, 10287.069755077362, 10441.107224941254, 10610.910516738892, 10758.06771850586, 10935.899684906006, 11064.391066551208, 11204.441930770874, 11353.08250284195, 11488.224846839905, 10460.367098331451, 11773.511203289032, 11907.610516548157, 12058.315705776215, 12209.173615455627, 12341.82494544983, 12471.263376235962, 12636.451175689697, 12762.179347991943, 12933.096807956696, 13071.67709159851, 13214.83139705658, 13370.612311840057, 13489.547189235687, 13622.870780467987, 13752.841466903687, 13874.69227218628], "timesteps_eval": [9809, 19689, 29505, 39148, 49005, 58708, 68397, 77884, 87905, 96932, 106189, 115867, 125515, 135064, 144761, 154217, 163676, 173216, 182738, 192419, 201946, 211674, 221268, 230960, 240722, 250065, 259076, 268321, 277622, 287413, 297140, 306800, 316323, 327251, 336728, 344984, 354515, 364812, 373613, 380989, 390526, 399352, 408611, 418347, 427095, 436097, 445809, 455047, 464455, 473982, 482792, 491536, 500646, 509441, 518793, 528132, 535829, 544928, 553209, 562505, 571334, 580809, 590036, 597820, 606806, 616572, 624802, 632529, 660901, 649289, 658203, 666488, 673861, 682539, 689998, 698771, 708025, 717085, 725942, 733005, 742715, 751584, 759727, 803338, 778846, 788154, 797860, 806845, 815827, 824796, 832278, 840844, 850429, 858524, 868159, 875430, 882834, 890792, 899484, 908895]}