{"incumbents": [285.0, 285.0, 285.0, 285.0, 285.0, 285.0, 285.0, 285.0, 285.0, 285.0, 285.0, 285.0, 285.0, 397.5, 518.0, 501.0, 474.5, 336.5, 285.0, 285.0, 285.0, 381.5, 285.0, 514.5, 320.0, 285.0, 469.5, 285.0, 285.0, 401.5, 285.0, 285.0, 485.0, 285.0, 553.5, 398.5, 558.5, 636.0, 380.5, 582.5, 603.0, 489.5, 494.5, 424.0, 612.0, 285.0, 562.0, 517.5, 445.5, 434.5, 668.0, 401.5, 462.5, 292.0, 703.5, 643.5, 557.5, 397.5, 511.5, 469.5, 475.0, 300.5, 371.0, 495.5, 558.0, 348.0, 468.5, 466.5, 311.0, 381.0, 575.0, 603.5, 557.0, 543.5, 381.0, 542.5, 414.5, 487.5, 419.5, 509.5, 627.5, 401.0, 511.5, 600.0, 382.0, 488.5, 560.5, 405.0, 505.5, 577.5, 632.5, 566.0, 611.5, 618.0, 397.0, 529.5, 464.0, 525.0, 568.0, 597.5, 597.5, 597.5, 597.5, 597.5, 597.5, 597.5, 597.5, 597.5, 597.5, 597.5, 597.5, 597.5, 597.5, 597.5, 597.5, 597.5, 597.5, 597.5, 597.5, 597.5, 597.5, 597.5, 597.5, 597.5, 597.5, 597.5, 597.5, 597.5, 597.5, 597.5, 597.5, 597.5, 597.5, 597.5, 597.5, 597.5, 597.5, 597.5, 597.5, 597.5, 597.5, 597.5, 597.5, 597.5, 597.5, 597.5, 597.5, 597.5, 597.5, 597.5, 597.5, 597.5, 597.5, 597.5, 597.5, 597.5, 597.5, 597.5, 597.5, 597.5, 597.5, 597.5, 597.5, 597.5, 597.5, 597.5, 597.5, 597.5, 597.5, 597.5, 597.5, 597.5, 597.5, 597.5, 597.5, 597.5, 597.5, 597.5, 597.5, 597.5, 597.5, 597.5, 597.5, 597.5, 597.5, 597.5, 597.5, 597.5, 597.5, 597.5, 597.5, 597.5, 597.5, 597.5, 597.5, 597.5, 597.5, 597.5, 597.5, 597.5], "wallclock_time_eval": [133.82195663452148, 244.79502153396606, 355.4108200073242, 466.29464960098267, 576.9209342002869, 687.9569358825684, 798.8849148750305, 910.4969906806946, 1022.1046671867371, 1133.0361957550049, 1246.4613661766052, 1338.0894980430603, 1447.285870552063, 1613.8269710540771, 1731.473795890808, 1853.151843070984, 2017.5729894638062, 2179.46959733963, 2264.778486251831, 2409.5832414627075, 2576.7656059265137, 2739.1798644065857, 2854.903820991516, 2969.129469394684, 3083.513032436371, 3337.5493030548096, 3328.1020345687866, 3636.773178577423, 3773.7486572265625, 3707.566695213318, 4065.322865962982, 4241.994219303131, 4098.68287229538, 4529.106290340424, 4392.7803683280945, 4522.078433513641, 4651.796051502228, 4781.827703475952, 4908.4367089271545, 5036.515005111694, 5163.7155294418335, 5291.858767986298, 5421.102087974548, 5552.766366958618, 5682.2090010643005, 6232.682782173157, 5942.8394412994385, 6081.831472873688, 6212.274584770203, 6343.997771263123, 6481.114099025726, 6612.858347415924, 6776.482975959778, 7023.07511806488, 7105.398232460022, 7280.495993614197, 7418.068479537964, 7543.5433530807495, 7682.679596424103, 7816.776958942413, 7953.005727291107, 8079.911574840546, 8209.920640468597, 8344.904802322388, 8497.598405838013, 8632.490779399872, 8770.252737045288, 8908.220183372498, 9039.975720405579, 9175.944351196289, 9319.903589248657, 9456.925295352936, 9629.21529340744, 9774.815557479858, 9908.346053600311, 10047.161126613617, 10182.436547756195, 10321.325778484344, 10458.871337890625, 10603.381667137146, 10746.132297039032, 10884.69618844986, 11021.613958835602, 11164.711557865143, 11303.997584819794, 11484.819792747498, 11657.387149333954, 10014.784938335419, 11923.068202972412, 12067.69245004654, 12212.035384654999, 12351.068346977234, 12490.468974113464, 12628.378437519073, 12766.497500896454, 12905.453174591064, 13053.972524166107, 13186.805041790009, 13313.863047599792, 13465.83887720108], "timesteps_eval": [9730, 19199, 28795, 38416, 47987, 57413, 66869, 76220, 86401, 96111, 105834, 114658, 124146, 134908, 144287, 154002, 163609, 173028, 181584, 191189, 200798, 211890, 220033, 230835, 240402, 248877, 259778, 268086, 277756, 288532, 296939, 306600, 317417, 325831, 336025, 345355, 354524, 364163, 373579, 383008, 391957, 401417, 410814, 420051, 429505, 440478, 448720, 458234, 467394, 476855, 485892, 494945, 504204, 518402, 523305, 532780, 542140, 551734, 561328, 570492, 579421, 588925, 597959, 607460, 616908, 626551, 636073, 645597, 654724, 663907, 673169, 682319, 691828, 700939, 710373, 719778, 729346, 738614, 748025, 757238, 766713, 775793, 784993, 794112, 803515, 812886, 822179, 853195, 840803, 850049, 859722, 869034, 878086, 887109, 896682, 905512, 931229, 923609, 950140, 942254]}