{"incumbents": [126.0, 170.0, 90.0, 264.0, 418.0, 336.0, 521.0, 546.0, 436.0, 639.0, 1064.0, 1229.0, 708.0, 1641.0, 1796.0, 2001.0, 2147.0, 1620.0, 2173.0, 1061.0, 2267.0, 2130.0, 2087.0, 2107.0, 1640.0, 1738.0, 1906.0, 2185.0, 3094.0, 1689.0, 2841.0, 3409.0, 802.0, 1737.0, 3143.0, 2974.0, 1689.0, 3065.0, 2897.0, 3348.0, 2978.0, 2766.0, 2134.0, 3979.0, 4069.0, 3967.0, 2390.0, 3205.0, 2573.0, 3481.0, 2899.0, 3862.0, 2475.0, 2852.0, 3755.0, 2692.0, 2571.0, 3310.0, 3404.0, 4162.0, 3699.0, 4022.0, 984.0, 2612.0, 3507.0, 4041.0, 3090.0, 4384.0, 4384.0, 4384.0, 4384.0, 4384.0, 4384.0, 4384.0, 4384.0, 4384.0, 4384.0, 4384.0, 4384.0, 4384.0, 4384.0, 4384.0, 4384.0, 4384.0, 4384.0, 4384.0, 4384.0, 4384.0, 4384.0, 4384.0, 4384.0, 4384.0, 4384.0, 4384.0, 4384.0, 4384.0, 4384.0, 4384.0, 4384.0, 4384.0, 4384.0, 4384.0, 4384.0, 4384.0, 4384.0, 4384.0, 4384.0, 4384.0, 4384.0, 4384.0, 4384.0, 4384.0, 4384.0, 4384.0, 4384.0, 4384.0, 4384.0, 4384.0, 4384.0, 4384.0, 4384.0, 4384.0, 4384.0, 4384.0, 4384.0, 4384.0, 4384.0, 4384.0, 4384.0, 4384.0, 4384.0, 4384.0, 4384.0, 4384.0, 4384.0, 4384.0, 4384.0, 4384.0, 4384.0, 4384.0, 4384.0, 4384.0, 4384.0, 4384.0, 4384.0, 4384.0, 4384.0, 4384.0, 4384.0, 4384.0, 4384.0, 4384.0, 4384.0, 4384.0, 4384.0, 4384.0, 4384.0, 4384.0, 4384.0, 4384.0, 4384.0, 4384.0, 4384.0, 4384.0, 4384.0, 4384.0, 4384.0, 4384.0, 4384.0, 4384.0, 4384.0, 4384.0, 4384.0, 4384.0, 4384.0, 4384.0, 4384.0, 4384.0, 4384.0, 4384.0, 4384.0, 4384.0, 4384.0, 4384.0, 4384.0, 4384.0, 4384.0, 4384.0, 4384.0, 4384.0, 4384.0, 4384.0, 4384.0, 4384.0, 4384.0, 4384.0, 4384.0, 4384.0, 4384.0, 4384.0], "wallclock_time_eval": [114.80174970626831, 227.4286208152771, 568.58598279953, 455.8769950866699, 568.1344447135925, 679.1131114959717, 795.2496857643127, 913.6758055686951, 1030.074709892273, 1149.6689977645874, 1158.0471467971802, 1267.0382890701294, 1378.6167454719543, 1492.5762071609497, 1618.6417365074158, 1729.8462481498718, 1846.5132565498352, 1955.8245425224304, 2069.248703479767, 2181.892686367035, 2297.948821544647, 2441.5862698554993, 2559.488839149475, 2681.4942121505737, 2809.3352494239807, 2935.6697010993958, 3070.7170462608337, 3202.720407485962, 3357.8227739334106, 3488.2556586265564, 3621.780324935913, 3752.7368955612183, 3879.9816484451294, 4017.9891061782837, 4152.073347568512, 4335.49046421051, 4471.879134178162, 4705.438672065735, 4876.82061958313, 5015.655127048492, 5155.375817775726, 5295.579319000244, 5427.998396396637, 5578.364850521088, 5762.879426002502, 5916.744074821472, 6056.057824134827, 6247.5459723472595, 6398.241703987122, 6539.699932098389, 6681.307486534119, 6876.881134033203, 7061.326996803284, 7199.898970603943, 7374.637469291687, 7514.307311534882, 7653.386960029602, 7795.039002895355, 7979.7545375823975, 8165.8633489608765, 8397.54876089096, 8626.491386413574, 8776.342420101166, 8964.832369327545, 9169.716834068298, 9315.98861694336, 9461.014130592346, 15034.93652677536, 15034.93652677536, 15034.93652677536, 15034.93652677536, 15034.93652677536, 15034.93652677536, 15034.93652677536, 15034.93652677536, 15034.93652677536, 15034.93652677536, 15034.93652677536, 15034.93652677536, 15034.93652677536, 15034.93652677536, 15034.93652677536, 15034.93652677536, 15034.93652677536, 15034.93652677536, 15034.93652677536, 15034.93652677536, 15034.93652677536, 15034.93652677536, 15034.93652677536, 15034.93652677536, 15034.93652677536, 15034.93652677536, 15034.93652677536, 15034.93652677536, 15034.93652677536, 15034.93652677536, 15034.93652677536, 15034.93652677536, 15034.93652677536], "timesteps_eval": [9600, 19288, 28353, 38718, 48384, 58168, 67978, 77756, 87585, 97347, 107010, 116840, 126604, 136311, 145874, 154485, 164117, 173899, 183319, 192747, 202158, 211637, 221087, 230566, 240238, 249923, 259105, 268408, 277799, 287192, 296346, 305926, 315314, 324655, 333482, 342858, 352526, 361850, 371208, 380742, 389743, 399422, 409011, 418286, 427320, 436534, 445919, 454877, 463778, 472868, 481566, 490787, 500050, 509068, 517611, 526546, 535608, 545243, 554589, 562460, 571069, 580245, 589406, 598879, 607886, 617145, 626687, 916062, 916062, 916062, 916062, 916062, 916062, 916062, 916062, 916062, 916062, 916062, 916062, 916062, 916062, 916062, 916062, 916062, 916062, 916062, 916062, 916062, 916062, 916062, 916062, 916062, 916062, 916062, 916062, 916062, 916062, 916062, 916062, 916062]}