{"incumbents": [-3.7, -1.0, -1.0, -1.0, -1.0, -1.0, -1.0, -1.0, -1.0, -1.0, -1.0, -1.0, -0.9, -1.0, -1.0, -0.9, -1.0, -0.8, -0.9, -1.0, -0.6, -1.0, -0.6, -0.9, -1.0, -0.8, -1.0, -1.0, -1.0, -0.9, -1.0, -0.8, -0.9, -1.0, -1.0, -0.9, -1.0, -1.0, -0.8, -0.8, -0.8, -1.0, -1.0, -1.0, -1.0, -1.0, -0.6, -1.0, -0.9, -0.8, -0.5, -1.0, -1.0, -0.9, -0.9, -1.0, -1.0, -1.0, -1.0, -1.0, -1.0, -1.0, -1.0, -1.0, -1.0, -1.0, -1.0, -1.0, -0.9, -1.0, -1.0, -0.8, -0.8, -0.8, -1.0, -0.9, -0.7, -0.7, -0.7, -0.6, -0.8, -1.0, -1.0, -1.0, -0.8, -0.7, -0.8, -1.0, -0.8, -0.9, -1.0, -1.0, -1.0, -1.0, -1.0, -1.0, -0.8, -1.0, -1.0, -1.0, -1.0, -1.0, -1.0, -1.0, -1.0, -1.0, -1.0, -1.0, -1.0, -1.0, -1.0, -1.0, -1.0, -1.0, -1.0, -1.0, -1.0, -1.0, -1.0, -1.0, -1.0, -1.0, -1.0, -1.0, -1.0, -1.0, -1.0, -1.0, -1.0, -1.0, -1.0, -1.0, -1.0, -1.0, -1.0, -1.0, -1.0, -1.0, -1.0, -1.0, -1.0, -1.0, -1.0, -1.0, -1.0, -1.0, -1.0, -1.0, -1.0, -1.0, -1.0, -1.0, -1.0, -1.0, -1.0, -1.0, -1.0, -1.0, -1.0, -1.0, -1.0, -1.0, -1.0, -1.0, -1.0, -1.0, -1.0, -1.0, -1.0, -1.0, -1.0, -1.0, -1.0, -1.0, -1.0, -1.0, -1.0, -1.0, -1.0, -1.0, -1.0, -1.0, -1.0, -1.0, -1.0, -1.0, -1.0, -1.0, -1.0, -1.0, -1.0, -1.0, -1.0, -1.0, -1.0, -1.0, -1.0, -1.0, -1.0, -1.0], "wallclock_time_eval": [70.51794350147247, 237.77652299404144, 436.2913308143616, 633.6925441026688, 831.2545050382614, 1028.456337571144, 1224.917027592659, 1420.3543792963028, 1571.148360967636, 1762.9593398571014, 1954.7987378835678, 2252.592382788658, 2430.6604681015015, 2677.348713874817, 2895.0705646276474, 3124.98886013031, 3310.428409218788, 3530.621307492256, 3729.916358947754, 3896.85648727417, 4129.116690158844, 4328.518980622292, 4705.582896947861, 4738.282460093498, 4948.191005825996, 4882.362541794777, 4719.149415016174, 5498.937237977982, 5766.567347049713, 5632.42231464386, 5498.321997046471, 6007.57879114151, 6195.6601185798645, 7046.106887102127, 6279.964249014854, 7449.457400202751, 7775.981564998627, 8048.152437567711, 8077.442693591118, 8286.077411413193, 8495.96093904972, 9102.59285056591, 9393.172067284584, 9665.599914193153, 9924.564687371254, 10186.203035473824, 8848.583626389503, 10740.901815533638, 10129.413213133812, 10335.165308117867, 10542.05950832367, 11817.046016097069, 12107.177449464798, 11164.92663359642, 11380.390385627747, 12879.444747447968, 13166.399040102959, 13423.949059844017, 13677.87967801094, 13943.630891680717, 14211.087579727173, 14481.084058761597, 14746.51345717907, 14984.274747014046, 15235.664281725883, 15517.855981230736, 15797.506702780724, 16046.645327925682, 14117.733573436737, 16518.150604367256, 16760.209375739098, 14748.36400449276, 14957.938141822815, 15166.658693552017, 17823.227637887, 14360.703393101692, 14543.962654829025, 14726.911909341812, 14911.187911987305, 15095.23965203762, 15279.764567732811, 19630.189540982246, 19882.547808289528, 20124.124414086342, 17643.260878443718, 17843.11292743683, 18071.671122908592, 21269.75937283039, 16791.258791565895, 19884.196283698082, 21958.737034082413, 22186.470234632492, 22416.241670012474, 22644.749724268913, 22872.973706007004, 23101.015248537064, 19969.673555254936, 23556.295441508293, 23783.083097696304, 24010.01385831833], "timesteps_eval": [13984, 28075, 42668, 54880, 40009, 86244, 90827, 102582, 115192, 125768, 127775, 129782, 52686, 133796, 135803, 59301, 136843, 62893, 64689, 237487, 68281, 70077, 74959, 73669, 75465, 59862, 189764, 144063, 145099, 62070, 191904, 63174, 63726, 149267, 194044, 69671, 152896, 153431, 71399, 71975, 72551, 157842, 159100, 160189, 161278, 161833, 226716, 169217, 63831, 64333, 122419, 177247, 178475, 66341, 129199, 185150, 188201, 191252, 192453, 193654, 194855, 196056, 197257, 198458, 199659, 200860, 202061, 203262, 148350, 205664, 206865, 149880, 150390, 150900, 211669, 283855, 285816, 287777, 289738, 291699, 293660, 220076, 221277, 222478, 81903, 82405, 183439, 227282, 309348, 180217, 230885, 232086, 233287, 234488, 235689, 236890, 200389, 239292, 240493, 241694]}