{"incumbents": [-77.1, -83.2, -128.2, -84.5, -80.3, -82.8, -81.3, -84.1, -97.5, -84.9, -178.8, -96.4, -81.4, -85.0, -77.9, -89.5, -77.2, -76.0, -110.2, -82.3, -81.3, -81.8, -81.9, -80.3, -77.9, -88.2, -86.5, -84.6, -80.3, -87.3, -84.1, -88.8, -79.7, -500.0, -500.0, -500.0, -500.0, -457.6, -209.4, -89.1, -91.4, -85.3, -95.1, -85.6, -89.4, -82.9, -84.2, -82.8, -82.1, -78.7, -82.7, -82.3, -80.8, -79.8, -88.1, -80.0, -90.6, -79.5, -89.0, -92.0, -84.5, -84.8, -80.5, -81.5, -82.7, -84.6, -84.5, -83.5, -84.5, -84.5, -79.9, -84.5, -84.5, -84.5, -84.5, -84.5, -84.5, -84.5, -84.5, -84.5, -84.5, -84.5, -84.5, -84.5, -84.5, -84.5, -84.5, -84.5, -84.5, -84.5, -84.5, -84.5, -84.5, -84.5, -84.5, -84.5, -84.5, -84.5, -84.5, -84.5, -84.5, -84.5, -84.5, -84.5, -84.5, -84.5, -84.5, -84.5, -84.5, -84.5, -84.5, -84.5, -84.5, -84.5, -84.5, -84.5, -84.5, -84.5, -84.5, -84.5, -84.5, -84.5, -84.5, -84.5, -84.5, -84.5, -84.5, -84.5, -84.5, -84.5, -84.5, -84.5, -84.5, -84.5, -84.5, -84.5, -84.5, -84.5, -84.5, -84.5, -84.5, -84.5, -84.5, -84.5, -84.5, -84.5, -84.5, -84.5, -84.5, -84.5, -84.5, -84.5, -84.5, -84.5, -84.5, -84.5, -84.5, -84.5, -84.5, -84.5, -84.5, -84.5, -84.5, -84.5, -84.5, -84.5, -84.5, -84.5, -84.5, -84.5, -84.5, -84.5, -84.5, -84.5, -84.5, -84.5, -84.5, -84.5, -84.5, -84.5, -84.5, -84.5, -84.5, -84.5, -84.5, -84.5, -84.5, -84.5, -84.5, -84.5, -84.5, -84.5, -84.5, -84.5, -84.5, -84.5, -84.5, -84.5, -84.5, -84.5], "wallclock_time_eval": [78.46793937683105, 159.54829216003418, 272.09176445007324, 354.98194313049316, 432.89066886901855, 510.85330390930176, 586.6254978179932, 663.6618957519531, 741.2976837158203, 819.3574333190918, 912.2805442810059, 1075.7172889709473, 1161.7426719665527, 1244.110496520996, 1328.1285762786865, 1411.4446048736572, 1498.9854259490967, 1586.2634105682373, 1674.7133445739746, 1758.1799945831299, 1845.5121688842773, 1932.830717086792, 2017.5162162780762, 2107.126049041748, 2195.4917602539062, 2280.547561645508, 2368.3157844543457, 2453.7063903808594, 2541.081745147705, 2631.0448837280273, 2721.8964309692383, 2805.6689796447754, 2891.3404026031494, 132.7751407623291, 233.04845809936523, 331.4092426300049, 430.1349639892578, 523.7708625793457, 614.8377723693848, 697.3446941375732, 782.3759346008301, 874.6427707672119, 956.9423923492432, 3837.4320220947266, 3922.454210281372, 4009.3666858673096, 4097.409980773926, 4181.4080238342285, 4266.6134605407715, 4354.9074993133545, 4442.655918121338, 4531.499313354492, 4616.753089904785, 4707.342699050903, 4792.358745574951, 4884.4273681640625, 4969.948711395264, 5058.76849937439, 5145.995708465576, 5230.248197555542, 5317.252824783325, 5409.266466140747, 5497.646617889404, 5583.894390106201, 5670.647493362427, 5754.6856117248535, 8600.758346557617, 347.40287590026855, 8600.758346557617, 8600.758346557617, 598.1830558776855, 8600.758346557617, 8600.758346557617, 8600.758346557617, 8600.758346557617, 8600.758346557617, 8600.758346557617, 8600.758346557617, 8600.758346557617, 8600.758346557617, 8600.758346557617, 8600.758346557617, 8600.758346557617, 8600.758346557617, 8600.758346557617, 8600.758346557617, 8600.758346557617, 8600.758346557617, 8600.758346557617, 8600.758346557617, 8600.758346557617, 8600.758346557617, 8600.758346557617, 8600.758346557617, 8600.758346557617, 8600.758346557617, 8600.758346557617, 8600.758346557617, 8600.758346557617, 8600.758346557617], "timesteps_eval": [10000, 20000, 30000, 40000, 49918, 59629, 69282, 78819, 88721, 98709, 108646, 118544, 128540, 138384, 148251, 158249, 168225, 178191, 188052, 197988, 207948, 217920, 227816, 237648, 247594, 257551, 267540, 277450, 287423, 297353, 307273, 317269, 327222, 337209, 347121, 357078, 367057, 376871, 386816, 396802, 406763, 416747, 426717, 436669, 446665, 456594, 466541, 476517, 486456, 496428, 506404, 516354, 526125, 536121, 546105, 556015, 566012, 575965, 585889, 595873, 605785, 615785, 625759, 635739, 645666, 655650, 994034, 994034, 994034, 994034, 994034, 994034, 994034, 994034, 994034, 994034, 994034, 994034, 994034, 994034, 994034, 994034, 994034, 994034, 994034, 994034, 994034, 994034, 994034, 994034, 994034, 994034, 994034, 994034, 994034, 994034, 994034, 994034, 994034, 994034]}