{"incumbents": [30.0, 30.0, 30.0, 30.0, 30.0, 30.0, 30.0, 30.0, 30.0, 30.0, 30.0, 30.0, 30.0, 30.9, 30.0, 30.0, 30.0, 30.0, 30.0, 0.0, 0.0, 0.0, 0.0, 0.0, 30.0, 30.0, 30.0, 30.0, 30.0, 30.0, 30.0, 30.0, 30.0, 30.0, 30.0, 30.0, 30.0, 30.0, 30.0, 30.0, 30.0, 30.0, 30.0, 30.0, 30.0, 30.0, 30.0, 30.0, 30.0, 30.0, 30.0, 30.0, 30.0, 30.0, 30.0, 30.0, 30.0, 30.0, 30.0, 30.0, 30.0, 30.0, 30.0, 30.0, 30.0, 30.0, 30.0, 30.0, 30.0, 30.0, 30.0, 30.0, 30.0, 30.0, 30.0, 30.0, 30.0, 30.0, 30.0, 30.0, 0.0, 0.0, 0.0, 0.0, 0.0, 0.0, 0.0, 0.0, 0.0, 0.0, 0.0, 0.0, 0.0, 0.0, 0.0, 0.0, 0.0, 0.0, 0.0, 0.0, 0.0, 0.0, 0.0, 0.0, 0.0, 0.0, 0.0, 0.0, 0.0, 0.0, 0.0, 0.0, 0.0, 0.0, 0.0, 0.0, 0.0, 0.0, 0.0, 0.0, 0.0, 0.0, 0.0, 0.0, 0.0, 0.0, 0.0, 0.0, 0.0, 0.0, 0.0, 0.0, 0.0, 0.0, 0.0, 0.0, 0.0, 0.0, 0.0, 0.0, 0.0, 0.0, 0.0, 0.0, 0.0, 0.0, 0.0, 0.0, 0.0, 0.0, 0.0, 0.0, 0.0, 0.0, 0.0, 0.0, 0.0, 0.0, 0.0, 0.0, 0.0, 0.0, 0.0, 0.0, 0.0, 0.0, 0.0, 0.0, 0.0, 0.0, 0.0, 0.0, 0.0, 0.0, 0.0, 0.0, 0.0, 0.0, 0.0, 0.0, 0.0, 0.0, 0.0, 0.0, 0.0, 0.0, 0.0, 0.0, 0.0, 0.0, 0.0, 0.0, 0.0, 0.0, 0.0, 0.0, 0.0, 0.0, 0.0, 0.0], "wallclock_time_eval": [121.41433668136597, 242.15991497039795, 364.058424949646, 484.64819383621216, 606.3831186294556, 726.8689165115356, 847.5395011901855, 968.2640924453735, 1088.6149096488953, 1210.3391060829163, 1331.2370915412903, 1451.237099647522, 1572.1732273101807, 2128.238857269287, 1813.7646508216858, 1934.2391610145569, 2054.6754956245422, 2175.569808483124, 2296.6067543029785, 4291.096990585327, 4504.336374759674, 4718.406685829163, 4934.034381866455, 5148.736732959747, 5275.952926158905, 5403.751926422119, 5532.164619922638, 5661.219897270203, 5789.434659004211, 5917.803823471069, 6046.61150598526, 6175.221168518066, 6304.201470851898, 6433.807399272919, 6562.4517822265625, 6691.493027210236, 6821.043408870697, 6948.850128173828, 7077.242509841919, 7206.703082084656, 7334.627842903137, 7462.208745956421, 7590.575598239899, 7718.801911354065, 7846.830822944641, 7975.3785099983215, 8104.6480531692505, 8233.021524429321, 8359.231718063354, 8486.04656124115, 8612.579907417297, 8738.967395305634, 8865.888227462769, 8992.473721504211, 9118.650967121124, 9245.061919689178, 9371.292423725128, 9497.802922725677, 9624.347999572754, 9751.100687980652, 9877.085464000702, 10003.197992801666, 10129.115343093872, 10254.169752120972, 10379.220705032349, 10503.337547302246, 10628.34679222107, 10753.110283851624, 10877.730066299438, 11001.818304538727, 11126.14263343811, 11250.527840137482, 11374.566030025482, 11500.081875801086, 11623.939635753632, 11748.326786994934, 11872.422209262848, 11996.217744350433, 12119.087050914764, 12241.894367694855, 12363.965523719788, 12485.511036872864, 12607.55313539505, 12728.969622135162, 12850.135533809662, 12972.196290016174, 13093.677266597748, 13216.225445747375, 13337.370809078217, 13459.40143442154, 13581.17434167862, 13703.631033420563, 13825.412537574768, 13947.61551952362, 14069.393518924713, 14191.542344093323, 14313.779903888702, 14435.81226158142, 14556.262328624725, 14676.485907554626], "timesteps_eval": [5638, 11302, 16966, 22630, 28296, 33945, 39583, 45216, 50849, 56407, 62044, 67684, 73398, 79036, 84604, 90249, 95896, 101540, 107184, 112826, 118468, 124112, 129756, 135405, 141054, 146703, 152352, 158001, 163650, 169299, 174948, 180597, 186246, 191893, 197540, 203193, 208845, 214497, 220149, 225792, 231435, 237078, 242721, 248364, 254007, 259650, 265293, 270936, 276579, 282222, 287865, 293508, 299151, 304794, 310437, 316080, 321733, 327389, 333045, 338701, 344357, 350013, 355669, 361325, 366981, 372642, 378303, 383961, 389614, 395267, 400920, 406573, 412226, 417879, 423532, 429185, 434838, 440491, 446144, 451797, 457450, 463103, 468756, 474409, 480062, 485715, 491368, 497021, 502674, 508327, 513980, 519633, 525286, 530939, 536592, 542239, 547886, 553533, 559180, 564827]}