{"incumbents": [405.3, 471.6, 500.0, 449.6, 342.3, 406.0, 500.0, 500.0, 500.0, 405.2, 481.9, 417.8, 446.2, 463.9, 475.9, 417.9, 378.5, 417.6, 451.1, 500.0, 412.1, 449.9, 461.2, 458.2, 462.9, 492.3, 478.4, 477.6, 486.2, 493.8, 462.4, 497.7, 499.6, 431.9, 484.1, 480.1, 444.9, 438.6, 430.9, 476.8, 458.4, 500.0, 471.8, 455.0, 500.0, 488.2, 484.1, 500.0, 500.0, 484.4, 500.0, 500.0, 470.8, 486.4, 489.1, 500.0, 500.0, 500.0, 500.0, 500.0, 500.0, 500.0, 500.0, 500.0, 500.0, 500.0, 500.0, 500.0, 500.0, 500.0, 500.0, 500.0, 500.0, 500.0, 487.8, 500.0, 500.0, 500.0, 500.0, 500.0, 500.0, 500.0, 500.0, 500.0, 500.0, 500.0, 500.0, 500.0, 500.0, 500.0, 488.7, 500.0, 500.0, 500.0, 500.0, 500.0, 500.0, 500.0, 500.0, 500.0, 500.0, 500.0, 500.0, 500.0, 500.0, 500.0, 500.0, 500.0, 500.0, 500.0, 500.0, 500.0, 500.0, 500.0, 500.0, 500.0, 500.0, 500.0, 500.0, 500.0, 500.0, 500.0, 500.0, 500.0, 500.0, 500.0, 500.0, 500.0, 500.0, 500.0, 500.0, 500.0, 500.0, 500.0, 500.0, 500.0, 500.0, 500.0, 500.0, 500.0, 500.0, 500.0, 500.0, 500.0, 500.0, 500.0, 500.0, 500.0, 500.0, 500.0, 500.0, 500.0, 500.0, 500.0, 500.0, 500.0, 500.0, 500.0, 500.0, 500.0, 500.0, 500.0, 500.0, 500.0, 500.0, 500.0, 500.0, 500.0, 500.0, 500.0, 500.0, 500.0, 500.0, 500.0, 500.0, 500.0, 500.0, 500.0, 500.0, 500.0, 500.0, 500.0, 500.0, 500.0, 500.0, 500.0, 500.0, 500.0, 500.0, 500.0, 500.0, 500.0, 500.0, 500.0, 500.0, 500.0, 500.0, 500.0, 500.0, 500.0], "wallclock_time_eval": [80.73914527893066, 161.41847848892212, 254.23569202423096, 340.16077041625977, 427.522075176239, 508.9889883995056, 603.5080099105835, 696.2582445144653, 789.0973734855652, 803.0312061309814, 878.3414530754089, 976.8889999389648, 1055.976595878601, 1131.6830039024353, 1232.1015739440918, 1318.9246582984924, 1402.083113193512, 1479.3612432479858, 1564.8347210884094, 1651.3427472114563, 1749.94127035141, 1821.1151599884033, 1919.5940256118774, 2008.5856747627258, 2079.3610763549805, 2165.894525051117, 2267.8067564964294, 2355.5674815177917, 2427.7514123916626, 2518.5576462745667, 2615.9392857551575, 2696.8967485427856, 2740.8686017990112, 2871.6118931770325, 2910.928168296814, 3039.4740438461304, 3124.9748587608337, 3210.7249999046326, 3293.5110902786255, 3381.4530181884766, 3466.0221099853516, 3550.72101354599, 3636.884195804596, 3722.5221848487854, 3809.402425289154, 3895.3431391716003, 3976.4354252815247, 4063.0278420448303, 4149.044239521027, 4234.998936653137, 4330.540463924408, 4417.946884632111, 4505.01487493515, 4592.600395679474, 4683.369541168213, 4457.611315250397, 4857.491602897644, 4946.7385268211365, 4722.44250535965, 5125.185258388519, 5213.835184574127, 4991.992993354797, 5395.209212303162, 5481.202924251556, 5264.260268211365, 5657.0248556137085, 5743.217070102692, 5533.374741077423, 5924.238865375519, 6016.026587486267, 6077.881739139557, 6189.878604412079, 6277.535424232483, 6343.570339679718, 6453.358974456787, 6520.529446601868, 6608.842465877533, 6716.693892478943, 6790.540671348572, 6897.357981204987, 6967.649428844452, 7057.558324337006, 7163.294372558594, 7253.022859096527, 7340.418565273285, 7426.777329444885, 7513.300585746765, 7601.667213439941, 7688.980815410614, 7776.947567462921, 7865.3186202049255, 7929.600212574005, 8042.863502502441, 8129.332749843597, 8217.407698631287, 8308.399846553802, 8393.591368198395, 8475.080111026764, 8557.419288158417, 631.5059685707092], "timesteps_eval": [10240, 20375, 30607, 40757, 51068, 61289, 71506, 81732, 91956, 102196, 111964, 122541, 132397, 141788, 152969, 163145, 173370, 182611, 192499, 202516, 214071, 222772, 234093, 244234, 252676, 262674, 274240, 284160, 292887, 302883, 314474, 323092, 332664, 344379, 352461, 363305, 373425, 384524, 393430, 404563, 414570, 423280, 433362, 443300, 453097, 463014, 475289, 485272, 495343, 505517, 512976, 522967, 532950, 542931, 553115, 572510, 573102, 583101, 603063, 603116, 612874, 633553, 632809, 642812, 663856, 662901, 673101, 693995, 693295, 703425, 716083, 723336, 733083, 746324, 753274, 766291, 776212, 783255, 795946, 803272, 815800, 825984, 833300, 843139, 853093, 862978, 873125, 883054, 893078, 903100, 913149, 925680, 932674, 942606, 952590, 962590, 972720, 982720, 992527, 992527]}