{"incumbents": [1254.0, 2033.0, 2006.0, 1953.0, 2345.0, 2098.0, 2176.0, 2221.0, 2226.0, 2392.0, 2535.0, 2541.0, 2816.0, 2956.0, 3116.0, 2986.0, 3200.0, 3164.0, 3312.0, 3402.0, 3191.0, 3165.0, 3376.0, 3412.0, 3265.0, 3295.0, 3582.0, 3472.0, 3646.0, 3598.0, 3740.0, 4177.0, 3527.0, 4235.0, 4049.0, 3921.0, 4015.0, 4407.0, 4445.0, 4337.0, 4235.0, 4180.0, 3856.0, 4242.0, 4244.0, 5021.0, 4021.0, 5176.0, 4573.0, 4671.0, 4879.0, 5385.0, 5385.0, 5385.0, 5385.0, 5385.0, 5385.0, 5385.0, 5385.0, 5385.0, 5385.0, 5385.0, 5385.0, 5385.0, 5385.0, 5385.0, 5385.0, 2828.0, 2857.0, 2629.0, 5385.0, 5385.0, 5385.0, 5385.0, 5385.0, 5385.0, 5385.0, 5385.0, 5385.0, 5385.0, 5385.0, 5385.0, 5385.0, 5385.0, 5385.0, 5385.0, 5385.0, 5385.0, 5385.0, 5385.0, 5385.0, 5385.0, 5385.0, 5385.0, 5385.0, 5385.0, 5385.0, 5385.0, 5385.0, 5385.0, 5385.0, 5385.0, 5385.0, 5385.0, 5385.0, 5385.0, 5385.0, 5385.0, 5385.0, 5385.0, 5385.0, 5385.0, 5385.0, 5385.0, 5385.0, 5385.0, 5385.0, 5385.0, 5385.0, 5385.0, 5385.0, 5385.0, 5385.0, 5385.0, 5385.0, 5385.0, 5385.0, 5385.0, 5385.0, 5385.0, 5385.0, 5385.0, 5385.0, 5385.0, 5385.0, 5385.0, 5385.0, 5385.0, 5385.0, 5385.0, 5385.0, 5385.0, 5385.0, 5385.0, 5385.0, 5385.0, 5385.0, 5385.0, 5385.0, 5385.0, 5385.0, 5385.0, 5385.0, 5385.0, 5385.0, 5385.0, 5385.0, 5385.0, 5385.0, 5385.0, 5385.0, 5385.0, 5385.0, 5385.0, 5385.0, 5385.0, 5385.0, 5385.0, 5385.0, 5385.0, 5385.0, 5385.0, 5385.0, 5385.0, 5385.0, 5385.0, 5385.0, 5385.0, 5385.0, 5385.0, 5385.0, 5385.0, 5385.0, 5385.0, 5385.0, 5385.0, 5385.0, 5385.0, 5385.0, 5385.0, 5385.0, 5385.0, 5385.0, 5385.0, 5385.0, 5385.0, 5385.0, 5385.0, 5385.0, 5385.0], "wallclock_time_eval": [35.82738721370697, 218.75679206848145, 400.1850595474243, 581.2584924697876, 761.3327792882919, 940.4714385271072, 1118.6886793375015, 1297.0772793293, 1476.5447461605072, 1656.234816789627, 1703.863421678543, 1872.217211484909, 2042.1195018291473, 2211.9005945920944, 2383.8398715257645, 2552.97904419899, 2722.2096037864685, 2886.5491223335266, 3050.68377494812, 3217.2146797180176, 3382.168860077858, 3549.89732336998, 3716.5124386548996, 3885.872334957123, 4050.881860256195, 4218.4158847332, 4382.707546830177, 4550.950993299484, 4716.674515008926, 4884.952696323395, 5050.41231071949, 5215.0953822135925, 5375.893222093582, 5540.672421574593, 5705.689430594444, 5866.268048882484, 6032.428210258484, 6198.702507138252, 6366.163546323776, 6531.634812712669, 6702.358489513397, 6868.885540366173, 7036.275383234024, 7208.418208360672, 7373.3311223983765, 7542.2415100336075, 7720.4790333509445, 7887.600579023361, 8062.542576909065, 8232.774230122566, 8397.754135966301, 11073.460455775261, 11073.460455775261, 11073.460455775261, 11073.460455775261, 11073.460455775261, 11073.460455775261, 11073.460455775261, 11073.460455775261, 11073.460455775261, 11073.460455775261, 11073.460455775261, 11073.460455775261, 11073.460455775261, 11073.460455775261, 11073.460455775261, 11073.460455775261, 434.9437977075577, 604.0488044023514, 786.3578605651855, 11073.460455775261, 11073.460455775261, 11073.460455775261, 11073.460455775261, 11073.460455775261, 11073.460455775261, 11073.460455775261, 11073.460455775261, 11073.460455775261, 11073.460455775261, 11073.460455775261, 11073.460455775261, 11073.460455775261, 11073.460455775261, 11073.460455775261, 11073.460455775261, 11073.460455775261, 11073.460455775261, 11073.460455775261, 11073.460455775261, 11073.460455775261, 11073.460455775261, 11073.460455775261, 11073.460455775261, 11073.460455775261, 11073.460455775261, 11073.460455775261, 11073.460455775261, 11073.460455775261, 11073.460455775261], "timesteps_eval": [16252, 32459, 48632, 64768, 80935, 97073, 113164, 129183, 145260, 161275, 177189, 193159, 209262, 225376, 241485, 257637, 273862, 289984, 306035, 322135, 338265, 354414, 370328, 386264, 402378, 418412, 434513, 450633, 466695, 482724, 498624, 514769, 530983, 546983, 563029, 578954, 594919, 611011, 626925, 642992, 658851, 674784, 690711, 706804, 722890, 738784, 754717, 770612, 786563, 802177, 818103, 1073118, 1073118, 1073118, 1073118, 1073118, 1073118, 1073118, 1073118, 1073118, 1073118, 1073118, 1073118, 1073118, 1073118, 1073118, 1073118, 1073118, 1073118, 1073118, 1073118, 1073118, 1073118, 1073118, 1073118, 1073118, 1073118, 1073118, 1073118, 1073118, 1073118, 1073118, 1073118, 1073118, 1073118, 1073118, 1073118, 1073118, 1073118, 1073118, 1073118, 1073118, 1073118, 1073118, 1073118, 1073118, 1073118, 1073118, 1073118, 1073118]}