{"incumbents": [-9013.0, -9013.0, -9013.0, -9013.0, -9013.0, -9013.0, -9013.0, -9013.0, -9013.0, -9013.0, -9013.0, -9013.0, -9013.0, -9013.0, -9013.0, -9013.0, -9013.0, -9013.0, -9013.0, -9013.0, -9013.0, -9013.0, -9013.0, -9013.0, -9013.0, -9013.0, -9013.0, -9013.0, -9013.0, -9013.0, -9013.0, -9013.0, -9013.0, -9013.0, -9013.0, -9013.0, -9013.0, -9013.0, -9013.0, -9013.0, -9013.0, -9013.0, -9013.0, -9013.0, -9013.0, -9013.0, -9013.0, -9013.0, -9013.0, -9013.0, -9013.0, -9013.0, -9013.0, -9013.0, -9013.0, -9013.0, -9013.0, -9013.0, -9013.0, -9013.0, -9013.0, -9013.0, -9013.0, -9013.0, -9013.0, -9013.0, -9013.0, -9013.0, -9013.0, -9013.0, -9013.0, -9013.0, -9013.0, -9013.0, -9013.0, -9013.0, -9013.0, -9013.0, -9013.0, -9013.0, -9013.0, -9013.0, -9013.0, -9013.0, -9013.0, -9013.0, -9013.0, -9013.0, -9013.0, -9013.0, -9013.0, -9013.0, -9013.0, -9013.0, -9013.0, -9013.0, -9013.0, -9013.0, -9013.0, -9013.0, -9013.0, -9013.0, -9013.0, -9013.0, -9013.0, -9013.0, -9013.0, -9013.0, -9013.0, -9013.0, -9013.0, -9013.0, -9013.0, -9013.0, -9013.0, -9013.0, -9013.0, -9013.0, -9013.0, -9013.0, -9013.0, -9013.0, -9013.0, -9013.0, -9013.0, -9013.0, -9013.0, -9013.0, -9013.0, -9013.0, -9013.0, -9013.0, -9013.0, -9013.0, -9013.0, -9013.0, -9013.0, -9013.0, -9013.0, -9013.0, -9013.0, -9013.0, -9013.0, -9013.0, -9013.0, -9013.0, -9013.0, -9013.0, -9013.0, -9013.0, -9013.0, -9013.0, -9013.0, -9013.0, -9013.0, -9013.0, -9013.0, -9013.0, -9013.0, -9013.0, -9013.0, -9013.0, -9013.0, -9013.0, -9013.0, -9013.0, -9013.0, -9013.0, -9013.0, -9013.0, -9013.0, -9013.0, -9013.0, -9013.0, -9013.0, -9013.0, -9013.0, -9013.0, -9013.0, -9013.0, -9013.0, -9013.0, -9013.0, -9013.0, -9013.0, -9013.0, -9013.0, -9013.0, -9013.0, -9013.0, -9013.0, -9013.0, -9013.0, -9013.0, -9013.0, -9013.0, -9013.0, -9013.0, -9013.0, -9013.0], "wallclock_time_eval": [140.6988000869751, 280.0659646987915, 416.8950147628784, 553.7739210128784, 690.4189267158508, 827.871639251709, 965.0709404945374, 1101.902238368988, 1239.2037630081177, 1375.6731762886047, 1513.4452242851257, 1650.9996271133423, 1788.6921601295471, 1925.6163930892944, 2061.6463837623596, 2198.5831179618835, 2336.151819229126, 3621.5828943252563, 3747.8385438919067, 3872.6244773864746, 3997.509021282196, 4122.738559246063, 4247.86385345459, 4373.296541213989, 4498.823342323303, 4623.923699378967, 4749.0824337005615, 4874.653209686279, 4999.92863035202, 5124.361845493317, 5248.3235421180725, 5372.1643896102905, 5496.425989151001, 5619.719862937927, 5741.918208122253, 5867.175626754761, 5990.505754947662, 6113.7700934410095, 6236.527046203613, 6361.103364467621, 6483.487508296967, 6606.682470798492, 6731.1745347976685, 6853.450041770935, 6976.381870269775, 7099.736556529999, 7222.4029841423035, 7343.9807987213135, 7464.663920402527, 7587.279252052307, 7708.791318893433, 7830.783666610718, 7951.180643558502, 8073.506350517273, 8195.490494728088, 8316.95761680603, 8438.657437324524, 8559.281403064728, 8680.349386692047, 8802.655320167542, 8924.514767169952, 9047.572246074677, 9171.809367656708, 9298.992460250854, 9423.268721580505, 9548.660008430481, 9672.401403427124, 9793.725993156433, 9916.711986541748, 10042.125638484955, 10166.857720851898, 10292.127994537354, 10416.770442008972, 10541.808012008667, 10669.218039512634, 10797.043003559113, 10923.383185863495, 11051.049918174744, 11177.85780954361, 11305.178814411163, 11431.170237541199, 11555.964614391327, 11679.43995141983, 11803.132215499878, 11925.877207279205, 12046.58217716217, 12166.11175775528, 12286.161438465118, 12406.264258861542, 12524.51996421814, 12643.585204601288, 12762.055992126465, 12879.043893814087, 12996.53443479538, 13112.861737728119, 13229.830003261566, 13345.70136642456, 13461.976594924927, 13578.400516986847, 1987.479630947113], "timesteps_eval": [7833, 9637, 24077, 31791, 37508, 44680, 55549, 63297, 71659, 80046, 82171, 89328, 96885, 104269, 111666, 119025, 126342, 134301, 142113, 149831, 157790, 165497, 173168, 181622, 189455, 197030, 204291, 211769, 219640, 227417, 235216, 242796, 250848, 258631, 266752, 274358, 282539, 289957, 297545, 305704, 313409, 321158, 328610, 336786, 344848, 352453, 360088, 367778, 375168, 382791, 390795, 398743, 406600, 413912, 421579, 429173, 437066, 444799, 452191, 459495, 467349, 474857, 482352, 489949, 497446, 505270, 513133, 520890, 528928, 537035, 544945, 552562, 560402, 567907, 575688, 583636, 591547, 599538, 607261, 615074, 623735, 631784, 639067, 646096, 653468, 661391, 669091, 677231, 685110, 692924, 700701, 708534, 716453, 724363, 732325, 739653, 747169, 753865, 761252, 768639]}