{"incumbents": [-27017.1, -9013.0, -9013.0, -9013.0, -9013.0, -9013.0, -9013.0, -9013.0, -9013.0, -9013.0, -9013.0, -9013.0, -9013.0, -9013.0, -9013.0, -9013.0, -9013.0, -9013.0, -9013.0, -9013.0, -9013.0, -9013.0, -9013.0, -9013.0, -9013.0, -9013.0, -9013.0, -9013.0, -9013.0, -9013.0, -9013.0, -9013.0, -9013.0, -9013.0, -9013.0, -9013.0, -9013.0, -9013.0, -9013.0, -9013.0, -9013.0, -9013.0, -9013.0, -9013.0, -9013.0, -9013.0, -9013.0, -9013.0, -9013.0, -9013.0, -9013.0, -9013.0, -9013.0, -9013.0, -9013.0, -9013.0, -9013.0, -9013.0, -9013.0, -9013.0, -9013.0, -9013.0, -9013.0, -9013.0, -9013.0, -9013.0, -9013.0, -9013.0, -9013.0, -9013.0, -9013.0, -9013.0, -9013.0, -9013.0, -9013.0, -9013.0, -9013.0, -9013.0, -9013.0, -9013.0, -9013.0, -9013.0, -9013.0, -9013.0, -9013.0, -9013.0, -9013.0, -9013.0, -9013.0, -9013.0, -9013.0, -9013.0, -9013.0, -9013.0, -9013.0, -9013.0, -9013.0, -9013.0, -9013.0, -9013.0, -9013.0, -9013.0, -9013.0, -9013.0, -9013.0, -9013.0, -9013.0, -9013.0, -9013.0, -9013.0, -9013.0, -9013.0, -9013.0, -9013.0, -9013.0, -9013.0, -9013.0, -9013.0, -9013.0, -9013.0, -9013.0, -9013.0, -9013.0, -9013.0, -9013.0, -9013.0, -9013.0, -9013.0, -9013.0, -9013.0, -9013.0, -9013.0, -9013.0, -9013.0, -9013.0, -9013.0, -9013.0, -9013.0, -9013.0, -9013.0, -9013.0, -9013.0, -9013.0, -9013.0, -9013.0, -9013.0, -9013.0, -9013.0, -9013.0, -9013.0, -9013.0, -9013.0, -9013.0, -9013.0, -9013.0, -9013.0, -9013.0, -9013.0, -9013.0, -9013.0, -9013.0, -9013.0, -9013.0, -9013.0, -9013.0, -9013.0, -9013.0, -9013.0, -9013.0, -9013.0, -9013.0, -9013.0, -9013.0, -9013.0, -9013.0, -9013.0, -9013.0, -9013.0, -9013.0, -9013.0, -9013.0, -9013.0, -9013.0, -9013.0, -9013.0, -9013.0, -9013.0, -9013.0, -9013.0, -9013.0, -9013.0, -9013.0, -9013.0, -9013.0, -9013.0, -9013.0, -9013.0, -9013.0, -9013.0, -9013.0], "wallclock_time_eval": [51.380587697029114, 187.20726346969604, 340.9318438768387, 493.2438703775406, 645.3553614616394, 795.4957693815231, 943.8854789733887, 1090.3475337028503, 1250.4458128213882, 1415.5218126773834, 1580.5271472930908, 1750.126507282257, 1917.9852315187454, 2086.793257713318, 2253.2425861358643, 2422.463653087616, 2957.2464661598206, 3126.971246957779, 3295.405996322632, 3463.9433203935623, 3633.225046157837, 3802.8761858940125, 3971.367505311966, 4137.333740353584, 4302.90126478672, 4468.4256509542465, 4635.663004398346, 4802.4177124500275, 4969.727183103561, 5139.591963887215, 5310.696202039719, 5480.5394949913025, 5650.968229293823, 5821.9770295619965, 5993.020691514015, 6162.99584376812, 6332.822725892067, 6503.4296098947525, 6673.957262635231, 6843.675750494003, 7013.35953271389, 7183.652128696442, 7354.505287528038, 7523.838316082954, 7692.953538894653, 7863.366522550583, 8032.869984149933, 8202.233994722366, 8371.351131796837, 8541.859314203262, 8710.93536579609, 8879.835651874542, 9050.400297403336, 9221.035355210304, 9390.886242866516, 9560.425450325012, 11253.577172994614, 11253.577172994614, 11253.577172994614, 11253.577172994614, 11253.577172994614, 11253.577172994614, 11253.577172994614, 11253.577172994614, 11253.577172994614, 11253.577172994614, 11253.577172994614, 11253.577172994614, 11253.577172994614, 11253.577172994614, 11253.577172994614, 11253.577172994614, 11253.577172994614, 11253.577172994614, 11253.577172994614, 11253.577172994614, 11253.577172994614, 11253.577172994614, 11253.577172994614, 11253.577172994614, 11253.577172994614, 11253.577172994614, 11253.577172994614, 11253.577172994614, 11253.577172994614, 11253.577172994614, 11253.577172994614, 11253.577172994614, 11253.577172994614, 11253.577172994614, 11253.577172994614, 11253.577172994614, 11253.577172994614, 11253.577172994614, 11253.577172994614, 11253.577172994614, 11253.577172994614, 11253.577172994614, 11253.577172994614, 11253.577172994614], "timesteps_eval": [14490, 29675, 44860, 60045, 75230, 90415, 105600, 120785, 135970, 151155, 166340, 181524, 196709, 211894, 227318, 242539, 247063, 261474, 276001, 289932, 304737, 319652, 334036, 348301, 363024, 378580, 392787, 406931, 421459, 436216, 449926, 464675, 479294, 493132, 506259, 520341, 535257, 549678, 564044, 578494, 592717, 606609, 620541, 635592, 649995, 664195, 678970, 693775, 708269, 722365, 736817, 751770, 766502, 781423, 796484, 811699, 959519, 959519, 959519, 959519, 959519, 959519, 959519, 959519, 959519, 959519, 959519, 959519, 959519, 959519, 959519, 959519, 959519, 959519, 959519, 959519, 959519, 959519, 959519, 959519, 959519, 959519, 959519, 959519, 959519, 959519, 959519, 959519, 959519, 959519, 959519, 959519, 959519, 959519, 959519, 959519, 959519, 959519, 959519, 959519]}