{"incumbents": [180.0, 180.0, 180.0, 180.0, 180.0, 180.0, 180.0, 180.0, 180.0, 180.0, 180.0, 180.0, 642.0, 636.0, 644.0, 720.0, 712.0, 760.0, 784.0, 650.0, 770.0, 730.0, 788.0, 740.0, 818.0, 824.0, 838.0, 820.0, 808.0, 756.0, 864.0, 962.0, 768.0, 772.0, 846.0, 800.0, 854.0, 914.0, 804.0, 854.0, 924.0, 1130.0, 896.0, 934.0, 962.0, 962.0, 868.0, 916.0, 820.0, 976.0, 930.0, 974.0, 1114.0, 1114.0, 1114.0, 1114.0, 1114.0, 1114.0, 1114.0, 1114.0, 1114.0, 1114.0, 1114.0, 1114.0, 1114.0, 1114.0, 1114.0, 1114.0, 1114.0, 1114.0, 1114.0, 1114.0, 1114.0, 1114.0, 1114.0, 1114.0, 1114.0, 1114.0, 1114.0, 1114.0, 1114.0, 1114.0, 1114.0, 1114.0, 1114.0, 1114.0, 1114.0, 1114.0, 1114.0, 1114.0, 1114.0, 1114.0, 1114.0, 1114.0, 1114.0, 1114.0, 1114.0, 1114.0, 1114.0, 1114.0, 1114.0, 1114.0, 1114.0, 1114.0, 1114.0, 1114.0, 1114.0, 1114.0, 1114.0, 1114.0, 1114.0, 1114.0, 1114.0, 1114.0, 1114.0, 1114.0, 1114.0, 1114.0, 1114.0, 1114.0, 1114.0, 1114.0, 1114.0, 1114.0, 1114.0, 1114.0, 1114.0, 1114.0, 1114.0, 1114.0, 1114.0, 1114.0, 1114.0, 1114.0, 1114.0, 1114.0, 1114.0, 1114.0, 1114.0, 1114.0, 1114.0, 1114.0, 1114.0, 1114.0, 1114.0, 1114.0, 1114.0, 1114.0, 1114.0, 1114.0, 1114.0, 1114.0, 1114.0, 1114.0, 1114.0, 1114.0, 1114.0, 1114.0, 1114.0, 1114.0, 1114.0, 1114.0, 1114.0, 1114.0, 1114.0, 1114.0, 1114.0, 1114.0, 1114.0, 1114.0, 1114.0, 1114.0, 1114.0, 1114.0, 1114.0, 1114.0, 1114.0, 1114.0, 1114.0, 1114.0, 1114.0, 1114.0, 1114.0, 1114.0, 1114.0, 1114.0, 1114.0, 1114.0, 1114.0, 1114.0, 1114.0, 1114.0, 1114.0, 1114.0, 1114.0, 1114.0, 1114.0, 1114.0, 1114.0, 1114.0], "wallclock_time_eval": [31.033504247665405, 186.3009068965912, 345.4046320915222, 504.72931718826294, 662.426250576973, 819.6591435670853, 1013.6871396303177, 1130.3293007612228, 1284.3776006698608, 1491.7164521217346, 1662.0048167705536, 1740.9693768024445, 2093.3106783628464, 2266.2987694740295, 2443.2232040166855, 2620.023478627205, 2798.380131006241, 2974.2804136276245, 3149.9583818912506, 3324.0640486478806, 3497.400420188904, 3669.380169034004, 3840.3307750225067, 4010.1182980537415, 4178.215880036354, 4342.929902791977, 4507.466966032982, 4672.475826144218, 4834.226686835289, 4996.472671508789, 5161.932144522667, 5324.732413768768, 5488.24782371521, 5651.711758494377, 5814.188866019249, 5975.892156481743, 6138.753358721733, 6302.209347248077, 6463.057502508163, 6626.530659556389, 6789.091039299965, 6954.237357735634, 7117.05819940567, 7280.234568357468, 7443.501363873482, 7607.652855634689, 7772.018415927887, 7936.646217226982, 8100.770507693291, 8266.734477639198, 8429.998586297035, 8595.463910579681, 11113.407289266586, 11113.407289266586, 11113.407289266586, 11113.407289266586, 11113.407289266586, 11113.407289266586, 11113.407289266586, 11113.407289266586, 11113.407289266586, 11113.407289266586, 11113.407289266586, 11113.407289266586, 11113.407289266586, 11113.407289266586, 11113.407289266586, 11113.407289266586, 11113.407289266586, 11113.407289266586, 11113.407289266586, 11113.407289266586, 11113.407289266586, 11113.407289266586, 11113.407289266586, 11113.407289266586, 11113.407289266586, 11113.407289266586, 11113.407289266586, 11113.407289266586, 11113.407289266586, 11113.407289266586, 11113.407289266586, 11113.407289266586, 11113.407289266586, 11113.407289266586, 11113.407289266586, 11113.407289266586, 11113.407289266586, 11113.407289266586, 11113.407289266586, 11113.407289266586, 11113.407289266586, 11113.407289266586, 11113.407289266586, 11113.407289266586, 11113.407289266586, 11113.407289266586, 11113.407289266586, 11113.407289266586], "timesteps_eval": [16242, 32382, 48470, 64365, 80429, 96305, 112226, 128198, 144006, 159836, 175755, 191147, 206695, 222519, 238102, 253864, 269747, 285128, 300525, 316215, 331785, 347764, 363499, 378990, 394287, 409993, 425789, 441367, 457173, 472481, 488148, 503490, 519414, 534911, 550581, 565737, 581163, 596663, 612467, 628019, 643336, 658962, 674429, 689750, 705134, 720801, 735977, 751514, 767304, 783071, 798992, 814436, 1049775, 1049775, 1049775, 1049775, 1049775, 1049775, 1049775, 1049775, 1049775, 1049775, 1049775, 1049775, 1049775, 1049775, 1049775, 1049775, 1049775, 1049775, 1049775, 1049775, 1049775, 1049775, 1049775, 1049775, 1049775, 1049775, 1049775, 1049775, 1049775, 1049775, 1049775, 1049775, 1049775, 1049775, 1049775, 1049775, 1049775, 1049775, 1049775, 1049775, 1049775, 1049775, 1049775, 1049775, 1049775, 1049775, 1049775, 1049775]}