{"incumbents": [667.6, 669.6, 732.0, 669.6, 669.6, 669.6, 732.0, 669.6, 741.6, 697.2, 767.6, 714.4, 673.2, 746.8, 872.0, 909.2, 789.6, 750.0, 920.4, 747.2, 900.0, 896.8, 795.2, 1083.6, 1058.4, 1103.6, 1020.8, 1250.0, 1154.0, 944.0, 959.2, 1114.0, 987.6, 1232.4, 1126.4, 1165.2, 1207.6, 1200.4, 1020.8, 1122.8, 1018.0, 967.6, 1211.2, 1156.8, 1044.4, 1196.4, 1048.4, 1121.2, 1175.6, 1058.4, 905.2, 1089.6, 1172.0, 1254.8, 1106.4, 1302.8, 1002.0, 1423.2, 1074.8, 967.2, 1198.8, 1262.4, 1288.4, 1044.0, 1104.4, 1362.4, 1035.6, 1215.2, 1178.4, 1154.8, 929.2, 1210.8, 1204.0, 1310.8, 1235.6, 1184.0, 1283.6, 1215.6, 1484.8, 994.8, 1274.8, 1136.0, 1322.0, 1136.8, 1184.0, 1098.0, 1139.6, 1184.8, 1015.6, 1184.4, 1290.0, 1160.8, 1310.4, 1082.4, 1144.8, 1060.0, 1169.2, 1228.0, 1384.8, 1159.2, 1159.2, 1159.2, 1159.2, 1159.2, 1159.2, 1159.2, 1159.2, 1159.2, 1159.2, 1159.2, 1159.2, 1159.2, 1159.2, 1159.2, 1159.2, 1159.2, 1159.2, 1159.2, 1159.2, 1159.2, 1159.2, 1159.2, 1159.2, 1159.2, 1159.2, 1159.2, 1159.2, 1159.2, 1159.2, 1159.2, 1159.2, 1159.2, 1159.2, 1159.2, 1159.2, 1159.2, 1159.2, 1159.2, 1159.2, 1159.2, 1159.2, 1159.2, 1159.2, 1159.2, 1159.2, 1159.2, 1159.2, 1159.2, 1159.2, 1159.2, 1159.2, 1159.2, 1159.2, 1159.2, 1159.2, 1159.2, 1159.2, 1159.2, 1159.2, 1159.2, 1159.2, 1159.2, 1159.2, 1159.2, 1159.2, 1159.2, 1159.2, 1159.2, 1159.2, 1159.2, 1159.2, 1159.2, 1159.2, 1159.2, 1159.2, 1159.2, 1159.2, 1159.2, 1159.2, 1159.2, 1159.2, 1159.2, 1159.2, 1159.2, 1159.2, 1159.2, 1159.2, 1159.2, 1159.2, 1159.2, 1159.2, 1159.2, 1159.2, 1159.2, 1159.2, 1159.2, 1159.2, 1159.2, 1159.2, 1159.2], "wallclock_time_eval": [43.401710748672485, 208.22019004821777, 360.94877099990845, 524.3005443811417, 682.0570583343506, 839.7683511972427, 1006.0043033361435, 1167.238282084465, 1319.3899372816086, 1478.5020699501038, 1538.525584936142, 1678.9594666957855, 1839.7006336450577, 2076.215084195137, 2231.827656388283, 2268.3782041072845, 2539.981999397278, 2563.9230951070786, 2711.8528637886047, 3009.7521789073944, 3076.9331319332123, 3293.145347595215, 3471.5588787794113, 3619.2129878997803, 3785.1637654304504, 3952.6775045394897, 4161.600986123085, 4311.118003726006, 4459.106276512146, 4620.048080801964, 4821.724945187569, 4970.9382610321045, 5116.595923066139, 5263.446794271469, 5408.033114075661, 5550.59363925457, 5692.200333952904, 5835.026750802994, 5984.424489736557, 6145.405711770058, 6300.687765598297, 6513.193543434143, 6660.6716014146805, 6805.057662129402, 6946.9723353385925, 7086.937731742859, 7230.13785302639, 7389.717959046364, 7543.033750653267, 7710.539944887161, 7850.595629811287, 7990.629883170128, 8147.072614431381, 8338.287870287895, 8517.39797270298, 8658.902643918991, 8799.100063681602, 8940.251976966858, 9092.190793991089, 9231.63683950901, 9380.657830357552, 9533.503710508347, 9683.156870484352, 9822.708148598671, 9978.91419517994, 10120.899904847145, 10272.03081214428, 10423.265104651451, 10561.699791789055, 10703.894421458244, 10841.251181960106, 10981.025897026062, 11121.736203432083, 11262.229590535164, 11402.797523140907, 11586.64939379692, 11745.389539957047, 11892.058713078499, 12041.93070948124, 12181.40914618969, 12323.05500304699, 12462.902987957, 12603.114036917686, 12752.682260513306, 12930.22167813778, 13111.869765162468, 13279.107909798622, 13447.49776005745, 13620.714456558228, 13811.876355171204, 13967.575775146484, 14115.910011529922, 14265.839844107628, 14405.9469550848, 14553.564129710197, 14712.384589076042, 14888.883099079132, 15053.961350679398, 15233.064706206322, 15375.572956681252], "timesteps_eval": [15736, 31452, 47199, 62752, 78124, 93704, 109211, 124615, 142254, 155923, 173003, 188711, 204510, 218568, 233879, 252064, 265039, 283055, 298835, 312847, 329877, 345178, 359892, 376670, 391775, 407549, 423123, 438415, 453885, 469412, 485006, 500159, 515638, 531303, 546770, 561951, 577259, 593135, 608700, 623845, 639091, 654254, 669497, 685018, 700623, 716163, 731292, 746845, 761833, 777096, 792428, 808060, 823969, 838987, 854301, 869899, 885296, 900464, 915830, 931370, 946795, 962602, 977484, 992941, 1008356, 1023535, 1038175, 1053796, 1069026, 1084209, 1099767, 1115551, 1130667, 1145763, 1160488, 1175928, 1191452, 1207203, 1222702, 1238099, 1253746, 1269274, 1284822, 1300359, 1316205, 1331915, 1346676, 1362166, 1377418, 1393357, 1408962, 1424033, 1438786, 1454513, 1470312, 1485956, 1501378, 1516961, 1532751, 1548020]}