{"incumbents": [716.4, 716.4, 716.4, 716.4, 716.4, 815.6, 716.4, 716.4, 716.4, 716.4, 716.4, 716.4, 716.4, 716.4, 716.4, 716.4, 716.4, 716.4, 716.4, 716.4, 716.4, 716.4, 716.4, 716.4, 716.4, 716.4, 716.4, 716.4, 716.4, 716.4, 716.4, 716.4, 716.4, 716.4, 716.4, 716.4, 716.4, 716.4, 716.4, 716.4, 716.4, 716.4, 716.4, 716.4, 716.4, 716.4, 716.4, 716.4, 716.4, 716.4, 716.4, 716.4, 716.4, 716.4, 716.4, 716.4, 716.4, 716.4, 716.4, 716.4, 716.4, 716.4, 716.4, 716.4, 716.4, 716.4, 716.4, 716.4, 716.4, 716.4, 716.4, 716.4, 716.4, 716.4, 716.4, 716.4, 716.4, 716.4, 716.4, 716.4, 716.4, 716.4, 716.4, 716.4, 716.4, 716.4, 716.4, 716.4, 716.4, 716.4, 716.4, 716.4, 716.4, 716.4, 716.4, 716.4, 716.4, 716.4, 716.4, 716.4, 716.4, 716.4, 716.4, 716.4, 716.4, 716.4, 716.4, 716.4, 716.4, 716.4, 716.4, 716.4, 716.4, 716.4, 716.4, 716.4, 716.4, 716.4, 716.4, 716.4, 716.4, 716.4, 716.4, 716.4, 716.4, 716.4, 716.4, 716.4, 716.4, 716.4, 716.4, 716.4, 716.4, 716.4, 716.4, 716.4, 716.4, 716.4, 716.4, 716.4, 716.4, 716.4, 716.4, 716.4, 716.4, 716.4, 716.4, 716.4, 716.4, 716.4, 716.4, 716.4, 716.4, 716.4, 716.4, 716.4, 716.4, 716.4, 716.4, 716.4, 716.4, 716.4, 716.4, 716.4, 716.4, 716.4, 716.4, 716.4, 716.4, 716.4, 716.4, 716.4, 716.4, 716.4, 716.4, 716.4, 716.4, 716.4, 716.4, 716.4, 716.4, 716.4, 716.4, 716.4, 716.4, 716.4, 716.4, 716.4, 716.4, 716.4, 716.4, 716.4, 716.4, 716.4, 716.4, 716.4, 716.4, 716.4, 716.4, 716.4], "wallclock_time_eval": [182.33068656921387, 368.22688484191895, 552.630232334137, 739.4123826026917, 924.315191745758, 957.0412130355835, 1299.0854959487915, 1485.558888912201, 1672.7117729187012, 1858.3374800682068, 2048.2320594787598, 2275.1249856948853, 2462.3487696647644, 2650.117392539978, 2846.6335105895996, 3035.705174922943, 3222.34535074234, 3411.432792186737, 3604.9058136940002, 3793.14812374115, 3985.74555683136, 4179.704483032227, 4378.052520275116, 4576.111388683319, 4782.3020362854, 4994.065118312836, 5224.103265285492, 5457.569608211517, 5692.046598911285, 5926.865393638611, 6159.059657096863, 6391.144687175751, 6623.226008415222, 6854.697997093201, 7088.049880504608, 7320.8046135902405, 7552.13192653656, 7783.248798370361, 8012.109261512756, 8243.21731376648, 8476.88934469223, 8706.537966251373, 8937.879178524017, 9173.40589094162, 9406.829874038696, 9638.311745166779, 9867.714228153229, 10099.189703941345, 10324.09368801117, 10547.689058303833, 10772.770492076874, 10996.041828155518, 11219.534789562225, 11444.8053150177, 11671.66346359253, 11895.845757007599, 12120.695687770844, 12345.954111099243, 12569.499372959137, 12796.599635124207, 13022.176134109497, 13245.947697639465, 13465.980314731598, 13690.322597026825, 13911.465641975403, 14131.668330669403, 14353.388582706451, 14573.65818977356, 14794.067247867584, 15015.696988105774, 15233.622408390045, 15453.010437488556, 15670.964491844177, 15888.423373699188, 16106.014558792114, 16327.114656448364, 16550.5950050354, 16774.676558494568, 17002.50023841858, 17231.780959129333, 17462.909012794495, 17689.719762802124, 17905.52042722702, 18123.830540180206, 18342.769374370575, 18561.774863243103, 18780.338526248932, 18987.204404354095, 19193.181881904602, 19403.39877128601, 19616.19292974472, 19826.03547859192, 20037.047699451447, 20247.868972301483, 20458.502631664276, 20668.472614765167, 20876.084934711456, 21082.496435642242, 21286.39083147049, 21286.39083147049], "timesteps_eval": [6551, 15005, 23404, 31356, 39558, 48195, 56464, 64733, 73002, 81271, 89540, 97809, 106078, 114347, 122616, 130885, 139154, 147423, 155692, 163961, 172230, 180499, 188768, 197037, 205306, 213575, 221844, 230113, 238382, 246651, 254920, 263189, 271458, 279727, 287996, 296265, 304534, 312803, 321072, 329341, 337610, 345879, 354148, 362417, 370686, 378955, 387224, 395493, 403762, 412031, 420300, 428569, 436838, 445107, 453376, 461645, 469914, 478183, 486452, 494721, 502990, 511259, 519528, 527797, 536066, 544335, 552604, 560873, 569142, 577411, 585680, 593949, 602218, 610487, 618756, 627025, 635294, 643563, 651832, 660101, 668370, 676639, 684908, 693177, 701446, 709715, 717984, 726253, 734522, 742791, 751060, 759329, 767598, 775867, 784136, 792405, 800674, 808943, 817212, 817212]}