{"incumbents": [152.34951410000002, 224.5969468, 205.6181697, 308.170691, 310.64088949999996, 362.44332180000004, 412.4124334, 453.3730150000001, 523.9508075, 505.86856480000006, 50.1, 41.2, 49.4, 44.1, 41.9, 40.8, 55.3, 63.1, 59.1, 64.2, 77.1, 77.1, 80.9, 92.9, 94.4, 90.7, 90.4, 111.6, 112.4, 113.4, 115.6, 116.3, 121.5, 123.9, 119.4, 128.9, 128.7, 128.7, 134.9, 131.5, 123.5, 132.7, 132.7, 135.4, 135.8, 131.1, 137.9, 138.3, 136.7, 140.4, 138.5, 143.0, 137.9, 145.0, 150.3, 145.2, 152.9, 142.5, 150.2, 147.7, 147.5, 153.2, 152.0, 141.3, 153.3, 147.8, 162.2, 162.2, 162.2, 162.2, 162.2, 162.2, 162.2, 162.2, 162.2, 162.2, 162.2, 162.2, 162.2, 162.2, 162.2, 162.2, 162.2, 162.2, 162.2, 162.2, 162.2, 162.2, 162.2, 162.2, 162.2, 162.2, 162.2, 162.2, 162.2, 162.2, 162.2, 162.2, 162.2, 162.2, 162.2, 162.2, 162.2, 162.2, 162.2, 162.2, 162.2, 162.2, 162.2, 162.2, 162.2, 162.2, 162.2, 162.2, 162.2, 162.2, 162.2, 162.2, 162.2, 162.2, 162.2, 162.2, 162.2, 162.2, 162.2, 162.2, 162.2, 162.2, 162.2, 162.2, 162.2, 162.2, 162.2, 162.2, 162.2, 162.2, 162.2, 162.2, 162.2, 162.2, 162.2, 162.2, 162.2, 162.2, 162.2, 162.2, 162.2, 162.2, 162.2, 162.2, 162.2, 162.2, 162.2, 162.2, 162.2, 162.2, 162.2, 162.2, 162.2, 162.2, 162.2, 162.2, 162.2, 162.2, 162.2, 162.2, 162.2, 162.2, 162.2, 162.2, 162.2, 162.2, 162.2, 162.2, 162.2, 162.2, 162.2, 162.2, 162.2, 162.2, 162.2, 162.2, 162.2, 162.2, 162.2, 162.2, 162.2, 162.2, 162.2, 162.2, 162.2, 162.2, 162.2, 162.2, 162.2, 162.2, 162.2, 162.2, 162.2, 162.2], "wallclock_time_eval": [5.243855237960815, 10.368839263916016, 15.555693507194519, 20.845179200172424, 26.086705565452576, 31.25374126434326, 36.44186806678772, 41.87964367866516, 47.263129115104675, 52.64030134677887, 1671.2887164354324, 1833.3632990121841, 1995.9644156694412, 2154.354182243347, 2313.2288624048233, 2480.9822199344635, 2642.055845975876, 2806.419492125511, 2971.1957700252533, 3135.208809018135, 3299.06068444252, 3464.9966011047363, 3629.5577622652054, 3793.4678909778595, 3956.3741537332535, 4119.144270658493, 4282.2560077905655, 4444.995625376701, 4607.787335991859, 4770.582789063454, 4932.660693407059, 5095.100909471512, 5257.829545617104, 5420.710563659668, 5584.246921300888, 5749.083116889, 5913.216270208359, 6078.584643006325, 6243.360840320587, 6408.249127626419, 6574.1320152282715, 6736.775199651718, 6901.471670389175, 7065.519470572472, 7229.408102631569, 7393.082791566849, 7555.364657878876, 7717.586881160736, 7879.90224146843, 8040.807568430901, 8202.814036726952, 8365.888889551163, 8529.019436359406, 8693.62675499916, 8857.631112337112, 9022.128233671188, 9185.861620306969, 9351.344636321068, 9516.09259724617, 9680.969369530678, 9845.999736905098, 10010.73915719986, 10178.791590094566, 10344.298726558685, 10511.227972507477, 10678.519446969032, 16314.59161555767, 16314.59161555767, 16314.59161555767, 16314.59161555767, 16314.59161555767, 16314.59161555767, 16314.59161555767, 16314.59161555767, 16314.59161555767, 16314.59161555767, 16314.59161555767, 16314.59161555767, 16314.59161555767, 16314.59161555767, 16314.59161555767, 16314.59161555767, 16314.59161555767, 16314.59161555767, 16314.59161555767, 16314.59161555767, 16314.59161555767, 16314.59161555767, 16314.59161555767, 16314.59161555767, 16314.59161555767, 16314.59161555767, 16314.59161555767, 16314.59161555767, 16314.59161555767, 16314.59161555767, 16314.59161555767, 16314.59161555767, 16314.59161555767, 16314.59161555767], "timesteps_eval": [8832, 17664, 26496, 35328, 44160, 52992, 61824, 70656, 79488, 88320, 97152, 105984, 114816, 123648, 132480, 141312, 150144, 158976, 167808, 176640, 185472, 194304, 203136, 211968, 220800, 229632, 238464, 247296, 256128, 264960, 273792, 282624, 291456, 300288, 309120, 317952, 326784, 335616, 344448, 353280, 362112, 370944, 379776, 388608, 397440, 406272, 415104, 423936, 432768, 441600, 450432, 459264, 468096, 476928, 485760, 494592, 503424, 512256, 521088, 529920, 538752, 547584, 556416, 565248, 574080, 582912, 883200, 883200, 883200, 883200, 883200, 883200, 883200, 883200, 883200, 883200, 883200, 883200, 883200, 883200, 883200, 883200, 883200, 883200, 883200, 883200, 883200, 883200, 883200, 883200, 883200, 883200, 883200, 883200, 883200, 883200, 883200, 883200, 883200, 883200]}