{"incumbents": [-84.5, -75.2, -85.6, -78.6, -80.8, -88.2, -87.2, -83.9, -84.3, -79.8, -78.7, -86.0, -79.4, -74.9, -76.3, -83.8, -86.9, -97.6, -80.5, -82.6, -76.2, -86.0, -82.4, -84.2, -76.8, -90.7, -84.2, -96.0, -84.5, -173.1, -204.9, -90.6, -180.4, -74.7, -176.4, -249.4, -135.5, -128.3, -161.4, -81.5, -74.5, -90.9, -84.2, -106.2, -80.8, -165.3, -90.7, -86.4, -170.5, -130.4, -129.5, -77.2, -83.9, -77.4, -148.8, -83.9, -86.3, -93.7, -72.2, -68.7, -81.0, -82.1, -87.4, -83.2, -78.8, -72.8, -89.8, -77.5, -76.5, -89.8, -89.8, -89.8, -89.8, -89.8, -89.8, -89.8, -89.8, -89.8, -89.8, -89.8, -89.8, -89.8, -89.8, -89.8, -89.8, -89.8, -89.8, -89.8, -89.8, -89.8, -89.8, -89.8, -89.8, -89.8, -89.8, -89.8, -89.8, -89.8, -89.8, -89.8, -89.8, -89.8, -89.8, -89.8, -89.8, -89.8, -89.8, -89.8, -89.8, -89.8, -89.8, -89.8, -89.8, -89.8, -89.8, -89.8, -89.8, -89.8, -89.8, -89.8, -89.8, -89.8, -89.8, -89.8, -89.8, -89.8, -89.8, -89.8, -89.8, -89.8, -89.8, -89.8, -89.8, -89.8, -89.8, -89.8, -89.8, -89.8, -89.8, -89.8, -89.8, -89.8, -89.8, -89.8, -89.8, -89.8, -89.8, -89.8, -89.8, -89.8, -89.8, -89.8, -89.8, -89.8, -89.8, -89.8, -89.8, -89.8, -89.8, -89.8, -89.8, -89.8, -89.8, -89.8, -89.8, -89.8, -89.8, -89.8, -89.8, -89.8, -89.8, -89.8, -89.8, -89.8, -89.8, -89.8, -89.8, -89.8, -89.8, -89.8, -89.8, -89.8, -89.8, -89.8, -89.8, -89.8, -89.8, -89.8, -89.8, -89.8, -89.8, -89.8, -89.8, -89.8, -89.8, -89.8, -89.8, -89.8, -89.8, -89.8], "wallclock_time_eval": [77.30265426635742, 151.61717414855957, 226.47869300842285, 301.1747531890869, 375.5622138977051, 450.88465690612793, 566.8247013092041, 600.9494457244873, 677.3343887329102, 751.2180404663086, 826.8493003845215, 970.8181247711182, 1049.7449951171875, 1129.2450485229492, 1207.8098812103271, 1286.893711090088, 1367.8790874481201, 1449.9172534942627, 1528.0998706817627, 1610.968936920166, 1691.5523319244385, 1774.3016910552979, 1856.0055847167969, 1937.614372253418, 2016.5891609191895, 2098.1085052490234, 2178.3082389831543, 2259.861961364746, 2342.006134033203, 2429.6667137145996, 2515.9937686920166, 2606.252275466919, 2691.219003677368, 554.0488147735596, 2861.9497051239014, 2949.6533489227295, 3034.9808464050293, 3118.5534133911133, 3206.4665184020996, 3290.99458694458, 3379.6747035980225, 3466.984519958496, 3550.1923427581787, 3631.9444885253906, 3713.0467281341553, 3798.734399795532, 3881.9412326812744, 3965.713706970215, 4052.036777496338, 4134.967878341675, 4224.690362930298, 4306.300727844238, 4390.098077774048, 5132.328100204468, 4558.798921585083, 4639.305835723877, 4725.529497146606, 4810.653135299683, 4892.4264087677, 4974.230209350586, 5060.360336303711, 5144.301637649536, 5227.261493682861, 5307.987035751343, 5389.861318588257, 5473.230972290039, 8193.009212493896, 733.5321731567383, 812.457353591919, 8193.009212493896, 8193.009212493896, 8193.009212493896, 8193.009212493896, 8193.009212493896, 8193.009212493896, 8193.009212493896, 8193.009212493896, 8193.009212493896, 8193.009212493896, 8193.009212493896, 8193.009212493896, 8193.009212493896, 8193.009212493896, 8193.009212493896, 8193.009212493896, 8193.009212493896, 8193.009212493896, 8193.009212493896, 8193.009212493896, 8193.009212493896, 8193.009212493896, 8193.009212493896, 8193.009212493896, 8193.009212493896, 8193.009212493896, 8193.009212493896, 8193.009212493896, 8193.009212493896, 8193.009212493896, 8193.009212493896], "timesteps_eval": [9546, 19520, 29447, 39404, 49352, 59335, 69328, 79287, 89270, 99203, 109164, 119094, 128973, 138952, 148898, 158756, 168687, 178496, 188495, 198446, 208365, 218315, 228294, 238231, 248178, 258148, 268085, 278007, 287978, 297898, 307861, 317834, 327792, 337718, 347671, 357583, 367571, 377552, 387461, 397409, 407325, 417300, 427185, 437178, 447154, 457123, 467056, 477009, 486962, 496917, 506913, 516877, 526830, 537428, 546769, 556657, 566647, 576630, 586585, 596483, 606437, 616398, 626312, 636262, 646206, 656144, 994755, 994755, 994755, 994755, 994755, 994755, 994755, 994755, 994755, 994755, 994755, 994755, 994755, 994755, 994755, 994755, 994755, 994755, 994755, 994755, 994755, 994755, 994755, 994755, 994755, 994755, 994755, 994755, 994755, 994755, 994755, 994755, 994755, 994755]}