{"incumbents": [-21.0, -21.0, -21.0, -21.0, -21.0, -21.0, -21.0, -21.0, -21.0, -21.0, -21.0, -21.0, -21.0, -21.0, -21.0, -21.0, -21.0, -21.0, -21.0, -21.0, -21.0, -21.0, -21.0, -21.0, -21.0, -21.0, -21.0, -21.0, -21.0, -21.0, -21.0, -21.0, -21.0, -21.0, -21.0, -21.0, -21.0, -21.0, -21.0, -21.0, -21.0, -21.0, -21.0, -21.0, -21.0, -21.0, -21.0, -21.0, -21.0, -21.0, -21.0, -21.0, -21.0, -20.6, -18.3, -17.9, -17.6, -19.0, -18.5, -18.7, -16.9, -18.5, -16.4, -18.2, -16.8, -15.8, -17.7, -17.3, -17.3, -17.3, -17.3, -17.3, -17.3, -17.3, -17.3, -17.3, -17.3, -17.3, -17.3, -17.3, -17.3, -17.3, -17.3, -17.3, -17.3, -17.3, -17.3, -17.3, -17.3, -17.3, -17.3, -17.3, -17.3, -17.3, -17.3, -17.3, -17.3, -17.3, -17.3, -17.3, -17.3, -17.3, -17.3, -17.3, -17.3, -17.3, -17.3, -17.3, -17.3, -17.3, -17.3, -17.3, -17.3, -17.3, -17.3, -17.3, -17.3, -17.3, -17.3, -17.3, -17.3, -17.3, -17.3, -17.3, -17.3, -17.3, -17.3, -17.3, -17.3, -17.3, -17.3, -17.3, -17.3, -17.3, -17.3, -17.3, -17.3, -17.3, -17.3, -17.3, -17.3, -17.3, -17.3, -17.3, -17.3, -17.3, -17.3, -17.3, -17.3, -17.3, -17.3, -17.3, -17.3, -17.3, -17.3, -17.3, -17.3, -17.3, -17.3, -17.3, -17.3, -17.3, -17.3, -17.3, -17.3, -17.3, -17.3, -17.3, -17.3, -17.3, -17.3, -17.3, -17.3, -17.3, -17.3, -17.3, -17.3, -17.3, -17.3, -17.3, -17.3, -17.3, -17.3, -17.3, -17.3, -17.3, -17.3, -17.3, -17.3, -17.3, -17.3, -17.3, -17.3, -17.3, -17.3, -17.3, -17.3, -17.3, -17.3, -17.3], "wallclock_time_eval": [143.30914449691772, 252.47901344299316, 361.19873332977295, 469.3871374130249, 577.4672884941101, 685.3519282341003, 793.5870771408081, 904.0516471862793, 1013.0586109161377, 1121.7390332221985, 1193.8740420341492, 1303.2204141616821, 1412.4912195205688, 1521.6621341705322, 1630.371193408966, 1739.3601055145264, 1847.8592629432678, 1958.7545671463013, 2071.0767040252686, 2182.261796951294, 2293.764965057373, 2406.150942802429, 2517.516338825226, 2629.2911138534546, 2740.873152732849, 2852.4484372138977, 2964.1831517219543, 3076.087827205658, 3190.655161857605, 3305.063579559326, 3419.54017496109, 3533.6006927490234, 3647.913170814514, 3761.7631793022156, 3876.206814289093, 3990.0242676734924, 4104.239325046539, 4219.052059173584, 4332.906668186188, 4447.288454532623, 4562.188889503479, 4676.337371349335, 4791.78964138031, 4906.034556388855, 5020.404070854187, 5134.798043727875, 5249.193316459656, 5363.8843693733215, 5478.1719336509705, 5592.851526260376, 5707.021056175232, 5821.594224452972, 5935.67457151413, 6092.076379776001, 6215.516438484192, 6339.9502720832825, 6465.4124364852905, 6587.842545032501, 6711.961620807648, 6841.840879917145, 6970.121031284332, 7093.877028465271, 7223.038646221161, 7345.886283874512, 7473.911229133606, 7601.680697441101, 7728.397074699402, 8240.361201286316, 8240.361201286316, 8240.361201286316, 8240.361201286316, 8240.361201286316, 8240.361201286316, 8240.361201286316, 8240.361201286316, 8240.361201286316, 8240.361201286316, 8240.361201286316, 8240.361201286316, 8240.361201286316, 8240.361201286316, 8240.361201286316, 8240.361201286316, 8240.361201286316, 8240.361201286316, 8240.361201286316, 8240.361201286316, 8240.361201286316, 8240.361201286316, 8240.361201286316, 8240.361201286316, 8240.361201286316, 8240.361201286316, 8240.361201286316, 8240.361201286316, 8240.361201286316, 8240.361201286316, 8240.361201286316, 8240.361201286316, 8240.361201286316], "timesteps_eval": [9395, 18791, 27865, 36971, 46263, 55312, 64348, 73722, 82946, 91790, 100737, 109822, 118907, 128017, 137556, 146845, 155907, 164830, 173940, 182388, 191465, 200639, 209733, 218910, 228059, 237100, 245915, 254842, 264256, 273205, 282678, 291812, 300305, 309033, 317932, 326995, 336019, 345062, 353385, 362213, 370917, 379671, 388680, 397924, 407188, 416345, 425259, 434220, 443135, 452279, 461195, 469901, 478569, 486834, 494893, 503303, 511692, 520062, 528440, 536577, 545355, 554623, 563270, 571787, 580298, 588635, 596838, 628360, 628360, 628360, 628360, 628360, 628360, 628360, 628360, 628360, 628360, 628360, 628360, 628360, 628360, 628360, 628360, 628360, 628360, 628360, 628360, 628360, 628360, 628360, 628360, 628360, 628360, 628360, 628360, 628360, 628360, 628360, 628360, 628360]}