{"incumbents": [-1.0, -1.0, -1.0, -1.0, -1.0, -1.0, -1.0, -1.0, -1.0, -1.0, -1.0, -1.0, -1.0, -1.0, -1.0, -1.0, -1.0, -1.0, -0.9, -1.0, -1.0, -1.0, -0.6, -1.0, -1.0, -1.0, -1.0, -1.0, -1.0, -1.0, -1.0, -1.0, -1.0, -1.0, -1.0, -0.9, -1.0, -1.0, -0.8, -0.8, -0.8, -1.0, -1.0, -1.0, -1.0, -1.0, -1.0, -1.0, -0.9, -0.8, -0.5, -1.0, -1.2, -0.9, -0.9, -1.0, -1.0, -1.0, -1.0, -1.0, -1.0, -1.0, -1.0, -1.0, -1.0, -1.0, -1.0, -1.0, -0.9, -1.1, -1.0, -0.8, -0.8, -0.8, -1.0, -1.0, -1.1, -0.9, -1.0, -0.9, -1.0, -1.0, -1.0, -1.0, -0.8, -0.7, -0.8, -1.1, -1.1, -1.0, -1.0, -1.0, -1.1, -1.0, -1.0, -1.0, -0.8, -1.0, -1.1, -1.0, -1.0, -1.0, -1.0, -1.0, -1.0, -1.0, -1.0, -1.0, -1.0, -1.0, -1.0, -1.0, -1.0, -1.0, -1.0, -1.0, -1.0, -1.0, -1.0, -1.0, -1.0, -1.0, -1.0, -1.0, -1.0, -1.0, -1.0, -1.0, -1.0, -1.0, -1.0, -1.0, -1.0, -1.0, -1.0, -1.0, -1.0, -1.0, -1.0, -1.0, -1.0, -1.0, -1.0, -1.0, -1.0, -1.0, -1.0, -1.0, -1.0, -1.0, -1.0, -1.0, -1.0, -1.0, -1.0, -1.0, -1.0, -1.0, -1.0, -1.0, -1.0, -1.0, -1.0, -1.0, -1.0, -1.0, -1.0, -1.0, -1.0, -1.0, -1.0, -1.0, -1.0, -1.0, -1.0, -1.0, -1.0, -1.0, -1.0, -1.0, -1.0, -1.0, -1.0, -1.0, -1.0, -1.0, -1.0, -1.0, -1.0, -1.0, -1.0, -1.0, -1.0, -1.0, -1.0, -1.0, -1.0, -1.0, -1.0, -1.0], "wallclock_time_eval": [70.34233570098877, 259.44050204753876, 484.6970729827881, 706.3267116546631, 921.3139711618423, 1131.5702657699585, 1345.1410163640976, 1556.8622841835022, 1766.8892920017242, 1976.0669285058975, 2098.240624189377, 2312.950840115547, 2527.151016831398, 2741.312746286392, 2955.5985577106476, 3170.7785910367966, 3466.270764231682, 3598.6600311994553, 3859.0573415756226, 4026.954243183136, 4238.0591468811035, 4452.30704665184, 4705.582896947861, 4876.0785365104675, 5086.662022233009, 5299.252987384796, 5513.507482767105, 5727.084290146828, 5940.768498182297, 6156.750701189041, 6375.68693113327, 6594.624130487442, 6815.205752372742, 7030.868323683739, 7250.620406627655, 7449.457400202751, 7689.735683679581, 7906.308962464333, 8077.442693591118, 8286.077411413193, 8495.96093904972, 8706.809957385063, 8992.84992814064, 9210.317460179329, 9427.40732061863, 9644.876653790474, 9858.644534349442, 10075.990109682083, 10129.413213133812, 10335.165308117867, 10542.05950832367, 10748.10825932026, 10956.544795274734, 11164.92663359642, 11380.390385627747, 11578.364645004272, 11834.684673309326, 12005.24402832985, 12216.210255742073, 12425.90795314312, 12619.218109369278, 12847.293203830719, 13093.256288409233, 13247.120882630348, 13476.549234986305, 13684.980239033699, 13894.19264292717, 14085.264678001404, 14117.733573436737, 14554.893379330635, 14740.60871553421, 14748.36400449276, 14957.938141822815, 15166.658693552017, 15377.582409620285, 15807.298634886742, 15986.259922742844, 16196.791802287102, 16433.78505897522, 16639.005806446075, 16853.499383807182, 17058.16977417469, 17261.22628891468, 17466.609303355217, 17643.260878443718, 17843.11292743683, 18071.671122908592, 18236.510365843773, 18430.920553445816, 18419.242533802986, 18841.186315894127, 18998.13617658615, 19158.844004392624, 19373.237506985664, 19559.98796260357, 19514.80886733532, 19969.673555254936, 20071.002476096153, 20344.836869835854, 20531.02892255783], "timesteps_eval": [13984, 27990, 37175, 37691, 71545, 85836, 98658, 111228, 115134, 115833, 116532, 117231, 118986, 119528, 120070, 120612, 58229, 121696, 46110, 122780, 123322, 123864, 74959, 124948, 125490, 126032, 126574, 127116, 127658, 128200, 128742, 129284, 67943, 130368, 130910, 69671, 131994, 132536, 71399, 71975, 72551, 73127, 135086, 135596, 136106, 136616, 137126, 137636, 63831, 64333, 122419, 65337, 65839, 66341, 129199, 67345, 91343, 134284, 135979, 137674, 69855, 141064, 102859, 71361, 146149, 147844, 149539, 73369, 148350, 118539, 156319, 149880, 150390, 150900, 151410, 131979, 77887, 78389, 169879, 140939, 173269, 174964, 176659, 178354, 81903, 82405, 183439, 83409, 83911, 169494, 190219, 85417, 170059, 86421, 86923, 181010, 200389, 174124, 203779, 205474]}