{"incumbents": [180.0, 140.0, 180.0, 100.0, 100.0, 180.0, 226.0, 180.0, 180.0, 416.0, 400.0, 638.0, 658.0, 686.0, 524.0, 704.0, 806.0, 710.0, 710.0, 818.0, 678.0, 832.0, 844.0, 812.0, 846.0, 766.0, 876.0, 818.0, 878.0, 894.0, 846.0, 888.0, 890.0, 866.0, 786.0, 880.0, 870.0, 860.0, 816.0, 854.0, 868.0, 860.0, 852.0, 866.0, 812.0, 852.0, 880.0, 722.0, 888.0, 890.0, 876.0, 882.0, 882.0, 882.0, 882.0, 882.0, 882.0, 882.0, 882.0, 882.0, 882.0, 882.0, 882.0, 882.0, 882.0, 882.0, 882.0, 882.0, 882.0, 882.0, 882.0, 882.0, 882.0, 882.0, 882.0, 882.0, 882.0, 882.0, 882.0, 882.0, 882.0, 882.0, 882.0, 882.0, 882.0, 882.0, 882.0, 882.0, 882.0, 882.0, 882.0, 882.0, 882.0, 882.0, 882.0, 882.0, 882.0, 882.0, 882.0, 882.0, 882.0, 882.0, 882.0, 882.0, 882.0, 882.0, 882.0, 882.0, 882.0, 882.0, 882.0, 882.0, 882.0, 882.0, 882.0, 882.0, 882.0, 882.0, 882.0, 882.0, 882.0, 882.0, 882.0, 882.0, 882.0, 882.0, 882.0, 882.0, 882.0, 882.0, 882.0, 882.0, 882.0, 882.0, 882.0, 882.0, 882.0, 882.0, 882.0, 882.0, 882.0, 882.0, 882.0, 882.0, 882.0, 882.0, 882.0, 882.0, 882.0, 882.0, 882.0, 882.0, 882.0, 882.0, 882.0, 882.0, 882.0, 882.0, 882.0, 882.0, 882.0, 882.0, 882.0, 882.0, 882.0, 882.0, 882.0, 882.0, 882.0, 882.0, 882.0, 882.0, 882.0, 882.0, 882.0, 882.0, 882.0, 882.0, 882.0, 882.0, 882.0, 882.0, 882.0, 882.0, 882.0, 882.0, 882.0, 882.0, 882.0, 882.0, 882.0, 882.0, 882.0, 882.0, 882.0, 882.0, 882.0, 882.0, 882.0, 882.0], "wallclock_time_eval": [121.44903659820557, 235.2329077720642, 602.2233748435974, 717.8036952018738, 833.61297082901, 954.1530957221985, 1075.7596969604492, 1199.0643734931946, 1318.9617128372192, 1291.1264190673828, 1409.1133861541748, 1624.320719718933, 1762.7923574447632, 1901.450433254242, 2338.881682872772, 2474.4811396598816, 2147.490394115448, 2403.723572254181, 2409.9507818222046, 2545.0800914764404, 2817.858720779419, 2813.363335132599, 2948.849489212036, 3084.519661426544, 3222.022599697113, 3361.5708990097046, 3503.232973575592, 3646.4485416412354, 3830.0655102729797, 3974.6102752685547, 4137.372435092926, 4340.69446849823, 4539.423735141754, 4731.046762466431, 4804.972176074982, 5028.067676067352, 5173.808409690857, 5319.962917804718, 5517.755052566528, 5664.793075084686, 5824.817977428436, 5977.674570083618, 6125.626442432404, 6272.960685253143, 6419.724838733673, 6567.164392948151, 6748.359148025513, 6867.9615297317505, 7103.334985733032, 7274.192122459412, 7421.80411529541, 15907.722733020782, 15907.722733020782, 15907.722733020782, 15907.722733020782, 15907.722733020782, 15907.722733020782, 15907.722733020782, 15907.722733020782, 15907.722733020782, 15907.722733020782, 15907.722733020782, 15907.722733020782, 15907.722733020782, 15907.722733020782, 15907.722733020782, 15907.722733020782, 15907.722733020782, 15907.722733020782, 15907.722733020782, 15907.722733020782, 15907.722733020782, 15907.722733020782, 15907.722733020782, 15907.722733020782, 15907.722733020782, 15907.722733020782, 15907.722733020782, 15907.722733020782, 15907.722733020782, 15907.722733020782, 15907.722733020782, 15907.722733020782, 15907.722733020782, 15907.722733020782, 15907.722733020782, 15907.722733020782, 15907.722733020782, 15907.722733020782, 15907.722733020782, 15907.722733020782, 15907.722733020782, 15907.722733020782, 15907.722733020782, 15907.722733020782, 15907.722733020782, 15907.722733020782, 15907.722733020782, 15907.722733020782, 15907.722733020782], "timesteps_eval": [9853, 19509, 28797, 38674, 48153, 57064, 66249, 76856, 86437, 96086, 105682, 114182, 123635, 133046, 142330, 151661, 163254, 170714, 181917, 191380, 198325, 209505, 218592, 227732, 236854, 246220, 255216, 264128, 273120, 282079, 291182, 300309, 309252, 318378, 329284, 336720, 345798, 354753, 363843, 372908, 382202, 391576, 400915, 410226, 419431, 428822, 437965, 449630, 456563, 466053, 475063, 945367, 945367, 945367, 945367, 945367, 945367, 945367, 945367, 945367, 945367, 945367, 945367, 945367, 945367, 945367, 945367, 945367, 945367, 945367, 945367, 945367, 945367, 945367, 945367, 945367, 945367, 945367, 945367, 945367, 945367, 945367, 945367, 945367, 945367, 945367, 945367, 945367, 945367, 945367, 945367, 945367, 945367, 945367, 945367, 945367, 945367, 945367, 945367, 945367]}