{"incumbents": [140.0, 180.0, 180.0, 180.0, 180.0, 310.0, 156.0, 192.0, 312.0, 162.0, 180.0, 180.0, 180.0, 180.0, 180.0, 182.0, 180.0, 180.0, 180.0, 180.0, 180.0, 180.0, 180.0, 180.0, 276.0, 180.0, 180.0, 180.0, 180.0, 180.0, 180.0, 180.0, 180.0, 536.0, 676.0, 180.0, 180.0, 180.0, 180.0, 424.0, 180.0, 180.0, 420.0, 266.0, 180.0, 178.0, 180.0, 180.0, 564.0, 648.0, 550.0, 180.0, 180.0, 180.0, 180.0, 180.0, 180.0, 600.0, 552.0, 552.0, 552.0, 552.0, 552.0, 552.0, 552.0, 552.0, 552.0, 552.0, 552.0, 552.0, 552.0, 552.0, 552.0, 552.0, 552.0, 552.0, 552.0, 552.0, 552.0, 552.0, 552.0, 552.0, 552.0, 552.0, 552.0, 552.0, 552.0, 552.0, 552.0, 552.0, 552.0, 552.0, 552.0, 552.0, 552.0, 552.0, 552.0, 552.0, 552.0, 552.0, 552.0, 552.0, 552.0, 552.0, 552.0, 552.0, 552.0, 552.0, 552.0, 552.0, 552.0, 552.0, 552.0, 552.0, 552.0, 552.0, 552.0, 552.0, 552.0, 552.0, 552.0, 552.0, 552.0, 552.0, 552.0, 552.0, 552.0, 552.0, 552.0, 552.0, 552.0, 552.0, 552.0, 552.0, 552.0, 552.0, 552.0, 552.0, 552.0, 552.0, 552.0, 552.0, 552.0, 552.0, 552.0, 552.0, 552.0, 552.0, 552.0, 552.0, 552.0, 552.0, 552.0, 552.0, 552.0, 552.0, 552.0, 552.0, 552.0, 552.0, 552.0, 552.0, 552.0, 552.0, 552.0, 552.0, 552.0, 552.0, 552.0, 552.0, 552.0, 552.0, 552.0, 552.0, 552.0, 552.0, 552.0, 552.0, 552.0, 552.0, 552.0, 552.0, 552.0, 552.0, 552.0, 552.0, 552.0, 552.0, 552.0, 552.0, 552.0, 552.0, 552.0, 552.0, 552.0, 552.0, 552.0, 552.0, 552.0, 552.0], "wallclock_time_eval": [116.30366563796997, 236.00923681259155, 353.8500895500183, 471.9015941619873, 587.8538045883179, 902.1372976303101, 1076.4265050888062, 1228.6892838478088, 1352.2156538963318, 1469.2007894515991, 1578.5976524353027, 1691.1175122261047, 1803.0126638412476, 1915.2465648651123, 2027.6617646217346, 1754.2051620483398, 2254.382474899292, 2675.0719327926636, 2590.909683227539, 2704.751988887787, 2290.9673261642456, 2934.030764102936, 3051.7738647460938, 3172.544592857361, 2730.928779602051, 3431.084086418152, 2939.723048210144, 3704.708664894104, 3842.5461297035217, 3269.8936290740967, 3383.517635822296, 3497.441909313202, 3612.7660818099976, 3743.4890604019165, 3865.5431146621704, 5028.690663814545, 4083.678394794464, 5303.453597545624, 4313.488857269287, 4446.156852245331, 5828.087950706482, 4677.3255133628845, 4793.612985610962, 4922.434490680695, 6381.65584230423, 5152.613767623901, 5270.075769901276, 5387.801688194275, 5502.250257492065, 5643.963544368744, 5781.515477180481, 5850.772644996643, 5968.229846954346, 6085.770474433899, 8100.940240383148, 8239.220886707306, 8377.12826681137, 6613.45009469986, 8533.183048725128, 8533.183048725128, 8533.183048725128, 8533.183048725128, 8533.183048725128, 8533.183048725128, 8533.183048725128, 8533.183048725128, 8533.183048725128, 8533.183048725128, 8533.183048725128, 8533.183048725128, 8533.183048725128, 8533.183048725128, 8533.183048725128, 8533.183048725128, 8533.183048725128, 8533.183048725128, 8533.183048725128, 8533.183048725128, 8533.183048725128, 8533.183048725128, 8533.183048725128, 8533.183048725128, 8533.183048725128, 8533.183048725128, 8533.183048725128, 8533.183048725128, 8533.183048725128, 8533.183048725128, 8533.183048725128, 8533.183048725128, 8533.183048725128, 8533.183048725128, 8533.183048725128, 8533.183048725128, 8533.183048725128, 8533.183048725128, 8533.183048725128, 8533.183048725128, 8533.183048725128, 8533.183048725128], "timesteps_eval": [9853, 19509, 29579, 38599, 48838, 57932, 67165, 77921, 86471, 96244, 106009, 115643, 125355, 135244, 144978, 154534, 164575, 173434, 183977, 193506, 202231, 212940, 222689, 232469, 239421, 251938, 258986, 271264, 281120, 287033, 296559, 306352, 315717, 325296, 334632, 349409, 354047, 368903, 373190, 382661, 398367, 401724, 409993, 420596, 437701, 439093, 448443, 458049, 466545, 476004, 485462, 495669, 505019, 514412, 536026, 545822, 555687, 551610, 714032, 714032, 714032, 714032, 714032, 714032, 714032, 714032, 714032, 714032, 714032, 714032, 714032, 714032, 714032, 714032, 714032, 714032, 714032, 714032, 714032, 714032, 714032, 714032, 714032, 714032, 714032, 714032, 714032, 714032, 714032, 714032, 714032, 714032, 714032, 714032, 714032, 714032, 714032, 714032, 714032, 714032]}