{"incumbents": [285.0, 285.0, 285.0, 285.0, 285.0, 285.0, 555.5, 301.0, 285.0, 285.0, 275.0, 274.5, 285.0, 285.0, 285.0, 285.0, 285.0, 285.0, 285.0, 285.0, 285.0, 285.0, 285.0, 285.0, 285.0, 285.0, 285.0, 285.0, 285.0, 285.0, 277.5, 277.5, 285.0, 277.5, 277.5, 285.0, 277.5, 285.0, 285.0, 285.0, 285.0, 285.0, 277.5, 343.5, 270.0, 285.0, 285.0, 285.0, 285.0, 285.0, 277.5, 285.0, 285.0, 292.0, 285.0, 285.0, 285.0, 285.0, 285.0, 270.0, 270.0, 297.0, 285.0, 270.0, 285.0, 270.0, 277.5, 277.5, 285.0, 277.5, 285.0, 285.0, 285.0, 285.0, 285.0, 277.5, 343.5, 287.5, 312.0, 285.0, 285.0, 285.0, 285.0, 277.5, 285.0, 285.0, 292.0, 285.0, 285.0, 285.0, 285.0, 285.0, 283.5, 315.5, 306.5, 285.0, 464.0, 451.5, 568.0, 427.0, 427.0, 427.0, 427.0, 427.0, 427.0, 427.0, 427.0, 427.0, 427.0, 427.0, 427.0, 427.0, 427.0, 427.0, 427.0, 427.0, 427.0, 427.0, 427.0, 427.0, 427.0, 427.0, 427.0, 427.0, 427.0, 427.0, 427.0, 427.0, 427.0, 427.0, 427.0, 427.0, 427.0, 427.0, 427.0, 427.0, 427.0, 427.0, 427.0, 427.0, 427.0, 427.0, 427.0, 427.0, 427.0, 427.0, 427.0, 427.0, 427.0, 427.0, 427.0, 427.0, 427.0, 427.0, 427.0, 427.0, 427.0, 427.0, 427.0, 427.0, 427.0, 427.0, 427.0, 427.0, 427.0, 427.0, 427.0, 427.0, 427.0, 427.0, 427.0, 427.0, 427.0, 427.0, 427.0, 427.0, 427.0, 427.0, 427.0, 427.0, 427.0, 427.0, 427.0, 427.0, 427.0, 427.0, 427.0, 427.0, 427.0, 427.0, 427.0, 427.0, 427.0, 427.0, 427.0, 427.0, 427.0, 427.0, 427.0, 427.0], "wallclock_time_eval": [119.64780855178833, 239.94640398025513, 359.1831488609314, 478.58162117004395, 597.8204326629639, 717.1550226211548, 820.9708204269409, 943.2971935272217, 1077.1686491966248, 1178.6367444992065, 1300.9887714385986, 1411.4803814888, 1523.8090982437134, 1636.0839052200317, 1746.7756042480469, 1858.3359417915344, 1997.0269112586975, 2129.813898086548, 2291.713593006134, 2452.7946729660034, 2594.520640850067, 2705.8555011749268, 2849.9218249320984, 3007.710536956787, 3131.1207489967346, 3266.007912635803, 3440.152762413025, 3607.7433519363403, 3767.9279470443726, 3905.5914583206177, 4032.7728939056396, 4159.725016593933, 4287.387485980988, 4415.717420578003, 4544.194705963135, 4673.354206085205, 4803.725147724152, 4933.898913383484, 5065.489722251892, 5208.944752216339, 5340.193857192993, 5470.997560501099, 5601.63064289093, 5731.416160583496, 5286.167240619659, 5988.318958282471, 6114.972484111786, 6242.45156621933, 6375.18030834198, 6506.384331226349, 6641.140816688538, 6768.481286525726, 6895.735683441162, 7023.07511806488, 7154.802341461182, 7292.758358478546, 7465.156137466431, 7641.599907398224, 7781.05547618866, 6964.971637248993, 7070.681656360626, 8265.08999300003, 8393.121014595032, 7481.150158405304, 8672.27738571167, 7763.086987495422, 8819.407748699188, 8948.178454399109, 9077.167366027832, 9373.56409406662, 9335.516595363617, 9653.283893108368, 9778.63469362259, 9903.854060173035, 10029.404539108276, 9996.634338378906, 10156.659675121307, 10473.436625957489, 10614.157492160797, 10769.60518026352, 10928.528552055359, 11058.621119976044, 11197.538207054138, 11112.541001796722, 11240.206053733826, 11369.39234828949, 11505.1155834198, 11900.631625175476, 12028.056020259857, 12154.565789222717, 12281.585972309113, 12152.493731975555, 12536.952990055084, 12666.873175144196, 12795.980110168457, 12648.488318443298, 13053.972524166107, 13182.909883499146, 13313.863047599792, 13444.236168384552], "timesteps_eval": [9649, 19322, 28988, 38643, 48357, 58267, 67846, 77590, 87265, 95836, 105151, 114795, 124445, 134027, 143595, 153165, 162826, 172415, 181857, 191338, 200919, 210500, 220139, 229737, 239359, 249020, 258634, 268283, 277915, 287482, 297143, 306792, 316390, 326028, 335687, 345307, 354999, 364556, 374204, 383774, 393441, 403029, 412537, 422174, 436353, 441329, 450971, 460642, 470300, 479961, 489599, 499248, 508748, 518402, 528093, 537736, 547362, 557195, 566947, 581706, 591472, 595495, 605103, 620577, 624263, 639960, 648920, 658579, 668199, 672039, 687448, 691269, 700892, 710440, 720077, 735429, 745066, 748917, 758582, 768232, 777864, 787536, 797159, 812491, 822140, 831640, 841294, 844909, 854451, 864077, 873744, 889839, 892765, 902421, 912128, 927995, 931229, 940845, 950140, 959415]}