{"incumbents": [30.0, 30.0, 30.0, 30.0, 30.0, 30.0, 30.0, 30.0, 30.0, 30.0, 38.8, 43.4, 49.6, 48.1, 50.8, 47.7, 48.3, 45.0, 44.9, 38.7, 50.2, 52.9, 53.4, 46.3, 39.2, 43.2, 51.9, 50.0, 47.1, 49.9, 46.5, 50.6, 53.7, 43.6, 52.9, 43.6, 44.9, 56.0, 48.8, 44.3, 50.0, 49.6, 47.7, 45.5, 48.1, 43.3, 42.2, 45.2, 51.4, 49.7, 46.4, 53.4, 59.8, 57.9, 54.4, 67.6, 58.2, 51.2, 43.9, 47.3, 48.5, 47.0, 47.9, 49.9, 50.1, 44.2, 45.0, 46.0, 47.9, 46.8, 38.4, 47.9, 41.9, 44.7, 45.1, 43.7, 41.5, 44.0, 31.1, 35.7, 30.0, 30.0, 30.0, 30.0, 37.2, 30.0, 40.2, 32.1, 32.9, 40.0, 41.2, 42.0, 37.6, 40.2, 41.6, 41.5, 37.1, 39.0, 42.3, 46.0, 46.0, 46.0, 46.0, 46.0, 46.0, 46.0, 46.0, 46.0, 46.0, 46.0, 46.0, 46.0, 46.0, 46.0, 46.0, 46.0, 46.0, 46.0, 46.0, 46.0, 46.0, 46.0, 46.0, 46.0, 46.0, 46.0, 46.0, 46.0, 46.0, 46.0, 46.0, 46.0, 46.0, 46.0, 46.0, 46.0, 46.0, 46.0, 46.0, 46.0, 46.0, 46.0, 46.0, 46.0, 46.0, 46.0, 46.0, 46.0, 46.0, 46.0, 46.0, 46.0, 46.0, 46.0, 46.0, 46.0, 46.0, 46.0, 46.0, 46.0, 46.0, 46.0, 46.0, 46.0, 46.0, 46.0, 46.0, 46.0, 46.0, 46.0, 46.0, 46.0, 46.0, 46.0, 46.0, 46.0, 46.0, 46.0, 46.0, 46.0, 46.0, 46.0, 46.0, 46.0, 46.0, 46.0, 46.0, 46.0, 46.0, 46.0, 46.0, 46.0, 46.0, 46.0, 46.0, 46.0, 46.0, 46.0, 46.0, 46.0], "wallclock_time_eval": [32.82418775558472, 200.14964592456818, 389.29156494140625, 554.9710648059845, 720.8074752092361, 886.9065810441971, 1051.3355475664139, 1221.2009505033493, 1383.9564443826675, 1551.1489436626434, 1637.5307248830795, 1790.4966632127762, 1997.171771645546, 2157.976458311081, 2326.7768989801407, 2498.778925061226, 2647.715404033661, 2805.230815052986, 2950.6087666749954, 3117.6237032413483, 3266.2659080028534, 3428.0123950242996, 3595.3824557065964, 3768.4147758483887, 3954.829203248024, 4144.854530334473, 4344.117766857147, 4555.239416480064, 4771.879286766052, 4989.463430285454, 5218.825532913208, 5455.818279266357, 5705.159219384193, 5923.7343531847, 6149.3809806108475, 6376.28277528286, 6602.299349784851, 6852.3699716329575, 7090.62317609787, 7354.847010731697, 7555.324235796928, 7773.605725884438, 7995.231140971184, 8209.031515359879, 8433.199605941772, 8663.522388100624, 8902.790651082993, 9123.158278942108, 9333.970999240875, 9553.067761540413, 9795.818116307259, 10035.380854249, 10262.450137853622, 10466.954241275787, 10669.792194128036, 10871.40158879757, 11086.941020607948, 11314.917624115944, 11552.071441531181, 11791.695731163025, 12041.728513121605, 12274.186269283295, 12499.740331530571, 12709.593739151955, 12986.56795334816, 13279.116062283516, 13493.572703957558, 13722.015033006668, 13927.27723479271, 14126.409838676453, 14356.322897434235, 14585.313271641731, 14808.629884243011, 15033.173431277275, 15247.623352527618, 15460.715306043625, 15679.542264461517, 15918.250144958496, 16145.176767706871, 16386.60831129551, 12757.417295217514, 12965.867755413055, 13181.604909300804, 13358.657673597336, 17532.834933042526, 13694.809307694435, 18985.28638982773, 19210.155272364616, 19425.00694847107, 18732.46080684662, 19966.472313165665, 19160.571132063866, 19367.431201577187, 19626.003103733063, 19872.0507158041, 20084.366038560867, 20329.160448551178, 20572.69089114666, 20791.58556854725, 15893.208881735802], "timesteps_eval": [11345, 22732, 34142, 45622, 57099, 68640, 80146, 91588, 103026, 114364, 125785, 137202, 148506, 159848, 171060, 182328, 194198, 206130, 217356, 229214, 240428, 251733, 263584, 276033, 288522, 299682, 312190, 323393, 335698, 348107, 360489, 372982, 386226, 398041, 409840, 422236, 434692, 446468, 458266, 469574, 481042, 492256, 503515, 514814, 526033, 537223, 548600, 559854, 571086, 582417, 593642, 604999, 616318, 627624, 639602, 650958, 665284, 677120, 686852, 698152, 710013, 720549, 731812, 743062, 754289, 765551, 776924, 788447, 799752, 811182, 822606, 833991, 845364, 856768, 868122, 879492, 890943, 902337, 913632, 924292, 930407, 941898, 953389, 964880, 981769, 987862, 989627, 1000391, 1012004, 1038948, 1034893, 1061771, 1073139, 1084450, 1095755, 1106991, 1118286, 1129501, 1140761, 1148768]}