{"incumbents": [0.0, 14.0, 8.0, 19.0, 33.0, 32.0, 36.0, 58.0, 45.0, 29.0, 31.0, 0.0, 0.0, 0.0, 41.0, 58.0, 76.0, 64.0, 74.0, 75.0, 86.0, 84.0, 135.0, 99.0, 103.0, 92.0, 119.0, 147.0, 133.0, 107.0, 112.0, 137.0, 89.0, 123.0, 137.0, 164.0, 137.0, 135.0, 113.0, 143.0, 128.0, 126.0, 106.0, 129.0, 118.0, 134.0, 120.0, 143.0, 133.0, 121.0, 147.0, 130.0, 135.0, 115.0, 146.0, 112.0, 155.0, 133.0, 122.0, 127.0, 145.0, 118.0, 149.0, 149.0, 150.0, 139.0, 156.0, 142.0, 122.0, 140.0, 158.0, 166.0, 137.0, 167.0, 174.0, 185.0, 158.0, 185.0, 178.0, 156.0, 161.0, 181.0, 184.0, 164.0, 182.0, 190.0, 180.0, 193.0, 186.0, 202.0, 195.0, 200.0, 201.0, 210.0, 205.0, 203.0, 224.0, 214.0, 209.0, 213.0, 213.0, 213.0, 213.0, 213.0, 213.0, 213.0, 213.0, 213.0, 213.0, 213.0, 213.0, 213.0, 213.0, 213.0, 213.0, 213.0, 213.0, 213.0, 213.0, 213.0, 213.0, 213.0, 213.0, 213.0, 213.0, 213.0, 213.0, 213.0, 213.0, 213.0, 213.0, 213.0, 213.0, 213.0, 213.0, 213.0, 213.0, 213.0, 213.0, 213.0, 213.0, 213.0, 213.0, 213.0, 213.0, 213.0, 213.0, 213.0, 213.0, 213.0, 213.0, 213.0, 213.0, 213.0, 213.0, 213.0, 213.0, 213.0, 213.0, 213.0, 213.0, 213.0, 213.0, 213.0, 213.0, 213.0, 213.0, 213.0, 213.0, 213.0, 213.0, 213.0, 213.0, 213.0, 213.0, 213.0, 213.0, 213.0, 213.0, 213.0, 213.0, 213.0, 213.0, 213.0, 213.0, 213.0, 213.0, 213.0, 213.0, 213.0, 213.0, 213.0, 213.0, 213.0, 213.0, 213.0, 213.0, 213.0, 213.0, 213.0], "wallclock_time_eval": [51.71439290046692, 228.940824508667, 415.8243578672409, 601.3861422538757, 767.398689866066, 932.3239767551422, 1118.0339407920837, 1303.532477736473, 1502.6165883541107, 1723.210905790329, 1924.9235503673553, 2209.980170726776, 2411.255697488785, 2612.334914803505, 2794.724036693573, 2999.051741719246, 3201.896283388138, 3393.4565374851227, 3582.4340711832047, 3771.1463819742203, 3978.9365236759186, 4167.709252238274, 4360.343919157982, 4557.503067374229, 4777.939084529877, 4989.650852322578, 5213.9418832063675, 5440.417781114578, 5673.058861255646, 5914.4338129758835, 6176.488456368446, 6404.242965221405, 6665.860941052437, 6908.473507642746, 7165.267493605614, 7384.198608756065, 7640.254611134529, 7878.103123784065, 8100.114590287209, 8324.084874749184, 8544.986188530922, 8765.167396187782, 8983.688857793808, 9217.851941466331, 9435.507478833199, 9690.853444099426, 9927.305010676384, 10142.923691630363, 10378.366563558578, 10594.617112874985, 10810.446420192719, 11043.617155194283, 11257.607523918152, 11487.948697805405, 11739.999777197838, 11976.654171824455, 12192.717232704163, 12410.919067502022, 12644.54327583313, 12877.250876188278, 13107.871556401253, 13360.085826158524, 13591.414628982544, 13823.912869691849, 14052.95296227932, 14264.432725667953, 14478.459603309631, 14707.894686460495, 14937.2685546875, 7556.055806994438, 7796.436661601067, 8038.133336544037, 8259.336905837059, 8496.92718398571, 8712.9589189291, 8927.740114212036, 9139.660670876503, 9356.589912891388, 9574.636658906937, 9794.282647013664, 10031.18943464756, 10260.804829001427, 10469.55268073082, 10696.981029629707, 10916.744950056076, 11134.797900915146, 11351.00481748581, 11577.726314425468, 11796.269027471542, 12014.400120139122, 12237.581157565117, 12475.936642765999, 12694.394360542297, 12907.328413248062, 13117.831845879555, 13324.518596887589, 13533.33990085125, 13739.491605639458, 13935.95557320118, 4693.537313222885], "timesteps_eval": [16142, 32387, 48460, 64454, 80529, 96704, 112740, 128814, 144916, 161007, 176980, 192836, 209012, 225080, 241567, 257643, 273857, 290051, 306204, 322260, 338374, 354508, 370633, 386687, 402728, 418786, 434949, 451124, 467291, 483357, 499451, 515577, 531586, 547603, 563737, 579769, 595940, 611890, 627939, 644009, 660061, 676218, 692360, 708401, 724430, 740480, 756489, 772678, 788879, 804973, 821020, 837213, 853121, 869326, 885477, 901471, 917479, 933315, 949488, 965643, 981736, 997811, 1013806, 1029794, 1045894, 1062011, 1078187, 1094322, 1110437, 1106107, 1122260, 1138443, 1154363, 1170446, 1186546, 1202658, 1218758, 1234810, 1250970, 1266874, 1283018, 1298997, 1315006, 1331136, 1347266, 1363400, 1379476, 1395651, 1411652, 1427620, 1443736, 1459820, 1475864, 1491742, 1507860, 1523883, 1539984, 1555902, 1571847, 1504302]}