{"incumbents": [-21.0, -20.7, -20.7, -19.4, -19.4, -19.3, -18.5, -17.1, -20.0, -17.2, -16.9, -16.3, -17.1, -16.2, -16.7, -15.9, -14.9, -14.1, -15.0, -15.3, -15.1, -14.3, -14.3, -14.3, -13.2, -14.3, -13.0, -9.7, -14.2, -11.8, -11.9, -11.2, -12.6, -13.0, -12.8, -11.4, -10.0, -9.0, -8.7, -11.9, -9.9, -10.1, -10.3, -10.0, -10.5, -11.7, -8.8, -10.3, -12.0, -10.7, -9.3, -11.2, -11.6, -9.9, -9.4, -9.5, -10.0, -10.7, -10.2, -10.1, -10.1, -11.8, -9.1, -11.5, -10.4, -7.4, -11.0, -10.6, -9.2, -11.4, -11.6, -7.5, -11.7, -8.9, -12.7, -8.6, -11.0, -10.1, -10.5, -11.1, -9.9, -10.8, -8.3, -9.9, -8.0, -10.5, -9.8, -9.7, -10.8, -11.3, -10.1, -10.7, -11.0, -9.7, -10.3, -9.2, -8.6, -8.6, -10.3, -9.1, -9.1, -9.1, -9.1, -9.1, -9.1, -9.1, -9.1, -9.1, -9.1, -9.1, -9.1, -9.1, -9.1, -9.1, -9.1, -9.1, -9.1, -9.1, -9.1, -9.1, -9.1, -9.1, -9.1, -9.1, -9.1, -9.1, -9.1, -9.1, -9.1, -9.1, -9.1, -9.1, -9.1, -9.1, -9.1, -9.1, -9.1, -9.1, -9.1, -9.1, -9.1, -9.1, -9.1, -9.1, -9.1, -9.1, -9.1, -9.1, -9.1, -9.1, -9.1, -9.1, -9.1, -9.1, -9.1, -9.1, -9.1, -9.1, -9.1, -9.1, -9.1, -9.1, -9.1, -9.1, -9.1, -9.1, -9.1, -9.1, -9.1, -9.1, -9.1, -9.1, -9.1, -9.1, -9.1, -9.1, -9.1, -9.1, -9.1, -9.1, -9.1, -9.1, -9.1, -9.1, -9.1, -9.1, -9.1, -9.1, -9.1, -9.1, -9.1, -9.1, -9.1, -9.1, -9.1, -9.1, -9.1, -9.1, -9.1, -9.1], "wallclock_time_eval": [29.944732666015625, 208.78890800476074, 369.1409624814987, 532.7781913280487, 696.3197412490845, 859.9346966743469, 1024.3426344394684, 1189.8286554813385, 1354.4754004478455, 1520.448036789894, 1686.878781080246, 1854.8004802465439, 2019.7687313556671, 2187.764188885689, 2354.3540728092194, 2521.8483622074127, 2691.108218073845, 2860.750440478325, 3029.1132802963257, 3196.9974805116653, 3365.9048796892166, 3534.5253341197968, 3704.8531169891357, 3875.2432223558426, 4043.090352654457, 4217.070062875748, 4382.944445967674, 4553.771581411362, 4719.288414359093, 4887.079910039902, 5054.07110452652, 5223.196233153343, 5389.528018712997, 510.9456434249878, 5729.360004663467, 875.8145188093185, 6065.013192176819, 6237.37109375, 6411.52512049675, 1559.7685055732727, 6756.539635896683, 1909.4871698617935, 7100.54988014698, 7272.494467377663, 7445.219765901566, 7616.434371590614, 2770.0188517570496, 7962.299446582794, 3113.267456173897, 3285.082660317421, 8475.119728207588, 3624.7512315511703, 3796.7060935497284, 8983.578782558441, 9155.789703130722, 4311.805355191231, 4484.952936410904, 4656.785675287247, 9700.0843719244, 10009.699877142906, 10035.220157146454, 5352.409777164459, 5526.472554206848, 5697.432775855064, 5869.517472267151, 6044.920307636261, 11203.379925966263, 6391.476983904839, 11547.779463648796, 6734.93097615242, 11886.091854214668, 7084.280152440071, 12228.039209365845, 7431.801648736, 7605.825377464294, 7780.8223732709885, 12908.25060224533, 8131.662308454514, 8307.964170336723, 13421.453452587128, 8657.20147740841, 8829.407767295837, 9004.81002509594, 13888.034224629402, 9358.56266772747, 14221.943429350853, 14390.1016497612, 14784.699598431587, 10055.81641459465, 14892.194782018661, 10405.579991459846, 15467.010210752487, 10756.25730919838, 10932.594130039215, 11105.43090391159, 11276.01653957367, 11442.179691553116, 11600.005192399025, 11757.100729703903, 11912.445749044418], "timesteps_eval": [15636, 30312, 45324, 60328, 75826, 90352, 105529, 119589, 134699, 149084, 162442, 176512, 190141, 204167, 217688, 232338, 246536, 260402, 275413, 290558, 304233, 317596, 332894, 346049, 359211, 372725, 386121, 398905, 411580, 424103, 436830, 449901, 462522, 521994, 487788, 547581, 515360, 528410, 541903, 599465, 567708, 625972, 594396, 607829, 620260, 634098, 692692, 659886, 716694, 729141, 698833, 750976, 761773, 735269, 747026, 798202, 808965, 820481, 837096, 810035, 862479, 862771, 871847, 881440, 894063, 904511, 898411, 925101, 921293, 947889, 943423, 968491, 970343, 991050, 1001306, 1012526, 1023261, 1037598, 1049012, 1061640, 1069811, 1080189, 1090995, 1164117, 1114937, 1190048, 1203434, 1159877, 1160565, 1243382, 1183985, 1211617, 1205667, 1217316, 1228202, 1239829, 1251378, 1261938, 1273226, 1284260]}