{"incumbents": [-1.0, -1.0, -1.0, -1.0, -1.0, -1.0, -1.0, -1.0, -1.0, -1.0, -1.0, -1.0, -1.0, -1.0, -1.0, -1.0, -1.0, -1.0, -0.9, -1.0, -1.0, -1.0, -1.0, -1.0, -1.0, -1.0, -1.0, -1.0, -1.0, -1.0, -1.0, -1.0, -1.0, -1.0, -1.0, -1.0, -1.0, -1.0, -1.0, -1.0, -1.0, -1.0, -1.0, -1.0, -1.0, -1.0, -1.0, -0.7, -0.9, -0.8, -1.0, -1.0, -1.0, -0.9, -1.0, -1.0, -1.0, -1.0, -1.0, -1.0, -1.0, -1.0, -1.0, -1.0, -1.0, -1.0, -1.0, -1.0, -0.9, -1.0, -1.0, -1.0, -1.0, -1.0, -1.0, -1.0, -1.0, -0.9, -1.0, -1.0, -1.0, -1.0, -1.0, -1.0, -0.8, -0.7, -1.0, -1.0, -1.0, -1.0, -1.0, -1.0, -1.0, -1.0, -1.0, -1.0, -0.9, -1.0, -1.0, -1.0, -1.0, -1.0, -1.0, -1.0, -1.0, -1.0, -1.0, -1.0, -1.0, -1.0, -1.0, -1.0, -1.0, -1.0, -1.0, -1.0, -1.0, -1.0, -1.0, -1.0, -1.0, -1.0, -1.0, -1.0, -1.0, -1.0, -1.0, -1.0, -1.0, -1.0, -1.0, -1.0, -1.0, -1.0, -1.0, -1.0, -1.0, -1.0, -1.0, -1.0, -1.0, -1.0, -1.0, -1.0, -1.0, -1.0, -1.0, -1.0, -1.0, -1.0, -1.0, -1.0, -1.0, -1.0, -1.0, -1.0, -1.0, -1.0, -1.0, -1.0, -1.0, -1.0, -1.0, -1.0, -1.0, -1.0, -1.0, -1.0, -1.0, -1.0, -1.0, -1.0, -1.0, -1.0, -1.0, -1.0, -1.0, -1.0, -1.0, -1.0, -1.0, -1.0, -1.0, -1.0, -1.0, -1.0, -1.0, -1.0, -1.0, -1.0, -1.0, -1.0, -1.0, -1.0, -1.0, -1.0, -1.0, -1.0, -1.0, -1.0], "wallclock_time_eval": [68.10970342159271, 269.0167143344879, 465.1023700237274, 659.5312911272049, 795.1807925701141, 994.8312170505524, 1194.9370795488358, 1396.1609295606613, 1596.6091398000717, 1795.9742280244827, 1997.1945104599, 2196.0782893896103, 2396.186730504036, 2596.8219631910324, 2796.8698687553406, 2996.208571791649, 3197.0625747442245, 3395.8947949409485, 3561.483509540558, 3795.687776207924, 3996.1454136371613, 4199.986296415329, 4408.081180095673, 4623.849008202553, 4850.08735203743, 5091.745801091194, 5342.004598021507, 5595.78403544426, 5851.816513180733, 6107.676235079765, 6361.961705565453, 6618.020979762077, 6873.8354696035385, 7128.704735636711, 7385.151524066925, 7640.330450773239, 7895.955306529999, 8151.323828697205, 8405.669850111008, 8660.760979533195, 8915.745339512825, 9169.676823616028, 9423.07746565342, 9674.813181519508, 9928.13513827324, 10180.567192673683, 10430.323528170586, 10062.020738244057, 9184.768318891525, 9368.72905433178, 11435.010975718498, 11685.101741671562, 11935.548025608063, 10102.979856967926, 12436.80928838253, 12687.57545697689, 12169.90787935257, 13184.655731797218, 13436.309369683266, 13695.937777400017, 13955.601864695549, 14215.494333028793, 14473.762561559677, 14731.117863416672, 14989.794213294983, 15247.975105762482, 14568.825003504753, 14827.71540415287, 12853.572759628296, 15342.382754683495, 15599.971534729004, 15851.936206936836, 16104.701221942902, 16356.508754730225, 16603.181846618652, 16848.1243288517, 17091.773504972458, 14557.165061235428, 17579.783834695816, 17830.111923336983, 18081.07076525688, 18330.479766726494, 18589.99685907364, 18847.44977092743, 15903.64151442051, 16094.339272975922, 19595.17406499386, 19842.09809947014, 20088.124771356583, 20334.25495803356, 20578.778007507324, 20822.048793792725, 21063.62334024906, 21302.06431913376, 21541.172837257385, 21783.378996133804, 18150.582777261734, 22272.029410243034, 22519.337995529175, 22765.547543168068], "timesteps_eval": [13984, 27848, 42545, 56521, 65321, 77149, 99255, 113118, 127608, 142475, 156381, 169668, 183877, 198246, 213211, 227871, 240583, 253003, 46110, 265696, 268010, 270324, 272638, 274952, 277266, 279580, 281894, 284208, 286522, 288836, 291150, 293464, 295778, 298092, 300406, 302720, 305034, 307348, 309662, 311976, 314290, 316604, 318918, 321232, 323546, 325860, 328174, 169957, 63831, 64333, 337430, 339744, 342058, 66341, 346686, 349000, 181324, 353628, 355942, 358256, 360570, 362884, 365198, 367512, 369826, 372140, 193954, 195217, 73871, 197743, 199006, 200269, 201532, 202795, 204058, 205321, 206584, 78389, 209110, 210373, 211636, 212899, 214162, 215425, 81903, 82405, 219214, 220477, 221740, 223003, 224266, 225529, 226792, 228055, 229318, 230581, 87927, 233107, 234370, 235633]}