{"incumbents": [166.8, 195.6, 500.0, 394.2, 392.2, 446.1, 400.8, 429.2, 388.8, 300.3, 379.9, 302.8, 207.5, 405.7, 461.3, 417.9, 500.0, 500.0, 500.0, 304.3, 226.7, 216.9, 266.8, 167.4, 182.9, 206.7, 258.2, 357.2, 242.4, 338.0, 226.2, 197.9, 362.6, 295.2, 464.7, 500.0, 448.4, 214.2, 452.6, 500.0, 487.9, 201.5, 248.2, 378.7, 500.0, 497.4, 474.2, 500.0, 500.0, 477.6, 496.0, 189.6, 242.9, 220.2, 265.6, 239.3, 289.3, 295.6, 256.6, 322.0, 338.2, 322.7, 322.2, 420.0, 357.0, 325.7, 381.6, 364.7, 386.8, 288.0, 269.9, 244.7, 206.5, 208.2, 211.1, 325.5, 264.9, 203.1, 175.1, 154.6, 170.2, 136.5, 134.0, 137.5, 141.2, 168.0, 299.2, 365.1, 398.0, 376.9, 249.9, 153.8, 148.6, 130.9, 127.7, 113.0, 119.4, 130.1, 160.3, 146.8, 146.8, 146.8, 146.8, 146.8, 146.8, 146.8, 146.8, 146.8, 146.8, 146.8, 146.8, 146.8, 146.8, 146.8, 146.8, 146.8, 146.8, 146.8, 146.8, 146.8, 146.8, 146.8, 146.8, 146.8, 146.8, 146.8, 146.8, 146.8, 146.8, 146.8, 146.8, 146.8, 146.8, 146.8, 146.8, 146.8, 146.8, 146.8, 146.8, 146.8, 146.8, 146.8, 146.8, 146.8, 146.8, 146.8, 146.8, 146.8, 146.8, 146.8, 146.8, 146.8, 146.8, 146.8, 146.8, 146.8, 146.8, 146.8, 146.8, 146.8, 146.8, 146.8, 146.8, 146.8, 146.8, 146.8, 146.8, 146.8, 146.8, 146.8, 146.8, 146.8, 146.8, 146.8, 146.8, 146.8, 146.8, 146.8, 146.8, 146.8, 146.8, 146.8, 146.8, 146.8, 146.8, 146.8, 146.8, 146.8, 146.8, 146.8, 146.8, 146.8, 146.8, 146.8, 146.8, 146.8, 146.8, 146.8, 146.8, 146.8], "wallclock_time_eval": [69.72834205627441, 129.6646385192871, 203.58148002624512, 275.4037456512451, 347.595609664917, 420.9713325500488, 493.23633766174316, 565.6030883789062, 637.8495597839355, 707.6243515014648, 778.4555988311768, 847.7231998443604, 914.2987842559814, 986.6804466247559, 1060.3437175750732, 1132.9300899505615, 1206.5249633789062, 1280.848424911499, 1356.978536605835, 1427.7406959533691, 1496.3256950378418, 1564.004144668579, 1632.7858486175537, 1699.585355758667, 1766.6473293304443, 1834.775806427002, 1904.6609230041504, 1975.8283042907715, 2044.1625938415527, 2115.720682144165, 2184.556703567505, 2252.6040439605713, 2325.1893100738525, 2397.885768890381, 2506.1066513061523, 2582.2644481658936, 2654.8973903656006, 2723.086488723755, 2798.0848140716553, 2872.7917156219482, 2953.0973052978516, 3026.5614910125732, 2826.6280632019043, 3175.7486419677734, 3255.1206665039062, 3335.6307468414307, 3415.991865158081, 3498.1309814453125, 3578.9943866729736, 3660.534059524536, 3742.375015258789, 3454.1749267578125, 3525.5411529541016, 3595.0394611358643, 3666.5862407684326, 3738.2952098846436, 3809.590623855591, 3881.6843070983887, 3953.079565048218, 4027.859945297241, 4101.382761001587, 4175.156667709351, 4249.1188106536865, 4326.7110233306885, 4402.246843338013, 4475.041292190552, 4549.855478286743, 4624.143802642822, 4698.936504364014, 4776.918836593628, 4849.272861480713, 4920.89041519165, 4990.733200073242, 5243.00687789917, 5315.850551605225, 5671.080104827881, 5755.214357376099, 5838.5103931427, 5920.900173187256, 5482.88106918335, 6085.527618408203, 5622.766834259033, 5692.379312515259, 5761.837797164917, 5832.219751358032, 5901.779317855835, 5974.161952972412, 6048.5196895599365, 6123.946775436401, 6198.932828903198, 6270.645320892334, 6339.906188964844, 7077.040607452393, 7157.950799942017, 6550.932144165039, 6839.282789230347, 6690.220062255859, 7491.222970962524, 7575.085605621338, 7659.785270690918], "timesteps_eval": [9978, 19946, 29943, 39868, 49784, 59739, 69636, 79337, 89300, 98915, 108806, 118571, 128366, 138335, 148324, 158121, 167954, 177854, 187790, 197701, 207693, 217687, 227425, 237283, 247225, 256965, 266891, 276600, 286394, 296242, 306191, 316156, 326023, 335812, 349489, 359292, 368896, 378770, 388424, 398160, 407980, 417910, 428226, 437570, 447095, 457095, 466600, 476555, 486196, 496026, 505675, 517199, 526953, 536836, 546731, 556702, 566681, 576438, 586341, 596138, 606057, 615861, 625796, 635719, 645604, 655423, 665066, 674942, 684507, 694280, 704166, 714064, 723996, 732849, 742794, 753753, 763602, 773571, 783421, 793472, 803354, 813214, 823109, 832965, 842854, 852760, 862742, 872674, 882474, 892277, 902089, 912039, 922771, 932742, 941895, 951653, 961751, 972579, 982574, 992528]}