{"incumbents": [-24.4, -24.4, -25.8, -24.4, -24.4, -24.4, -24.4, -24.4, -37.6, -37.9, -37.9, -36.2, -37.9, -24.4, -37.9, -37.9, -37.9, -37.9, -37.9, -36.2, -5.4, -37.9, -36.2, -36.2, -37.9, -37.9, -36.2, -37.9, -37.9, -11.1, -37.9, 7.1, 7.3, 5.5, 9.4, 8.7, 6.2, 8.1, 6.7, 6.0, 6.7, 11.2, 6.9, 5.7, 7.8, 8.9, 11.7, 13.9, 5.4, 6.1, 14.5, 8.5, 6.6, 8.9, 8.9, 8.7, 12.5, 6.3, 10.9, 14.5, 11.4, 8.5, 13.2, 12.7, 3.3, 12.6, 14.1, 13.7, 16.9, 11.6, 17.8, 18.4, 24.6, 20.7, 12.3, 13.1, 16.0, 15.9, 17.2, 19.9, 16.0, 21.6, 9.7, 22.1, 19.5, 21.3, 18.5, 33.6, 21.7, 37.3, 33.3, 32.5, 28.5, 32.5, 33.8, 31.8, 32.5, 32.1, 37.5, 10.8, 10.8, 10.8, 10.8, 10.8, 10.8, 10.8, 10.8, 10.8, 10.8, 10.8, 10.8, 10.8, 10.8, 10.8, 10.8, 10.8, 10.8, 10.8, 10.8, 10.8, 10.8, 10.8, 10.8, 10.8, 10.8, 10.8, 10.8, 10.8, 10.8, 10.8, 10.8, 10.8, 10.8, 10.8, 10.8, 10.8, 10.8, 10.8, 10.8, 10.8, 10.8, 10.8, 10.8, 10.8, 10.8, 10.8, 10.8, 10.8, 10.8, 10.8, 10.8, 10.8, 10.8, 10.8, 10.8, 10.8, 10.8, 10.8, 10.8, 10.8, 10.8, 10.8, 10.8, 10.8, 10.8, 10.8, 10.8, 10.8, 10.8, 10.8, 10.8, 10.8, 10.8, 10.8, 10.8, 10.8, 10.8, 10.8, 10.8, 10.8, 10.8, 10.8, 10.8, 10.8, 10.8, 10.8, 10.8, 10.8, 10.8, 10.8, 10.8, 10.8, 10.8, 10.8, 10.8, 10.8, 10.8, 10.8, 10.8, 10.8], "wallclock_time_eval": [174.20278406143188, 356.13252544403076, 541.3500270843506, 724.5989484786987, 908.9715938568115, 1076.8521251678467, 1275.795422077179, 1459.6349186897278, 1618.3492851257324, 1810.109049797058, 1988.931667804718, 2157.4619612693787, 2339.7664012908936, 2497.3571648597717, 2699.2353076934814, 2877.3125309944153, 3041.325433254242, 3218.226450920105, 3393.874108314514, 3570.0936307907104, 3747.622477054596, 3924.400188922882, 4102.37761592865, 4280.827632427216, 4459.728180885315, 4642.511830806732, 4833.113268375397, 5019.979112148285, 5208.511826515198, 5398.407613277435, 5589.668112277985, 5781.169823646545, 5971.722293376923, 6164.488803386688, 6354.210604190826, 6544.050286769867, 6734.797989845276, 6927.937041282654, 7121.519351482391, 7309.377727508545, 7497.846227645874, 7686.045929908752, 7875.742247581482, 8061.8388776779175, 8249.38021326065, 8438.389922142029, 8623.451508045197, 8810.050055980682, 9002.062760829926, 9190.879964351654, 9378.360303878784, 9565.758771419525, 9753.148627281189, 9938.564732551575, 10124.762994766235, 10313.660264015198, 10498.930997371674, 10684.814196109772, 10873.029518127441, 11063.983613491058, 11253.024883270264, 11439.723307132721, 11624.384383678436, 11809.961716651917, 11992.150932312012, 12172.536037445068, 12352.272521018982, 12532.559284687042, 12713.019389152527, 12891.440664768219, 13073.046299934387, 13256.636088371277, 13435.34114933014, 13617.590939998627, 13798.956929206848, 13977.906166553497, 14158.460011959076, 14339.208102703094, 14518.26690530777, 14697.029998779297, 14874.643287658691, 15061.43206501007, 15255.817623615265, 15448.390501022339, 15638.56438779831, 15826.079415798187, 16014.61947774887, 16204.978174686432, 16392.018914699554, 16582.300545215607, 16770.442264080048, 16955.31797838211, 17143.3933801651, 17334.934381961823, 17527.924915790558, 17716.647541046143, 17904.012280464172, 18093.3337059021, 18280.708000183105, 18468.95861673355], "timesteps_eval": [9437, 18874, 28311, 37748, 47185, 56622, 66059, 75496, 84933, 94370, 103807, 113244, 122681, 132118, 141555, 150992, 160429, 169866, 179303, 188740, 198177, 207614, 217051, 226488, 235925, 245362, 254799, 264236, 273673, 283110, 292547, 301984, 311421, 320858, 330295, 339732, 349169, 358606, 368043, 377480, 386917, 396354, 405791, 415228, 424665, 434102, 443539, 452976, 462413, 471850, 481287, 490724, 500161, 509598, 519035, 528472, 537909, 547346, 556783, 566220, 575657, 585094, 594531, 603968, 613405, 622842, 632279, 641716, 651153, 660590, 670027, 679464, 688901, 698338, 707775, 717212, 726649, 736086, 745523, 754960, 764397, 773834, 783271, 792708, 802145, 811582, 821019, 830456, 839893, 849330, 858767, 868204, 877641, 887078, 896515, 905952, 915389, 924826, 934263, 943700]}