{"incumbents": [-21.0, -21.0, -21.0, -21.0, -21.0, -21.0, -21.0, -21.0, -21.0, -21.0, -21.0, -21.0, -21.0, -21.0, -21.0, -21.0, -21.0, -21.0, -21.0, -21.0, -21.0, -21.0, -21.0, -20.9, -20.7, -20.8, -20.7, -20.6, -20.4, -20.1, -20.6, -20.2, -18.7, -16.3, -16.4, -16.7, -16.6, -16.7, -17.7, -17.1, -16.3, -17.8, -18.4, -17.0, -17.7, -15.7, -16.0, -16.4, -16.4, -16.7, -17.2, -16.5, -16.7, -16.7, -16.4, -17.9, -17.5, -17.1, -17.3, -17.4, -16.3, -16.8, -15.8, -16.9, -16.8, -15.8, -15.4, -16.2, -16.1, -16.2, -15.3, -16.7, -15.7, -16.0, -16.5, -16.2, -16.0, -16.3, -16.4, -15.9, -16.9, -15.4, -15.7, -15.8, -15.7, -15.0, -16.2, -15.7, -15.4, -16.0, -15.4, -15.9, -16.3, -16.3, -16.4, -16.3, -16.4, -16.5, -16.9, -15.6, -15.6, -15.6, -15.6, -15.6, -15.6, -15.6, -15.6, -15.6, -15.6, -15.6, -15.6, -15.6, -15.6, -15.6, -15.6, -15.6, -15.6, -15.6, -15.6, -15.6, -15.6, -15.6, -15.6, -15.6, -15.6, -15.6, -15.6, -15.6, -15.6, -15.6, -15.6, -15.6, -15.6, -15.6, -15.6, -15.6, -15.6, -15.6, -15.6, -15.6, -15.6, -15.6, -15.6, -15.6, -15.6, -15.6, -15.6, -15.6, -15.6, -15.6, -15.6, -15.6, -15.6, -15.6, -15.6, -15.6, -15.6, -15.6, -15.6, -15.6, -15.6, -15.6, -15.6, -15.6, -15.6, -15.6, -15.6, -15.6, -15.6, -15.6, -15.6, -15.6, -15.6, -15.6, -15.6, -15.6, -15.6, -15.6, -15.6, -15.6, -15.6, -15.6, -15.6, -15.6, -15.6, -15.6, -15.6, -15.6, -15.6, -15.6, -15.6, -15.6, -15.6, -15.6, -15.6, -15.6, -15.6, -15.6, -15.6, -15.6], "wallclock_time_eval": [143.30914449691772, 252.47901344299316, 361.19873332977295, 469.3871374130249, 577.4672884941101, 685.3519282341003, 793.5870771408081, 904.0516471862793, 1013.0586109161377, 1121.7390332221985, 1230.5384573936462, 1337.5968852043152, 1445.1668119430542, 1552.645860671997, 1662.1571907997131, 1787.955292224884, 1953.6057591438293, 2063.02733707428, 2181.0719628334045, 2335.678056716919, 2447.5241503715515, 2580.7929162979126, 2717.808741569519, 2741.966441631317, 2851.4599747657776, 2962.604627609253, 3073.345726966858, 3184.483570575714, 3295.411280155182, 3407.774887561798, 3518.025938510895, 3629.8737273216248, 3796.272678375244, 3929.670027732849, 4058.341348171234, 4201.128741264343, 4348.1420340538025, 4496.366680145264, 4626.617646217346, 4747.02902507782, 4877.7943506240845, 5047.918106555939, 5202.452574729919, 5323.933683395386, 5441.651211738586, 5562.256537914276, 5722.777792453766, 5889.00147485733, 6022.090779781342, 6199.007920265198, 6353.6141748428345, 6489.451781272888, 6608.618841648102, 6783.066031932831, 6957.860424995422, 7094.871208190918, 7233.913871765137, 7352.949188709259, 7492.869535446167, 7648.126748561859, 7795.701629638672, 7952.948632240295, 8109.077600002289, 8230.516651630402, 8250.96988582611, 8409.504134178162, 8593.988420009613, 8714.1940574646, 8835.969523906708, 8958.011722564697, 9082.333330154419, 10263.847160339355, 9322.305516719818, 9443.492039680481, 10641.90188217163, 10767.600409984589, 9809.634189128876, 9929.575636386871, 11242.416388988495, 10228.4143075943, 10358.614333152771, 10505.141932964325, 10627.90112876892, 11889.556059360504, 10821.512356758118, 10996.262642383575, 11110.01621055603, 12428.96446800232, 11359.223334312439, 12713.934524059296, 11602.319895267487, 11725.797361373901, 11846.309610366821, 11959.024978160858, 13358.78753376007, 13488.18344259262, 13617.494028568268, 12528.074677944183, 12617.278263092041, 12742.009127616882], "timesteps_eval": [8584, 16824, 25456, 34441, 43289, 51952, 60159, 68790, 77420, 86058, 94935, 103481, 111602, 119928, 128643, 137420, 146128, 154970, 164087, 173110, 181617, 190222, 199323, 216098, 225186, 234369, 242907, 252161, 260487, 268747, 276992, 285134, 293666, 302228, 310705, 319123, 328147, 337253, 346285, 355494, 363845, 371176, 378967, 386708, 394688, 402150, 410557, 417785, 425203, 432507, 440701, 448701, 456246, 463924, 471503, 503303, 486982, 494158, 502155, 510300, 517828, 526176, 533350, 540583, 580298, 588635, 563099, 570746, 578034, 585521, 593980, 625944, 609247, 616942, 649666, 658083, 640100, 648317, 681741, 663505, 671246, 678909, 686924, 720039, 738138, 710412, 754197, 752888, 733521, 769169, 748666, 756656, 763974, 809341, 808384, 816066, 824058, 839833, 812121, 820025]}