{"incumbents": [641.0, 614.0, 634.0, 705.0, 524.0, 786.0, 572.0, 598.0, 614.0, 735.0, 703.0, 573.0, 575.0, 548.0, 769.0, 640.0, 753.0, 646.0, 602.0, 686.0, 758.0, 653.0, 602.0, 714.0, 645.0, 711.0, 686.0, 704.0, 685.0, 661.0, 716.0, 693.0, 711.0, 634.0, 683.0, 729.0, 536.0, 755.0, 646.0, 569.0, 564.0, 552.0, 747.0, 610.0, 648.0, 581.0, 728.0, 651.0, 645.0, 538.0, 677.0, 710.0, 825.0, 739.0, 760.0, 655.0, 647.0, 610.0, 742.0, 538.0, 599.0, 728.0, 606.0, 714.0, 753.0, 596.0, 757.0, 643.0, 718.0, 579.0, 691.0, 719.0, 645.0, 643.0, 640.0, 668.0, 671.0, 630.0, 741.0, 640.0, 541.0, 638.0, 867.0, 929.0, 646.0, 637.0, 701.0, 695.0, 754.0, 847.0, 619.0, 755.0, 760.0, 591.0, 698.0, 674.0, 658.0, 681.0, 693.0, 658.0, 658.0, 658.0, 658.0, 658.0, 658.0, 658.0, 658.0, 658.0, 658.0, 658.0, 658.0, 658.0, 658.0, 658.0, 658.0, 658.0, 658.0, 658.0, 658.0, 658.0, 658.0, 658.0, 658.0, 658.0, 658.0, 658.0, 658.0, 658.0, 658.0, 658.0, 658.0, 658.0, 658.0, 658.0, 658.0, 658.0, 658.0, 658.0, 658.0, 658.0, 658.0, 658.0, 658.0, 658.0, 658.0, 658.0, 658.0, 658.0, 658.0, 658.0, 658.0, 658.0, 658.0, 658.0, 658.0, 658.0, 658.0, 658.0, 658.0, 658.0, 658.0, 658.0, 658.0, 658.0, 658.0, 658.0, 658.0, 658.0, 658.0, 658.0, 658.0, 658.0, 658.0, 658.0, 658.0, 658.0, 658.0, 658.0, 658.0, 658.0, 658.0, 658.0, 658.0, 658.0, 658.0, 658.0, 658.0, 658.0, 658.0, 658.0, 658.0, 658.0, 658.0, 658.0, 658.0, 658.0, 658.0, 658.0, 658.0, 658.0], "wallclock_time_eval": [29.744274139404297, 204.36140394210815, 335.2661083936691, 543.9229711294174, 711.6171544790268, 881.5236755609512, 1041.9971245527267, 1215.135385632515, 1382.383936882019, 1538.4216747283936, 1516.6831458806992, 1868.5828050374985, 2047.3367830514908, 2200.4321370124817, 2101.3684511184692, 2535.615104198456, 2389.325776696205, 2896.4149916172028, 3045.544363975525, 2826.2253757715225, 2974.3451075553894, 3571.266004681587, 3712.5350930690765, 3407.470549583435, 4071.6491206884384, 3705.9901074171066, 3854.6091252565384, 4534.302867412567, 4148.549069643021, 4859.621992468834, 4441.025705218315, 5183.193869948387, 5385.151203036308, 5549.42699611187, 5024.074323773384, 5831.62893974781, 5321.808594703674, 6212.015998959541, 6324.64074754715, 6542.740358948708, 6709.267707943916, 6881.119653701782, 6217.86364197731, 6367.41004216671, 7395.6067571640015, 6671.614889383316, 7743.037337422371, 6970.606824994087, 8087.944379329681, 7278.590861320496, 8435.467549920082, 8647.975950837135, 7731.045414328575, 9031.574959397316, 9142.949673652649, 8191.242858529091, 9615.246667265892, 8501.289330482483, 9859.299853563309, 10041.022330760956, 10402.432682394981, 9118.75333583355, 10593.82205748558, 11002.385516881943, 10967.732583761215, 11157.781879901886, 9895.977787017822, 11540.157663941383, 11734.167511343956, 12230.003110289574, 10532.765535831451, 12320.410148382187, 12519.992304801941, 12718.643297195435, 13276.612389564514, 13492.259038805962, 13704.923796892166, 13529.617381453514, 11878.479650378227, 12052.516270041466, 14562.148171544075, 12415.304245948792, 14573.05448937416, 12780.714636087418, 15434.189611554146, 15655.333357930183, 15878.227588534355, 15642.421728849411, 13675.44437289238, 16077.366274356842, 16291.734219551086, 16953.760365009308, 17165.91847741604, 17374.103484392166, 17128.071982622147, 17334.160222887993, 17989.78855907917, 18192.637291669846, 17946.14440023899, 18146.53727042675], "timesteps_eval": [16094, 31906, 48137, 63919, 79998, 95989, 111580, 127547, 143014, 159650, 176142, 192029, 207613, 224447, 240396, 256606, 272609, 288271, 304990, 320931, 336935, 352918, 369536, 384673, 401339, 416851, 432954, 450153, 465179, 482011, 497447, 514498, 530190, 546337, 562012, 578741, 594148, 610976, 627277, 643282, 659388, 675625, 689843, 706028, 724030, 737856, 756320, 769977, 788481, 801595, 820580, 836586, 849002, 868713, 884794, 897155, 917193, 929101, 948733, 964979, 981201, 993330, 1012896, 1029403, 1045212, 1061222, 1073568, 1093701, 1109714, 1126331, 1137697, 1158141, 1174383, 1190507, 1207167, 1223336, 1239406, 1255142, 1265841, 1282007, 1303910, 1314178, 1334811, 1346372, 1368201, 1384442, 1400477, 1415114, 1426702, 1447008, 1463151, 1480621, 1496622, 1512545, 1527122, 1543175, 1560590, 1576716, 1591603, 1607520]}