{"incumbents": [565.0, 629.0, 841.0, 663.0, 812.0, 755.0, 987.0, 825.0, 623.0, 508.0, 745.0, 930.0, 1067.0, 635.0, 709.0, 716.0, 860.0, 541.0, 721.0, 1101.0, 1157.0, 925.0, 766.0, 827.0, 710.0, 813.0, 933.0, 599.0, 889.0, 882.0, 659.0, 518.0, 812.0, 1032.0, 1097.0, 793.0, 826.0, 810.0, 864.0, 765.0, 725.0, 792.0, 930.0, 1006.0, 1021.0, 1348.0, 899.0, 904.0, 912.0, 1073.0, 942.0, 971.0, 1041.0, 827.0, 1262.0, 1424.0, 1078.0, 1420.0, 1463.0, 1600.0, 1714.0, 1589.0, 1233.0, 1525.0, 1506.0, 1535.0, 1936.0, 1726.0, 1427.0, 1904.0, 1626.0, 1760.0, 1777.0, 1582.0, 1789.0, 1739.0, 1924.0, 1743.0, 1661.0, 2166.0, 2078.0, 1793.0, 2069.0, 1945.0, 2005.0, 2206.0, 1662.0, 2190.0, 1809.0, 1783.0, 1930.0, 2045.0, 2245.0, 1973.0, 2193.0, 2471.0, 1629.0, 1811.0, 1830.0, 2235.0, 2235.0, 2235.0, 2235.0, 2235.0, 2235.0, 2235.0, 2235.0, 2235.0, 2235.0, 2235.0, 2235.0, 2235.0, 2235.0, 2235.0, 2235.0, 2235.0, 2235.0, 2235.0, 2235.0, 2235.0, 2235.0, 2235.0, 2235.0, 2235.0, 2235.0, 2235.0, 2235.0, 2235.0, 2235.0, 2235.0, 2235.0, 2235.0, 2235.0, 2235.0, 2235.0, 2235.0, 2235.0, 2235.0, 2235.0, 2235.0, 2235.0, 2235.0, 2235.0, 2235.0, 2235.0, 2235.0, 2235.0, 2235.0, 2235.0, 2235.0, 2235.0, 2235.0, 2235.0, 2235.0, 2235.0, 2235.0, 2235.0, 2235.0, 2235.0, 2235.0, 2235.0, 2235.0, 2235.0, 2235.0, 2235.0, 2235.0, 2235.0, 2235.0, 2235.0, 2235.0, 2235.0, 2235.0, 2235.0, 2235.0, 2235.0, 2235.0, 2235.0, 2235.0, 2235.0, 2235.0, 2235.0, 2235.0, 2235.0, 2235.0, 2235.0, 2235.0, 2235.0, 2235.0, 2235.0, 2235.0, 2235.0, 2235.0, 2235.0, 2235.0, 2235.0, 2235.0, 2235.0, 2235.0, 2235.0, 2235.0], "wallclock_time_eval": [26.69704520702362, 189.64499926567078, 358.4077786207199, 518.1280928850174, 677.1913480758667, 835.1412060260773, 997.069680929184, 1160.0974895954132, 1325.097937822342, 1493.8471978902817, 1658.8150358200073, 1822.854209780693, 1989.7809072732925, 2164.932254433632, 2330.31006526947, 2496.675355195999, 2659.8545268774033, 2831.837838292122, 2993.290756344795, 3164.4587078094482, 3328.582739472389, 3492.0942891836166, 3662.9601635932922, 3838.7801941633224, 3850.543237924576, 4182.842155575752, 4352.434190392494, 4535.002955555916, 4499.556396245956, 4648.6721559762955, 4807.169073224068, 4963.83660364151, 5494.627143859863, 5297.4635326862335, 5457.08234167099, 5599.264774441719, 5759.3363572359085, 5916.195270776749, 6076.653506875038, 6237.500333666801, 6397.759477972984, 7219.682870388031, 6724.713421702385, 6883.126280784607, 7030.354447722435, 7188.366768240929, 7352.659592866898, 7508.867382764816, 7663.925399065018, 7819.816771388054, 7968.032630801201, 8122.875831484795, 8289.09809076786, 8426.206158280373, 8574.281816244125, 8721.048100829124, 8865.669996261597, 9012.065795779228, 9157.917670488358, 9304.33280968666, 9449.364302396774, 9595.701688289642, 9742.314381480217, 9889.645138263702, 10035.869752764702, 10180.152106404305, 10461.750109910965, 10469.049003243446, 10768.355016946793, 10915.275608539581, 11061.784473061562, 11210.38560974598, 11356.413915872574, 11501.770528912544, 11493.827725172043, 11636.975619673729, 11932.17751467228, 12074.875781059265, 12066.257726192474, 12361.050346493721, 12352.180558919907, 12493.522285223007, 12782.68273293972, 12774.474345684052, 12892.369584918022, 13057.452529907227, 13197.846524119377, 13339.304287552834, 13451.625429034233, 13619.75798022747, 13761.774097204208, 13902.08345413208, 14043.292255282402, 14184.577246189117, 14325.315526247025, 14479.189323425293, 14568.349538564682, 14760.704226255417, 14847.606823682785, 15042.916803479195], "timesteps_eval": [15606, 31204, 47088, 63102, 79148, 95144, 111022, 127028, 142751, 158457, 173882, 189436, 205252, 221309, 236857, 252447, 268066, 283178, 298598, 314446, 330305, 346072, 360597, 374787, 400326, 402826, 417716, 432379, 464592, 481278, 497387, 513620, 488786, 544886, 560942, 577658, 593451, 609437, 625399, 641333, 657379, 584981, 688715, 704703, 721553, 737672, 752827, 769152, 785136, 801215, 817428, 833483, 849198, 865266, 881302, 897460, 913566, 929469, 945565, 961468, 977585, 993568, 1009831, 1025535, 1041589, 1057598, 1058527, 1089784, 1090165, 1106317, 1122381, 1138232, 1154090, 1170281, 1201794, 1217768, 1218183, 1234096, 1265661, 1265890, 1297682, 1313694, 1314128, 1345340, 1361294, 1377430, 1393422, 1409250, 1425402, 1441222, 1455996, 1472027, 1487736, 1503656, 1519463, 1535252, 1551703, 1567219, 1583576, 1598823]}