{"incumbents": [2.1, 2.1, 2.1, 1.6, 1.6, 1.6, 1.6, 1.6, 1.6, 1.6, 1.6, 1.6, 1.6, 1.6, 1.6, 1.6, 1.6, 1.6, 1.6, 1.6, 1.6, 1.6, 1.6, 1.6, 1.6, 1.6, 1.6, 1.6, 1.6, 1.6, 1.6, 1.6, 1.6, 1.6, 1.6, 1.6, 1.6, 1.6, 1.6, 1.6, 1.6, 1.6, 1.7, 1.6, 1.6, 1.6, 1.6, 1.6, 1.7, 1.6, 1.7, 1.7, 1.6, 1.7, 1.7, 1.6, 1.6, 1.6, 1.6, 1.6, 1.6, 1.6, 1.7, 1.6, 1.6, 1.6, 1.6, 1.6, 1.6, 1.7, 1.7, 1.7, 1.6, 1.6, 3.4, 4.0, 4.6, 4.0, 3.7, 5.1, 4.4, 5.1, 4.6, 4.6, 2.7, 4.2, 5.0, 5.3, 4.6, 5.4, 5.4, 5.3, 5.1, 5.5, 6.0, 5.3, 4.4, 5.4, 5.1, 5.0, 5.0, 5.0, 5.0, 5.0, 5.0, 5.0, 5.0, 5.0, 5.0, 5.0, 5.0, 5.0, 5.0, 5.0, 5.0, 5.0, 5.0, 5.0, 5.0, 5.0, 5.0, 5.0, 5.0, 5.0, 5.0, 5.0, 5.0, 5.0, 5.0, 5.0, 5.0, 5.0, 5.0, 5.0, 5.0, 5.0, 5.0, 5.0, 5.0, 5.0, 5.0, 5.0, 5.0, 5.0, 5.0, 5.0, 5.0, 5.0, 5.0, 5.0, 5.0, 5.0, 5.0, 5.0, 5.0, 5.0, 5.0, 5.0, 5.0, 5.0, 5.0, 5.0, 5.0, 5.0, 5.0, 5.0, 5.0, 5.0, 5.0, 5.0, 5.0, 5.0, 5.0, 5.0, 5.0, 5.0, 5.0, 5.0, 5.0, 5.0, 5.0, 5.0, 5.0, 5.0, 5.0, 5.0, 5.0, 5.0, 5.0, 5.0, 5.0, 5.0, 5.0, 5.0, 5.0, 5.0, 5.0, 5.0, 5.0, 5.0], "wallclock_time_eval": [142.06457042694092, 281.9048309326172, 420.45054388046265, 562.516619682312, 704.9765729904175, 845.0356245040894, 985.3888959884644, 1124.0280904769897, 1267.7387738227844, 1409.1361775398254, 1550.4786901474, 1688.8083095550537, 1827.7136731147766, 1968.170946598053, 2111.826674938202, 2255.0929226875305, 2395.638599872589, 2537.0262837409973, 2679.1488790512085, 2824.388913154602, 2969.2129735946655, 3111.970384120941, 3258.7663021087646, 3412.6183037757874, 3569.29701423645, 3729.5935735702515, 3895.3432669639587, 4067.232732772827, 4238.9793882369995, 4406.494969367981, 4575.3977065086365, 4747.316665172577, 4918.467972755432, 5089.2035455703735, 5260.806176662445, 5434.103323936462, 5607.165338039398, 5777.151404380798, 5949.107306003571, 6123.245938301086, 6294.880222797394, 6466.7314920425415, 6114.525939941406, 6809.325090408325, 6981.110966205597, 7154.335126876831, 7324.186265468597, 7496.4843192100525, 6980.501851558685, 7838.390594959259, 7267.09246635437, 7412.991291999817, 8355.31831741333, 7704.664170742035, 7848.723780155182, 8866.46194934845, 9042.102212429047, 9208.83148431778, 9376.48680973053, 9545.846238136292, 9717.838467121124, 9886.22778749466, 9007.147808074951, 10224.735313892365, 10394.815023899078, 10565.314505577087, 213.5642647743225, 382.1000728607178, 550.559576511383, 10002.663308143616, 10144.550272464752, 10286.272319316864, 1217.876046180725, 1385.3474006652832, 10707.974008083344, 10847.14367389679, 10988.117577552795, 11125.569218158722, 11259.639330863953, 11398.254173278809, 11535.324380874634, 11672.5822057724, 11807.712021827698, 11942.019859313965, 12074.590928077698, 12207.72683763504, 12344.521384239197, 12479.543688774109, 12613.24247789383, 12754.372190952301, 12887.182783603668, 13023.238988399506, 13158.581049442291, 13291.635999202728, 13427.0200548172, 13561.392433166504, 13694.587390422821, 13827.83623123169, 13959.8430519104, 14096.064454555511], "timesteps_eval": [9941, 19847, 29782, 39703, 49651, 59587, 69518, 79448, 89378, 99292, 109212, 119166, 129093, 139020, 148947, 158874, 168801, 178728, 188682, 198636, 208590, 218517, 228444, 238371, 248298, 258252, 268206, 278160, 288114, 298041, 307995, 317949, 327876, 337803, 347730, 357657, 367611, 377565, 387519, 397473, 407400, 417327, 426942, 437181, 447108, 457035, 466962, 476889, 486532, 496743, 506370, 516312, 526524, 536113, 546029, 556305, 566232, 576159, 586086, 596013, 605940, 615867, 625359, 635721, 645648, 655575, 665502, 675429, 685356, 694827, 704726, 714659, 725064, 734991, 744461, 754356, 764186, 774077, 783965, 793839, 803627, 813503, 823376, 833217, 843087, 853015, 862968, 872833, 882812, 892680, 902560, 912417, 922271, 932105, 941954, 951877, 961739, 971612, 981508, 991346]}