{"incumbents": [-38.0, -38.0, -24.4, -36.3, -38.0, -38.0, -29.3, -37.5, -38.0, -38.0, -38.0, -38.0, -38.0, -38.0, -38.0, -38.0, -38.0, -38.0, -38.0, -38.0, -38.0, -38.0, -38.0, -38.0, -38.0, -38.0, -38.0, -38.0, -38.0, -38.0, -38.0, -38.0, -38.0, -38.0, -38.0, -38.0, -38.0, -38.0, -38.0, -38.0, -38.0, -38.0, -38.0, -38.0, -38.0, -38.0, -38.0, -38.0, -38.0, -38.0, -38.0, -38.0, -38.0, -38.0, -38.0, -38.0, -38.0, -38.0, -38.0, -38.0, -38.0, -38.0, -38.0, -38.0, -38.0, -38.0, -36.3, -36.3, -36.3, -38.0, -38.0, -38.0, -38.0, -38.0, -38.0, -38.0, -38.0, -38.0, -38.0, -38.0, -38.0, -38.0, -38.0, -38.0, -38.0, -38.0, -38.0, -38.0, -38.0, -38.0, -38.0, -38.0, -38.0, -38.0, -38.0, -38.0, -38.0, -38.0, -38.0, -38.0, -38.0, -38.0, -38.0, -38.0, -38.0, -38.0, -38.0, -38.0, -38.0, -38.0, -38.0, -38.0, -38.0, -38.0, -38.0, -38.0, -38.0, -38.0, -38.0, -38.0, -38.0, -38.0, -38.0, -38.0, -38.0, -38.0, -38.0, -38.0, -38.0, -38.0, -38.0, -38.0, -38.0, -38.0, -38.0, -38.0, -38.0, -38.0, -38.0, -38.0, -38.0, -38.0, -38.0, -38.0, -38.0, -38.0, -38.0, -38.0, -38.0, -38.0, -38.0, -38.0, -38.0, -38.0, -38.0, -38.0, -38.0, -38.0, -38.0, -38.0, -38.0, -38.0, -38.0, -38.0, -38.0, -38.0, -38.0, -38.0, -38.0, -38.0, -38.0, -38.0, -38.0, -38.0, -38.0, -38.0, -38.0, -38.0, -38.0, -38.0, -38.0, -38.0, -38.0, -38.0, -38.0, -38.0, -38.0, -38.0, -38.0, -38.0, -38.0, -38.0, -38.0, -38.0, -38.0, -38.0, -38.0, -38.0, -38.0, -38.0], "wallclock_time_eval": [180.37885284423828, 357.337965965271, 534.5962495803833, 714.0900158882141, 889.3907370567322, 1065.9859476089478, 1245.135730266571, 1423.2774081230164, 1597.292606830597, 1774.6075930595398, 1949.1173620224, 2125.63848733902, 2303.6808071136475, 2482.04194688797, 2657.9475317001343, 2833.235378265381, 3012.0772309303284, 3191.482135772705, 3369.154963493347, 3547.9008564949036, 3726.686803340912, 3904.0161237716675, 4081.675810813904, 4259.704221248627, 4437.656526088715, 4615.2537317276, 4795.871163845062, 4974.884695529938, 5153.586589813232, 5331.112863063812, 5511.40665769577, 5697.077391624451, 5881.245659828186, 6066.355175018311, 6253.811682224274, 6443.472894191742, 6632.097562789917, 6819.790652751923, 7007.634880065918, 7198.187679767609, 7385.405034065247, 7570.032467842102, 7756.351638317108, 7943.760696411133, 8130.992784976959, 8319.644575119019, 8507.542602062225, 8693.328676700592, 8880.055833339691, 9067.131917953491, 9253.382872104645, 9438.050063610077, 9625.726162910461, 9808.586030960083, 9989.52128648758, 10171.662729740143, 10357.520441055298, 10544.5647854805, 10733.50681257248, 10918.446152210236, 11105.410130023956, 11294.16647195816, 11482.24557876587, 11668.873252868652, 11858.629990577698, 12046.920059204102, 339.96067237854004, 518.6680526733398, 695.6446251869202, 12806.898342609406, 12995.998418331146, 13184.645627975464, 13373.793094158173, 13564.392601013184, 13753.51294517517, 13942.557836532593, 14131.314066886902, 14319.085638999939, 14508.519790649414, 14696.023031234741, 14885.582112312317, 15074.165388584137, 15260.959127426147, 15448.76120185852, 15640.951250076294, 15827.35552406311, 16012.257655143738, 16201.962426185608, 16393.66112756729, 16583.398884296417, 16774.77400493622, 16964.768796920776, 17152.378890037537, 17340.835661888123, 17526.23527240753, 17715.215216636658, 17904.360466957092, 18086.722422122955, 18264.224284172058, 18443.2620511055], "timesteps_eval": [9432, 18864, 28296, 37728, 47160, 56592, 66024, 75456, 84888, 94320, 103752, 113184, 122616, 132048, 141480, 150912, 160344, 169776, 179208, 188640, 198072, 207504, 216936, 226368, 235800, 245232, 254664, 264096, 273528, 282960, 292392, 301824, 311256, 320688, 330120, 339552, 348984, 358416, 367848, 377280, 386712, 396144, 405576, 415008, 424440, 433872, 443304, 452736, 462168, 471600, 481032, 490464, 499896, 509328, 518760, 528192, 537624, 547056, 556488, 565920, 575352, 584784, 594216, 603648, 613080, 622512, 508622, 518054, 527486, 660240, 669672, 679104, 688536, 697968, 707400, 716832, 726264, 735696, 745128, 754560, 763992, 773424, 782856, 792288, 801720, 811152, 820584, 830016, 839448, 848880, 858312, 867744, 877176, 886608, 896040, 905472, 914904, 924336, 933768, 943200]}