{"incumbents": [515.0, 589.0, 539.0, 689.0, 514.0, 532.0, 542.0, 613.0, 628.0, 678.0, 626.0, 643.0, 632.0, 727.0, 719.0, 634.0, 777.0, 1020.0, 939.0, 699.0, 922.0, 771.0, 847.0, 859.0, 739.0, 758.0, 894.0, 861.0, 715.0, 732.0, 791.0, 745.0, 751.0, 876.0, 725.0, 839.0, 746.0, 682.0, 849.0, 882.0, 823.0, 761.0, 811.0, 719.0, 939.0, 792.0, 834.0, 812.0, 708.0, 1045.0, 749.0, 832.0, 786.0, 828.0, 769.0, 723.0, 878.0, 759.0, 898.0, 730.0, 804.0, 1023.0, 877.0, 805.0, 789.0, 934.0, 744.0, 823.0, 785.0, 834.0, 790.0, 833.0, 699.0, 908.0, 667.0, 786.0, 1011.0, 961.0, 962.0, 874.0, 829.0, 756.0, 774.0, 781.0, 906.0, 907.0, 823.0, 745.0, 1022.0, 671.0, 909.0, 892.0, 1082.0, 980.0, 855.0, 928.0, 1065.0, 931.0, 845.0, 768.0, 768.0, 768.0, 768.0, 768.0, 768.0, 768.0, 768.0, 768.0, 768.0, 768.0, 768.0, 768.0, 768.0, 768.0, 768.0, 768.0, 768.0, 768.0, 768.0, 768.0, 768.0, 768.0, 768.0, 768.0, 768.0, 768.0, 768.0, 768.0, 768.0, 768.0, 768.0, 768.0, 768.0, 768.0, 768.0, 768.0, 768.0, 768.0, 768.0, 768.0, 768.0, 768.0, 768.0, 768.0, 768.0, 768.0, 768.0, 768.0, 768.0, 768.0, 768.0, 768.0, 768.0, 768.0, 768.0, 768.0, 768.0, 768.0, 768.0, 768.0, 768.0, 768.0, 768.0, 768.0, 768.0, 768.0, 768.0, 768.0, 768.0, 768.0, 768.0, 768.0, 768.0, 768.0, 768.0, 768.0, 768.0, 768.0, 768.0, 768.0, 768.0, 768.0, 768.0, 768.0, 768.0, 768.0, 768.0, 768.0, 768.0, 768.0, 768.0, 768.0, 768.0, 768.0, 768.0, 768.0, 768.0, 768.0, 768.0, 768.0], "wallclock_time_eval": [37.82835233211517, 219.1615368127823, 384.825079202652, 550.2516652345657, 714.7777049541473, 876.8787814378738, 1041.0892652273178, 1203.9610376358032, 1366.4658482074738, 1535.4322627782822, 1692.0317318439484, 1855.4031455516815, 2017.2662547826767, 2179.9304136037827, 2342.2452578544617, 2505.215102791786, 2667.7017308473587, 2829.383431792259, 2991.765850543976, 3152.030165910721, 3313.7386569976807, 3475.0245014429092, 3635.0606080293655, 3795.6434844732285, 3955.277187347412, 4114.882784128189, 4275.013514518738, 4435.003336071968, 4599.858012676239, 4763.534913778305, 4927.667250156403, 5094.085114121437, 5256.683695673943, 5425.618273854256, 5593.079951167107, 5759.562209010124, 5926.898287653923, 6098.073304891586, 6275.840923070908, 6447.999390363693, 6619.853098273277, 6785.136305212975, 6951.866098284721, 7120.9007831811905, 7288.794523596764, 7457.061428904533, 7625.7025146484375, 7795.8120847940445, 7968.362394690514, 8136.997043013573, 8306.599827766418, 8475.443292975426, 8646.029861330986, 8814.988593578339, 8985.808995962143, 9156.408371686935, 9328.806189894676, 9501.741909503937, 9675.01680457592, 9849.236312270164, 10023.991006851196, 10196.736601114273, 10372.887356758118, 10549.661283254623, 10726.495258808136, 10904.920122146606, 11084.974928736687, 11265.181391716003, 11447.838630437851, 11630.889932632446, 11814.12676680088, 11997.401190400124, 12181.251136422157, 12366.129012703896, 12552.036805987358, 12739.254118561745, 12926.957028627396, 13115.376561403275, 13304.32387816906, 13494.971007466316, 13685.727648496628, 13878.921957612038, 14072.678721189499, 14267.989415287971, 14462.416540026665, 14660.364263176918, 14857.692732810974, 15057.555486679077, 15256.584501624107, 15456.131179451942, 15657.658293247223, 15859.345462322235, 16056.575427770615, 16253.783772349358, 16445.81072151661, 16635.07039165497, 16825.604368925095, 17015.282902121544, 17206.3600897789, 17398.04405248165], "timesteps_eval": [16196, 32465, 48460, 64464, 80646, 96851, 113001, 129113, 145161, 160546, 177501, 193650, 209674, 225556, 241424, 257418, 273499, 289489, 305571, 321634, 337733, 353783, 369917, 385984, 402143, 418143, 433941, 449857, 465791, 481457, 497532, 513588, 529639, 545726, 561740, 577699, 593746, 609872, 625753, 641900, 657974, 673979, 690138, 706213, 722170, 738206, 754097, 770210, 786260, 802347, 818402, 834369, 850463, 866565, 882860, 898845, 914923, 931072, 947259, 963421, 979433, 995442, 1011581, 1027786, 1043894, 1059967, 1076002, 1092186, 1108369, 1124341, 1140402, 1156477, 1172539, 1188481, 1204568, 1220549, 1236648, 1252649, 1268691, 1284799, 1300903, 1317031, 1333131, 1349273, 1365391, 1381536, 1397709, 1413718, 1429779, 1445990, 1462199, 1478335, 1494298, 1510352, 1526464, 1542513, 1558703, 1574728, 1590799, 1607007]}