{"incumbents": [-77.1, -83.2, -128.2, -84.5, -80.3, -82.8, -81.3, -84.1, -97.5, -84.9, -178.8, -500.0, -381.4, -311.4, -387.9, -458.1, -389.1, -421.2, -500.0, -500.0, -500.0, -500.0, -500.0, -500.0, -500.0, -500.0, -500.0, -500.0, -500.0, -500.0, -500.0, -500.0, -500.0, -500.0, -500.0, -500.0, -500.0, -457.6, -209.4, -89.1, -91.4, -85.3, -95.1, -81.4, -86.1, -86.8, -91.5, -83.4, -80.6, -85.1, -101.2, -126.5, -79.7, -84.2, -81.0, -101.8, -82.3, -83.0, -86.1, -100.2, -80.5, -82.4, -79.3, -79.3, -79.7, -78.7, -79.7, -83.5, -76.4, -81.7, -79.9, -87.8, -84.8, -75.3, -77.1, -78.4, -82.6, -81.7, -79.0, -81.4, -78.4, -80.4, -79.1, -80.6, -79.8, -82.1, -77.1, -75.4, -77.2, -76.7, -83.4, -76.3, -80.9, -84.0, -76.0, -76.2, -74.0, -77.9, -80.0, -77.2, -77.2, -77.2, -77.2, -77.2, -77.2, -77.2, -77.2, -77.2, -77.2, -77.2, -77.2, -77.2, -77.2, -77.2, -77.2, -77.2, -77.2, -77.2, -77.2, -77.2, -77.2, -77.2, -77.2, -77.2, -77.2, -77.2, -77.2, -77.2, -77.2, -77.2, -77.2, -77.2, -77.2, -77.2, -77.2, -77.2, -77.2, -77.2, -77.2, -77.2, -77.2, -77.2, -77.2, -77.2, -77.2, -77.2, -77.2, -77.2, -77.2, -77.2, -77.2, -77.2, -77.2, -77.2, -77.2, -77.2, -77.2, -77.2, -77.2, -77.2, -77.2, -77.2, -77.2, -77.2, -77.2, -77.2, -77.2, -77.2, -77.2, -77.2, -77.2, -77.2, -77.2, -77.2, -77.2, -77.2, -77.2, -77.2, -77.2, -77.2, -77.2, -77.2, -77.2, -77.2, -77.2, -77.2, -77.2, -77.2, -77.2, -77.2, -77.2, -77.2, -77.2, -77.2, -77.2, -77.2, -77.2, -77.2, -77.2, -77.2], "wallclock_time_eval": [78.46793937683105, 159.54829216003418, 272.09176445007324, 354.98194313049316, 432.89066886901855, 510.85330390930176, 586.6254978179932, 663.6618957519531, 741.2976837158203, 819.3574333190918, 912.2805442810059, 1087.3967952728271, 1169.8632144927979, 1280.9279918670654, 1368.9047317504883, 1459.6911029815674, 1548.2659244537354, 1640.1080341339111, 1734.5448150634766, 1830.074234008789, 1927.2566623687744, 2029.624282836914, 2125.4299755096436, 2230.4720554351807, 2325.949625015259, 2424.013349533081, 2519.706184387207, 2620.0683879852295, 2710.7524547576904, 2812.915195465088, 2912.222282409668, 3004.9404735565186, 3102.7617473602295, 132.7751407623291, 233.04845809936523, 331.4092426300049, 430.1349639892578, 523.7708625793457, 614.8377723693848, 697.3446941375732, 782.3759346008301, 874.6427707672119, 956.9423923492432, 1039.5096244812012, 1126.6730251312256, 1218.1699848175049, 1307.8424377441406, 1393.2936687469482, 1472.2856788635254, 1554.9386253356934, 1639.2149028778076, 1720.2523231506348, 1806.1777725219727, 1889.8388118743896, 1974.2751636505127, 2059.916181564331, 2142.3001804351807, 2230.1528301239014, 2312.0236167907715, 2396.678955078125, 2478.7467041015625, 2559.5009899139404, 2641.018726348877, 2722.5610733032227, 2806.2345123291016, 2890.9657249450684, 2975.611057281494, 347.40287590026855, 3154.3505420684814, 3239.9694061279297, 598.1830558776855, 6644.319501876831, 3494.8082752227783, 3578.927328109741, 3663.3109378814697, 1025.5986156463623, 1108.767734527588, 1189.9177837371826, 7235.668891906738, 1356.8615379333496, 7403.606332778931, 1522.9348430633545, 4362.04803276062, 1684.344488143921, 1772.3277568817139, 4630.645483016968, 7912.213571548462, 7997.271438598633, 4892.997611999512, 4979.8772048950195, 8239.860094070435, 5159.703203201294, 2426.210859298706, 2505.536418914795, 5424.712888717651, 5512.496141433716, 8742.259990692139, 2849.977472305298, 8921.179967880249, 9005.238471984863], "timesteps_eval": [9881, 19862, 29610, 39598, 49568, 59533, 69482, 79431, 89402, 99350, 109273, 119196, 129109, 139012, 148933, 158815, 168746, 178732, 188715, 198665, 208653, 218583, 228453, 238444, 248378, 258207, 268190, 278080, 287967, 297964, 307922, 317743, 327256, 337256, 347079, 357079, 367075, 376992, 386899, 396830, 406828, 416812, 426716, 436708, 446644, 456634, 466622, 476614, 486535, 496482, 506438, 515960, 525890, 535831, 545803, 555745, 565739, 575670, 585627, 595579, 605510, 615472, 625398, 635304, 645257, 655216, 665148, 678358, 685075, 695072, 708228, 717167, 724950, 734790, 744757, 757994, 767924, 777865, 784599, 797779, 803909, 817687, 824428, 837641, 847621, 854300, 861591, 871396, 884141, 894082, 900380, 913979, 927255, 937255, 943875, 953804, 959225, 977115, 978632, 988235]}