{"incumbents": [-1.0, -1.0, -1.0, -1.0, -1.0, -1.0, -1.0, -1.0, -1.0, -1.0, -1.0, -1.0, -1.0, -1.0, -1.0, -1.0, -1.0, -1.0, -1.0, -1.0, -1.0, -1.0, -1.0, -1.0, -1.0, -1.0, -1.0, -1.0, -1.0, -1.0, -1.0, -1.0, -1.0, -1.0, -1.0, -1.0, -1.0, -1.0, -1.0, -1.0, -1.0, -1.0, -1.0, -1.0, -1.0, -1.0, -1.0, -1.0, -1.0, -1.0, -1.0, -1.0, -1.0, -1.0, -1.0, -1.0, -1.0, -1.0, -1.0, -1.0, -1.0, -1.0, -1.0, -1.0, -1.0, -1.0, -1.0, -1.0, -1.0, -1.0, -1.0, -1.0, -1.0, -1.0, -1.0, -1.0, -1.0, -1.0, -1.0, -1.0, -1.0, -1.0, -1.0, -1.0, -1.0, -1.0, -1.0, -1.0, -1.0, -1.0, -1.0, -1.0, -1.0, -1.0, -1.0, -1.0, -1.0, -1.0, -1.0, -1.0, -1.0, -1.0, -1.0, -1.0, -1.0, -1.0, -1.0, -1.0, -1.0, -1.0, -1.0, -1.0, -1.0, -1.0, -1.0, -1.0, -1.0, -1.0, -1.0, -1.0, -1.0, -1.0, -1.0, -1.0, -1.0, -1.0, -1.0, -1.0, -1.0, -1.0, -1.0, -1.0, -1.0, -1.0, -1.0, -1.0, -1.0, -1.0, -1.0, -1.0, -1.0, -1.0, -1.0, -1.0, -1.0, -1.0, -1.0, -1.0, -1.0, -1.0, -1.0, -1.0, -1.0, -1.0, -1.0, -1.0, -1.0, -1.0, -1.0, -1.0, -1.0, -1.0, -1.0, -1.0, -1.0, -1.0, -1.0, -1.0, -1.0, -1.0, -1.0, -1.0, -1.0, -1.0, -1.0, -1.0, -1.0, -1.0, -1.0, -1.0, -1.0, -1.0, -1.0, -1.0, -1.0, -1.0, -1.0, -1.0, -1.0, -1.0, -1.0, -1.0, -1.0, -1.0, -1.0, -1.0, -1.0, -1.0, -1.0, -1.0], "wallclock_time_eval": [275.68778800964355, 551.3679838180542, 826.138617515564, 730.3296718597412, 1005.4485883712769, 1280.8757057189941, 1926.6556282043457, 2200.234839439392, 2475.480348110199, 2749.929744243622, 3023.6151537895203, 3296.8155856132507, 3570.7068843841553, 3843.24182844162, 4115.781656742096, 4387.923670768738, 4659.32593870163, 4931.689845085144, 5202.992355823517, 5476.070429801941, 5748.5946497917175, 6021.270453929901, 6293.715394020081, 6566.091513156891, 6839.603003978729, 7113.842549800873, 7390.171030521393, 7667.5275292396545, 7945.792608737946, 8224.472625732422, 8504.425042152405, 8783.654632091522, 9063.13428068161, 9342.81914806366, 9624.099133968353, 9903.709369182587, 10182.425701618195, 10461.890643119812, 10741.799412250519, 11023.374566078186, 11303.19809293747, 11586.593583583832, 11866.754264354706, 12145.736243724823, 12422.744180679321, 12697.659587860107, 12972.376324176788, 13247.172218322754, 13520.225303649902, 13788.714661598206, 14053.13530254364, 14322.20748758316, 14590.835375785828, 14857.534419059753, 15123.129381656647, 15389.202090263367, 15654.959346294403, 15918.224736690521, 16180.741390228271, 16443.570095062256, 16706.40768480301, 16969.442897319794, 17234.732311725616, 17498.11819267273, 17759.145278930664, 18020.70845746994, 10750.901508331299, 11028.541551113129, 11303.807527542114, 11578.756038665771, 11854.920162677765, 12128.936646938324, 12402.423320293427, 12672.2301030159, 12943.287893772125, 13214.21398639679, 13483.690910339355, 13748.258451461792, 14009.140926361084, 14273.21069765091, 14536.293912410736, 14799.907274246216, 15060.296998977661, 15321.014323711395, 15581.288292884827, 15839.793152809143, 16097.19284439087, 16354.177572727203, 24192.162229061127, 16750.77853536606, 17009.72782087326, 17270.094908714294, 17530.387083530426, 17788.70614337921, 18049.44972372055, 18310.203955173492, 18572.656658649445, 18834.854039669037, 19096.505261421204, 19358.58838415146], "timesteps_eval": [7782, 15725, 20510, 25734, 32222, 33029, 39650, 44435, 49220, 54005, 58790, 63575, 68360, 73145, 77930, 82715, 87500, 92285, 97070, 101855, 106640, 111425, 116210, 120995, 125780, 130565, 135350, 140135, 144920, 149705, 154490, 159275, 164060, 168845, 173630, 178415, 183200, 187985, 192770, 197555, 202340, 207125, 211910, 216695, 221480, 226265, 231050, 235835, 240620, 245405, 250190, 254975, 259760, 264545, 269330, 274115, 278900, 283685, 288470, 293255, 298040, 302825, 307610, 312395, 317180, 321965, 541525, 549607, 557689, 565771, 568039, 574105, 580608, 586984, 592284, 594537, 596790, 599043, 601296, 603549, 605802, 608055, 610308, 612561, 614814, 617067, 619320, 621573, 432020, 622613, 623133, 623653, 624173, 624693, 625213, 625733, 626253, 626773, 627293, 627813]}