{"incumbents": [30.0, 30.0, 30.0, 30.0, 30.0, 30.0, 30.0, 30.0, 30.0, 30.0, 30.0, 30.0, 30.0, 30.9, 30.0, 30.0, 30.0, 30.0, 30.0, 30.0, 30.0, 30.0, 30.0, 30.0, 30.0, 30.0, 30.0, 30.0, 30.0, 30.0, 30.0, 30.0, 30.0, 30.0, 30.0, 30.0, 30.0, 30.0, 30.0, 30.0, 30.0, 30.0, 30.0, 30.0, 30.0, 30.0, 30.0, 30.0, 30.0, 30.0, 30.0, 30.0, 30.0, 30.0, 30.0, 30.0, 30.0, 30.0, 30.0, 30.0, 30.0, 30.0, 30.0, 30.0, 30.0, 30.0, 30.0, 30.0, 30.0, 30.0, 30.0, 30.0, 30.0, 30.0, 30.0, 30.0, 30.0, 30.0, 30.0, 30.0, 30.0, 30.0, 30.0, 30.0, 30.0, 30.0, 30.0, 30.0, 30.0, 30.0, 30.0, 30.0, 30.0, 30.0, 30.0, 30.0, 30.0, 30.0, 30.0, 30.0, 30.0, 30.0, 30.0, 30.0, 30.0, 30.0, 30.0, 30.0, 30.0, 30.0, 30.0, 30.0, 30.0, 30.0, 30.0, 30.0, 30.0, 30.0, 30.0, 30.0, 30.0, 30.0, 30.0, 30.0, 30.0, 30.0, 30.0, 30.0, 30.0, 30.0, 30.0, 30.0, 30.0, 30.0, 30.0, 30.0, 30.0, 30.0, 30.0, 30.0, 30.0, 30.0, 30.0, 30.0, 30.0, 30.0, 30.0, 30.0, 30.0, 30.0, 30.0, 30.0, 30.0, 30.0, 30.0, 30.0, 30.0, 30.0, 30.0, 30.0, 30.0, 30.0, 30.0, 30.0, 30.0, 30.0, 30.0, 30.0, 30.0, 30.0, 30.0, 30.0, 30.0, 30.0, 30.0, 30.0, 30.0, 30.0, 30.0, 30.0, 30.0, 30.0, 30.0, 30.0, 30.0, 30.0, 30.0, 30.0, 30.0, 30.0, 30.0, 30.0, 30.0, 30.0, 30.0, 30.0, 30.0, 30.0, 30.0, 30.0], "wallclock_time_eval": [129.79659271240234, 258.8179440498352, 388.5235867500305, 518.2271752357483, 646.4243264198303, 774.4295144081116, 901.2250509262085, 1028.6045851707458, 1154.682340145111, 1699.4982781410217, 1825.5393681526184, 1951.6832828521729, 2078.480667114258, 2128.238857269287, 2335.161521911621, 2464.8915247917175, 2593.8157782554626, 2723.092537879944, 2852.562587738037, 2982.0371022224426, 3112.9125652313232, 3243.2487263679504, 3374.910704135895, 3505.7984771728516, 4427.664714813232, 4558.669529914856, 3921.9125986099243, 4070.4840936660767, 4221.900142669678, 5349.760569095612, 5482.622009754181, 5616.726813316345, 5750.746029853821, 5884.592486381531, 6018.564888477325, 6152.443794250488, 6287.000368118286, 6421.438699245453, 6556.146306037903, 6691.357385635376, 6083.936528205872, 6241.824056625366, 6400.50257062912, 6559.802406311035, 6720.376793861389, 6880.554775238037, 7041.353421211243, 7202.798102378845, 7363.98718214035, 7525.65158700943, 7687.337755203247, 7849.533336639404, 8012.309020042419, 8175.691474914551, 8338.464765071869, 8502.07579755783, 8665.105224609375, 8828.58738040924, 8992.459575176239, 9157.888321399689, 9322.774018287659, 9487.976191997528, 9654.175157546997, 9820.279421806335, 9986.511428833008, 10153.173778533936, 12830.081278324127, 12996.478621006012, 13162.552767753601, 13328.557496547699, 13491.8913230896, 13653.799511432648, 13816.133957386017, 13977.012903213501, 14137.91928243637, 14298.908593177795, 14460.426279067993, 14618.687507152557, 14776.890902042389, 14935.15352010727, 15093.145030975342, 15250.492993831635, 15408.248782157898, 15565.918093681335, 15724.130827903748, 15880.44450044632, 16035.751526355743, 16191.467537879944, 16347.075497150421, 16503.248811244965, 16659.147968769073, 16814.99082136154, 16970.316785812378, 17125.711443424225, 17281.769338607788, 17437.898124217987, 17594.401535987854, 17751.33195066452, 17907.569448947906, 18064.990275859833], "timesteps_eval": [5638, 11302, 16966, 22630, 28296, 33945, 39583, 45216, 50849, 56538, 62214, 67879, 73508, 79036, 84828, 90497, 96194, 101868, 107608, 113300, 119018, 124730, 130473, 136221, 141340, 147056, 153444, 159192, 164941, 169950, 175696, 181544, 187414, 193261, 199005, 204836, 210686, 216492, 222254, 228044, 233919, 239667, 245406, 251149, 256897, 262645, 268393, 274141, 279889, 285637, 291385, 297133, 302881, 308629, 314377, 320125, 325873, 331621, 337369, 343117, 348865, 354613, 360361, 366109, 371857, 377605, 392965, 398713, 404461, 410209, 415957, 421705, 427453, 433201, 438949, 444697, 450445, 456193, 461941, 467689, 473437, 479185, 484933, 490681, 496429, 502177, 507925, 513673, 519421, 525169, 530917, 536665, 542413, 548161, 553909, 559657, 565405, 571153, 576901, 582649]}