{"incumbents": [-500.0, -500.0, -500.0, -444.8, -376.7, -227.7, -88.7, -83.7, -82.0, -86.7, -82.1, -76.1, -77.8, -82.7, -90.8, -81.6, -80.1, -74.5, -75.9, -82.2, -81.1, -81.7, -87.9, -78.5, -90.9, -78.7, -79.5, -82.5, -82.6, -82.4, -87.8, -77.0, -84.3, -79.9, -79.7, -77.3, -80.0, -88.6, -80.7, -81.1, -75.6, -75.9, -85.8, -80.0, -86.8, -78.8, -89.1, -75.7, -76.0, -76.4, -80.5, -82.1, -76.9, -85.7, -79.4, -76.6, -75.6, -77.9, -80.5, -87.0, -89.1, -80.1, -100.0, -93.4, -93.4, -91.8, -73.0, -84.2, -78.8, -83.7, -79.8, -80.0, -79.0, -83.4, -95.1, -76.6, -79.7, -78.8, -76.2, -78.8, -79.2, -78.0, -78.4, -81.7, -76.2, -84.6, -79.9, -78.6, -80.4, -79.0, -80.2, -83.0, -86.9, -79.9, -78.0, -74.7, -79.9, -76.8, -79.5, -80.5, -80.5, -80.5, -80.5, -80.5, -80.5, -80.5, -80.5, -80.5, -80.5, -80.5, -80.5, -80.5, -80.5, -80.5, -80.5, -80.5, -80.5, -80.5, -80.5, -80.5, -80.5, -80.5, -80.5, -80.5, -80.5, -80.5, -80.5, -80.5, -80.5, -80.5, -80.5, -80.5, -80.5, -80.5, -80.5, -80.5, -80.5, -80.5, -80.5, -80.5, -80.5, -80.5, -80.5, -80.5, -80.5, -80.5, -80.5, -80.5, -80.5, -80.5, -80.5, -80.5, -80.5, -80.5, -80.5, -80.5, -80.5, -80.5, -80.5, -80.5, -80.5, -80.5, -80.5, -80.5, -80.5, -80.5, -80.5, -80.5, -80.5, -80.5, -80.5, -80.5, -80.5, -80.5, -80.5, -80.5, -80.5, -80.5, -80.5, -80.5, -80.5, -80.5, -80.5, -80.5, -80.5, -80.5, -80.5, -80.5, -80.5, -80.5, -80.5, -80.5, -80.5, -80.5, -80.5, -80.5, -80.5, -80.5, -80.5, -80.5], "wallclock_time_eval": [90.85326194763184, 179.5340118408203, 267.9277038574219, 356.066801071167, 440.32553482055664, 519.3220615386963, 593.8570461273193, 669.3590316772461, 744.9046382904053, 819.1390552520752, 899.3956718444824, 974.2302360534668, 1042.7011909484863, 1117.7106342315674, 1200.8275756835938, 1271.4458961486816, 1351.616792678833, 1426.8369426727295, 1497.0259685516357, 1579.9454975128174, 1647.5016708374023, 1722.2278003692627, 1807.1333465576172, 1882.6889820098877, 1948.310625076294, 2023.626111984253, 2110.5495414733887, 2186.382474899292, 2262.495351791382, 2327.047782897949, 2414.1122341156006, 2477.7131328582764, 2567.2280559539795, 2629.110107421875, 2719.4177627563477, 2779.7249126434326, 2872.6275634765625, 2932.3213233947754, 3008.713047027588, 3085.137144088745, 3181.7033920288086, 3258.327905654907, 3334.9391918182373, 3389.082977294922, 3486.750219345093, 3541.2018127441406, 3618.200569152832, 3694.000082015991, 3794.8047103881836, 3870.764633178711, 3923.514238357544, 4024.841920852661, 4076.778091430664, 4154.187782287598, 4231.881229400635, 4333.530605316162, 4410.295700073242, 4487.963886260986, 4565.662744522095, 4617.21275138855, 4722.4173374176025, 4777.5604038238525, 4854.886665344238, 4932.281187057495, 5009.700477600098, 5115.264755249023, 5193.153009414673, 5270.592561721802, 5347.511915206909, 5424.379253387451, 5475.219659805298, 5578.469579696655, 7071.8739223480225, 7147.52597618103, 7224.754549026489, 7300.493011474609, 7376.8843421936035, 6020.481977462769, 6095.935173034668, 7606.25178527832, 6248.880929946899, 7759.255741119385, 7831.910898208618, 6517.319690704346, 6595.25644493103, 6634.716188430786, 6710.901819229126, 8202.699834823608, 8277.478593826294, 6980.125455856323, 7056.28596496582, 7095.410789489746, 7210.660179138184, 7248.760385513306, 8730.813858032227, 7442.567911148071, 7519.466377258301, 7555.12618637085, 7630.816846847534, 9116.502578735352], "timesteps_eval": [10000, 20000, 30000, 40000, 49968, 59867, 69782, 79477, 89171, 98798, 108369, 118183, 128107, 138054, 147894, 157872, 167575, 177572, 187474, 197329, 207212, 217024, 226906, 236867, 246691, 256518, 266311, 276221, 286159, 296155, 306052, 315895, 325880, 335795, 345699, 355545, 365218, 375019, 384794, 394714, 404507, 414486, 424263, 434215, 444029, 453815, 463702, 473702, 483617, 493517, 503329, 513193, 523015, 532958, 542883, 552818, 562698, 572503, 582326, 592218, 602070, 611986, 621854, 631627, 641561, 651383, 661267, 671212, 681106, 690968, 700854, 710781, 729047, 739020, 748941, 758879, 768845, 770081, 779950, 798733, 799684, 818607, 828509, 829371, 839213, 849070, 858892, 878282, 888253, 888664, 898528, 908358, 918318, 928293, 947842, 948046, 958000, 967840, 977755, 997702]}