{"incumbents": [-37.6, -16.1, -20.4, -24.4, -24.4, -30.8, -30.2, 6.3, -37.9, -37.6, -37.9, -37.9, -37.9, -36.2, -37.9, -37.9, -37.6, -24.4, -38.2, -37.6, -37.9, -37.6, -37.6, -24.4, -38.2, -37.6, -37.6, -37.0, -37.6, -37.6, -37.6, -35.8, -35.7, -33.0, -37.6, -37.6, 13.7, 12.8, 8.2, 10.6, 10.7, 12.5, 9.7, 14.9, 16.5, 15.6, 11.4, 9.7, 10.0, 12.2, 7.9, 16.6, 8.6, 12.1, 11.1, 10.1, 14.8, 14.5, 9.2, 15.0, 15.2, 7.0, 13.4, 21.6, 11.7, 6.7, 3.9, 12.2, 15.1, 14.8, 13.2, 16.3, 12.5, 21.4, 15.2, 19.0, 21.2, 13.7, 19.1, 20.0, 23.8, 16.7, 34.2, 8.7, 36.0, 23.6, 21.5, 34.5, 21.4, 23.7, 37.5, 33.4, 32.1, 20.6, 28.8, 28.6, 29.2, 33.3, 30.3, 23.8, 23.8, 23.8, 23.8, 23.8, 23.8, 23.8, 23.8, 23.8, 23.8, 23.8, 23.8, 23.8, 23.8, 23.8, 23.8, 23.8, 23.8, 23.8, 23.8, 23.8, 23.8, 23.8, 23.8, 23.8, 23.8, 23.8, 23.8, 23.8, 23.8, 23.8, 23.8, 23.8, 23.8, 23.8, 23.8, 23.8, 23.8, 23.8, 23.8, 23.8, 23.8, 23.8, 23.8, 23.8, 23.8, 23.8, 23.8, 23.8, 23.8, 23.8, 23.8, 23.8, 23.8, 23.8, 23.8, 23.8, 23.8, 23.8, 23.8, 23.8, 23.8, 23.8, 23.8, 23.8, 23.8, 23.8, 23.8, 23.8, 23.8, 23.8, 23.8, 23.8, 23.8, 23.8, 23.8, 23.8, 23.8, 23.8, 23.8, 23.8, 23.8, 23.8, 23.8, 23.8, 23.8, 23.8, 23.8, 23.8, 23.8, 23.8, 23.8, 23.8, 23.8, 23.8, 23.8, 23.8, 23.8, 23.8, 23.8, 23.8], "wallclock_time_eval": [161.91789436340332, 322.47200870513916, 482.1749391555786, 641.9454321861267, 801.061119556427, 962.3226737976074, 1121.83460855484, 1282.3385300636292, 1443.803165435791, 1602.6734671592712, 1770.5789303779602, 1931.1124935150146, 2091.982900619507, 2248.68701839447, 2412.9001626968384, 2564.497311592102, 2726.633650779724, 2882.8454084396362, 3046.214150905609, 3196.7284259796143, 3356.0714926719666, 3515.0129466056824, 3674.7246265411377, 3844.5572876930237, 4001.324312210083, 4158.974637508392, 4320.883644580841, 4497.27756357193, 4657.014605522156, 4828.553679466248, 5001.223644256592, 5173.44464302063, 5341.180331230164, 5509.709917068481, 5690.759798049927, 5862.024045944214, 5965.99286365509, 6136.169587612152, 6306.012704849243, 6476.2034730911255, 6646.343878746033, 6817.54921913147, 6988.553131580353, 7159.779066562653, 7330.603826999664, 7500.5811557769775, 7669.6073088645935, 7838.51424407959, 8006.180193901062, 8172.282733440399, 8339.575652122498, 8506.920678138733, 8682.803474903107, 8859.133697509766, 9036.176843166351, 9212.7638630867, 9390.134476184845, 9567.422207832336, 9745.841808795929, 9925.242094993591, 10103.542499542236, 10282.192849636078, 10459.263574123383, 10635.957312583923, 10815.840729236603, 10993.401705741882, 11168.130882263184, 11339.164997577667, 11509.95954990387, 11681.066111087799, 11855.7347073555, 12031.366733074188, 12207.296106815338, 12382.332807540894, 12556.841387271881, 12730.453625679016, 12904.697719573975, 13078.921138763428, 13253.228064060211, 13426.903108596802, 13600.254392623901, 13773.641410827637, 13946.991265296936, 14119.836822986603, 14298.814603805542, 14478.53983259201, 14657.620284080505, 14836.580394268036, 15015.047846794128, 15193.757461547852, 15370.787315368652, 15548.17793893814, 15726.70932340622, 15904.032776355743, 16082.677117824554, 16259.402033805847, 16433.94342660904, 16608.906572818756, 16784.463376522064, 16959.668026924133], "timesteps_eval": [9437, 18874, 28311, 37748, 47185, 56622, 66059, 75496, 84933, 94370, 103807, 113244, 122681, 132118, 141555, 150992, 160429, 169866, 179303, 188740, 198177, 207614, 217051, 226488, 235925, 245362, 254799, 264236, 273673, 283110, 292547, 301984, 311421, 320858, 330295, 339732, 349169, 358606, 368043, 377480, 386917, 396354, 405791, 415228, 424665, 434102, 443539, 452976, 462413, 471850, 481287, 490724, 500161, 509598, 519035, 528472, 537909, 547346, 556783, 566220, 575657, 585094, 594531, 603968, 613405, 622842, 632279, 641716, 651153, 660590, 670027, 679464, 688901, 698338, 707775, 717212, 726649, 736086, 745523, 754960, 764397, 773834, 783271, 792708, 802145, 811582, 821019, 830456, 839893, 849330, 858767, 868204, 877641, 887078, 896515, 905952, 915389, 924826, 934263, 943700]}