{"incumbents": [228.5, 285.5, 295.5, 353.0, 270.0, 320.5, 299.0, 334.0, 363.0, 413.0, 380.5, 349.0, 392.0, 326.0, 473.5, 399.0, 364.5, 315.5, 384.5, 327.0, 324.0, 375.0, 341.5, 386.0, 404.5, 480.0, 325.0, 382.0, 377.5, 400.0, 349.5, 427.5, 349.0, 363.5, 369.5, 431.5, 408.0, 333.5, 369.0, 330.5, 478.0, 309.0, 391.0, 364.5, 412.0, 412.5, 386.5, 411.5, 446.0, 371.5, 391.5, 412.0, 419.5, 411.0, 414.5, 431.5, 399.0, 431.5, 500.5, 444.5, 431.5, 439.5, 382.0, 440.0, 352.5, 414.0, 388.5, 403.5, 397.0, 486.0, 426.5, 428.0, 415.5, 479.5, 403.0, 448.0, 408.0, 451.0, 404.0, 475.5, 411.0, 406.0, 499.0, 393.0, 444.0, 397.5, 458.5, 439.5, 483.0, 435.0, 443.0, 420.0, 484.0, 471.5, 453.5, 393.0, 494.0, 399.5, 484.0, 503.5, 503.5, 503.5, 503.5, 503.5, 503.5, 503.5, 503.5, 503.5, 503.5, 503.5, 503.5, 503.5, 503.5, 503.5, 503.5, 503.5, 503.5, 503.5, 503.5, 503.5, 503.5, 503.5, 503.5, 503.5, 503.5, 503.5, 503.5, 503.5, 503.5, 503.5, 503.5, 503.5, 503.5, 503.5, 503.5, 503.5, 503.5, 503.5, 503.5, 503.5, 503.5, 503.5, 503.5, 503.5, 503.5, 503.5, 503.5, 503.5, 503.5, 503.5, 503.5, 503.5, 503.5, 503.5, 503.5, 503.5, 503.5, 503.5, 503.5, 503.5, 503.5, 503.5, 503.5, 503.5, 503.5, 503.5, 503.5, 503.5, 503.5, 503.5, 503.5, 503.5, 503.5, 503.5, 503.5, 503.5, 503.5, 503.5, 503.5, 503.5, 503.5, 503.5, 503.5, 503.5, 503.5, 503.5, 503.5, 503.5, 503.5, 503.5, 503.5, 503.5, 503.5, 503.5, 503.5, 503.5, 503.5, 503.5, 503.5, 503.5], "wallclock_time_eval": [32.293657064437866, 206.89484655857086, 374.4255452156067, 543.1982510089874, 713.4370536804199, 869.2028181552887, 1031.017215847969, 1195.3069208860397, 1361.3044925928116, 1528.447698712349, 1696.1619395017624, 1867.0014070272446, 2034.976658463478, 2195.4573541879654, 2357.6317517757416, 2527.562763929367, 2700.352156162262, 2873.4439722299576, 3049.219517827034, 3223.738759636879, 3397.9181985855103, 3570.4987639188766, 3742.4149614572525, 4050.643832921982, 4097.3653346300125, 4517.002825379372, 4425.783394813538, 4595.7573219537735, 4764.425691843033, 5595.7877497673035, 5097.619521141052, 5264.070607662201, 5476.4604959487915, 5594.59130191803, 5759.660633325577, 1403.3986065387726, 6089.452188968658, 1893.1420987844467, 1916.127953529358, 6567.444087028503, 6724.2164125442505, 2578.506151676178, 2597.697110772133, 2780.2334263324738, 2968.8513592481613, 3316.9426831007004, 3505.0276532173157, 3692.1229516267776, 3879.6455426216125, 3908.805846452713, 4255.5059061050415, 4442.386604785919, 4478.519994139671, 4669.145971894264, 5009.709906578064, 5049.945545077324, 5241.565264225006, 5434.224046826363, 5775.974520206451, 5968.629967451096, 6014.990444660187, 6351.776956439018, 6400.117044091225, 6717.973128080368, 6897.959374547005, 7078.122793912888, 7258.507546067238, 7438.267598748207, 7621.062516450882, 7673.795820236206, 7989.52202296257, 8175.086354494095, 8359.323562860489, 8550.04076731205, 12434.501741528511, 8942.624806165695, 9139.928162932396, 12914.216743707657, 13075.46266591549, 9598.911682367325, 9927.3696423769, 10123.211651206017, 10320.345296025276, 13892.743248820305, 10712.981683254242, 10910.71908545494, 11107.762480258942, 11299.02891921997, 11482.64163184166, 11664.31624531746, 11845.75461101532, 12025.796098709106, 12207.75420331955, 12391.18309700489, 12572.35509467125, 12757.287959456444, 12944.237696290016, 13129.262912154198, 13324.16820716858, 13519.741909384727], "timesteps_eval": [16102, 32128, 48180, 64329, 80067, 96506, 112619, 128812, 144873, 160957, 177028, 192658, 208804, 225170, 240798, 256773, 272655, 288823, 304948, 321010, 336772, 352775, 368772, 384446, 401523, 416674, 432813, 448890, 464819, 480919, 496976, 512999, 529577, 545169, 561215, 577403, 593095, 609725, 625379, 640668, 656742, 673478, 689150, 705071, 721119, 737431, 753233, 769268, 785530, 801064, 817545, 833512, 849017, 865272, 881308, 897336, 913179, 928858, 945067, 961256, 976522, 993092, 1008457, 1024847, 1040777, 1056835, 1073051, 1088978, 1104804, 1120251, 1136691, 1152537, 1168442, 1184232, 1201870, 1216106, 1232082, 1249607, 1265369, 1280076, 1295525, 1311566, 1327509, 1345326, 1359460, 1375396, 1391475, 1407358, 1423200, 1439146, 1455012, 1470936, 1487054, 1503144, 1519115, 1535087, 1550984, 1567086, 1582854, 1598849]}