{"incumbents": [140.0, 140.0, 140.0, 140.0, 140.0, 140.0, 140.0, 140.0, 140.0, 140.0, 140.0, 140.0, 140.0, 142.0, 140.0, 140.0, 140.0, 140.0, 260.0, 299.0, 140.0, 228.0, 353.0, 274.0, 195.0, 332.0, 154.0, 322.0, 613.0, 317.0, 608.0, 299.0, 241.0, 377.0, 510.0, 315.0, 194.0, 446.0, 719.0, 409.0, 454.0, 343.0, 318.0, 530.0, 462.0, 472.0, 734.0, 368.0, 559.0, 323.0, 468.0, 347.0, 345.0, 361.0, 439.0, 468.0, 398.0, 570.0, 512.0, 427.0, 466.0, 763.0, 512.0, 445.0, 596.0, 472.0, 554.0, 678.0, 672.0, 501.0, 603.0, 481.0, 745.0, 461.0, 602.0, 603.0, 481.0, 683.0, 706.0, 673.0, 758.0, 565.0, 741.0, 649.0, 549.0, 704.0, 844.0, 562.0, 817.0, 528.0, 764.0, 707.0, 1031.0, 373.0, 413.0, 489.0, 573.0, 779.0, 584.0, 562.0, 562.0, 562.0, 562.0, 562.0, 562.0, 562.0, 562.0, 562.0, 562.0, 562.0, 562.0, 562.0, 562.0, 562.0, 562.0, 562.0, 562.0, 562.0, 562.0, 562.0, 562.0, 562.0, 562.0, 562.0, 562.0, 562.0, 562.0, 562.0, 562.0, 562.0, 562.0, 562.0, 562.0, 562.0, 562.0, 562.0, 562.0, 562.0, 562.0, 562.0, 562.0, 562.0, 562.0, 562.0, 562.0, 562.0, 562.0, 562.0, 562.0, 562.0, 562.0, 562.0, 562.0, 562.0, 562.0, 562.0, 562.0, 562.0, 562.0, 562.0, 562.0, 562.0, 562.0, 562.0, 562.0, 562.0, 562.0, 562.0, 562.0, 562.0, 562.0, 562.0, 562.0, 562.0, 562.0, 562.0, 562.0, 562.0, 562.0, 562.0, 562.0, 562.0, 562.0, 562.0, 562.0, 562.0, 562.0, 562.0, 562.0, 562.0, 562.0, 562.0, 562.0, 562.0, 562.0, 562.0, 562.0, 562.0, 562.0, 562.0], "wallclock_time_eval": [132.09202337265015, 266.1649513244629, 400.2403984069824, 533.9821557998657, 667.6404490470886, 803.2085642814636, 937.8097348213196, 1073.2953572273254, 1208.3366899490356, 1342.947539806366, 1477.2371068000793, 1611.3605380058289, 1745.7147736549377, 1835.2016348838806, 2015.4047260284424, 2150.153512954712, 2284.5147666931152, 2420.242215156555, 2491.4907388687134, 2621.794620037079, 2827.354323387146, 2889.4120054244995, 3023.002495765686, 3154.2819533348083, 3292.3010578155518, 3427.6619353294373, 3562.3188557624817, 3698.355719089508, 3838.8076934814453, 3975.7110681533813, 4117.03328037262, 4253.092995166779, 4388.233899116516, 4526.332666397095, 4664.8771896362305, 4806.076313972473, 4942.0030126571655, 5085.53996181488, 5225.503015041351, 5361.4716148376465, 5500.347902297974, 5638.123565673828, 5779.976599693298, 5918.9402413368225, 6060.162366867065, 6200.50928735733, 6340.304903507233, 6482.270304679871, 6627.311029434204, 6767.934876918793, 6910.5643701553345, 7047.929740905762, 7187.772813796997, 7327.550266265869, 7468.669626235962, 7610.420656681061, 7752.113869667053, 7895.813364028931, 8039.132373332977, 8181.624279975891, 8325.486441612244, 8470.781919956207, 8612.3536734581, 8758.809983730316, 8903.957862377167, 9047.943539619446, 9196.140937805176, 9336.9396982193, 9479.277532577515, 9620.685397148132, 9764.354863166809, 9906.055517196655, 10051.164521694183, 10192.36978673935, 10334.536604881287, 10480.177431106567, 10621.835049152374, 10768.107779026031, 10912.7299451828, 11057.06155538559, 11199.18667268753, 11346.399270534515, 11489.313377380371, 11629.470319747925, 11769.973942756653, 11917.162890434265, 12062.72689294815, 12206.204045295715, 12354.016968727112, 12496.817512989044, 12642.043106555939, 12789.755677223206, 12934.581467628479, 13080.4552359581, 13222.878072738647, 13366.820754528046, 13511.898960590363, 13656.761710166931, 13801.030754089355, 13944.358603477478], "timesteps_eval": [9830, 19575, 29374, 39078, 48857, 58624, 68405, 78158, 87993, 97750, 107557, 117385, 127166, 136025, 146678, 156498, 166304, 176028, 184438, 194153, 205322, 213492, 223233, 233024, 242726, 252408, 262147, 271927, 281684, 291213, 300891, 310644, 320407, 330083, 339744, 349628, 358892, 368518, 378323, 388021, 397675, 407366, 416989, 426745, 436379, 445885, 455589, 465304, 475020, 484845, 494605, 504317, 514142, 523847, 533767, 543397, 553197, 563024, 572771, 582600, 592177, 601776, 611576, 621317, 631106, 640832, 650382, 660030, 669733, 679520, 689166, 698903, 708582, 718279, 728027, 737818, 747625, 757253, 767003, 776643, 786342, 795991, 805689, 815370, 825155, 834806, 844494, 854282, 864061, 873695, 883359, 892964, 902633, 912402, 922273, 931834, 941677, 951484, 960979, 970636]}