{"incumbents": [79.1, 107.5, 91.3, 73.4, 78.6, 68.9, 86.7, 106.5, 79.5, 114.3, 99.0, 105.2, 95.7, 104.8, 103.0, 116.8, 95.1, 93.1, 99.1, 83.7, 114.0, 104.2, 111.0, 95.5, 103.0, 112.7, 108.8, 100.2, 92.5, 94.3, 106.7, 127.4, 114.3, 92.5, 131.2, 151.9, 146.8, 129.0, 148.6, 172.9, 165.9, 161.8, 155.8, 166.4, 197.6, 176.4, 203.8, 171.1, 161.2, 175.0, 204.4, 199.5, 205.1, 216.1, 200.3, 204.2, 183.1, 159.7, 194.5, 183.0, 214.6, 169.4, 173.4, 182.6, 171.2, 178.5, 204.0, 184.5, 159.0, 160.7, 165.1, 163.3, 155.1, 197.7, 163.5, 186.0, 175.0, 191.8, 175.3, 179.7, 186.7, 190.3, 189.7, 199.3, 173.7, 203.6, 181.4, 202.3, 179.1, 213.4, 182.1, 179.4, 196.3, 224.7, 211.3, 201.8, 211.0, 209.6, 196.1, 205.0, 205.0, 205.0, 205.0, 205.0, 205.0, 205.0, 205.0, 205.0, 205.0, 205.0, 205.0, 205.0, 205.0, 205.0, 205.0, 205.0, 205.0, 205.0, 205.0, 205.0, 205.0, 205.0, 205.0, 205.0, 205.0, 205.0, 205.0, 205.0, 205.0, 205.0, 205.0, 205.0, 205.0, 205.0, 205.0, 205.0, 205.0, 205.0, 205.0, 205.0, 205.0, 205.0, 205.0, 205.0, 205.0, 205.0, 205.0, 205.0, 205.0, 205.0, 205.0, 205.0, 205.0, 205.0, 205.0, 205.0, 205.0, 205.0, 205.0, 205.0, 205.0, 205.0, 205.0, 205.0, 205.0, 205.0, 205.0, 205.0, 205.0, 205.0, 205.0, 205.0, 205.0, 205.0, 205.0, 205.0, 205.0, 205.0, 205.0, 205.0, 205.0, 205.0, 205.0, 205.0, 205.0, 205.0, 205.0, 205.0, 205.0, 205.0, 205.0, 205.0, 205.0, 205.0, 205.0, 205.0, 205.0, 205.0, 205.0, 205.0], "wallclock_time_eval": [66.92462730407715, 134.68731117248535, 199.98765563964844, 268.31062507629395, 332.97511863708496, 397.99578857421875, 461.88879585266113, 528.0481796264648, 592.843864440918, 657.9009628295898, 724.2245807647705, 789.7180442810059, 855.7994937896729, 920.1784152984619, 984.7431659698486, 1050.6330699920654, 1119.8207092285156, 1184.1297416687012, 1251.5700378417969, 1318.3687934875488, 1385.9947834014893, 1451.7330799102783, 1517.557321548462, 1584.9518642425537, 1650.8113040924072, 1717.5993156433105, 1784.2685813903809, 1852.5108051300049, 1917.286464691162, 1983.2962112426758, 2053.499780654907, 2122.194242477417, 2187.8957843780518, 2257.0840587615967, 2323.3381175994873, 2390.0174140930176, 2456.9248485565186, 2522.702829360962, 2590.145320892334, 2658.663806915283, 2726.050172805786, 2794.082851409912, 2862.4260177612305, 2934.7842140197754, 3002.8042030334473, 3071.214832305908, 3141.1000690460205, 3211.9905834198, 3281.283441543579, 3352.777635574341, 3422.8922367095947, 3494.2652473449707, 3565.431230545044, 3633.8366107940674, 3703.5983295440674, 3777.357946395874, 3844.8993949890137, 3913.058032989502, 3984.589647293091, 4053.4760913848877, 4125.573017120361, 4195.894765853882, 4266.373668670654, 4335.583206176758, 4404.736701965332, 4474.674346923828, 4546.301887512207, 4615.70080947876, 4685.2011795043945, 4755.915977478027, 4823.814723968506, 4893.2066287994385, 4961.337310791016, 5031.530979156494, 5100.795961380005, 5171.507200241089, 5241.132387161255, 5311.630460739136, 5382.580949783325, 5450.966556549072, 5521.32615852356, 5591.42728805542, 5662.229379653931, 5732.160966873169, 5801.540153503418, 5870.8779582977295, 5942.427289962769, 6015.300905227661, 6085.027997970581, 6155.445213317871, 6227.93306350708, 6299.997533798218, 6371.08709526062, 6442.757261276245, 6513.394081115723, 6585.0371170043945, 6657.403455734253, 6724.811256408691, 6790.109474182129, 6855.852251052856], "timesteps_eval": [9975, 19960, 29954, 39943, 49935, 59878, 69860, 79792, 89742, 99649, 109450, 119336, 129268, 139251, 149213, 159149, 169079, 179009, 188930, 198922, 208842, 218838, 228802, 238737, 248698, 258560, 268473, 278391, 288366, 298303, 308190, 318112, 328090, 338048, 347970, 357823, 367619, 377571, 387570, 397506, 407370, 417353, 427299, 437273, 447153, 457109, 467027, 476916, 486794, 496598, 506294, 516175, 526071, 536066, 546038, 555945, 565612, 575517, 585317, 595273, 605182, 615124, 625121, 634997, 644970, 654857, 664841, 674790, 684650, 694572, 704394, 714363, 724332, 734216, 744174, 753977, 763836, 773801, 783742, 793654, 803541, 813489, 823488, 833438, 843428, 853294, 863249, 873123, 883095, 892998, 902815, 912753, 922615, 932496, 942436, 952355, 962109, 971947, 981860, 991732]}