{"incumbents": [-123.4, -99.5, -82.9, -82.4, -166.4, -86.3, -83.8, -85.7, -83.9, -97.1, -72.9, -91.7, -78.6, -85.2, -80.6, -85.3, -82.4, -81.9, -81.8, -89.1, -82.5, -77.6, -84.9, -78.3, -80.9, -81.0, -86.1, -82.4, -81.8, -78.3, -76.8, -81.1, -85.3, -84.0, -79.4, -74.6, -84.9, -81.5, -75.4, -78.5, -77.6, -78.0, -73.3, -77.5, -84.7, -80.3, -76.9, -80.9, -78.7, -82.2, -79.0, -79.7, -78.3, -77.1, -76.0, -79.0, -81.8, -75.8, -79.4, -78.3, -83.3, -85.2, -77.1, -80.4, -81.6, -75.2, -74.1, -76.6, -79.8, -86.4, -79.4, -85.1, -79.5, -74.9, -75.6, -78.6, -81.5, -77.9, -76.5, -79.6, -77.3, -78.3, -81.8, -76.0, -82.5, -73.4, -79.4, -74.8, -77.3, -76.9, -80.9, -79.3, -78.9, -75.0, -77.7, -76.1, -78.5, -78.9, -77.4, -78.4, -78.4, -78.4, -78.4, -78.4, -78.4, -78.4, -78.4, -78.4, -78.4, -78.4, -78.4, -78.4, -78.4, -78.4, -78.4, -78.4, -78.4, -78.4, -78.4, -78.4, -78.4, -78.4, -78.4, -78.4, -78.4, -78.4, -78.4, -78.4, -78.4, -78.4, -78.4, -78.4, -78.4, -78.4, -78.4, -78.4, -78.4, -78.4, -78.4, -78.4, -78.4, -78.4, -78.4, -78.4, -78.4, -78.4, -78.4, -78.4, -78.4, -78.4, -78.4, -78.4, -78.4, -78.4, -78.4, -78.4, -78.4, -78.4, -78.4, -78.4, -78.4, -78.4, -78.4, -78.4, -78.4, -78.4, -78.4, -78.4, -78.4, -78.4, -78.4, -78.4, -78.4, -78.4, -78.4, -78.4, -78.4, -78.4, -78.4, -78.4, -78.4, -78.4, -78.4, -78.4, -78.4, -78.4, -78.4, -78.4, -78.4, -78.4, -78.4, -78.4, -78.4, -78.4, -78.4, -78.4, -78.4, -78.4, -78.4, -78.4], "wallclock_time_eval": [90.65042972564697, 185.51881313323975, 277.6112961769104, 369.25740242004395, 493.7526798248291, 586.762433052063, 679.049243927002, 744.8077607154846, 836.9442677497864, 929.8820424079895, 1021.7218232154846, 1113.8978338241577, 1237.6177406311035, 1332.5716090202332, 1425.199408531189, 1518.533911705017, 1611.2088298797607, 1705.7827425003052, 1952.7173805236816, 2045.489194393158, 2150.7103085517883, 2241.5792965888977, 2322.796540260315, 2265.1972913742065, 2357.441918849945, 2600.296788215637, 2701.4913868904114, 2792.7215433120728, 2884.301013946533, 2821.40647649765, 2913.943591117859, 3006.662700176239, 3104.0730381011963, 3196.112473011017, 3288.217101097107, 3531.3400554656982, 3477.0967531204224, 3715.3880095481873, 3662.9646158218384, 3898.8241004943848, 3850.129532814026, 3942.903048992157, 4177.3807764053345, 4268.914382457733, 4360.780732631683, 4315.099542140961, 4542.002172470093, 4501.278157234192, 4593.1395626068115, 4817.286758422852, 4916.8218994140625, 4873.164155483246, 5101.238152980804, 5193.14110994339, 5151.280262470245, 5377.593638896942, 5338.393061161041, 5559.575998783112, 5651.507887840271, 5617.960481643677, 5841.528573036194, 5807.201375961304, 6025.38964509964, 5997.277173995972, 6089.411361217499, 6306.3937973976135, 6275.181450843811, 6367.75239944458, 7344.230568408966, 6677.440969944, 7531.267194747925, 7622.54280090332, 6952.888996601105, 6927.084627151489, 7898.621556758881, 7225.552494525909, 7208.753089904785, 7420.1251912117, 8267.035810947418, 8359.545993804932, 8450.515930652618, 7685.828926563263, 7881.623954772949, 7983.16056728363, 8819.310653209686, 8057.218179702759, 8249.219563007355, 9094.61770772934, 8433.135159015656, 8430.593779087067, 8619.141414165497, 8615.63860654831, 8803.315024375916, 9636.960525512695, 9005.602462291718, 9809.45122718811, 9190.346295833588, 9282.582199573517, 9354.208235740662, 9356.800849437714], "timesteps_eval": [10168, 20264, 30489, 40712, 50011, 60235, 70351, 81487, 91696, 101902, 112062, 122227, 131130, 141291, 151509, 161662, 171852, 182012, 189823, 199691, 209798, 219548, 229392, 242982, 253221, 259519, 268932, 278857, 288926, 304187, 314393, 324616, 334781, 345020, 355161, 359317, 375527, 379305, 395852, 399491, 416186, 426392, 430784, 440818, 450872, 466906, 470350, 487302, 497291, 500739, 511331, 527779, 531277, 541312, 558309, 561456, 578745, 581596, 591733, 609341, 611728, 629709, 631958, 650124, 660352, 662607, 680724, 690912, 692740, 703049, 712870, 722916, 733343, 752102, 753316, 763616, 782665, 783694, 793507, 803586, 813658, 833625, 834698, 844203, 854197, 874125, 875394, 884592, 895590, 914909, 915837, 935289, 935944, 945402, 955710, 965685, 975998, 986234, 996893, 1016786]}