{"incumbents": [703.2, 703.2, 703.2, 703.2, 703.2, 703.2, 703.2, 703.2, 703.2, 703.2, 707.6, 837.6, 837.6, 776.0, 811.2, 811.2, 811.2, 806.4, 811.2, 780.8, 780.8, 758.4, 752.0, 782.4, 782.4, 718.4, 752.0, 703.2, 703.2, 703.2, 717.6, 703.2, 703.2, 703.2, 703.2, 703.2, 703.2, 703.2, 738.0, 703.2, 703.2, 703.2, 703.2, 703.2, 736.0, 703.2, 703.2, 703.2, 703.2, 732.4, 703.2, 703.2, 703.2, 732.0, 736.0, 703.2, 704.0, 766.4, 713.6, 789.6, 703.2, 703.2, 703.2, 787.2, 703.2, 703.2, 742.0, 776.4, 703.2, 703.2, 722.4, 724.0, 703.2, 737.6, 732.0, 703.2, 729.2, 703.2, 800.8, 703.2, 756.0, 703.2, 703.2, 741.6, 741.6, 748.8, 736.8, 732.0, 703.2, 740.0, 741.6, 703.2, 775.6, 722.4, 747.6, 723.6, 703.2, 703.2, 703.2, 746.4, 746.4, 746.4, 746.4, 746.4, 746.4, 746.4, 746.4, 746.4, 746.4, 746.4, 746.4, 746.4, 746.4, 746.4, 746.4, 746.4, 746.4, 746.4, 746.4, 746.4, 746.4, 746.4, 746.4, 746.4, 746.4, 746.4, 746.4, 746.4, 746.4, 746.4, 746.4, 746.4, 746.4, 746.4, 746.4, 746.4, 746.4, 746.4, 746.4, 746.4, 746.4, 746.4, 746.4, 746.4, 746.4, 746.4, 746.4, 746.4, 746.4, 746.4, 746.4, 746.4, 746.4, 746.4, 746.4, 746.4, 746.4, 746.4, 746.4, 746.4, 746.4, 746.4, 746.4, 746.4, 746.4, 746.4, 746.4, 746.4, 746.4, 746.4, 746.4, 746.4, 746.4, 746.4, 746.4, 746.4, 746.4, 746.4, 746.4, 746.4, 746.4, 746.4, 746.4, 746.4, 746.4, 746.4, 746.4, 746.4, 746.4, 746.4, 746.4, 746.4, 746.4, 746.4, 746.4, 746.4, 746.4, 746.4, 746.4, 746.4], "wallclock_time_eval": [40.666048526763916, 211.7355353832245, 382.06338036060333, 552.0151304006577, 722.7568544149399, 893.7565420866013, 1065.127004981041, 1235.2998863458633, 1406.2177757024765, 1576.4550445079803, 1752.7026891708374, 1927.4977641105652, 2102.766960144043, 2278.2407381534576, 2464.120783686638, 2649.041343808174, 2833.5846549272537, 3017.5264364480972, 3199.580441713333, 3377.415172457695, 3554.747699379921, 3731.8902212381363, 3909.0634454488754, 4084.867666721344, 4265.712556362152, 4440.613887310028, 4622.238345146179, 5154.424090027809, 5433.319680094719, 5714.480252623558, 5312.152905464172, 6279.50438284874, 6559.939523339272, 6842.622933149338, 7125.155639767647, 7405.6265614032745, 7686.534290075302, 7969.385763764381, 6672.108313202858, 8527.24810063839, 8806.17865228653, 9085.319651722908, 9365.542974352837, 9645.422127962112, 7668.343413591385, 10201.836300730705, 10479.124483585358, 10757.448283314705, 11037.254988789558, 8498.213268756866, 11597.851867198944, 11875.972800850868, 12155.26998758316, 9169.988226652145, 9335.902438521385, 12993.982038140297, 9667.333644270897, 9833.333194971085, 9998.310950636864, 10163.11608850956, 14384.744554758072, 14660.947088956833, 14937.835803627968, 10824.361393213272, 15492.944209456444, 15769.787500023842, 11320.571878314018, 11485.913389444351, 16598.383876919746, 16871.591210603714, 11978.506051182747, 12142.29715871811, 17655.26205253601, 12473.27657186985, 12639.542328238487, 18418.38862502575, 12972.816602826118, 18918.65340781212, 13304.481743097305, 19408.65413069725, 13636.592509627342, 19893.8204767704, 20136.06168282032, 14126.985758900642, 14290.686184167862, 14455.007786870003, 14619.262986302376, 14784.128248929977, 21585.91597521305, 15112.15619122982, 15277.32721889019, 22311.52845597267, 15607.347633719444, 15769.472432971, 15933.94145476818, 16094.986430644989, 16258.420323133469, 23767.78291475773, 24009.594146847725, 16747.342048883438], "timesteps_eval": [15762, 31722, 47071, 62809, 78514, 94197, 109842, 125438, 140937, 156652, 172199, 187557, 203215, 218707, 233627, 248548, 264279, 279923, 295673, 311170, 327101, 342721, 358463, 374442, 390408, 405802, 420888, 433423, 447917, 462116, 482273, 490469, 503334, 516843, 529965, 543087, 556209, 569331, 604973, 595575, 608697, 621819, 634941, 648063, 699018, 674307, 687429, 700551, 713673, 777324, 739917, 753039, 766161, 839483, 854912, 805527, 885933, 901065, 916581, 932104, 871137, 884259, 897381, 993146, 923625, 936747, 1039582, 1055207, 976113, 989235, 1100898, 1116766, 1028601, 1147506, 1162654, 1067967, 1193110, 1094211, 1223590, 1120455, 1254158, 1146699, 1159821, 1298867, 1314355, 1329194, 1344007, 1358412, 1238553, 1389438, 1404281, 1277919, 1434340, 1449282, 1464759, 1479630, 1494599, 1356651, 1369773, 1540886]}