{"incumbents": [140.0, 140.0, 100.0, 180.0, 180.0, 100.0, 180.0, 180.0, 100.0, 382.0, 180.0, 180.0, 138.0, 180.0, 552.0, 180.0, 180.0, 100.0, 180.0, 510.0, 602.0, 478.0, 180.0, 620.0, 392.0, 180.0, 350.0, 594.0, 668.0, 624.0, 328.0, 608.0, 612.0, 696.0, 714.0, 650.0, 696.0, 676.0, 728.0, 692.0, 664.0, 698.0, 666.0, 700.0, 676.0, 578.0, 712.0, 690.0, 702.0, 698.0, 696.0, 722.0, 656.0, 702.0, 696.0, 628.0, 720.0, 700.0, 712.0, 630.0, 700.0, 674.0, 666.0, 634.0, 638.0, 656.0, 746.0, 684.0, 682.0, 696.0, 682.0, 638.0, 676.0, 676.0, 694.0, 680.0, 640.0, 646.0, 670.0, 652.0, 670.0, 642.0, 668.0, 638.0, 626.0, 646.0, 676.0, 718.0, 640.0, 676.0, 674.0, 716.0, 602.0, 674.0, 664.0, 696.0, 698.0, 740.0, 588.0, 642.0, 642.0, 642.0, 642.0, 642.0, 642.0, 642.0, 642.0, 642.0, 642.0, 642.0, 642.0, 642.0, 642.0, 642.0, 642.0, 642.0, 642.0, 642.0, 642.0, 642.0, 642.0, 642.0, 642.0, 642.0, 642.0, 642.0, 642.0, 642.0, 642.0, 642.0, 642.0, 642.0, 642.0, 642.0, 642.0, 642.0, 642.0, 642.0, 642.0, 642.0, 642.0, 642.0, 642.0, 642.0, 642.0, 642.0, 642.0, 642.0, 642.0, 642.0, 642.0, 642.0, 642.0, 642.0, 642.0, 642.0, 642.0, 642.0, 642.0, 642.0, 642.0, 642.0, 642.0, 642.0, 642.0, 642.0, 642.0, 642.0, 642.0, 642.0, 642.0, 642.0, 642.0, 642.0, 642.0, 642.0, 642.0, 642.0, 642.0, 642.0, 642.0, 642.0, 642.0, 642.0, 642.0, 642.0, 642.0, 642.0, 642.0, 642.0, 642.0, 642.0, 642.0, 642.0, 642.0, 642.0, 642.0, 642.0, 642.0, 642.0], "wallclock_time_eval": [131.70313358306885, 264.9138889312744, 400.44607734680176, 677.909125328064, 669.471444606781, 797.7846984863281, 1361.710976600647, 1052.8899583816528, 1189.1992502212524, 1332.4170818328857, 1473.1411933898926, 2356.382155895233, 1750.894386768341, 1893.4297504425049, 2063.141128540039, 3054.8211617469788, 3196.328360557556, 2471.8175296783447, 2615.37881231308, 2778.5649642944336, 2884.3350620269775, 3080.831789970398, 4201.65158367157, 3381.2980260849, 3534.643231868744, 4794.203019618988, 3682.770547389984, 4009.5350036621094, 4182.8916664123535, 4351.405100822449, 4511.07311296463, 4681.714838981628, 4853.195110321045, 5021.4814467430115, 2129.129853248596, 5355.879297733307, 2461.0338110923767, 2627.2532076835632, 2795.9627418518066, 6003.392986297607, 3125.9693989753723, 3297.6032972335815, 3471.518943309784, 3638.5198588371277, 6834.55583524704, 3975.410822868347, 4146.787137031555, 7345.0556354522705, 4479.9707889556885, 4650.360870361328, 7339.782339096069, 8018.077440738678, 8188.9010009765625, 7838.50096988678, 8534.604982852936, 8698.665657520294, 8872.600166797638, 9047.418463230133, 9217.192564487457, 9385.467656612396, 6542.73218870163, 9735.585011482239, 6887.659840583801, 10064.21636915207, 7227.816453933716, 10397.213803768158, 10571.13608455658, 7742.494417190552, 7916.384421348572, 11046.708263874054, 11219.129483222961, 8436.05016708374, 10857.487657546997, 8789.533824443817, 8965.561155319214, 12034.621342658997, 9321.39248752594, 9499.53482246399, 9676.510256290436, 12679.275537967682, 10034.095942020416, 10209.501733779907, 12456.229222297668, 12615.560695648193, 12780.461524963379, 12950.748815536499, 13825.140684604645, 13996.047018527985, 13447.69180059433, 11553.417750835419, 11719.211762428284, 14681.214344501495, 12049.786602973938, 15028.07504081726, 12388.675706863403, 14663.799405097961, 15527.197949409485, 15693.285024642944, 15190.425189971924, 4117.1681089401245], "timesteps_eval": [9704, 19412, 29141, 38706, 48109, 57764, 67022, 76933, 86179, 95506, 105005, 113749, 123909, 133434, 142761, 151760, 161419, 171432, 180877, 190397, 203140, 209242, 218975, 228145, 237502, 247634, 254992, 265892, 275417, 284731, 294304, 303643, 312951, 322202, 332789, 340737, 351182, 360667, 370019, 378036, 388295, 397603, 406897, 415968, 424709, 434642, 444013, 453256, 462406, 471893, 482772, 491168, 500763, 510920, 519002, 528310, 538017, 547096, 556316, 565735, 574584, 584231, 593179, 602925, 611865, 621592, 630718, 639569, 648877, 658266, 667494, 676961, 690525, 695433, 704657, 713716, 723283, 732386, 741772, 750961, 760350, 769693, 785660, 794987, 804286, 813552, 816780, 826195, 841699, 844514, 853747, 863829, 872130, 882863, 890705, 906750, 911145, 920701, 934967, 960368]}