{"incumbents": [122.0, 122.0, 122.0, 122.0, 122.0, 96.0, 122.0, 122.0, 122.0, 122.0, 184.0, 122.0, 122.0, 250.0, 288.0, 317.0, 471.0, 122.0, 166.0, 122.0, 379.0, 228.0, 276.0, 368.0, 136.0, 392.0, 263.0, 446.0, 364.0, 264.0, 286.0, 440.0, 792.0, 728.0, 538.0, 449.0, 560.0, 839.0, 807.0, 531.0, 1153.0, 660.0, 656.0, 631.0, 993.0, 859.0, 759.0, 652.0, 956.0, 479.0, 633.0, 1231.0, 1052.0, 847.0, 1112.0, 760.0, 670.0, 1032.0, 1162.0, 987.0, 1110.0, 1308.0, 1230.0, 1106.0, 999.0, 1451.0, 1140.0, 1202.0, 1020.0, 1201.0, 1146.0, 1539.0, 1134.0, 1589.0, 1198.0, 1600.0, 1416.0, 1320.0, 1401.0, 1212.0, 1376.0, 1370.0, 1077.0, 1116.0, 1280.0, 1437.0, 1464.0, 1464.0, 1464.0, 1464.0, 1464.0, 1464.0, 1464.0, 1464.0, 1464.0, 1464.0, 1464.0, 1464.0, 1464.0, 1464.0, 1464.0, 1464.0, 1464.0, 1464.0, 1464.0, 1464.0, 1464.0, 1464.0, 1464.0, 1464.0, 1464.0, 1464.0, 1464.0, 1464.0, 1464.0, 1464.0, 1464.0, 1464.0, 1464.0, 1464.0, 1464.0, 1464.0, 1464.0, 1464.0, 1464.0, 1464.0, 1464.0, 1464.0, 1464.0, 1464.0, 1464.0, 1464.0, 1464.0, 1464.0, 1464.0, 1464.0, 1464.0, 1464.0, 1464.0, 1464.0, 1464.0, 1464.0, 1464.0, 1464.0, 1464.0, 1464.0, 1464.0, 1464.0, 1464.0, 1464.0, 1464.0, 1464.0, 1464.0, 1464.0, 1464.0, 1464.0, 1464.0, 1464.0, 1464.0, 1464.0, 1464.0, 1464.0, 1464.0, 1464.0, 1464.0, 1464.0, 1464.0, 1464.0, 1464.0, 1464.0, 1464.0, 1464.0, 1464.0, 1464.0, 1464.0, 1464.0, 1464.0, 1464.0, 1464.0, 1464.0, 1464.0, 1464.0, 1464.0, 1464.0, 1464.0, 1464.0, 1464.0, 1464.0, 1464.0, 1464.0, 1464.0, 1464.0, 1464.0, 1464.0, 1464.0, 1464.0, 1464.0, 1464.0, 1464.0, 1464.0], "wallclock_time_eval": [25.848482847213745, 197.7853798866272, 366.9172639846802, 535.1402817964554, 692.3614852428436, 876.6898107528687, 1033.0981426239014, 1201.8468873500824, 1376.580679178238, 1550.581363081932, 1719.310367822647, 1881.9759497642517, 2070.7726835012436, 2241.867684841156, 2410.843064546585, 2583.9460653066635, 2759.9907715320587, 2911.0638501644135, 3097.619156241417, 3257.3729572296143, 3436.2091349363327, 3603.072922229767, 3768.9648302793503, 3936.047996044159, 4106.5281529426575, 4275.094264149666, 4442.281899929047, 4605.053824543953, 4768.285428643227, 4930.744866847992, 5095.517315983772, 5261.259369134903, 5425.578001737595, 5589.119840025902, 5753.66268491745, 5918.3265924453735, 6084.642400383949, 6251.496358394623, 6418.401603341103, 6583.03401184082, 6749.020005583763, 6914.441350102425, 7079.628187894821, 7246.705205917358, 7410.230491280556, 7575.3385907411575, 7739.005841970444, 7902.689490318298, 8067.057056546211, 8228.683488249779, 8390.243557572365, 8553.851537823677, 8716.618173360825, 8878.582079410553, 9042.2367862463, 9205.436782240868, 9368.461494922638, 9530.822877526283, 9692.551064133644, 9855.198397278786, 10018.863971352577, 10181.572046160698, 10346.320595741272, 10510.67891073227, 10672.626798391342, 10835.551096916199, 10999.077894806862, 11161.659940242767, 11323.944875359535, 11487.058621883392, 11649.637293934822, 11811.640365362167, 11974.129621744156, 12133.471793293953, 12293.116155385971, 12452.098160386086, 12614.070509433746, 12774.295495271683, 12934.135513424873, 13094.954613804817, 13255.067294359207, 13414.843582868576, 13575.79573726654, 13734.509602546692, 13894.840831398964, 14058.721410751343, 16336.657549738884, 16336.657549738884, 16336.657549738884, 16336.657549738884, 16336.657549738884, 16336.657549738884, 16336.657549738884, 16336.657549738884, 16336.657549738884, 16336.657549738884, 16336.657549738884, 16336.657549738884, 16336.657549738884, 16336.657549738884], "timesteps_eval": [15606, 31337, 47530, 62059, 78128, 91607, 109201, 124985, 136912, 147059, 169756, 188295, 188779, 217676, 233749, 249628, 265533, 280921, 297644, 311378, 329648, 345677, 361412, 377308, 393382, 409511, 425678, 441795, 458038, 474217, 490369, 506485, 522561, 538749, 554916, 571131, 587306, 603410, 619515, 635702, 651932, 668026, 684131, 700292, 716296, 732454, 748348, 764411, 780495, 796679, 812866, 829063, 845301, 861401, 877436, 893703, 909893, 925967, 942119, 958136, 974337, 990536, 1006753, 1022919, 1038926, 1055075, 1071209, 1087456, 1103674, 1119834, 1135790, 1151983, 1168128, 1184287, 1200370, 1216527, 1232637, 1248807, 1264857, 1280931, 1297074, 1313284, 1329453, 1345647, 1361830, 1377981, 1603557, 1603557, 1603557, 1603557, 1603557, 1603557, 1603557, 1603557, 1603557, 1603557, 1603557, 1603557, 1603557, 1603557]}