{"incumbents": [-24.0, -24.0, -24.0, -24.0, -1.1, -23.8, -24.0, -24.0, -24.0, -24.0, -23.2, -24.0, -24.0, -24.0, -24.0, -24.0, -24.0, -24.0, -24.0, -24.0, -24.0, -24.0, -24.0, -23.9, -23.7, -24.0, -24.0, -24.0, -24.0, -24.0, -2.8, -1.1, -1.1, -1.0, -1.0, -1.0, -1.0, -1.0, -1.0, -1.0, -1.0, -1.0, -1.0, -1.0, -1.0, -1.0, -1.0, -1.1, -0.8, -1.4, -1.0, -0.8, -1.0, -1.0, -1.0, -1.0, -1.0, -1.1, -1.0, -1.0, -1.0, -1.0, -1.0, -1.0, -1.0, -1.0, -0.8, -1.0, -1.0, -0.8, -0.8, -1.0, -0.8, -1.0, -1.0, -1.0, -1.0, -1.0, -1.0, -1.0, -1.0, -1.0, -1.0, -1.0, -1.0, -1.1, -1.3, -1.2, -1.0, -1.0, -1.2, -1.0, -1.0, -1.0, -1.0, -1.0, -0.8, -1.0, -1.0, -1.0, -1.0, -1.0, -1.0, -1.0, -1.0, -1.0, -1.0, -1.0, -1.0, -1.0, -1.0, -1.0, -1.0, -1.0, -1.0, -1.0, -1.0, -1.0, -1.0, -1.0, -1.0, -1.0, -1.0, -1.0, -1.0, -1.0, -1.0, -1.0, -1.0, -1.0, -1.0, -1.0, -1.0, -1.0, -1.0, -1.0, -1.0, -1.0, -1.0, -1.0, -1.0, -1.0, -1.0, -1.0, -1.0, -1.0, -1.0, -1.0, -1.0, -1.0, -1.0, -1.0, -1.0, -1.0, -1.0, -1.0, -1.0, -1.0, -1.0, -1.0, -1.0, -1.0, -1.0, -1.0, -1.0, -1.0, -1.0, -1.0, -1.0, -1.0, -1.0, -1.0, -1.0, -1.0, -1.0, -1.0, -1.0, -1.0, -1.0, -1.0, -1.0, -1.0, -1.0, -1.0, -1.0, -1.0, -1.0, -1.0, -1.0, -1.0, -1.0, -1.0, -1.0, -1.0, -1.0, -1.0, -1.0, -1.0, -1.0, -1.0], "wallclock_time_eval": [161.13967037200928, 321.1895041465759, 476.199116230011, 633.2972164154053, 923.2587223052979, 1089.775638103485, 1252.169849395752, 1413.942614555359, 1575.8325595855713, 1737.165011882782, 1898.6746883392334, 2053.0613102912903, 2212.186912536621, 2373.353171825409, 2533.838617324829, 2692.6658868789673, 2852.2982144355774, 3014.8876943588257, 3178.7651290893555, 3346.6819911003113, 3510.5906133651733, 3675.250086784363, 3842.3726892471313, 4019.0694885253906, 4193.528629779816, 4358.989517211914, 4530.242690563202, 4703.164865016937, 4879.932566165924, 5052.758152008057, 5359.017453193665, 5666.845878124237, 5972.152783870697, 6281.2942070961, 6588.57387638092, 6898.3258628845215, 7206.508422374725, 7519.541342258453, 7834.0923109054565, 8147.136835098267, 8460.79456615448, 8769.54159116745, 9082.682642936707, 9395.368214607239, 9714.422932624817, 10032.934418678284, 10346.947440624237, 10663.634047985077, 10979.248633384705, 11293.53783607483, 11608.744777679443, 11930.067025661469, 12248.740901947021, 12565.626522064209, 12882.378025531769, 13198.322275161743, 13512.480000972748, 13829.640591144562, 14145.42305469513, 14460.862282276154, 14769.430096626282, 15076.368014335632, 15383.482947349548, 15688.439707756042, 15995.943988323212, 16303.980169296265, 16611.18834400177, 16917.363679885864, 17219.759069919586, 17516.91983938217, 17822.31689119339, 18138.57541370392, 18453.271101474762, 18765.65268802643, 19078.125670433044, 19389.33332490921, 19696.458909511566, 20005.888367652893, 20317.993551254272, 20625.493041992188, 20932.523755550385, 21237.994434833527, 21541.164801597595, 21840.250467300415, 22145.01572036743, 22447.73029279709, 22751.449437618256, 23053.803795814514, 23357.08849287033, 23660.14826822281, 23958.616191864014, 24261.635524749756, 24562.19961643219, 24861.866902828217, 25160.812359809875, 25462.168221473694, 25762.00441455841, 26060.72370004654, 26360.877377986908, 26662.161058425903], "timesteps_eval": [8931, 17961, 27055, 35458, 43453, 51807, 60948, 68534, 75608, 79436, 84141, 86289, 89640, 95745, 103290, 110635, 116290, 125404, 130499, 136077, 141407, 144291, 149989, 152321, 155575, 160639, 164306, 166002, 171162, 174467, 177190, 177724, 178258, 178792, 180132, 181472, 182812, 183966, 185120, 186274, 187428, 188582, 189736, 190890, 192044, 193198, 194352, 195506, 196660, 197814, 198968, 200122, 201276, 202430, 203584, 204738, 205892, 207046, 208200, 209354, 210508, 211662, 212816, 213970, 215124, 216278, 217432, 218586, 219740, 220894, 222048, 223202, 224356, 225510, 226664, 227818, 228972, 230126, 231280, 232434, 233588, 234742, 235896, 237050, 238204, 239358, 240512, 241666, 242820, 243974, 245128, 246282, 247436, 248590, 249744, 250898, 252052, 253206, 254360, 255514]}