{"incumbents": [-30000.0, -9013.0, -9013.0, -9013.0, -9013.0, -9013.0, -9013.0, -9013.0, -9013.0, -9013.0, -9013.0, -9013.0, -9013.0, -9013.0, -9013.0, -9013.0, -9013.0, -9013.0, -9013.0, -9013.0, -9013.0, -9013.0, -9013.0, -9013.0, -9013.0, -9013.0, -9013.0, -9013.0, -9013.0, -9013.0, -9013.0, -9013.0, -9013.0, -9013.0, -9013.0, -9013.0, -9013.0, -9013.0, -9013.0, -9013.0, -9013.0, -9013.0, -9013.0, -9013.0, -9013.0, -9013.0, -9013.0, -9013.0, -9013.0, -9013.0, -9013.0, -9013.0, -9013.0, -9013.0, -9013.0, -9013.0, -9013.0, -9013.0, -9013.0, -9013.0, -9013.0, -9013.0, -9013.0, -9013.0, -9013.0, -9013.0, -9013.0, -9013.0, -9013.0, -9013.0, -9013.0, -9013.0, -9013.0, -9013.0, -9013.0, -9013.0, -9013.0, -9013.0, -9013.0, -9013.0, -9013.0, -9013.0, -9013.0, -9013.0, -9013.0, -9013.0, -9013.0, -9013.0, -9013.0, -9013.0, -9013.0, -9013.0, -9013.0, -9013.0, -9013.0, -9013.0, -9013.0, -9013.0, -9013.0, -9013.0, -9013.0, -9013.0, -9013.0, -9013.0, -9013.0, -9013.0, -9013.0, -9013.0, -9013.0, -9013.0, -9013.0, -9013.0, -9013.0, -9013.0, -9013.0, -9013.0, -9013.0, -9013.0, -9013.0, -9013.0, -9013.0, -9013.0, -9013.0, -9013.0, -9013.0, -9013.0, -9013.0, -9013.0, -9013.0, -9013.0, -9013.0, -9013.0, -9013.0, -9013.0, -9013.0, -9013.0, -9013.0, -9013.0, -9013.0, -9013.0, -9013.0, -9013.0, -9013.0, -9013.0, -9013.0, -9013.0, -9013.0, -9013.0, -9013.0, -9013.0, -9013.0, -9013.0, -9013.0, -9013.0, -9013.0, -9013.0, -9013.0, -9013.0, -9013.0, -9013.0, -9013.0, -9013.0, -9013.0, -9013.0, -9013.0, -9013.0, -9013.0, -9013.0, -9013.0, -9013.0, -9013.0, -9013.0, -9013.0, -9013.0, -9013.0, -9013.0, -9013.0, -9013.0, -9013.0, -9013.0, -9013.0, -9013.0, -9013.0, -9013.0, -9013.0, -9013.0, -9013.0, -9013.0, -9013.0, -9013.0, -9013.0, -9013.0, -9013.0, -9013.0, -9013.0, -9013.0, -9013.0, -9013.0, -9013.0, -9013.0], "wallclock_time_eval": [51.392977356910706, 199.52652156352997, 352.94659411907196, 506.0363712310791, 658.3413823843002, 805.5831676721573, 961.8702023029327, 1114.6051597595215, 1267.1915321350098, 1419.0772765874863, 1572.2605875730515, 1725.052850842476, 1877.1566354036331, 2028.8101996183395, 2180.850796341896, 2332.3028005361557, 2483.3802527189255, 2637.8832606077194, 2791.7815858125687, 2947.9960182905197, 3101.8855093717575, 3258.3184218406677, 3419.9514812231064, 3589.306935071945, 3769.4855806827545, 3962.8255813121796, 4168.191465139389, 4377.721441984177, 4587.135329008102, 4797.626639723778, 5009.094598293304, 5220.433642983437, 5430.649878978729, 690.9462443590164, 915.1699372529984, 1125.4513508081436, 1336.4337338209152, 1546.8234145641327, 1758.678443312645, 1973.9357744455338, 2188.5269941091537, 2400.4639146327972, 2611.8668847084045, 2826.071879506111, 3044.2806708812714, 3261.7718888521194, 3479.461210846901, 3696.6180362701416, 3914.3686994314194, 4131.598381996155, 4347.701625823975, 4564.544836521149, 4781.772128939629, 4998.1147446632385, 5214.917211532593, 5431.819236278534, 5646.160378694534, 5860.140222907066, 6073.101381063461, 6287.674800038338, 6501.905181527138, 6715.173812747002, 6926.52595615387, 7136.366399526596, 7347.887610793114, 7558.698248386383, 7770.253701686859, 7981.188050746918, 8194.804733276367, 8412.329536914825, 8629.314510822296, 8845.669417262077, 9062.8609136343, 9281.012043356895, 9497.883229494095, 9715.464137792587, 9931.404031515121, 10147.937113761902, 10364.717886924744, 10582.84884417057, 10799.603626132011, 11017.024678230286, 11234.319709300995, 11449.720532178879, 11659.964250326157, 11870.357128024101, 12078.47451555729, 12286.60485112667, 12494.765980124474, 12702.865121245384, 12910.016939640045, 13119.20441877842, 13328.026453018188, 13537.91133081913, 13746.187185049057, 13954.802253842354, 14164.482135295868, 14369.636046648026, 14568.299751639366, 14766.285741209984], "timesteps_eval": [14490, 24774, 38529, 52214, 63700, 74689, 88518, 103507, 117201, 131681, 145899, 160536, 175153, 187376, 202061, 216956, 232075, 245531, 260392, 274475, 289005, 304280, 318745, 333106, 347994, 363250, 378854, 393106, 408143, 422851, 437754, 452555, 468124, 427914, 443351, 458600, 474235, 489914, 505351, 520597, 535799, 551001, 566186, 581371, 596556, 611741, 626926, 642111, 657296, 672481, 687666, 702851, 718036, 733221, 748406, 763591, 778776, 793961, 809146, 824331, 839516, 854701, 869886, 885071, 900256, 915441, 930626, 945811, 960996, 976181, 991366, 1006551, 1021736, 1036921, 1052106, 1067291, 1082476, 1097661, 1112846, 1128031, 1143216, 1158401, 1173586, 1188771, 1203956, 1219141, 1234326, 1249511, 1264696, 1279881, 1295066, 1310251, 1325436, 1340621, 1355806, 1370991, 1386176, 1401361, 1416546, 1431731]}