{"incumbents": [-200.0, -200.0, -200.0, -200.0, -200.0, -200.0, -200.0, -200.0, -200.0, -200.0, -200.0, -200.0, -200.0, -200.0, -200.0, -200.0, -200.0, -200.0, -200.0, -200.0, -200.0, -200.0, -200.0, -200.0, -200.0, -200.0, -200.0, -200.0, -200.0, -200.0, -200.0, -200.0, -200.0, -200.0, -200.0, -200.0, -200.0, -200.0, -200.0, -200.0, -200.0, -200.0, -200.0, -200.0, -200.0, -200.0, -200.0, -200.0, -200.0, -200.0, -200.0, -200.0, -200.0, -200.0, -200.0, -200.0, -200.0, -200.0, -200.0, -200.0, -200.0, -200.0, -200.0, -200.0, -200.0, -200.0, -200.0, -200.0, -200.0, -200.0, -200.0, -200.0, -200.0, -200.0, -200.0, -200.0, -200.0, -200.0, -200.0, -200.0, -200.0, -200.0, -200.0, -200.0, -200.0, -200.0, -200.0, -200.0, -200.0, -200.0, -200.0, -200.0, -200.0, -200.0, -200.0, -200.0, -200.0, -200.0, -200.0, -200.0, -200.0, -200.0, -200.0, -200.0, -200.0, -200.0, -200.0, -200.0, -200.0, -200.0, -200.0, -200.0, -200.0, -200.0, -200.0, -200.0, -200.0, -200.0, -200.0, -200.0, -200.0, -200.0, -200.0, -200.0, -200.0, -200.0, -200.0, -200.0, -200.0, -200.0, -200.0, -200.0, -200.0, -200.0, -200.0, -200.0, -200.0, -200.0, -200.0, -200.0, -200.0, -200.0, -200.0, -200.0, -200.0, -200.0, -200.0, -200.0, -200.0, -200.0, -200.0, -200.0, -200.0, -200.0, -200.0, -200.0, -200.0, -200.0, -200.0, -200.0, -200.0, -200.0, -200.0, -200.0, -200.0, -200.0, -200.0, -200.0, -200.0, -200.0, -200.0, -200.0, -200.0, -200.0, -200.0, -200.0, -200.0, -200.0, -200.0, -200.0, -200.0, -200.0, -200.0, -200.0, -200.0, -200.0, -200.0, -200.0, -200.0, -200.0, -200.0, -200.0, -200.0, -200.0, -200.0, -200.0, -200.0, -200.0, -200.0, -200.0], "wallclock_time_eval": [71.404296875, 140.0222988128662, 209.8763084411621, 277.87865447998047, 347.4902000427246, 421.20256996154785, 493.4152126312256, 565.4830989837646, 637.567310333252, 709.9938087463379, 781.9753532409668, 854.5340919494629, 927.1924228668213, 1000.023889541626, 1074.6743507385254, 1147.5308208465576, 1218.2139472961426, 1287.6900882720947, 1356.9169540405273, 1429.6126232147217, 1502.8208675384521, 1575.7008991241455, 1648.7230644226074, 1722.5087966918945, 1795.5944557189941, 1868.7049236297607, 1941.6941719055176, 2015.4551792144775, 2088.8316078186035, 2163.060110092163, 2236.036874771118, 2310.254592895508, 2385.9172801971436, 2459.9693851470947, 2534.761610031128, 2608.7669830322266, 2683.341745376587, 2758.1916160583496, 2833.420721054077, 2907.810920715332, 2981.666181564331, 3056.6219425201416, 3130.93816947937, 3205.407356262207, 3278.927490234375, 3353.531593322754, 3427.219738006592, 3500.908987045288, 3574.2943172454834, 3648.232334136963, 3722.9901027679443, 3797.4195137023926, 3872.6893405914307, 3946.555582046509, 4021.3506412506104, 4096.484649658203, 4172.137237548828, 4247.23653793335, 4322.316272735596, 4396.526481628418, 4471.655204772949, 4547.172235488892, 4621.9470863342285, 4697.079734802246, 4776.750518798828, 4851.772373199463, 4926.542497634888, 4997.161575317383, 5068.684801101685, 5139.06099319458, 5211.104698181152, 5281.791934967041, 5353.540115356445, 5426.257106781006, 5497.491962432861, 5568.6792278289795, 5639.965518951416, 5711.022121429443, 5782.1064376831055, 5854.082160949707, 5926.149164199829, 5997.744146347046, 6069.332876205444, 6141.831712722778, 6214.250173568726, 6287.504987716675, 6363.701877593994, 6437.504089355469, 6510.758007049561, 6587.413944244385, 6661.171852111816, 6735.7127113342285, 6811.4515590667725, 6888.309143066406, 6963.435720443726, 7037.15712928772, 7108.719705581665, 7181.077785491943, 7253.672227859497, 7326.671314239502], "timesteps_eval": [10000, 20000, 30000, 40000, 50000, 60000, 70000, 80000, 90000, 100000, 110000, 120000, 130000, 140000, 150000, 160000, 169997, 179997, 189997, 199997, 209997, 219997, 229997, 239997, 249997, 259997, 269997, 279997, 289997, 299997, 309997, 319997, 329997, 339997, 349997, 359997, 369997, 379997, 389997, 399997, 409997, 419997, 429997, 439997, 449997, 459997, 469997, 479997, 489997, 499997, 509997, 519997, 529997, 539997, 549997, 559997, 569997, 579997, 589997, 599997, 609997, 619997, 629997, 639997, 649997, 659997, 669997, 679997, 689997, 699997, 709997, 719997, 729997, 739997, 749997, 759997, 769997, 779997, 789997, 799997, 809997, 819997, 829997, 839997, 849997, 859997, 869997, 879997, 889997, 899997, 909997, 919997, 929997, 939997, 949997, 959997, 969997, 979997, 989997, 999997]}