{"incumbents": [13.0, 0.0, 12.0, 5.0, 5.0, 8.0, 14.0, 16.0, 16.0, 17.0, 15.0, 13.0, 18.0, 18.0, 12.0, 13.0, 59.0, 77.0, 95.0, 91.0, 89.0, 124.0, 106.0, 130.0, 131.0, 96.0, 90.0, 127.0, 142.0, 134.0, 135.0, 143.0, 136.0, 154.0, 153.0, 142.0, 133.0, 116.0, 101.0, 134.0, 149.0, 125.0, 113.0, 142.0, 134.0, 136.0, 144.0, 136.0, 202.0, 165.0, 173.0, 162.0, 158.0, 172.0, 165.0, 137.0, 174.0, 199.0, 173.0, 199.0, 176.0, 191.0, 204.0, 205.0, 210.0, 218.0, 211.0, 209.0, 245.0, 221.0, 247.0, 249.0, 248.0, 252.0, 233.0, 252.0, 240.0, 218.0, 233.0, 244.0, 258.0, 276.0, 244.0, 257.0, 231.0, 283.0, 229.0, 275.0, 230.0, 238.0, 235.0, 263.0, 282.0, 259.0, 263.0, 264.0, 270.0, 250.0, 252.0, 268.0, 268.0, 268.0, 268.0, 268.0, 268.0, 268.0, 268.0, 268.0, 268.0, 268.0, 268.0, 268.0, 268.0, 268.0, 268.0, 268.0, 268.0, 268.0, 268.0, 268.0, 268.0, 268.0, 268.0, 268.0, 268.0, 268.0, 268.0, 268.0, 268.0, 268.0, 268.0, 268.0, 268.0, 268.0, 268.0, 268.0, 268.0, 268.0, 268.0, 268.0, 268.0, 268.0, 268.0, 268.0, 268.0, 268.0, 268.0, 268.0, 268.0, 268.0, 268.0, 268.0, 268.0, 268.0, 268.0, 268.0, 268.0, 268.0, 268.0, 268.0, 268.0, 268.0, 268.0, 268.0, 268.0, 268.0, 268.0, 268.0, 268.0, 268.0, 268.0, 268.0, 268.0, 268.0, 268.0, 268.0, 268.0, 268.0, 268.0, 268.0, 268.0, 268.0, 268.0, 268.0, 268.0, 268.0, 268.0, 268.0, 268.0, 268.0, 268.0, 268.0, 268.0, 268.0, 268.0, 268.0, 268.0, 268.0, 268.0, 268.0], "wallclock_time_eval": [34.36207437515259, 238.95736384391785, 388.9358413219452, 549.8144713640213, 708.7031794786453, 867.1065064668655, 1034.7604275941849, 1197.9603915214539, 1357.578855395317, 1519.1410270929337, 1676.288090467453, 1834.7495157718658, 1991.574863910675, 2149.2042846679688, 2308.5864861011505, 2465.4767142534256, 2623.608236193657, 2779.1532332897186, 2936.2399891614914, 3092.88291823864, 3250.1487934589386, 3404.548766851425, 3560.722446322441, 3716.4683709144592, 3873.2780400514603, 4028.8478722572327, 4182.0423728227615, 4337.271155595779, 4493.281403064728, 4652.926745772362, 4816.937242150307, 4977.168783426285, 5136.988521814346, 5296.118579626083, 5457.461251974106, 5619.293302297592, 5782.11340034008, 5945.162334680557, 6107.476357698441, 6269.156747102737, 6431.391039967537, 6595.83653986454, 6753.362129330635, 6912.365953326225, 7069.631652712822, 7227.806869387627, 7388.427460670471, 7545.874746918678, 7704.67366361618, 7861.8506513834, 8016.679279327393, 8172.87118935585, 8327.227241039276, 8484.00666642189, 8640.854024648666, 8796.757186412811, 8952.207752346992, 9108.980461120605, 9266.008579611778, 9423.204257965088, 9579.714829802513, 9735.027019381523, 9891.176387906075, 10047.024611115456, 10203.555776715279, 10358.639147758484, 10515.325028896332, 10675.39825463295, 10832.60808312893, 10987.869174599648, 11144.47670507431, 11300.602727293968, 11457.161136388779, 11613.32761645317, 11770.285299658775, 6409.586964130402, 12084.060456991196, 12241.374369263649, 12398.047322034836, 12554.96327829361, 12711.747563123703, 12868.244597554207, 13025.143211126328, 13182.250801682472, 13338.990956306458, 13494.478938698769, 13650.447429180145, 13823.1154692173, 13980.113337397575, 14153.153174638748, 14307.822026610374, 14464.211064338684, 14619.825486421585, 14775.878997683525, 14932.455486059189, 15087.631192803383, 15243.563556671143, 15399.844881296158, 15556.841610312462, 15713.079292654991], "timesteps_eval": [16026, 32078, 48243, 64306, 80279, 96302, 112316, 128447, 144610, 160708, 176677, 192887, 209002, 225119, 241177, 257274, 273364, 289507, 305557, 321712, 337811, 353905, 370041, 386069, 402263, 418364, 434517, 450726, 466897, 483000, 499024, 515161, 531382, 547517, 563703, 579830, 596002, 612063, 628001, 644134, 660314, 676331, 692242, 708278, 724366, 740532, 756666, 772870, 788977, 805060, 821169, 837244, 853349, 869342, 885369, 901499, 917704, 933817, 949903, 965912, 981993, 998205, 1014377, 1030499, 1046621, 1062774, 1078703, 1094703, 1110848, 1127099, 1143190, 1159288, 1175391, 1191447, 1207572, 1212169, 1239785, 1255954, 1271994, 1287870, 1304042, 1320142, 1336302, 1352360, 1368431, 1384450, 1400528, 1416606, 1432637, 1448739, 1464758, 1480597, 1496589, 1512752, 1528875, 1544975, 1561193, 1577277, 1593482, 1609631]}