{"incumbents": [-200.0, -200.0, -200.0, -200.0, -200.0, -200.0, -200.0, -200.0, -200.0, -200.0, -200.0, -200.0, -200.0, -200.0, -200.0, -200.0, -200.0, -200.0, -200.0, -200.0, -200.0, -200.0, -200.0, -200.0, -200.0, -200.0, -200.0, -200.0, -200.0, -200.0, -200.0, -200.0, -200.0, -200.0, -200.0, -200.0, -200.0, -200.0, -200.0, -200.0, -200.0, -200.0, -200.0, -200.0, -200.0, -200.0, -200.0, -200.0, -200.0, -200.0, -200.0, -200.0, -200.0, -200.0, -200.0, -200.0, -200.0, -200.0, -200.0, -200.0, -200.0, -200.0, -200.0, -200.0, -200.0, -200.0, -200.0, -200.0, -200.0, -200.0, -200.0, -200.0, -200.0, -200.0, -200.0, -200.0, -200.0, -200.0, -200.0, -200.0, -200.0, -200.0, -200.0, -200.0, -200.0, -200.0, -200.0, -200.0, -200.0, -200.0, -200.0, -200.0, -200.0, -200.0, -200.0, -200.0, -200.0, -200.0, -200.0, -200.0], "wallclock_time_eval": [1942.2791707515717, 3819.2134075164795, 5765.914323806763, 7687.886986732483, 9624.948112010956, 11576.456261873245, 13512.452909946442, 15428.613394737244, 17361.983469724655, 19250.985620975494, 21206.372843503952, 23129.49738049507, 25080.20482492447, 27016.453968286514, 28957.750024080276, 30904.864014148712, 32848.46426010132, 34797.201638937, 36723.35586023331, 38563.007668972015, 40441.85466480255, 42279.734078884125, 44163.59115958214, 45984.046330690384, 47798.7223072052, 49690.19480061531, 51567.13872385025, 53411.571407556534, 55235.83710718155, 57140.60869240761, 59032.15738081932, 60894.77729725838, 62820.22284293175, 64771.137758255005], "timesteps_eval": [1000000, 2000000, 3000000, 4000000, 5000000, 6000000, 7000000, 8000000, 9000000, 10000000, 11000000, 12000000, 13000000, 14000000, 15000000, 16000000, 17000000, 18000000, 19000000, 20000000, 21000000, 22000000, 23000000, 24000000, 25000000, 26000000, 27000000, 28000000, 29000000, 30000000, 31000000, 32000000, 33000000, 34000000]}