{"incumbents": [-9013.0, -9013.0, -9013.0, -9013.0, -9013.0, -9013.0, -9013.0, -9013.0, -9013.0, -9013.0, -9013.0, -9013.0, -9013.0, -9013.0, -9013.0, -9013.0, -9013.0, -9013.0, -9013.0, -9013.0, -9013.0, -9013.0, -9013.0, -9013.0, -9013.0, -9013.0, -9013.0, -9013.0, -9013.0, -9013.0, -9013.0, -9013.0, -9013.0, -9013.0, -9013.0, -9013.0, -9013.0, -9013.0, -9013.0, -9013.0, -9013.0, -9013.0, -9013.0, -9013.0, -9013.0, -9013.0, -9013.0, -9013.0, -9013.0, -9013.0, -9013.0, -9013.0, -9013.0, -9013.0, -9013.0, -9013.0, -9013.0, -9013.0, -9013.0, -9013.0, -9013.0, -9013.0, -9013.0, -9013.0, -9013.0, -9013.0, -9013.0, -9013.0, -9013.0, -9013.0, -9013.0, -9013.0, -9013.0, -9013.0, -9013.0, -9013.0, -9013.0, -9013.0, -9013.0, -9013.0, -9013.0, -9013.0, -9013.0, -9013.0, -9013.0, -9013.0, -9013.0, -9013.0, -9013.0, -9013.0, -9013.0, -9013.0, -9013.0, -9013.0, -9013.0, -9013.0, -9013.0, -9013.0, -9013.0, -9013.0], "wallclock_time_eval": [3364.4425303936005, 8608.805267810822, 14407.385514974594, 20442.997185707092, 27648.264594078064, 30982.46270632744, 36882.35336089134, 40226.39753007889, 43603.94972681999, 47157.87211441994, 50498.49233174324, 53835.158599853516, 59746.343121767044, 67543.53978204727, 72604.71626543999, 77779.19549870491, 84085.41179394722, 91846.38256287575, 95256.45844936371, 98680.31105875969, 102015.60442566872, 105364.88467979431, 108708.24603891373, 116477.96347022057, 120295.18506646156, 123672.9972743988, 127132.2492864132, 130488.37872099876, 135998.91139006615, 141331.32511425018, 147655.51084423065, 151013.86804389954, 156320.59692263603, 162582.3565878868], "timesteps_eval": [956196, 1251271, 1716657, 2517915, 3437810, 4396615, 5352651, 6312656, 7206501, 7625667, 8592569, 9544705, 9846879, 10750504, 11374426, 12017677, 12322813, 13230784, 14192240, 14465855, 15425860, 16390504, 17357406, 18262016, 18858270, 19781352, 20081663, 21026109, 35198147, 36000862, 36176882, 37139150, 37491565, 38221760]}