{"incumbents": [445.9538574, 445.9538574, 445.9538574, 445.9538574, 445.9538574, 445.9538574, 445.9538574, 445.9538574, 445.9538574, 516.2911025999999, 516.2911025999999, 516.2911025999999, 516.2911025999999, 516.2911025999999, 516.2911025999999, 516.2911025999999, 516.2911025999999, 516.2911025999999, 516.2911025999999, 516.2911025999999, 516.2911025999999, 516.2911025999999, 516.2911025999999, 516.2911025999999, 516.2911025999999, 516.2911025999999, 516.2911025999999, 516.2911025999999, 516.2911025999999, 516.2911025999999, 516.2911025999999, 516.2911025999999, 516.2911025999999, 516.2911025999999, 516.2911025999999, 516.2911025999999, 516.2911025999999, 516.2911025999999, 516.2911025999999, 516.2911025999999, 516.2911025999999, 516.2911025999999, 516.2911025999999, 516.2911025999999, 516.2911025999999, 516.2911025999999, 516.2911025999999, 516.2911025999999, 516.2911025999999, 516.2911025999999, 516.2911025999999, 516.2911025999999, 516.2911025999999, 516.2911025999999, 516.2911025999999, 516.2911025999999, 516.2911025999999, 516.2911025999999, 516.2911025999999, 516.2911025999999, 516.2911025999999, 516.2911025999999, 516.2911025999999, 516.2911025999999, 516.2911025999999, 516.2911025999999, 516.2911025999999, 516.2911025999999, 516.2911025999999, 537.2332435000001, 537.2332435000001, 537.2332435000001, 537.2332435000001, 537.2332435000001, 537.2332435000001, 537.2332435000001, 537.2332435000001, 537.2332435000001, 537.2332435000001, 537.2332435000001, 537.2332435000001, 537.2332435000001, 537.2332435000001, 537.2332435000001, 537.2332435000001, 537.2332435000001, 537.2332435000001, 537.2332435000001, 537.2332435000001, 537.2332435000001, 537.2332435000001, 537.2332435000001, 537.2332435000001, 537.2332435000001, 537.2332435000001, 537.2332435000001, 537.2332435000001, 537.2332435000001, 537.2332435000001, 537.2332435000001, 537.2332435000001, 537.2332435000001, 537.2332435000001, 537.2332435000001], "wallclock_time_eval": [2200.147059440613, 4400.294118881226, 6600.441178321838, 8800.588237762451, 11000.735297203064, 13200.882356643677, 15401.02941608429, 17601.176475524902, 19801.323534965515, 21935.62992453575, 24069.936314105988, 26204.242703676224, 28338.54909324646, 30472.855482816696, 32607.161872386932, 34741.46826195717, 36875.774651527405, 39010.08104109764, 41144.38743066788, 43278.69382023811, 45413.00020980835, 47547.306599378586, 49681.61298894882, 51815.91937851906, 53950.225768089294, 56084.53215765953, 58218.83854722977, 60353.1449368, 62487.45132637024, 64621.757715940475, 66756.06410551071, 68890.37049508095, 71024.67688465118, 73158.98327422142, 75293.28966379166, 77427.59605336189, 79561.90244293213, 81696.20883250237, 83830.5152220726, 85964.82161164284, 88099.12800121307, 90233.43439078331, 92367.74078035355, 94502.04716992378, 96636.35355949402, 98770.65994906425, 100904.96633863449, 103039.27272820473, 105173.57911777496, 107307.8855073452, 109442.19189691544, 111576.49828648567, 113710.80467605591, 115845.11106562614, 117979.41745519638, 120113.72384476662, 122248.03023433685, 124382.33662390709, 126516.64301347733, 128650.94940304756, 130785.2557926178, 132919.56218218803, 135053.86857175827, 137188.1749613285, 139322.48135089874, 141456.78774046898, 143591.09413003922, 145725.40051960945, 147859.7069091797, 150090.29732608795, 152320.88774299622, 154551.47815990448, 156782.06857681274, 159012.658993721, 161243.24941062927, 163473.83982753754, 165704.4302444458, 167935.02066135406, 170165.61107826233, 172396.2014951706, 174626.79191207886, 176857.38232898712, 179087.9727458954, 181318.56316280365, 183549.1535797119, 185779.74399662018, 188010.33441352844, 190240.9248304367, 192471.51524734497, 194702.10566425323, 196932.6960811615, 199163.28649806976, 201393.87691497803, 203624.4673318863, 205855.05774879456, 208085.64816570282, 210316.23858261108, 212546.82899951935, 214777.4194164276, 217008.00983333588, 219238.60025024414, 221469.1906671524, 223699.78108406067, 225930.37150096893], "timesteps_eval": [1022114, 2044228, 3066342, 4088456, 5110570, 6132684, 7154798, 8176912, 9199026, 10218793, 11238560, 12258327, 13278094, 14297861, 15317628, 16337395, 17357162, 18376929, 19396696, 20416463, 21436230, 22455997, 23475764, 24495531, 25515298, 26535065, 27554832, 28574599, 29594366, 30614133, 31633900, 32653667, 33673434, 34693201, 35712968, 36732735, 37752502, 38772269, 39792036, 40811803, 41831570, 42851337, 43871104, 44890871, 45910638, 46930405, 47950172, 48969939, 49989706, 51009473, 52029240, 53049007, 54068774, 55088541, 56108308, 57128075, 58147842, 59167609, 60187376, 61207143, 62226910, 63246677, 64266444, 65286211, 66305978, 67325745, 68345512, 69365279, 70385046, 71405175, 72425304, 73445433, 74465562, 75485691, 76505820, 77525949, 78546078, 79566207, 80586336, 81606465, 82626594, 83646723, 84666852, 85686981, 86707110, 87727239, 88747368, 89767497, 90787626, 91807755, 92827884, 93848013, 94868142, 95888271, 96908400, 97928529, 98948658, 99968787, 100988916, 102009045, 103029174, 104049303, 105069432, 106089561]}