{"incumbents": [-500.0, -294.5, -82.1, -73.3, -73.3, -73.3, -73.3, -73.3, -73.3, -73.3, -73.3, -73.3, -73.3, -73.3, -73.3, -73.3, -73.3, -73.3, -73.3, -73.3, -73.3, -73.3, -73.3, -73.3, -73.3, -73.3, -73.3, -73.3, -73.3, -73.3, -73.3, -73.3, -73.3, -73.3, -73.3, -73.3, -73.3, -73.3, -73.3, -73.3, -73.3, -73.3, -73.3, -73.3, -73.3, -73.3, -73.3, -73.3, -73.3, -73.3, -73.3, -73.3, -73.3, -73.3, -73.3, -73.3, -73.3, -73.3, -73.3, -73.3, -73.3, -73.3, -73.3, -73.3, -73.3, -73.3, -73.3, -73.3, -73.3, -73.3, -73.3, -73.3, -73.3, -73.3, -73.3, -73.3, -73.3, -73.3, -73.3, -73.3, -73.3, -73.3, -73.3, -73.3, -73.3, -73.3, -73.3, -73.3, -73.3, -73.3, -73.3, -73.3, -73.3, -73.3, -73.3, -73.3, -73.3, -73.3, -73.3, -73.3], "wallclock_time_eval": [1964.2819645404816, 3927.0766048431396, 5703.673455715179, 7574.0409615039825, 9658.320531606674, 11563.253274202347, 13683.988149642944, 15483.097305774689, 17701.29329609871, 19871.305225610733, 21779.97086763382, 23618.929656028748, 25479.468163728714, 27516.673011302948, 29404.190903663635, 31493.981952428818, 33526.74301075935, 35288.19334101677, 37177.87842655182, 39183.28710055351, 41402.734600543976, 43205.691922187805, 45351.31529903412, 47140.530725717545, 49332.20145845413, 51433.5347700119, 53412.331615924835, 55462.235852241516, 57552.07948875427, 59554.37362098694, 61441.921253204346, 63470.408007621765, 65337.5468711853, 67384.08990120888], "timesteps_eval": [985129, 1979242, 2963928, 3947948, 4947948, 5943034, 6943034, 7933427, 8933132, 9933132, 10927948, 11916982, 12911995, 13911995, 14907446, 15904042, 16904042, 17889318, 18875540, 19864971, 20864869, 21854482, 22854482, 23842791, 24841270, 25841270, 26841270, 27841270, 28841270, 29841270, 30832696, 31821997, 32815880, 33815880]}