{"incumbents": [155.77989109999996, 155.77989109999996, 188.835648, 188.835648, 188.835648, 188.835648, 188.835648, 188.835648, 188.835648, 188.9513186, 215.1008894, 215.1008894, 215.1008894, 215.1008894, 215.1008894, 215.1008894, 215.1008894, 215.1008894, 215.1008894, 335.3289475, 335.3289475, 335.3289475, 335.3289475, 335.3289475, 335.3289475, 335.3289475, 335.3289475, 335.3289475, 335.3289475, 335.3289475, 335.3289475, 335.3289475, 335.3289475, 335.3289475, 335.3289475, 335.3289475, 335.3289475, 335.3289475, 335.3289475, 335.3289475, 335.3289475, 335.3289475, 335.3289475, 335.3289475, 335.3289475, 335.3289475, 335.3289475, 335.3289475, 335.3289475, 335.3289475, 335.3289475, 335.3289475, 335.3289475, 335.3289475, 335.3289475, 335.3289475, 335.3289475, 335.3289475, 335.3289475, 335.3289475, 335.3289475, 335.3289475, 335.3289475, 335.3289475, 335.3289475, 335.3289475, 335.3289475, 335.3289475, 335.3289475, 335.3289475, 335.3289475, 335.3289475, 335.3289475, 335.3289475, 335.3289475, 335.3289475, 335.3289475, 335.3289475, 335.3289475, 335.3289475, 335.3289475, 335.3289475, 335.3289475, 335.3289475, 335.3289475, 335.3289475, 335.3289475, 335.3289475, 335.3289475, 335.3289475, 335.3289475, 335.3289475, 335.3289475, 335.3289475, 335.3289475, 335.3289475, 335.3289475, 335.3289475, 335.3289475, 335.3289475, 335.3289475, 335.3289475, 335.3289475, 335.3289475], "wallclock_time_eval": [1718.4135344028473, 3436.8270688056946, 5140.038152456284, 6843.249236106873, 8546.460319757462, 10249.67140340805, 11952.88248705864, 13656.093570709229, 15359.304654359818, 17088.527109861374, 19071.52493572235, 21054.52276158333, 23037.520587444305, 25020.518413305283, 27003.51623916626, 28986.514065027237, 30969.511890888214, 32952.50971674919, 34935.50754261017, 36651.20727562904, 38366.90700864792, 40082.606741666794, 41798.30647468567, 43514.006207704544, 45229.70594072342, 46945.405673742294, 48661.10540676117, 50376.805139780045, 52092.50487279892, 53808.204605817795, 55523.90433883667, 57239.604071855545, 58955.30380487442, 60671.003537893295, 62386.70327091217, 64102.403003931046, 65818.10273694992, 67533.8024699688, 69249.50220298767, 70965.20193600655, 72680.90166902542, 74396.6014020443, 76112.30113506317, 77828.00086808205, 79543.70060110092, 81259.4003341198, 82975.10006713867, 84690.79980015755, 86406.49953317642, 88122.1992661953, 89837.89899921417, 91553.59873223305, 93269.29846525192, 94984.9981982708, 96700.69793128967, 98416.39766430855, 100132.09739732742, 101847.7971303463, 103563.49686336517, 105279.19659638405, 106994.89632940292, 108710.5960624218, 110426.29579544067, 112141.99552845955, 113857.69526147842, 115573.3949944973, 117289.09472751617, 119004.79446053505, 120720.49419355392, 122436.1939265728, 124151.89365959167, 125867.59339261055, 127583.29312562943, 129298.9928586483, 131014.69259166718, 132730.39232468605, 134446.09205770493, 136161.7917907238, 137877.49152374268, 139593.19125676155, 141308.89098978043, 143024.5907227993, 144740.29045581818, 146455.99018883705, 148171.68992185593, 149887.3896548748, 151603.08938789368, 153318.78912091255, 155034.48885393143, 156750.1885869503, 158465.88831996918, 160181.58805298805, 161897.28778600693, 163612.9875190258, 165328.68725204468, 167044.38698506355, 168760.08671808243, 170475.7864511013, 172191.48618412018, 173907.18591713905, 175622.88565015793, 177338.5853831768, 179054.28511619568, 180769.98484921455], "timesteps_eval": [995491, 1990982, 2989100, 3987218, 4985336, 5983454, 6981572, 7979690, 8977808, 9974827, 10972034, 11969241, 12966448, 13963655, 14960862, 15958069, 16955276, 17952483, 18949690, 19943480, 20937270, 21931060, 22924850, 23918640, 24912430, 25906220, 26900010, 27893800, 28887590, 29881380, 30875170, 31868960, 32862750, 33856540, 34850330, 35844120, 36837910, 37831700, 38825490, 39819280, 40813070, 41806860, 42800650, 43794440, 44788230, 45782020, 46775810, 47769600, 48763390, 49757180, 50750970, 51744760, 52738550, 53732340, 54726130, 55719920, 56713710, 57707500, 58701290, 59695080, 60688870, 61682660, 62676450, 63670240, 64664030, 65657820, 66651610, 67645400, 68639190, 69632980, 70626770, 71620560, 72614350, 73608140, 74601930, 75595720, 76589510, 77583300, 78577090, 79570880, 80564670, 81558460, 82552250, 83546040, 84539830, 85533620, 86527410, 87521200, 88514990, 89508780, 90502570, 91496360, 92490150, 93483940, 94477730, 95471520, 96465310, 97459100, 98452890, 99446680, 100440470, 101434260, 102428050, 103421840]}