{"incumbents": [24.4, 24.4, 39.4, 39.4, 39.4, 39.4, 39.4, 39.4, 39.4, 39.4, 39.4, 39.4, 39.4, 39.4, 39.4, 39.4, 39.4, 39.4, 39.4, 39.4, 39.4, 39.4, 39.4, 39.4, 39.4, 39.4, 39.4, 39.4, 39.4, 39.4, 39.4, 39.4, 39.4, 39.4, 39.4, 39.4, 39.4, 39.4, 39.4, 39.4, 39.4, 39.4, 39.4, 39.4, 39.4, 39.4, 39.4, 39.4, 39.4, 39.4, 39.4, 39.4, 39.4, 39.4, 39.4, 39.4, 39.4, 39.4, 39.4, 39.4, 39.4, 39.4, 39.4, 39.4, 39.4, 39.4, 39.4, 39.4, 39.4, 39.4, 39.4, 39.4, 39.4, 39.4, 39.4, 39.4, 39.4, 39.4, 39.4, 39.4, 39.4, 39.4, 39.4, 39.4, 39.4, 39.4, 39.4, 39.4, 39.4, 39.4, 39.4, 39.4, 39.4, 39.4, 39.4, 39.4, 39.4, 39.4, 39.4, 39.4], "wallclock_time_eval": [4860.299987316132, 9749.32069516182, 14632.5231590271, 19542.916893959045, 24397.4820625782, 29138.89949464798, 33948.42835831642, 38863.12352204323, 43713.0844502449, 49730.177881002426, 54627.145052194595, 59482.70141649246, 64347.22078824043, 69183.08787512779, 74037.2000079155, 78888.02183461189, 83709.91485118866, 88520.46150183678, 94524.01701974869, 99476.8756787777, 104367.96250319481, 109220.66947031021, 115220.68755841255, 120075.021068573, 124910.35663533211, 129735.52819037437, 134594.87038207054, 139437.48793196678, 144282.7966530323, 150273.32615208626, 155159.29431700706, 161153.33751440048, 166029.10964131355, 170890.47062325478], "timesteps_eval": [943082, 1886164, 2829246, 3772328, 4715410, 5658492, 6601574, 7544656, 8487738, 9430820, 10373902, 11316984, 12260066, 13203148, 14146230, 15089312, 16032394, 16975476, 17918558, 18861640, 19804722, 20747804, 21690886, 22633968, 23577050, 24520132, 25463214, 26406296, 27349378, 28292460, 29235542, 30178624, 31121706, 32064788]}