{"incumbents": [49.9606616, 49.9606616, 49.9606616, 49.9606616, 49.9606616, 49.9606616, 49.9606616, 199.8882375, 199.8882375, 199.8882375, 199.8882375, 199.8882375, 199.8882375, 199.8882375, 199.8882375, 199.8882375, 289.3152599, 289.3152599, 289.3152599, 289.3152599, 289.3152599, 289.3152599, 289.3152599, 289.3152599, 289.3152599, 289.3152599, 289.3152599, 289.3152599, 289.3152599, 289.3152599, 289.3152599, 289.3152599, 351.39085239999997, 351.39085239999997, 351.39085239999997, 351.39085239999997, 351.39085239999997, 351.39085239999997, 351.39085239999997, 351.39085239999997, 351.39085239999997, 351.39085239999997, 351.39085239999997, 351.39085239999997, 351.39085239999997, 351.39085239999997, 351.39085239999997, 351.39085239999997, 351.39085239999997, 351.39085239999997, 351.39085239999997, 351.39085239999997, 351.39085239999997, 351.39085239999997, 351.39085239999997, 351.39085239999997, 351.39085239999997, 351.39085239999997, 351.39085239999997, 351.39085239999997, 351.39085239999997, 351.39085239999997, 351.39085239999997, 351.39085239999997, 351.39085239999997, 351.39085239999997, 351.39085239999997, 351.39085239999997, 351.39085239999997, 351.39085239999997, 351.39085239999997, 351.39085239999997, 351.39085239999997, 351.39085239999997, 351.39085239999997, 351.39085239999997, 351.39085239999997, 351.39085239999997, 351.39085239999997, 351.39085239999997, 351.39085239999997, 351.39085239999997, 351.39085239999997, 351.39085239999997, 351.39085239999997, 351.39085239999997, 351.39085239999997, 351.39085239999997, 351.39085239999997, 351.39085239999997, 351.39085239999997, 351.39085239999997, 351.39085239999997, 351.39085239999997, 351.39085239999997, 351.39085239999997, 351.39085239999997, 351.39085239999997, 351.39085239999997, 351.39085239999997], "wallclock_time_eval": [2116.0479691028595, 4395.802698135376, 6701.90900182724, 9007.772042751312, 11220.268170833588, 13502.465112924576, 15791.095959424973, 18218.133939027786, 20360.913224697113, 22587.156514167786, 24770.456119298935, 26992.453830242157, 29261.85610485077, 31513.888760328293, 33715.97002077103, 36000.03126883507, 38299.75835728645, 40568.585864543915, 42805.98497724533, 45091.10225391388, 47298.023032188416, 49504.07333612442, 51696.94910597801, 54268.899025440216, 56561.2779238224, 58745.876598358154, 60942.82387804985, 63195.100066185, 65354.32089996338, 67591.02397203445, 69827.87529659271, 72046.45472502708, 74372.64542150497, 76672.52587032318], "timesteps_eval": [999136, 1992851, 2991657, 3987313, 4986030, 5984771, 6983635, 7978155, 8977246, 9976221, 10975105, 11972984, 12967278, 13963985, 14962756, 15959148, 16953778, 17949132, 18948263, 19946905, 20945667, 21944454, 22943551, 23927245, 24921012, 25920424, 26918743, 27915862, 28914111, 29912700, 30911195, 31909854, 32905143, 33903942]}