{"incumbents": [669.6, 688.8, 688.8, 688.8, 688.8, 688.8, 688.8, 688.8, 688.8, 1677.8, 1677.8, 1677.8, 1677.8, 1677.8, 1677.8, 1677.8, 1677.8, 1677.8, 1677.8, 1677.8, 1677.8, 1677.8, 1677.8, 1677.8, 1677.8, 1677.8, 1677.8, 1677.8, 1677.8, 1677.8, 1677.8, 1677.8, 1677.8, 1677.8, 1677.8, 1677.8, 1677.8, 1677.8, 1677.8, 1677.8, 1677.8, 1677.8, 1677.8, 1677.8, 1677.8, 1677.8, 1677.8, 1677.8, 1677.8, 1677.8, 1677.8, 1677.8, 1677.8, 1677.8, 1677.8, 1677.8, 1677.8, 1677.8, 1677.8, 1677.8, 1677.8, 1677.8, 1677.8, 1677.8, 1677.8, 1677.8, 1677.8, 1677.8, 1677.8, 1677.8, 1677.8, 1677.8, 1677.8, 1677.8, 1677.8, 1677.8, 1677.8, 1677.8, 1677.8, 1677.8, 1677.8, 1677.8, 1677.8, 1677.8, 1677.8, 1677.8, 1677.8, 1677.8, 1677.8, 1677.8, 1677.8, 1677.8, 1677.8, 1677.8, 1677.8, 1677.8, 1677.8, 1677.8, 1677.8, 1677.8], "wallclock_time_eval": [4930.62380695343, 9387.74109506607, 13869.576486110687, 18312.92671942711, 22771.922815561295, 28266.88586473465, 32692.02807044983, 37115.334414720535, 41568.513496637344, 46001.27018427849, 51473.73129940033, 55935.739641427994, 60415.320147037506, 64911.35627365112, 69370.06981658936, 73529.82199335098, 77980.23258590698, 82298.2080540657, 88757.29224801064, 93223.92859816551, 97237.38684487343, 102655.73427462578, 107520.59816598892, 112543.2201294899, 118094.71483945847, 122949.96431303024, 127200.31733393669, 131642.20595240593, 136460.90627026558, 140925.764149189, 145906.47747564316, 149961.46747159958, 154303.60287189484, 158290.65369725227], "timesteps_eval": [874064, 1799103, 2716996, 3625969, 4500901, 4510830, 5319698, 6130209, 7026784, 7922791, 8742435, 9664076, 10589689, 11489152, 12374949, 13299352, 14209716, 15139794, 15149668, 16075807, 16995927, 17880474, 18809580, 19732649, 20547484, 21416967, 22332980, 23260366, 24128384, 25045655, 25887510, 26811485, 27725436, 28644604]}