{"incumbents": [404.0, 468.0, 2226.0, 3166.0, 3166.0, 3166.0, 3166.0, 3166.0, 3284.0, 3284.0, 3284.0, 3284.0, 3284.0, 3284.0, 3284.0, 3284.0, 3284.0, 3284.0, 3284.0, 3284.0, 3284.0, 3284.0, 3284.0, 3284.0, 3284.0, 3284.0, 3284.0, 3284.0, 3284.0, 3284.0, 3284.0, 3284.0, 3284.0, 3284.0, 3284.0, 3284.0, 3284.0, 3284.0, 3284.0, 3284.0, 3284.0, 3284.0, 3284.0, 3284.0, 3284.0, 3284.0, 3284.0, 3284.0, 3284.0, 3284.0, 3284.0, 3284.0, 3284.0, 3284.0, 3284.0, 3284.0, 3284.0, 3284.0, 3284.0, 3284.0, 3284.0, 3284.0, 3284.0, 3284.0, 3284.0, 3284.0, 3284.0, 3284.0, 3284.0, 3284.0, 3284.0, 3284.0, 3284.0, 3284.0, 3284.0, 3284.0, 3284.0, 3284.0, 3284.0, 3284.0, 3284.0, 3284.0, 3284.0, 3284.0, 3284.0, 3284.0, 3284.0, 3284.0, 3284.0, 3284.0, 3284.0, 3284.0, 3284.0, 3284.0, 3284.0, 3284.0, 3284.0, 3284.0, 3284.0, 3284.0], "wallclock_time_eval": [2673.1927342414856, 6419.213611841202, 9306.620589971542, 12808.730871915817, 15509.16257572174, 18609.304468631744, 21212.32986688614, 24969.953847885132, 28109.324474573135, 30999.106050491333, 33666.1549346447, 41687.39929175377, 45546.08474135399, 48859.69229698181, 51506.9112329483, 54130.04669833183, 56843.445283174515, 59668.46974158287, 63202.81940174103, 65761.4220688343, 69328.47385883331, 72021.55260276794, 74658.94542574883, 77151.68061161041, 80301.62990880013, 83740.80829787254, 86403.03514742851, 89680.17636418343, 92177.00156569481, 94865.70118641853, 97604.77382779121, 100219.4928843975], "timesteps_eval": [965349, 1943856, 2909362, 3845870, 4796198, 5746291, 6692789, 7660667, 8611475, 9541925, 10510124, 11405737, 11918802, 12793077, 13739940, 14695175, 15674620, 16630067, 17605033, 17999170, 18975964, 19837581, 20801411, 21562270, 22504127, 23474468, 24434571, 25369801, 26046665, 27025718, 27909290, 28858564]}