{"incumbents": [399.3034816999999, 399.3034816999999, 399.3034816999999, 399.3034816999999, 399.3034816999999, 504.71589800000004, 504.71589800000004, 504.71589800000004, 504.71589800000004, 504.71589800000004, 529.2704501000001, 529.2704501000001, 529.2704501000001, 529.2704501000001, 529.2704501000001, 529.2704501000001, 529.2704501000001, 529.2704501000001, 529.2704501000001, 529.2704501000001, 529.2704501000001, 529.2704501000001, 529.2704501000001, 529.2704501000001, 529.2704501000001, 529.2704501000001, 529.2704501000001, 529.2704501000001, 529.2704501000001, 529.2704501000001, 529.2704501000001, 529.2704501000001, 529.2704501000001, 529.2704501000001, 529.2704501000001, 529.2704501000001, 529.2704501000001, 529.2704501000001, 529.2704501000001, 529.2704501000001, 529.2704501000001, 529.2704501000001, 529.2704501000001, 529.2704501000001, 529.2704501000001, 529.2704501000001, 529.2704501000001, 529.2704501000001, 529.2704501000001, 529.2704501000001, 529.2704501000001, 529.2704501000001, 529.2704501000001, 529.2704501000001, 529.2704501000001, 529.2704501000001, 529.2704501000001, 529.2704501000001, 529.2704501000001, 529.2704501000001, 529.2704501000001, 529.2704501000001, 529.2704501000001, 529.2704501000001, 529.2704501000001, 529.2704501000001, 529.2704501000001, 529.2704501000001, 529.2704501000001, 529.2704501000001, 529.2704501000001, 529.2704501000001, 529.2704501000001, 529.2704501000001, 529.2704501000001, 529.2704501000001, 529.2704501000001, 529.2704501000001, 529.2704501000001, 529.2704501000001, 529.2704501000001, 529.2704501000001, 529.2704501000001, 529.2704501000001, 529.2704501000001, 529.2704501000001, 529.2704501000001, 529.2704501000001, 529.2704501000001, 529.2704501000001, 529.2704501000001, 529.2704501000001, 529.2704501000001, 529.2704501000001, 529.2704501000001, 529.2704501000001, 529.2704501000001, 529.2704501000001, 529.2704501000001, 529.2704501000001], "wallclock_time_eval": [2221.8282475471497, 4439.091977119446, 6846.351922750473, 9163.170234918594, 11416.149653434753, 13921.52857708931, 16125.230390548706, 18295.625592708588, 20665.465281248093, 23113.085537433624, 25405.817118644714, 27734.5000269413, 30002.636400699615, 32336.488632440567, 34664.48901605606, 36943.23468208313, 39248.303968429565, 41477.61169052124, 43692.89013814926, 45915.29175519943, 48141.13657331467, 50445.067162275314, 52650.14690542221, 54988.82319140434, 57292.18244242668, 59641.79321336746, 61951.01908659935, 64299.14597249031, 66464.06924772263, 68771.11118364334, 70984.29272508621, 73342.16213202477, 75687.93693971634, 77905.49869179726], "timesteps_eval": [1023156, 2044664, 3065649, 4086573, 5107262, 6126758, 7149403, 8172248, 9192765, 10213258, 11233976, 12254782, 13276283, 14297513, 15317662, 16338881, 17359904, 18382730, 19405082, 20427557, 21450642, 22471867, 23494980, 24514889, 25536031, 26558726, 27579349, 28600788, 29624039, 30644748, 31667730, 32688064, 33709379, 34732630]}