{"incumbents": [-43.630322899999996, 1000.5613451000002, 1000.5613451000002, 1000.5613451000002, 1000.5613451000002, 1000.5613451000002, 1000.5613451000002, 1000.5613451000002, 1000.5613451000002, 1000.5613451000002, 1000.5613451000002, 1000.5613451000002, 1001.1255573000001, 1001.1255573000001, 1001.1255573000001, 1001.1255573000001, 2119.7229579000004, 2119.7229579000004, 2119.7229579000004, 2119.7229579000004, 2119.7229579000004, 2119.7229579000004, 2119.7229579000004, 2119.7229579000004, 2119.7229579000004, 2119.7229579000004, 2119.7229579000004, 2119.7229579000004, 2119.7229579000004, 2119.7229579000004, 2119.7229579000004, 2119.7229579000004, 2119.7229579000004, 2119.7229579000004, 2119.7229579000004, 2119.7229579000004, 2119.7229579000004, 2119.7229579000004, 2119.7229579000004, 2119.7229579000004, 2119.7229579000004, 2119.7229579000004, 2119.7229579000004, 2119.7229579000004, 2119.7229579000004, 2119.7229579000004, 2119.7229579000004, 2119.7229579000004, 2119.7229579000004, 2119.7229579000004, 2119.7229579000004, 2119.7229579000004, 2119.7229579000004, 2119.7229579000004, 2119.7229579000004, 2119.7229579000004, 2119.7229579000004, 2119.7229579000004, 2119.7229579000004, 2119.7229579000004, 2119.7229579000004, 2119.7229579000004, 2119.7229579000004, 2119.7229579000004, 2119.7229579000004, 2119.7229579000004, 2119.7229579000004, 2119.7229579000004, 2119.7229579000004, 2119.7229579000004, 2119.7229579000004, 2119.7229579000004, 2119.7229579000004, 2119.7229579000004, 2119.7229579000004, 2119.7229579000004, 2119.7229579000004, 2119.7229579000004, 2119.7229579000004, 2119.7229579000004, 2119.7229579000004, 2119.7229579000004, 2119.7229579000004, 2119.7229579000004, 2119.7229579000004, 2119.7229579000004, 2119.7229579000004, 2119.7229579000004, 2119.7229579000004, 2119.7229579000004, 2119.7229579000004, 2119.7229579000004, 2119.7229579000004, 2119.7229579000004, 2119.7229579000004, 2119.7229579000004, 2119.7229579000004, 2119.7229579000004, 2119.7229579000004, 2119.7229579000004], "wallclock_time_eval": [2075.5715234279633, 5004.624714136124, 7109.982081413269, 9185.553604841232, 12141.33602809906, 14952.641656637192, 17333.796600818634, 19967.35655617714, 22148.528975486755, 25038.955938577652, 27406.170216321945, 29526.97935938835, 32472.289838075638, 35241.050711393356, 38185.923209667206, 40249.80966472626, 43084.36477088928, 45204.26344060898, 48093.60331916809, 50220.86426496506, 53172.02350783348, 56100.12110543251, 58908.42974996567, 61799.642983436584, 63894.87259340286, 66795.68154931068, 69724.79688930511, 71839.77391505241, 73926.90703821182, 76036.17855381966, 78942.55919218063, 81026.70325160027, 83097.955722332, 85475.4426856041], "timesteps_eval": [1018121, 2009445, 3020422, 4038543, 5029935, 6012325, 7001175, 7987008, 8990334, 9974991, 10970113, 11983105, 12971092, 13956858, 14937287, 15960090, 16946013, 17956625, 18947949, 19959449, 20947436, 21935423, 22918528, 23912013, 24921084, 25915027, 26908512, 27908332, 28924388, 29942555, 30936627, 31957413, 32979617, 33974248]}