{"incumbents": [-1.0, -1.0, -1.0, -1.0, -1.0, -1.0, -1.0, -1.0, -1.0, -1.0, -1.0, -1.0, -1.0, -1.0, -1.0, -1.0, -1.0, -1.0, -1.0, -1.0, -1.0, -1.0, -1.0, -1.0, -1.0, -1.0, -1.0, -1.0, -1.0, -1.0, -1.0, -1.0, -1.0, -1.0, -1.0, -1.0, -1.0, -1.0, -1.0, -1.0, -1.0, -1.0, -1.0, -1.0, -1.0, -1.0, -1.0, -1.0, -1.0, -1.0, -1.0, -1.0, -1.0, -1.0, -1.0, -1.0, -1.0, -1.0, -1.0, -1.0, -1.0, -1.0, -1.0, -1.0, -1.0, -1.0, -1.0, -1.0, -1.0, -1.0, -1.0, -1.0, -1.0, -1.0, -1.0, -1.0, -1.0, -1.0, -1.0, -1.0, -1.0, -1.0, -1.0, -1.0, -1.0, -1.0, -1.0, -1.0, -1.0, -1.0, -1.0, -1.0, -1.0, -1.0, -1.0, -1.0, -1.0, -1.0, -1.0, -1.0], "wallclock_time_eval": [11786.064266681671, 23473.31834959984, 35268.8449754715, 47178.56602144241, 58950.29625082016, 71371.97135853767, 83171.58853030205, 95646.16371846199, 107459.6007976532, 119461.70787167549, 131352.00234246254, 143084.38934350014, 154904.56500172615, 166753.9580054283, 178534.6142141819, 190288.6131772995, 202009.79314947128, 213729.29250502586, 225523.12260890007, 237309.3836224079, 245192.31937980652, 256933.59813308716, 269694.8132812977, 281499.6742694378, 293393.2048828602, 305277.16626644135, 317203.5213062763, 329016.5377140045, 340885.7498779297, 352723.69625139236, 364458.9362721443, 375458.1456668377, 387504.56976509094, 399034.8329606056], "timesteps_eval": [760119, 1456964, 2159499, 2931036, 3689152, 3924452, 4624694, 5826770, 6519382, 7268490, 7963447, 8753362, 9508753, 10269276, 10968735, 11672398, 12382009, 13121550, 13851735, 14595859, 15453234, 16150405, 16293304, 16993144, 17742705, 18019270, 18786613, 19496436, 20252865, 20950596, 21692700, 22408221, 23171505, 23884717]}