{"incumbents": [4.1, 5.2, 5.2, 5.2, 5.2, 5.2, 5.2, 5.2, 5.2, 5.2, 5.2, 5.2, 5.2, 11.2, 11.2, 11.2, 11.2, 11.2, 11.2, 11.2, 11.2, 11.2, 11.2, 11.2, 11.2, 11.2, 11.2, 11.2, 11.2, 11.2, 11.2, 11.2, 11.2, 11.2, 11.2, 11.2, 11.2, 11.2, 11.2, 11.2, 11.2, 11.2, 11.2, 11.2, 11.2, 11.2, 11.2, 11.2, 11.2, 11.2, 11.2, 11.2, 11.2, 11.2, 11.2, 11.2, 11.2, 11.2, 11.2, 11.2, 11.2, 11.2, 11.2, 11.2, 11.2, 11.2, 11.2, 11.2, 11.2, 11.2, 11.2, 11.2, 11.2, 11.2, 11.2, 11.2, 11.2, 11.2, 11.2, 11.2, 11.2, 11.2, 11.2, 11.2, 11.2, 11.2, 11.2, 11.2, 11.2, 11.2, 11.2, 11.2, 11.2, 11.2, 11.2, 11.2, 11.2, 11.2, 11.2, 11.2], "wallclock_time_eval": [3384.0985100269318, 6833.632469892502, 11177.104997873306, 14651.71686911583, 18157.127027988434, 21606.13678598404, 25972.545222997665, 29442.19136619568, 32882.0797996521, 36319.22835111618, 39828.01817750931, 44204.07139110565, 47674.63729143143, 50974.40546274185, 54429.57996082306, 57739.98872613907, 61201.16231441498, 64719.35500693321, 68378.81410551071, 71676.25814294815, 75220.83842658997, 78528.21935153008, 82946.85940527916, 86399.93820810318, 90810.98940777779, 94472.45906543732, 97737.40561079979, 101269.64597010612, 104725.67349290848, 109104.85421228409, 113511.01726436615, 116802.92832422256, 121198.72582769394, 124713.44763064384], "timesteps_eval": [990029, 1982230, 2974612, 3967106, 4959942, 5949707, 6943057, 7938344, 8930336, 9920046, 10913770, 11907008, 12899849, 13885548, 14878306, 15864413, 16856954, 17850327, 18845826, 19832334, 20825322, 21812246, 22801955, 23791649, 24782860, 25779072, 26764904, 27757072, 28749168, 29742765, 30734907, 31719558, 32711167, 33704874]}