{"incumbents": [148.0, 552.0, 612.0, 612.0, 951.0, 951.0, 951.0, 951.0, 951.0, 951.0, 951.0, 951.0, 951.0, 951.0, 951.0, 951.0, 951.0, 951.0, 951.0, 951.0, 951.0, 951.0, 951.0, 951.0, 951.0, 951.0, 951.0, 951.0, 951.0, 951.0, 951.0, 951.0, 951.0, 951.0, 951.0, 951.0, 951.0, 951.0, 951.0, 951.0, 951.0, 951.0, 951.0, 951.0, 951.0, 951.0, 951.0, 951.0, 951.0, 951.0, 951.0, 951.0, 951.0, 951.0, 951.0, 951.0, 951.0, 951.0, 951.0, 951.0, 951.0, 951.0, 951.0, 951.0, 951.0, 951.0, 951.0, 951.0, 951.0, 951.0, 951.0, 951.0, 951.0, 951.0, 951.0, 951.0, 951.0, 951.0, 951.0, 951.0, 951.0, 951.0, 951.0, 951.0, 951.0, 951.0, 951.0, 951.0, 951.0, 951.0, 951.0, 951.0, 951.0, 951.0, 951.0, 951.0, 951.0, 951.0, 951.0, 951.0], "wallclock_time_eval": [5689.108203172684, 11891.010740995407, 17387.7755818367, 22822.330582857132, 28339.95779776573, 34048.74845457077, 39641.73070311546, 45082.66954231262, 50684.91596245766, 56211.293897628784, 61762.28368616104, 67253.52285504341, 72756.49862027168, 78235.18480968475, 83781.47703051567, 89425.94999265671, 94862.26098680496, 100266.87481856346, 105901.19527125359, 111389.85719370842, 116807.65932869911, 122212.74952316284, 127703.66387438774, 133174.17852592468, 138678.37130475044, 144270.74720788002, 149831.21558976173, 155319.94312357903, 160891.7067477703, 166371.03803181648, 171919.31112670898, 177595.2379243374, 183057.30791854858, 188370.5179824829], "timesteps_eval": [1619567, 3199375, 4795274, 6408379, 8006723, 9629067, 11224543, 12832459, 14447999, 16047344, 17637321, 19232196, 20825905, 22441590, 24056736, 25673313, 27273897, 28875156, 30496323, 32103655, 33718795, 35336153, 36954055, 38564412, 40164741, 41764660, 43361695, 44973879, 46571269, 48180826, 49779224, 51400526, 52996470, 54602347]}