{"incumbents": [-21.636375800000003, 1000.6073750000002, 1000.6073750000002, 1000.6073750000002, 1000.6073750000002, 1000.6073750000002, 1000.6073750000002, 1000.6073750000002, 1000.6073750000002, 1000.6073750000002, 1058.6974746, 1058.6974746, 1058.6974746, 1058.6974746, 1058.6974746, 1058.6974746, 1058.6974746, 1058.6974746, 1058.6974746, 1147.3332690999998, 1147.3332690999998, 1147.3332690999998, 1147.3332690999998, 1270.3019065, 1270.3019065, 1270.3019065, 1270.3019065, 1270.3019065, 1270.3019065, 1270.3019065, 1270.3019065, 1270.3019065, 1270.3019065, 1270.3019065, 1270.3019065, 1270.3019065, 1270.3019065, 1270.3019065, 1270.3019065, 1270.3019065, 1270.3019065, 1270.3019065, 1270.3019065, 1270.3019065, 1270.3019065, 1270.3019065, 1270.3019065, 1270.3019065, 1270.3019065, 1270.3019065, 1270.3019065, 1270.3019065, 1651.9846459, 1651.9846459, 1651.9846459, 1651.9846459, 1651.9846459, 1651.9846459, 1651.9846459, 1651.9846459, 1651.9846459, 1651.9846459, 1651.9846459, 1651.9846459, 1651.9846459, 1651.9846459, 1651.9846459, 1651.9846459, 2195.8981560999996, 2195.8981560999996, 2195.8981560999996, 2195.8981560999996, 2195.8981560999996, 2195.8981560999996, 2195.8981560999996, 2195.8981560999996, 2195.8981560999996, 2195.8981560999996, 2195.8981560999996, 2195.8981560999996, 2195.8981560999996, 2195.8981560999996, 2195.8981560999996, 2195.8981560999996, 2195.8981560999996, 2195.8981560999996, 2195.8981560999996, 2195.8981560999996, 2195.8981560999996, 2195.8981560999996, 2195.8981560999996, 2195.8981560999996, 2195.8981560999996, 2195.8981560999996, 2195.8981560999996, 2195.8981560999996, 2195.8981560999996, 2195.8981560999996, 2195.8981560999996, 2195.8981560999996, 2195.8981560999996, 2195.8981560999996], "wallclock_time_eval": [2168.945720911026, 4951.142851114273, 7733.33998131752, 10515.537111520767, 13297.734241724014, 16079.931371927261, 18862.12850213051, 21644.325632333755, 24426.522762537003, 27208.71989274025, 30341.77112388611, 33474.82235503197, 36607.873586177826, 39740.924817323685, 42873.97604846954, 46007.0272796154, 49140.07851076126, 52273.12974190712, 55406.18097305298, 57894.77802491188, 60383.37507677078, 62871.972128629684, 65360.56918048859, 67972.9884736538, 70585.407766819, 73197.8270599842, 75810.24635314941, 78422.66564631462, 81035.08493947983, 83647.50423264503, 86259.92352581024, 88872.34281897545, 91484.76211214066, 94097.18140530586, 96709.60069847107, 99322.01999163628, 101934.43928480148, 104546.85857796669, 107159.2778711319, 109771.6971642971, 112384.11645746231, 114996.53575062752, 117608.95504379272, 120221.37433695793, 122833.79363012314, 125446.21292328835, 128058.63221645355, 130671.05150961876, 133283.47080278397, 135895.89009594917, 138508.30938911438, 141120.7286822796, 143833.43583488464, 146546.1429874897, 149258.85014009476, 151971.5572926998, 154684.26444530487, 157396.97159790993, 160109.67875051498, 162822.38590312004, 165535.0930557251, 168247.80020833015, 170960.5073609352, 173673.21451354027, 176385.92166614532, 179098.62881875038, 181811.33597135544, 184524.0431239605, 187121.66256713867, 189719.28201031685, 192316.90145349503, 194914.5208966732, 197512.14033985138, 200109.75978302956, 202707.37922620773, 205304.9986693859, 207902.6181125641, 210500.23755574226, 213097.85699892044, 215695.47644209862, 218293.0958852768, 220890.71532845497, 223488.33477163315, 226085.95421481133, 228683.5736579895, 231281.19310116768, 233878.81254434586, 236476.43198752403, 239074.0514307022, 241671.6708738804, 244269.29031705856, 246866.90976023674, 249464.52920341492, 252062.1486465931, 254659.76808977127, 257257.38753294945, 259855.00697612762, 262452.6264193058, 265050.245862484, 267647.86530566216, 270245.48474884033, 272843.1041920185], "timesteps_eval": [1012235, 2004299, 2996363, 3988427, 4980491, 5972555, 6964619, 7956683, 8948747, 9940811, 10922750, 11904689, 12886628, 13868567, 14850506, 15832445, 16814384, 17796323, 18778262, 19763270, 20748278, 21733286, 22718294, 23696453, 24674612, 25652771, 26630930, 27609089, 28587248, 29565407, 30543566, 31521725, 32499884, 33478043, 34456202, 35434361, 36412520, 37390679, 38368838, 39346997, 40325156, 41303315, 42281474, 43259633, 44237792, 45215951, 46194110, 47172269, 48150428, 49128587, 50106746, 51084905, 52069480, 53054055, 54038630, 55023205, 56007780, 56992355, 57976930, 58961505, 59946080, 60930655, 61915230, 62899805, 63884380, 64868955, 65853530, 66838105, 67821517, 68804929, 69788341, 70771753, 71755165, 72738577, 73721989, 74705401, 75688813, 76672225, 77655637, 78639049, 79622461, 80605873, 81589285, 82572697, 83556109, 84539521, 85522933, 86506345, 87489757, 88473169, 89456581, 90439993, 91423405, 92406817, 93390229, 94373641, 95357053, 96340465, 97323877, 98307289, 99290701, 100274113]}