{"incumbents": [-30000.0, -30000.0, -30000.0, -30000.0, -30000.0, -30000.0, -9013.0, -9013.0, -9013.0, -9013.0, -9013.0, -9013.0, -9013.0, -9013.0, -9013.0, -9013.0, -9013.0, -9013.0, -9013.0, -9013.0, -9013.0, -9013.0, -9013.0, -9013.0, -9013.0, -9013.0, -9013.0, -9013.0, -9013.0, -9013.0, -9013.0, -9013.0, -9013.0, -9013.0, -9013.0, -9013.0, -9013.0, -9013.0, -9013.0, -9013.0, -9013.0, -9013.0, -9013.0, -9013.0, -9013.0, -9013.0, -9013.0, -9013.0, -9013.0, -9013.0, -9013.0, -9013.0, -9013.0, -9013.0, -9013.0, -9013.0, -9013.0, -9013.0, -9013.0, -9013.0, -9013.0, -9013.0, -9013.0, -9013.0, -9013.0, -9013.0, -9013.0, -9013.0, -9013.0, -9013.0, -9013.0, -9013.0, -9013.0, -9013.0, -9013.0, -9013.0, -9013.0, -9013.0, -9013.0, -9013.0, -9013.0, -9013.0, -9013.0, -9013.0, -9013.0, -9013.0, -9013.0, -9013.0, -9013.0, -9013.0, -9013.0, -9013.0, -9013.0, -9013.0, -9013.0, -9013.0, -9013.0, -9013.0, -9013.0, -9013.0], "wallclock_time_eval": [7997.190201997757, 14327.761612653732, 22324.95181465149, 29606.3112885952, 35937.49526762962, 40671.604806900024, 45757.024205207825, 53822.14601588249, 61753.98536324501, 67320.49839496613, 73620.53389501572, 81618.44147181511, 84970.44983816147, 89448.28093147278, 97516.4377861023, 105452.19724798203, 113432.57985854149, 119712.4476184845, 127652.7390294075, 133623.10794234276, 138419.97438073158, 144817.2040863037, 152723.62568831444, 159013.76782655716, 163940.31864356995, 171966.72975420952, 178249.39704728127, 186300.20887994766, 192320.68310642242, 197424.01847195625, 205320.83573555946, 213261.10927653313, 221267.63208460808, 227613.14157485962], "timesteps_eval": [9000, 287266, 296266, 305266, 314266, 947102, 956898, 965898, 974898, 1601555, 1907831, 1916831, 2698368, 3513989, 3522989, 3531989, 3540989, 3785358, 3794358, 4033184, 4739704, 5025775, 5034775, 5420649, 6091721, 6100721, 6881646, 6890646, 7212921, 7222779, 7231779, 7240779, 7249779, 7451031]}