{"incumbents": [30.0, 30.0, 50.0, 50.0, 50.0, 50.0, 50.0, 50.0, 54.0, 54.0, 54.0, 54.0, 54.0, 54.0, 54.0, 54.0, 54.0, 54.0, 54.0, 54.0, 54.0, 54.0, 54.0, 54.0, 54.0, 54.0, 54.0, 54.0, 54.0, 54.0, 54.0, 54.0, 54.0, 54.0, 54.0, 54.0, 54.0, 54.0, 54.0, 54.0, 54.0, 54.0, 54.0, 54.0, 54.0, 54.0, 54.0, 54.0, 54.0, 54.0, 54.0, 54.0, 54.0, 54.0, 54.0, 54.0, 54.0, 54.0, 54.0, 54.0, 54.0, 54.0, 54.0, 54.0, 54.0, 54.0, 54.0, 54.0, 54.0, 54.0, 54.0, 54.0, 54.0, 54.0, 54.0, 54.0, 54.0, 54.0, 54.0, 54.0, 54.0, 54.0, 54.0, 54.0, 54.0, 54.0, 54.0, 54.0, 54.0, 54.0, 54.0, 54.0, 54.0, 54.0, 54.0, 54.0, 54.0, 54.0, 54.0, 54.0], "wallclock_time_eval": [5817.026581764221, 13107.80322098732, 20225.532383918762, 26033.392098903656, 35013.26229643822, 41433.08063364029, 47609.202402830124, 56403.61561512947, 63228.68176102638, 70746.19351673126, 78631.46858382225, 85188.0687379837, 93828.30244708061, 100734.38629031181, 109484.35202789307, 118322.641664505, 131615.97113347054, 137540.5386722088, 146622.35063290596, 153592.4784400463, 159411.90174341202, 165904.53602576256, 174067.66529631615, 180352.02014183998, 186126.01085996628, 194952.85759568214, 203833.9933464527, 209701.29272127151, 215583.99705195427, 221340.5302426815, 227775.38927841187, 235171.665350914, 243776.24273204803, 250923.1001868248], "timesteps_eval": [1139773, 2287490, 3424399, 4917264, 6136834, 7512057, 8651247, 9817983, 10957167, 12107112, 13268230, 14359022, 15514135, 16860868, 18006232, 19151511, 20330174, 21467216, 22594669, 23743801, 24878677, 26016564, 27144483, 28293428, 29814207, 30947047, 32109927, 33329288, 34467945, 35826146, 37224211, 38362308, 39522962, 40642957]}