{"incumbents": [0.0, 0.0, 0.0, 30.0, 30.0, 32.7, 32.7, 32.7, 32.7, 45.9, 45.9, 45.9, 45.9, 45.9, 45.9, 45.9, 45.9, 45.9, 45.9, 45.9, 45.9, 45.9, 45.9, 45.9, 45.9, 45.9, 45.9, 45.9, 45.9, 45.9, 45.9, 45.9, 45.9, 45.9, 45.9, 45.9, 45.9, 45.9, 45.9, 45.9, 45.9, 45.9, 45.9, 45.9, 45.9, 45.9, 45.9, 45.9, 45.9, 45.9, 45.9, 45.9, 45.9, 45.9, 45.9, 45.9, 45.9, 45.9, 45.9, 45.9, 45.9, 45.9, 45.9, 45.9, 45.9, 45.9, 45.9, 45.9, 45.9, 45.9, 45.9, 45.9, 45.9, 45.9, 45.9, 45.9, 45.9, 45.9, 45.9, 45.9, 45.9, 45.9, 45.9, 45.9, 45.9, 45.9, 45.9, 45.9, 45.9, 45.9, 45.9, 45.9, 45.9, 45.9, 45.9, 45.9, 45.9, 45.9, 45.9, 45.9], "wallclock_time_eval": [8432.426950454712, 14333.386751413345, 20753.205088615417, 26677.77262735367, 32371.21284222603, 39830.20563006401, 50640.048941612244, 56361.22320604324, 62796.323957681656, 68996.42165327072, 74804.28136825562, 80751.73440480232, 89398.80273985863, 96956.5132265091, 104103.37068128586, 112853.33641886711, 118736.51028728485, 125407.92315196991, 133771.98279166222, 140865.34705018997, 147063.62753415108, 153774.28390431404, 159751.45775794983, 168632.5935087204, 174874.51392745972, 180688.36366415024, 189668.2338616848, 197326.22257184982, 203299.33474087715, 211162.53259444237, 219939.96654605865, 225807.26592087746, 232724.820581913, 241294.7519083023, 248812.2636640072, 257491.293299675, 263949.8678114414, 273677.3540906906], "timesteps_eval": [1270154, 2636405, 4011628, 5148670, 6585618, 7718242, 8852622, 10361489, 11515703, 12654356, 14147221, 15700670, 16856125, 18002738, 19122733, 20268097, 21708538, 22860816, 24050717, 25193973, 26324270, 27456426, 28913959, 30076839, 31406471, 32874536, 34094106, 35234629, 36581740, 37723355, 38779127, 39998488, 41140060, 42317152, 43467097, 44630078, 45776635, 46943815]}