{"incumbents": [226.1662032, 226.1662032, 234.2889166, 310.38973640000006, 310.38973640000006, 310.38973640000006, 310.38973640000006, 310.38973640000006, 310.38973640000006, 310.38973640000006, 310.38973640000006, 310.38973640000006, 310.38973640000006, 382.8241764, 382.8241764, 382.8241764, 382.8241764, 382.8241764, 382.8241764, 384.0149729, 384.0149729, 384.0149729, 384.0149729, 384.0149729, 384.0149729, 384.0149729, 384.0149729, 384.0149729, 384.0149729, 384.0149729, 384.0149729, 384.0149729, 384.0149729, 384.0149729, 384.0149729, 384.0149729, 384.0149729, 384.0149729, 384.0149729, 384.0149729, 384.0149729, 384.0149729, 384.0149729, 384.0149729, 384.0149729, 384.0149729, 384.0149729, 384.0149729, 384.0149729, 384.0149729, 384.0149729, 384.0149729, 384.0149729, 384.0149729, 384.0149729, 384.0149729, 384.0149729, 384.0149729, 384.0149729, 384.0149729, 384.0149729, 384.0149729, 384.0149729, 384.0149729, 384.0149729, 384.0149729, 384.0149729, 384.0149729, 384.0149729, 384.0149729, 384.0149729, 384.0149729, 384.0149729, 384.0149729, 384.0149729, 384.0149729, 384.0149729, 384.0149729, 384.0149729, 384.0149729, 384.0149729, 384.0149729, 384.0149729, 384.0149729, 384.0149729, 384.0149729, 384.0149729, 384.0149729, 384.0149729, 384.0149729, 384.0149729, 384.0149729, 384.0149729, 384.0149729, 384.0149729, 384.0149729, 384.0149729, 384.0149729, 384.0149729, 384.0149729], "wallclock_time_eval": [2695.7601280212402, 5249.324383020401, 7843.448024272919, 10496.057539224625, 13235.761168956757, 15784.772826194763, 18459.70129084587, 21129.845762729645, 23664.985054969788, 26439.238267421722, 29111.232592344284, 31755.339329004288, 34376.45008301735, 37028.371839523315, 39717.64958643913, 42252.5402636528, 44880.60329723358, 47459.69514012337, 50120.62699389458, 52791.47068786621, 55390.238260746, 57980.609018325806, 60542.64447116852, 63154.18016767502, 66041.48651766777, 68663.77822732925, 71328.79133915901, 74022.92175340652, 76589.50520086288, 79178.59443736076, 81886.10853433609, 84758.75000619888, 87362.80604171753, 90039.57402443886], "timesteps_eval": [998270, 1997083, 2995737, 3992489, 4990061, 5988750, 6987120, 7985633, 8984330, 9981777, 10980318, 11978972, 12977929, 13974432, 14971616, 15970285, 16969169, 17967929, 18964600, 19961294, 20959573, 21958518, 22957227, 23954995, 24952634, 25951710, 26949921, 27946589, 28945294, 29944063, 30941689, 31939940, 32938622, 33937313]}