{"incumbents": [443.8848231, 443.8848231, 443.8848231, 443.8848231, 443.8848231, 443.8848231, 443.8848231, 443.8848231, 443.8848231, 443.8848231, 443.8848231, 479.72013200000004, 479.72013200000004, 479.72013200000004, 479.72013200000004, 479.72013200000004, 479.72013200000004, 479.72013200000004, 479.72013200000004, 479.72013200000004, 479.72013200000004, 479.72013200000004, 479.72013200000004, 479.72013200000004, 479.72013200000004, 479.72013200000004, 479.72013200000004, 479.72013200000004, 479.72013200000004, 483.39699010000004, 483.39699010000004, 483.39699010000004, 483.39699010000004, 483.39699010000004, 483.39699010000004, 483.39699010000004, 483.39699010000004, 483.39699010000004, 483.39699010000004, 483.39699010000004, 483.39699010000004, 483.39699010000004, 483.39699010000004, 483.39699010000004, 483.39699010000004, 483.39699010000004, 483.39699010000004, 483.39699010000004, 483.39699010000004, 483.39699010000004, 483.39699010000004, 483.39699010000004, 483.39699010000004, 483.39699010000004, 483.39699010000004, 483.39699010000004, 483.39699010000004, 483.39699010000004, 483.39699010000004, 483.39699010000004, 483.39699010000004, 483.39699010000004, 483.39699010000004, 483.39699010000004, 483.39699010000004, 483.39699010000004, 483.39699010000004, 483.39699010000004, 483.39699010000004, 483.39699010000004, 483.39699010000004, 483.39699010000004, 483.39699010000004, 483.39699010000004, 483.39699010000004, 483.39699010000004, 483.39699010000004, 483.39699010000004, 483.39699010000004, 483.39699010000004, 483.39699010000004, 483.39699010000004, 483.39699010000004, 483.39699010000004, 483.39699010000004, 483.39699010000004, 483.39699010000004, 483.39699010000004, 483.39699010000004, 483.39699010000004, 483.39699010000004, 483.39699010000004, 483.39699010000004, 483.39699010000004, 483.39699010000004, 483.39699010000004, 483.39699010000004, 483.39699010000004, 483.39699010000004, 483.39699010000004], "wallclock_time_eval": [2241.218794107437, 4569.786516904831, 6837.907135248184, 9113.127618312836, 11441.415904521942, 13718.607987642288, 15874.220134496689, 18168.679703235626, 20314.28690123558, 22657.91801714897, 24974.432680606842, 27300.400638580322, 29523.023562669754, 31983.854833126068, 34296.67605304718, 36490.57766747475, 38689.74263548851, 40895.10816502571, 43084.633056640625, 45319.626614809036, 47517.054381370544, 49792.285900354385, 51956.910234212875, 54222.39942407608, 56530.96804332733, 58758.81271600723, 61020.40660762787, 63546.77827382088, 65890.10453081131, 68243.7099814415, 70484.7616276741, 72654.32329106331, 74874.21790409088, 77204.44875240326], "timesteps_eval": [1022105, 2042650, 3063591, 4084716, 5105025, 6125711, 7148184, 8168488, 9191172, 10211086, 11232566, 12252373, 13274548, 14295064, 15316311, 16338936, 17360804, 18383163, 19405031, 20427721, 21449859, 22471146, 23493534, 24515052, 25535578, 26556691, 27577970, 28598733, 29619434, 30639514, 31660512, 32683101, 33705388, 34725759]}