{"incumbents": [2453.0, 2453.0, 2453.0, 2453.0, 2495.0, 2846.0, 2846.0, 2846.0, 2846.0, 2846.0, 2846.0, 2846.0, 2846.0, 2846.0, 2846.0, 3021.0, 3021.0, 3021.0, 3021.0, 3021.0, 3021.0, 3021.0, 3021.0, 3021.0, 3021.0, 3021.0, 4297.0, 4297.0, 4297.0, 4297.0, 4297.0, 4297.0, 4297.0, 4297.0, 4297.0, 4297.0, 4297.0, 4297.0, 4297.0, 4297.0, 4297.0, 4297.0, 4297.0, 4297.0, 4297.0, 4297.0, 4297.0, 4297.0, 4297.0, 4297.0, 4297.0, 4297.0, 4297.0, 4297.0, 4297.0, 4297.0, 4297.0, 4297.0, 4297.0, 4297.0, 4297.0, 4297.0, 4297.0, 4297.0, 4297.0, 4297.0, 4297.0, 4297.0, 4297.0, 4297.0, 4297.0, 4297.0, 4297.0, 4297.0, 4297.0, 4297.0, 4297.0, 4297.0, 4297.0, 4297.0, 4297.0, 4297.0, 4297.0, 4297.0, 4297.0, 4297.0, 4297.0, 4297.0, 4297.0, 4297.0, 4297.0, 4297.0, 4297.0, 4297.0, 4297.0, 4297.0, 4297.0, 4297.0, 4297.0, 4297.0], "wallclock_time_eval": [3539.361303329468, 6819.516600847244, 10266.953623056412, 13657.28584241867, 17168.447348356247, 20662.703481197357, 23936.29036951065, 27411.387394189835, 30889.92530274391, 34287.64131760597, 37575.232407808304, 41062.96487045288, 44443.30155754089, 47868.362021923065, 51137.98627400398, 54620.5399415493, 58280.36034870148, 61694.48115515709, 65151.26477885246, 68419.41504859924, 71924.2648897171, 75297.55719995499, 78755.41335201263, 82204.21089196205, 85672.5479888916, 89096.06328201294, 92767.58812713623, 96366.17418003082, 99795.76750516891, 103510.16528010368, 106975.27456831932, 110281.27207446098, 113648.78476548195, 117110.79219651222], "timesteps_eval": [979727, 1963016, 2958133, 3945192, 4925132, 5905362, 6890190, 7882724, 8864391, 9845979, 10832273, 11814895, 12803867, 13799653, 14783986, 15765179, 16734597, 17727333, 18720928, 19705000, 20685385, 21668435, 22649233, 23642779, 24639147, 25632219, 26599534, 27567364, 28559804, 29530200, 30525301, 31509236, 32493399, 33489185]}