{"incumbents": [-38.2, 30.4, 39.4, 39.4, 39.4, 39.4, 39.4, 39.4, 39.4, 39.4, 39.4, 39.4, 39.4, 39.4, 39.4, 39.4, 39.4, 39.4, 39.4, 39.4, 39.4, 39.4, 39.4, 39.4, 39.4, 39.4, 39.4, 39.4, 39.4, 39.4, 39.4, 39.4, 39.4, 39.4, 39.4, 39.4, 39.4, 39.4, 39.4, 39.4, 39.4, 39.4, 39.4, 39.4, 39.4, 39.4, 39.4, 39.4, 39.4, 39.4, 39.4, 39.4, 39.4, 39.4, 39.4, 39.4, 39.4, 39.4, 39.4, 39.4, 39.4, 39.4, 39.4, 39.4, 39.4, 39.4, 39.4, 39.4, 39.4, 39.4, 39.4, 39.4, 39.4, 39.4, 39.4, 39.4, 39.4, 39.4, 39.4, 39.4, 39.4, 39.4, 39.4, 39.4, 39.4, 39.4, 39.4, 39.4, 39.4, 39.4, 39.4, 39.4, 39.4, 39.4, 39.4, 39.4, 39.4, 39.4, 39.4, 39.4], "wallclock_time_eval": [6003.555517911911, 10956.414176940918, 15839.616640806198, 20699.91662812233, 25591.003452539444, 31608.096883296967, 36518.49061822891, 41373.05578684807, 46225.76275396347, 51111.73091888428, 55971.073110580444, 60825.18524336815, 65650.35679841042, 71644.39999580383, 76499.59411025047, 81364.11348199844, 86225.47446393967, 92216.00396299362, 97105.02467083931, 101846.44210290909, 106682.30918979645, 111558.08131670952, 116408.90314340591, 121251.52069330215, 126062.06734395027, 130871.59620761871, 135727.15257191658, 140572.4612929821, 146572.47938108444, 151469.4465522766, 156394.37857747078, 161229.7141442299, 166144.4093079567, 170966.30232453346], "timesteps_eval": [943082, 1886164, 2829246, 3772328, 4715410, 5658492, 6601574, 7544656, 8487738, 9430820, 10373902, 11316984, 12260066, 13203148, 14146230, 15089312, 16032394, 16975476, 17918558, 18861640, 19804722, 20747804, 21690886, 22633968, 23577050, 24520132, 25463214, 26406296, 27349378, 28292460, 29235542, 30178624, 31121706, 32064788]}