{"incumbents": [-200.0, -200.0, -200.0, -200.0, -200.0, -200.0, -200.0, -200.0, -200.0, -200.0, -200.0, -192.3, -192.3, -192.3, -192.3, -192.3, -102.2, -102.2, -102.2, -102.2, -102.2, -102.2, -102.2, -102.2, -102.2, -102.2, -102.2, -102.2, -102.2, -102.2, -102.2, -98.0, -98.0, -98.0, -98.0, -98.0, -98.0, -98.0, -98.0, -98.0, -98.0, -98.0, -98.0, -98.0, -98.0, -98.0, -98.0, -98.0, -98.0, -98.0, -98.0, -98.0, -98.0, -98.0, -98.0, -98.0, -98.0, -98.0, -98.0, -98.0, -98.0, -98.0, -98.0, -98.0, -98.0, -98.0, -98.0, -98.0, -98.0, -98.0, -98.0, -98.0, -98.0, -98.0, -98.0, -98.0, -98.0, -98.0, -98.0, -98.0, -98.0, -98.0, -98.0, -98.0, -98.0, -98.0, -98.0, -98.0, -98.0, -98.0, -98.0, -98.0, -98.0, -98.0, -98.0, -98.0, -98.0, -98.0, -98.0, -98.0], "wallclock_time_eval": [1701.8885524272919, 3454.2967298030853, 5179.403387546539, 6945.908154010773, 8699.618222951889, 10436.458467006683, 12195.256090641022, 13944.539244651794, 15701.068508386612, 17417.37224841118, 19164.08790898323, 20913.6345744133, 22687.3294172287, 24473.388069868088, 26269.71349453926, 28031.454837560654, 29772.54391860962, 31535.244928598404, 33231.57468819618, 34956.017448186874, 36725.54325962067, 38484.24732542038, 40233.02006030083, 41963.135123729706, 43720.085218429565, 45476.271372795105, 47216.41195106506, 48997.4386780262, 50729.22767281532, 52504.70849967003, 54247.24152326584, 55937.40489029884, 57698.56786990166, 59422.7057557106], "timesteps_eval": [2039747, 4079747, 6119747, 8159746, 10199746, 12239746, 14279746, 16319590, 18359590, 20399590, 22439590, 24475774, 26515774, 28555774, 30595774, 32635514, 34670605, 36710605, 38750497, 40790497, 42830497, 44870497, 46910497, 48949775, 50989775, 53029757, 55069757, 57109757, 59149757, 61189757, 63229757, 65265353, 67302094, 69337309]}