{"incumbents": [140.0, 521.0, 521.0, 521.0, 521.0, 521.0, 654.0, 1036.0, 1036.0, 1036.0, 1036.0, 1036.0, 1036.0, 1036.0, 1036.0, 1036.0, 1036.0, 1036.0, 1036.0, 1036.0, 1036.0, 1036.0, 1036.0, 1036.0, 1036.0, 1036.0, 1036.0, 1249.0, 1249.0, 1249.0, 1249.0, 1249.0, 1249.0, 1249.0, 1249.0, 1249.0, 1249.0, 1249.0, 1249.0, 1249.0, 1249.0, 1249.0, 1249.0, 1249.0, 1249.0, 1249.0, 1249.0, 1249.0, 1249.0, 1249.0, 1249.0, 1249.0, 1249.0, 1249.0, 1249.0, 1249.0, 1249.0, 1249.0, 1249.0, 1249.0, 1249.0, 1249.0, 1249.0, 1249.0, 1249.0, 1249.0, 1249.0, 1249.0, 1249.0, 1249.0, 1249.0, 1249.0, 1249.0, 1249.0, 1249.0, 1249.0, 1249.0, 1249.0, 1249.0, 1249.0, 1249.0, 1249.0, 1249.0, 1249.0, 1249.0, 1249.0, 1249.0, 1249.0, 1249.0, 1249.0, 1249.0, 1249.0, 1249.0, 1249.0, 1249.0, 1249.0, 1249.0, 1249.0, 1249.0, 1249.0], "wallclock_time_eval": [3917.519467353821, 7813.257876396179, 11730.77734375, 15626.515752792358, 19650.023822069168, 24332.157361745834, 28166.41161942482, 32032.212165117264, 35843.54061245918, 39639.754605054855, 43557.67898321152, 47517.00265097618, 51537.63853478432, 55311.44409418106, 59999.75619363785, 63929.27201509476, 67741.57542586327, 71773.87631845474, 76500.93475270271, 80338.48745584488, 84149.5104944706, 87985.19859194756, 91838.99559402466, 95729.659085989, 100387.47221660614, 104197.94439506531, 108129.31083798409, 111971.17314839363, 115887.10099387169, 119717.3280749321, 123617.03871321678, 127417.0988163948, 131248.330514431, 135059.22740364075], "timesteps_eval": [968080, 1937043, 2905123, 3874086, 4855531, 5824502, 6798484, 7764704, 8739082, 9713468, 10684827, 11655871, 12619989, 13594974, 14564049, 15533092, 16509697, 17490857, 18461442, 19434844, 20409419, 21384388, 22353239, 23325248, 24295665, 25271596, 26255050, 27220062, 28190870, 29166420, 30132794, 31107621, 32080711, 33054867]}