{"incumbents": [2159.0, 2159.0, 2159.0, 2159.0, 2159.0, 2404.0, 2404.0, 2404.0, 2404.0, 2404.0, 2404.0, 2404.0, 2404.0, 2404.0, 2404.0, 2404.0, 2404.0, 2404.0, 2404.0, 2404.0, 2404.0, 2404.0, 2404.0, 2404.0, 2404.0, 2404.0, 2404.0, 2404.0, 2861.0, 2861.0, 2861.0, 2861.0, 2861.0, 2861.0, 2861.0, 2861.0, 2861.0, 2861.0, 2861.0, 2861.0, 2861.0, 2861.0, 2861.0, 2861.0, 2861.0, 2861.0, 2861.0, 2861.0, 2861.0, 2861.0, 2861.0, 2861.0, 2861.0, 2861.0, 2861.0, 2861.0, 2861.0, 2861.0, 2861.0, 2861.0, 2861.0, 2861.0, 2861.0, 2861.0, 2861.0, 2861.0, 2861.0, 2861.0, 2861.0, 2861.0, 2861.0, 2861.0, 2861.0, 2861.0, 2861.0, 2861.0, 2861.0, 2861.0, 2861.0, 2861.0, 2861.0, 2861.0, 2861.0, 2861.0, 2861.0, 2861.0, 2861.0, 2861.0, 2861.0, 2861.0, 2861.0, 2861.0, 2861.0, 2861.0, 2861.0, 2861.0, 2861.0, 2861.0, 2861.0, 2861.0], "wallclock_time_eval": [5247.600811243057, 10849.960106134415, 15853.610824346542, 21225.11311483383, 26245.69354248047, 31783.694006681442, 37101.64982819557, 42537.90131187439, 47759.2465364933, 52963.16874575615, 58033.01602602005, 63341.923001527786, 68731.29294013977, 74148.29718279839, 79362.30493164062, 84537.59740686417, 89808.54880690575, 95032.68382906914, 100096.92742705345, 105147.16978478432, 112160.44632411003, 117113.84806275368, 122199.38938522339, 127308.71631884575, 132643.27991700172, 138426.4040620327, 144451.51317477226, 149680.7058889866, 155340.16067504883, 160853.98403716087, 165815.1642062664, 170823.76904058456, 176377.62467837334, 181233.1397345066], "timesteps_eval": [1602622, 3215741, 4809870, 4825760, 6402466, 7987125, 9566626, 11158561, 12711785, 14316578, 15914236, 17509980, 18897720, 20497937, 22100839, 23703940, 25219488, 26815391, 28413049, 29817029, 31370919, 32968774, 34569281, 36151961, 37665765, 39183562, 40737947, 42343218, 43915207, 43931376, 45512396, 47106657, 48684664, 50112494]}