{"incumbents": [22.8, 22.8, 22.8, 22.8, 74.3, 74.3, 74.3, 74.3, 74.3, 163.5, 369.2, 369.2, 369.2, 369.2, 369.2, 369.2, 369.2, 369.2, 369.2, 369.2, 369.2, 369.2, 369.2, 369.2, 369.2, 369.2, 369.2, 369.2, 369.2, 369.2, 369.2, 369.2, 369.2, 369.2, 369.2, 369.2, 369.2, 369.2, 369.2, 369.2, 369.2, 369.2, 369.2, 369.2, 369.2, 369.2, 369.2, 369.2, 369.2, 369.2, 369.2, 369.2, 369.2, 369.2, 369.2, 369.2, 369.2, 369.2, 369.2, 369.2, 369.2, 369.2, 369.2, 369.2, 369.2, 369.2, 369.2, 369.2, 369.2, 369.2, 369.2, 369.2, 369.2, 369.2, 369.2, 369.2, 369.2, 369.2, 369.2, 369.2, 369.2, 369.2, 369.2, 369.2, 369.2, 369.2, 369.2, 369.2, 369.2, 369.2, 369.2, 369.2, 369.2, 369.2, 369.2, 369.2, 369.2, 369.2, 369.2, 369.2], "wallclock_time_eval": [8577.323474645615, 17166.780061244965, 25747.238594532013, 34339.21263575554, 43000.4071059227, 51565.67440390587, 60114.51797270775, 68734.2834482193, 77382.18908262253, 86079.95934891701, 96779.82272458076, 105423.71110749245, 113993.07377910614, 122796.19095396996, 131918.83261442184, 140508.30231571198, 149123.05261564255, 157688.3833053112, 166306.45728373528, 174921.42536759377, 183527.97598409653, 192139.30244207382, 200737.9834845066, 209333.85635089874, 217939.3033835888, 226525.06462979317, 235146.40453243256, 243747.81988239288, 252278.4898788929, 260828.62046408653, 269358.1519100666, 278031.23745155334, 286639.9160993099, 295239.38282966614], "timesteps_eval": [883374, 1766748, 2650122, 3533496, 4416870, 5300244, 6183618, 7066992, 7950366, 8835502, 9799205, 10682579, 11565953, 12449327, 13332701, 14216513, 15099887, 15983261, 16866635, 17750009, 18633383, 19516757, 20400131, 21283505, 22166879, 23050253, 23933627, 24817001, 25700375, 26583749, 27467123, 28350497, 29233871, 30117245]}