{"incumbents": [30.5, 30.5, 30.5, 30.5, 30.5, 375.9, 375.9, 375.9, 375.9, 375.9, 375.9, 375.9, 375.9, 375.9, 375.9, 375.9, 375.9, 375.9, 375.9, 375.9, 375.9, 375.9, 375.9, 375.9, 375.9, 375.9, 375.9, 375.9, 375.9, 375.9, 375.9, 375.9, 375.9, 375.9, 375.9, 375.9, 375.9, 375.9, 375.9, 375.9, 375.9, 375.9, 375.9, 375.9, 375.9, 375.9, 375.9, 375.9, 375.9, 375.9, 375.9, 375.9, 375.9, 375.9, 375.9, 375.9, 375.9, 375.9, 375.9, 375.9, 375.9, 375.9, 375.9, 375.9, 375.9, 375.9, 375.9, 375.9, 375.9, 375.9, 375.9, 375.9, 375.9, 375.9, 375.9, 375.9, 375.9, 375.9, 375.9, 375.9, 375.9, 375.9, 375.9, 375.9, 375.9, 375.9, 375.9, 375.9, 375.9, 375.9, 375.9, 375.9, 375.9, 375.9, 375.9, 375.9, 375.9, 375.9, 375.9, 375.9], "wallclock_time_eval": [8566.615319490433, 17110.48864722252, 25654.289400577545, 34198.09015393257, 42757.22165107727, 53694.09246182442, 62352.29866576195, 70951.63380599022, 79564.39637374878, 88162.76670503616, 96725.76113557816, 105820.92720484734, 114448.26773571968, 123030.46867728233, 131600.9325184822, 140199.71820545197, 148766.86550831795, 157375.9539732933, 165974.2172513008, 174564.49373197556, 183141.52676343918, 191719.64394426346, 200271.22907710075, 208928.48717927933, 217529.38577198982, 226142.84584116936, 234732.27671909332, 243293.74959921837, 251909.5119011402, 260466.04165744781, 269021.77838230133, 277610.7998356819, 286136.7544567585, 294754.9049041271], "timesteps_eval": [883073, 1766146, 2649219, 3532292, 4415365, 5350644, 6233717, 7116790, 7999863, 8882936, 9766009, 10653765, 11536838, 12420352, 13303425, 14186498, 15069571, 15952644, 16835717, 17718790, 18601863, 19484936, 20368009, 21252401, 22135474, 23018547, 23901620, 24784693, 25667766, 26550839, 27433912, 28316985, 29200058, 30083131]}