{"incumbents": [63.8, 63.8, 63.8, 63.8, 63.8, 63.8, 63.8, 266.5, 266.5, 266.5, 266.5, 266.5, 266.5, 266.5, 266.5, 266.5, 266.5, 266.5, 266.5, 266.5, 266.5, 266.5, 266.5, 266.5, 266.5, 266.5, 266.5, 266.5, 266.5, 266.5, 266.5, 266.5, 266.5, 266.5, 266.5, 266.5, 266.5, 266.5, 266.5, 266.5, 266.5, 266.5, 266.5, 266.5, 266.5, 266.5, 266.5, 266.5, 266.5, 266.5, 266.5, 266.5, 266.5, 266.5, 266.5, 266.5, 266.5, 266.5, 266.5, 266.5, 266.5, 266.5, 266.5, 266.5, 266.5, 266.5, 266.5, 266.5, 266.5, 266.5, 266.5, 266.5, 266.5, 266.5, 266.5, 266.5, 266.5, 266.5, 266.5, 266.5, 266.5, 266.5, 266.5, 266.5, 266.5, 266.5, 266.5, 266.5, 266.5, 266.5, 266.5, 266.5, 266.5, 266.5, 266.5, 266.5, 266.5, 266.5, 266.5, 266.5], "wallclock_time_eval": [7346.841357946396, 13147.128296375275, 18928.169528245926, 26206.88539671898, 31967.749938249588, 39231.93835568428, 45045.95680785179, 51685.12756872177, 57482.05959868431, 63255.73240113258, 69081.36935377121, 75170.9532661438, 82479.45682954788, 88264.2198536396, 94041.19092297554, 99823.20214390755, 105590.72308921814, 111384.4277985096, 117152.6030664444, 122942.6474866867, 129495.21719694138, 135275.07559204102, 141064.24925422668, 147430.7547466755, 153187.7707118988, 158982.97477674484, 164806.07234549522, 170704.74208426476, 176475.04487347603, 182252.48803329468, 188046.69164943695, 193839.12680196762, 199610.53077435493, 205398.19783115387], "timesteps_eval": [883374, 1766748, 2650122, 3533496, 4416870, 5300244, 6183618, 6994830, 7878204, 8761578, 9644952, 10512664, 11396038, 12279412, 13162786, 14046160, 14929534, 15812908, 16696282, 17579656, 18397669, 19281043, 20164417, 21019653, 21903027, 22786401, 23669775, 24553149, 25436523, 26319897, 27203271, 28086645, 28970019, 29853393]}