{"incumbents": [0.0, 0.0, 0.0, 0.0, 0.0, 30.0, 30.0, 30.0, 30.0, 30.0, 30.0, 30.0, 30.0, 30.0, 30.0, 30.0, 30.0, 30.0, 30.0, 30.0, 30.0, 30.0, 30.0, 30.0, 30.0, 30.0, 30.0, 30.0, 30.0, 30.0, 30.0, 30.0, 30.0, 30.0, 30.0, 30.0, 30.0, 30.0, 30.0, 30.0, 30.0, 30.0, 30.0, 30.0, 30.0, 30.0, 30.0, 30.0, 30.0, 30.0, 30.0, 30.0, 30.0, 30.0, 30.0, 30.0, 30.0, 30.0, 30.0, 30.0, 30.0, 30.0, 30.0, 30.0, 30.0, 30.0, 30.0, 30.0, 30.0, 30.0, 30.0, 30.0, 30.0, 30.0, 30.0, 30.0, 30.0, 30.0, 30.0, 30.0, 30.0, 30.0, 30.0, 30.0, 30.0, 30.0, 30.0, 30.0, 30.0, 30.0, 30.0, 30.0, 30.0, 30.0, 30.0, 30.0, 30.0, 30.0, 30.0, 30.0], "wallclock_time_eval": [5284.750823259354, 8718.554211139679, 15088.03599023819, 20372.786813497543, 24179.369265317917, 27651.549368858337, 31612.56764125824, 39858.757903814316, 46346.119587898254, 49776.621546030045, 55074.25311279297, 61603.731088638306, 65010.92708873749, 73302.18875670433, 76796.6659040451, 80372.04362511635, 83966.64367938042, 89036.73200511932, 93777.55456328392, 99785.84462499619, 103193.22773480415, 107075.88369488716, 110503.03946876526, 115134.97194123268, 121226.09302806854, 124610.17748713493, 130311.47311139107, 138740.86164855957, 146940.26745915413, 153270.320643425, 158280.98908948898, 161724.86916303635, 165665.8302078247, 170472.87655711174], "timesteps_eval": [565332, 1100253, 1667327, 2232659, 2776525, 3341851, 3907712, 4903240, 5513934, 6045276, 6611862, 7291339, 7822120, 8819820, 9392412, 9956477, 10520956, 11520359, 11968304, 12536297, 13076070, 13641914, 14173023, 14767402, 15356652, 15889360, 16371512, 16639849, 16649826, 17236366, 17803080, 18336244, 18901873, 19474123]}