{"incumbents": [0.0, 0.0, 273.0, 273.0, 273.0, 273.0, 273.0, 273.0, 273.0, 273.0, 273.0, 273.0, 273.0, 273.0, 273.0, 273.0, 273.0, 273.0, 273.0, 273.0, 273.0, 273.0, 273.0, 273.0, 273.0, 273.0, 273.0, 286.0, 286.0, 286.0, 286.0, 286.0, 286.0, 286.0, 286.0, 286.0, 286.0, 286.0, 286.0, 286.0, 286.0, 286.0, 286.0, 286.0, 286.0, 286.0, 286.0, 286.0, 286.0, 286.0, 286.0, 286.0, 286.0, 286.0, 286.0, 286.0, 286.0, 286.0, 286.0, 286.0, 286.0, 286.0, 286.0, 286.0, 286.0, 286.0, 286.0, 286.0, 286.0, 286.0, 286.0, 286.0, 286.0, 286.0, 286.0, 286.0, 286.0, 286.0, 286.0, 286.0, 286.0, 286.0, 286.0, 286.0, 286.0, 286.0, 286.0, 286.0, 286.0, 286.0, 286.0, 286.0, 286.0, 286.0, 286.0, 286.0, 286.0, 286.0, 286.0, 286.0], "wallclock_time_eval": [6339.794107913971, 14480.014524459839, 20933.681726932526, 30244.991748332977, 38275.52780675888, 45255.471776247025, 54047.498599529266, 63652.79253768921, 71890.2544260025, 80747.2195494175, 88961.04842686653, 96040.34561300278, 104965.54022431374, 113561.73921179771, 121939.85808348656, 129143.18842792511, 136803.0287065506, 145321.109944582, 152842.9601266384, 161394.8774638176, 167604.14687085152, 174537.68046736717, 181810.60318374634, 188833.20510935783, 194927.1776447296, 201092.52417588234, 207435.8835082054, 214486.61969971657, 222006.22148489952, 229610.2536547184, 238133.30998015404, 245321.63124728203, 253269.17545938492, 261712.15872383118], "timesteps_eval": [1611365, 3171563, 4775425, 6322861, 7793663, 9404980, 10987218, 12578112, 14125471, 15625652, 17202917, 18789777, 20369610, 21915470, 23495433, 25091601, 26703034, 28129255, 29725913, 31319907, 32927680, 34518567, 36124693, 37735339, 39336399, 40947852, 42550743, 44148568, 45706444, 47313267, 48860386, 50434902, 51988509, 53574825]}