{"incumbents": [220.0, 678.0, 678.0, 678.0, 700.0, 700.0, 700.0, 700.0, 700.0, 700.0, 700.0, 700.0, 700.0, 700.0, 700.0, 700.0, 700.0, 700.0, 700.0, 700.0, 700.0, 700.0, 754.0, 754.0, 754.0, 754.0, 754.0, 754.0, 754.0, 754.0, 754.0, 754.0, 754.0, 754.0, 754.0, 754.0, 754.0, 754.0, 754.0, 754.0, 754.0, 754.0, 754.0, 754.0, 754.0, 754.0, 754.0, 754.0, 754.0, 754.0, 754.0, 754.0, 754.0, 754.0, 754.0, 754.0, 754.0, 754.0, 754.0, 754.0, 754.0, 754.0, 754.0, 754.0, 754.0, 754.0, 754.0, 754.0, 754.0, 754.0, 754.0, 754.0, 754.0, 754.0, 754.0, 754.0, 754.0, 754.0, 754.0, 754.0, 754.0, 754.0, 754.0, 754.0, 754.0, 754.0, 754.0, 754.0, 754.0, 754.0, 754.0, 754.0, 754.0, 754.0, 754.0, 754.0, 754.0, 754.0, 754.0, 754.0], "wallclock_time_eval": [5461.216176509857, 10904.072652101517, 16434.479143619537, 22121.91157221794, 27608.94087600708, 33156.32495999336, 38627.86015892029, 44315.887398958206, 50001.408118486404, 55528.666969537735, 61182.010452747345, 66677.73682641983, 72194.49916958809, 77722.44954490662, 83267.59131526947, 88816.20168328285, 94274.98220157623, 99896.92325282097, 105377.69119620323, 114047.3368268013, 119473.7475745678, 124768.1208744049, 130189.71332287788, 138930.60712265968, 147689.9015917778, 153189.3392109871, 158717.41176700592, 164185.59694218636, 169749.0722568035, 175237.9976234436, 180908.95797252655, 186448.08534884453, 192158.60348248482, 197708.70075702667], "timesteps_eval": [1598315, 3207466, 4805410, 6427675, 8028821, 9628246, 11240142, 12863954, 14486878, 16088396, 17706417, 19316433, 20913923, 22528485, 24129917, 25734844, 27356716, 28976655, 30585084, 32183046, 33797530, 35407533, 37006002, 38608664, 40196504, 41797353, 43400475, 45019049, 46635043, 48245291, 49867155, 51468317, 53091247, 54686521]}