{"incumbents": [732.0, 732.0, 732.0, 732.0, 1712.0, 1712.0, 1712.0, 1712.0, 1712.0, 1712.0, 1712.0, 1712.0, 1712.0, 1712.0, 1712.0, 1712.0, 1712.0, 1712.0, 1712.0, 1712.0, 1712.0, 1712.0, 1712.0, 1712.0, 1712.0, 1712.0, 1712.0, 1712.0, 1712.0, 1712.0, 1712.0, 1712.0, 1712.0, 1712.0, 1712.0, 1964.0, 1964.0, 1964.0, 1964.0, 1964.0, 1964.0, 1964.0, 1964.0, 1964.0, 1964.0, 1964.0, 1964.0, 1964.0, 1964.0, 1964.0, 1964.0, 1964.0, 1964.0, 1964.0, 1964.0, 1964.0, 1964.0, 1964.0, 1964.0, 1964.0, 1964.0, 1964.0, 1964.0, 1964.0, 1964.0, 1964.0, 1964.0, 1964.0, 1964.0, 1964.0, 1964.0, 1964.0, 1964.0, 1964.0, 1964.0, 1964.0, 1964.0, 1964.0, 1964.0, 1964.0, 1964.0, 1964.0, 1964.0, 1964.0, 1964.0, 1964.0, 1964.0, 1964.0, 1964.0, 1964.0, 1964.0, 1964.0, 1964.0, 1964.0, 1964.0, 1964.0, 1964.0, 1964.0, 1964.0, 1964.0], "wallclock_time_eval": [7289.711780786514, 14518.309826850891, 21746.907872915268, 29029.36963534355, 36414.222596645355, 43755.09058070183, 51167.480820417404, 57838.70698428154, 65880.91936135292, 73287.52356219292, 80549.22735595703, 87940.0543897152, 94838.07272052765, 102095.73589992523, 110026.74081134796, 117946.75508761406, 124730.38773226738, 132812.82057023048, 139740.33004045486, 147006.5374815464, 154252.82332634926, 161602.18033480644, 168943.52092337608, 176225.56541895866, 183525.86438679695, 190828.35063958168, 198527.55525398254, 205798.0488462448, 213070.23204040527, 220204.52585458755, 227072.19193387032, 234243.33149170876, 241568.70222902298, 248881.98341941833, 255943.31684231758, 263606.80112838745, 272147.37397408485, 279252.428242445], "timesteps_eval": [1561019, 3087167, 4613315, 6175762, 7693221, 9207165, 10773276, 12340169, 13812942, 15377831, 16874300, 18438256, 19989776, 21502121, 23059544, 24608883, 26176962, 27610407, 29158763, 30685144, 32196168, 33726669, 35283507, 36779117, 38338552, 39892670, 41451098, 42979031, 44436590, 45990196, 47540528, 49067038, 50562811, 52126004, 53676959, 55168981, 56613279, 58174492]}