{"incumbents": [-1.0, -1.0, -1.0, -1.0, -1.0, -1.0, -1.0, -1.0, -1.0, -1.0, -1.0, -1.0, -1.0, -1.0, -1.0, -1.0, -1.0, -0.8, -0.8, -0.8, -0.8, -0.8, -0.8, -0.8, -0.8, -0.8, -0.8, -0.8, -0.8, -0.8, -0.8, -0.8, -0.8, -0.8, -0.8, -0.8, -0.8, -0.8, -0.8, -0.8, -0.8, -0.8, -0.8, -0.8, -0.8, -0.8, -0.8, -0.8, -0.8, -0.8, -0.8, -0.8, -0.8, -0.8, -0.8, -0.8, -0.8, -0.8, -0.8, -0.8, -0.8, -0.8, -0.8, -0.8, -0.8, -0.8, -0.8, -0.8, -0.8, -0.8, -0.8, -0.8, -0.8, -0.8, -0.8, -0.8, -0.8, -0.8, -0.8, -0.8, -0.8, -0.8, -0.8, -0.8, -0.8, -0.8, -0.8, -0.8, -0.8, -0.8, -0.8, -0.8, -0.8, -0.8, -0.8, -0.8, -0.8, -0.8, -0.8, -0.8], "wallclock_time_eval": [10686.785092115402, 21394.55659389496, 27657.69835615158, 32241.183402061462, 40180.125582933426, 44751.26436519623, 53110.48397922516, 58258.098824977875, 67246.98585271835, 71856.16609787941, 82521.05246806145, 88468.86240506172, 96619.09056282043, 107235.62936115265, 111691.92077612877, 120579.4625325203, 126222.39521765709, 134810.7159807682, 140753.64161729813, 151331.35600996017, 158974.55840492249, 167238.2534174919, 173319.89330649376, 177998.0696260929, 183154.9747724533, 193762.3222196102, 200069.77460169792, 209062.56394910812, 216487.2307522297, 221274.19665074348], "timesteps_eval": [997340, 1994826, 2966273, 3759491, 4308268, 4794413, 24080589, 24739742, 25016070, 25879948, 26841163, 27801463, 28694865, 28704842, 29484090, 29791756, 30438668, 30737920, 31698220, 32695920, 33263513, 33858587, 34722537, 35511828, 36379561, 37375400, 38002939, 38352578, 39193786, 40068640]}