{"incumbents": [329.5, 329.5, 329.5, 329.5, 329.5, 329.5, 329.5, 329.5, 471.0, 471.0, 471.0, 471.0, 471.0, 471.5, 471.5, 471.5, 471.5, 471.5, 471.5, 471.5, 471.5, 471.5, 471.5, 471.5, 471.5, 471.5, 471.5, 471.5, 471.5, 471.5, 471.5, 471.5, 471.5, 471.5, 471.5, 471.5, 471.5, 471.5, 471.5, 471.5, 471.5, 471.5, 471.5, 471.5, 471.5, 471.5, 471.5, 471.5, 471.5, 471.5, 471.5, 471.5, 471.5, 471.5, 471.5, 471.5, 471.5, 471.5, 471.5, 471.5, 471.5, 471.5, 471.5, 471.5, 471.5, 471.5, 471.5, 471.5, 471.5, 471.5, 471.5, 471.5, 471.5, 471.5, 471.5, 471.5, 471.5, 471.5, 471.5, 471.5, 471.5, 471.5, 471.5, 471.5, 471.5, 471.5, 471.5, 471.5, 471.5, 471.5, 471.5, 471.5, 471.5, 471.5, 471.5, 471.5, 471.5, 471.5, 471.5, 471.5], "wallclock_time_eval": [3150.9610188007355, 6264.118894577026, 9434.522269248962, 12557.742568731308, 15599.334461212158, 18708.837398052216, 21750.607991456985, 24798.206927776337, 27972.543469190598, 31116.655176639557, 34247.04920268059, 37500.21353125572, 40648.520133018494, 43738.379056215286, 46859.657631635666, 49973.566024541855, 53124.02351784706, 56171.61732983589, 59209.452991724014, 62390.2446334362, 65436.835911273956, 68585.81664013863, 71696.1783003807, 74841.73118042946, 77879.1488339901, 81013.90109682083, 84150.58709335327, 87185.61145114899, 90563.11493968964, 93664.99595165253, 96689.94040513039, 99702.4139893055, 102858.5965385437, 105993.38148379326], "timesteps_eval": [949897, 1920304, 2885521, 3849862, 4833601, 5803326, 6784895, 7768947, 8720967, 9685956, 10650205, 11600521, 12564188, 13532420, 14504750, 15478029, 16442977, 17426395, 18409159, 19379585, 20363443, 21324987, 22295280, 23260622, 24236140, 25205284, 26171826, 27139415, 28081523, 29053221, 30021857, 30987694, 31950402, 32901161]}