{"incumbents": [750.8368277, 750.8368277, 1002.4839059, 1010.4472954, 1010.4472954, 1010.4472954, 1010.4472954, 1010.4472954, 1010.4472954, 1105.6650091000001, 1105.6650091000001, 1105.6650091000001, 1105.6650091000001, 1105.6650091000001, 1105.6650091000001, 1105.6650091000001, 1105.6650091000001, 1105.6650091000001, 1105.6650091000001, 1105.6650091000001, 1105.6650091000001, 1105.6650091000001, 1105.6650091000001, 1105.6650091000001, 1105.6650091000001, 1105.6650091000001, 1363.7558969, 1363.7558969, 1363.7558969, 1363.7558969, 1363.7558969, 1363.7558969, 1363.7558969, 1363.7558969, 1363.7558969, 1363.7558969, 1363.7558969, 1363.7558969, 1363.7558969, 1363.7558969, 1363.7558969, 1363.7558969, 1363.7558969, 1363.7558969, 1363.7558969, 1363.7558969, 1363.7558969, 1363.7558969, 1363.7558969, 1363.7558969, 1363.7558969, 1363.7558969, 1363.7558969, 1363.7558969, 1363.7558969, 1363.7558969, 1363.7558969, 1363.7558969, 1363.7558969, 1363.7558969, 1363.7558969, 1363.7558969, 1363.7558969, 1363.7558969, 1363.7558969, 1363.7558969, 1363.7558969, 1363.7558969, 1363.7558969, 1363.7558969, 1363.7558969, 1363.7558969, 1363.7558969, 1363.7558969, 1363.7558969, 1363.7558969, 1363.7558969, 1363.7558969, 1363.7558969, 1363.7558969, 1363.7558969, 1363.7558969, 1363.7558969, 1363.7558969, 1363.7558969, 1363.7558969, 1363.7558969, 1363.7558969, 1363.7558969, 1363.7558969, 1363.7558969, 1363.7558969, 1363.7558969, 1363.7558969, 1363.7558969, 1363.7558969, 1363.7558969, 1363.7558969, 1363.7558969, 1363.7558969, 1363.7558969, 1363.7558969, 1363.7558969, 1363.7558969], "wallclock_time_eval": [2739.4104397296906, 5478.820879459381, 7973.274875640869, 10721.325743436813, 13469.376611232758, 16217.427479028702, 18965.478346824646, 21713.52921462059, 24461.580082416534, 27433.129860401154, 30404.679638385773, 33376.22941637039, 36347.77919435501, 39319.32897233963, 42290.87875032425, 45262.42852830887, 48233.97830629349, 51205.52808427811, 54177.077862262726, 57148.627640247345, 60120.177418231964, 63091.72719621658, 66063.2769742012, 69034.82675218582, 72006.37653017044, 74977.92630815506, 77500.25622391701, 80022.58613967896, 82544.9160554409, 85067.24597120285, 87589.5758869648, 90111.90580272675, 92634.2357184887, 95156.56563425064, 97678.89555001259, 100201.22546577454, 102723.55538153648, 105245.88529729843, 107768.21521306038, 110290.54512882233, 112812.87504458427, 115335.20496034622, 117857.53487610817, 120379.86479187012, 122902.19470763206, 125424.52462339401, 127946.85453915596, 130469.18445491791, 132991.51437067986, 135513.8442864418, 138036.17420220375, 140558.5041179657, 143080.83403372765, 145603.1639494896, 148125.49386525154, 150647.8237810135, 153170.15369677544, 155692.48361253738, 158214.81352829933, 160737.14344406128, 163259.47335982323, 165781.80327558517, 168304.13319134712, 170826.46310710907, 173348.79302287102, 175871.12293863297, 178393.4528543949, 180915.78277015686, 183438.1126859188, 185960.44260168076, 188482.7725174427, 191005.10243320465, 193527.4323489666, 196049.76226472855, 198572.0921804905, 201094.42209625244, 203616.7520120144, 206139.08192777634, 208661.41184353828, 211183.74175930023, 213706.07167506218, 216228.40159082413, 218750.73150658607, 221273.06142234802, 223795.39133810997, 226317.72125387192, 228840.05116963387, 231362.3810853958, 233884.71100115776, 236407.0409169197, 238929.37083268166, 241451.7007484436, 243974.03066420555, 246496.3605799675, 249018.69049572945, 251541.0204114914, 254063.35032725334, 256585.6802430153, 259108.01015877724, 261630.34007453918, 264152.66999030113, 266674.9999060631, 269197.329821825, 271719.659737587], "timesteps_eval": [973987, 1947974, 2918211, 3887493, 4856775, 5826057, 6795339, 7764621, 8733903, 9706814, 10679725, 11652636, 12625547, 13598458, 14571369, 15544280, 16517191, 17490102, 18463013, 19435924, 20408835, 21381746, 22354657, 23327568, 24300479, 25273390, 26250683, 27227976, 28205269, 29182562, 30159855, 31137148, 32114441, 33091734, 34069027, 35046320, 36023613, 37000906, 37978199, 38955492, 39932785, 40910078, 41887371, 42864664, 43841957, 44819250, 45796543, 46773836, 47751129, 48728422, 49705715, 50683008, 51660301, 52637594, 53614887, 54592180, 55569473, 56546766, 57524059, 58501352, 59478645, 60455938, 61433231, 62410524, 63387817, 64365110, 65342403, 66319696, 67296989, 68274282, 69251575, 70228868, 71206161, 72183454, 73160747, 74138040, 75115333, 76092626, 77069919, 78047212, 79024505, 80001798, 80979091, 81956384, 82933677, 83910970, 84888263, 85865556, 86842849, 87820142, 88797435, 89774728, 90752021, 91729314, 92706607, 93683900, 94661193, 95638486, 96615779, 97593072, 98570365, 99547658, 100524951, 101502244]}