{"incumbents": [0.0, 0.0, 0.0, 14.0, 14.0, 14.0, 14.0, 14.0, 14.0, 14.0, 14.0, 24.0, 24.0, 24.0, 24.0, 24.0, 24.0, 24.0, 24.0, 24.0, 24.0, 76.0, 76.0, 76.0, 76.0, 76.0, 76.0, 76.0, 76.0, 76.0, 76.0, 76.0, 76.0, 76.0, 76.0, 76.0, 76.0, 76.0, 76.0, 76.0, 76.0, 76.0, 76.0, 76.0, 76.0, 76.0, 76.0, 76.0, 76.0, 76.0, 76.0, 76.0, 76.0, 76.0, 76.0, 76.0, 76.0, 76.0, 76.0, 76.0, 76.0, 76.0, 76.0, 76.0, 76.0, 76.0, 76.0, 76.0, 76.0, 76.0, 76.0, 76.0, 76.0, 76.0, 76.0, 76.0, 76.0, 76.0, 76.0, 76.0, 76.0, 76.0, 76.0, 76.0, 76.0, 76.0, 76.0, 76.0, 76.0, 76.0, 76.0, 76.0, 76.0, 76.0, 76.0, 76.0, 76.0, 76.0, 76.0, 76.0], "wallclock_time_eval": [3673.4322810173035, 7162.802618265152, 11643.889106273651, 15045.685250520706, 21064.25771188736, 26671.874041080475, 30068.36143875122, 33511.23648142815, 39443.79683828354, 44955.23591566086, 50378.21119475365, 54314.72178721428, 57855.33054995537, 61450.09514141083, 64895.49083161354, 68360.6510078907, 73306.66736412048, 78151.55330753326, 83133.49046349525, 91168.96454954147, 94604.67053198814, 98113.31671595573, 101635.58872151375, 105299.62575554848, 108788.26929235458, 112204.6668202877, 115611.87266588211, 118962.62924551964, 122633.24758958817, 126001.81764531136, 129807.69868707657, 133892.28478574753, 138483.5357556343, 142003.3059513569], "timesteps_eval": [969871, 1940366, 2911279, 3880211, 4795990, 5195467, 6161060, 7129698, 8099011, 9068144, 10024525, 10963321, 11933823, 12906262, 13876310, 14843632, 15814867, 16785114, 17777555, 18692346, 19667371, 20635443, 21611540, 22577241, 23546473, 24519530, 25489979, 26458690, 27432732, 28408100, 29370973, 30340840, 31310020, 32284853]}