{"incumbents": [121.0, 121.0, 140.0, 140.0, 220.0, 220.0, 220.0, 220.0, 220.0, 220.0, 220.0, 220.0, 220.0, 220.0, 220.0, 220.0, 220.0, 220.0, 220.0, 220.0, 220.0, 220.0, 220.0, 220.0, 220.0, 220.0, 220.0, 220.0, 220.0, 220.0, 220.0, 220.0, 220.0, 220.0, 220.0, 220.0, 220.0, 220.0, 220.0, 220.0, 220.0, 220.0, 220.0, 220.0, 220.0, 220.0, 220.0, 220.0, 220.0, 220.0, 220.0, 220.0, 220.0, 220.0, 220.0, 220.0, 220.0, 220.0, 220.0, 220.0, 220.0, 220.0, 220.0, 220.0, 220.0, 220.0, 220.0, 220.0, 220.0, 220.0, 220.0, 220.0, 220.0, 220.0, 220.0, 220.0, 220.0, 220.0, 220.0, 220.0, 220.0, 220.0, 220.0, 220.0, 220.0, 220.0, 220.0, 220.0, 220.0, 220.0, 220.0, 220.0, 220.0, 220.0, 220.0, 220.0, 220.0, 220.0, 220.0, 220.0], "wallclock_time_eval": [2994.7623171806335, 5873.640439987183, 9078.064004182816, 12247.55658197403, 15303.763126373291, 18380.275746822357, 21387.150326013565, 24331.86420226097, 27274.481049776077, 30141.511958122253, 33226.89129734039, 36275.6733045578, 39178.48122596741, 42197.38203215599, 45293.51520729065, 48201.08888936043, 52145.97122049332, 55230.33180856705, 58303.83664560318, 61388.602358579636, 64309.04120516777, 67371.35769104958, 70392.01823711395, 73445.87134623528, 76373.01981496811, 79372.14831399918, 82463.29288721085, 85603.64954566956, 88762.12741136551, 91879.76227140427, 94775.37025094032, 97745.3233909607, 100884.33741140366, 103805.28027248383], "timesteps_eval": [948615, 1930574, 2913966, 3897932, 4861252, 5832822, 6779821, 7743027, 8691960, 9665031, 10632179, 11592079, 12546272, 13500394, 14478745, 15429879, 16408528, 17367779, 18344294, 19319945, 20271283, 21239451, 22206600, 23171900, 24131956, 25097266, 26064656, 27032056, 28014284, 28995137, 29947492, 30910260, 31891591, 32844581]}