{"incumbents": [-786.1035076000001, -786.1035076000001, -786.1035076000001, -786.1035076000001, -786.1035076000001, -786.1035076000001, -786.1035076000001, -786.1035076000001, -786.1035076000001, -786.1035076000001, -786.1035076000001, -749.4071835, -191.5347848, -191.5347848, -191.5347848, -191.5347848, -191.5347848, -191.5347848, -191.5347848, -191.5347848, -191.5347848, -191.5347848, -191.5347848, -191.5347848, -191.5347848, -191.5347848, -191.5347848, -191.5347848, -191.5347848, -191.5347848, -191.5347848, -191.5347848, -191.5347848, -191.5347848, -191.5347848, -191.5347848, -191.5347848, -191.5347848, -191.5347848, -191.5347848, -191.5347848, -191.5347848, -191.5347848, -191.5347848, -191.5347848, -191.5347848, -191.5347848, -191.5347848, -191.5347848, -191.5347848, -191.5347848, -191.5347848, -191.5347848, -191.5347848, -191.5347848, -191.5347848, -191.5347848, -191.5347848, -191.5347848, -191.5347848, -191.5347848, -191.5347848, -191.5347848, -191.5347848, -191.5347848, -191.5347848, -191.5347848, -191.5347848, -191.5347848, -191.5347848, -191.5347848, -191.5347848, -191.5347848, -191.5347848, -191.5347848, -191.5347848, -191.5347848, -191.5347848, -191.5347848, -191.5347848, -191.5347848, -191.5347848, -191.5347848, -191.5347848, -191.5347848, -191.5347848, -191.5347848, -191.5347848, -191.5347848, -191.5347848, -191.5347848, -191.5347848, -191.5347848, -191.5347848, -191.5347848, -191.5347848, -191.5347848, -191.5347848, -191.5347848, -191.5347848], "wallclock_time_eval": [1800.0628905296326, 3553.993591070175, 5334.078142166138, 7105.642867565155, 8911.679251432419, 10701.751480817795, 12417.350252628326, 14192.171921730042, 15954.838363409042, 17727.945683717728, 19461.159507989883, 21260.49699139595, 23048.730709552765, 24855.944920778275, 26628.618169546127, 28432.832675933838, 30229.00445318222, 31941.68813920021, 33737.77091240883, 35516.831505298615, 37285.01762843132, 39060.15962481499, 40856.2907307148, 42632.83367776871, 44413.50993514061, 46165.35704445839, 47932.78962635994, 49714.37381029129, 51518.90602517128, 53323.299208164215, 55111.6835372448, 56883.68114686012, 58683.131180524826, 60474.656552791595], "timesteps_eval": [2040000, 4080000, 6120000, 8160000, 10200000, 12240000, 14280000, 16320000, 18360000, 20400000, 22440000, 24480000, 26520000, 28560000, 30600000, 32640000, 34680000, 36720000, 38760000, 40800000, 42840000, 44880000, 46920000, 48960000, 51000000, 53040000, 55080000, 57120000, 59160000, 61200000, 63240000, 65280000, 67320000, 69360000]}