{"incumbents": [-200.0, -200.0, -200.0, -200.0, -200.0, -200.0, -200.0, -200.0, -200.0, -200.0, -200.0, -200.0, -200.0, -200.0, -200.0, -200.0, -200.0, -200.0, -200.0, -200.0, -200.0, -200.0, -200.0, -200.0, -200.0, -200.0, -200.0, -200.0, -200.0, -200.0, -200.0, -200.0, -200.0, -200.0, -200.0, -200.0, -200.0, -200.0, -200.0, -200.0, -200.0, -200.0, -200.0, -200.0, -200.0, -200.0, -200.0, -200.0, -200.0, -200.0, -200.0, -200.0, -200.0, -200.0, -200.0, -200.0, -200.0, -200.0, -200.0, -200.0, -200.0, -200.0, -200.0, -200.0, -200.0, -200.0, -200.0, -200.0, -200.0, -200.0, -200.0, -200.0, -200.0, -200.0, -200.0, -200.0, -200.0, -200.0, -200.0, -200.0, -200.0, -200.0, -200.0, -200.0, -200.0, -200.0, -200.0, -200.0, -200.0, -200.0, -200.0, -200.0, -200.0, -200.0, -200.0, -200.0, -200.0, -200.0, -200.0, -200.0], "wallclock_time_eval": [1948.4882192611694, 3793.5126852989197, 5710.677920103073, 7478.4309232234955, 9319.91589808464, 11237.097122907639, 13194.932256698608, 15148.299855470657, 17009.484119176865, 18903.675193309784, 20703.56153178215, 22512.99404001236, 24377.840080738068, 26103.997146606445, 28012.12776875496, 29953.328971147537, 31894.283212661743, 33836.72037577629, 35784.35084986687, 37539.60570192337, 39357.86532211304, 41233.032955408096, 43067.46103787422, 44993.44591617584, 46938.88417673111, 48808.93793344498, 50731.090948581696, 52557.31269407272, 54489.31092834473, 56275.68360710144, 58129.052277088165, 60085.487156391144, 61975.89737892151, 63795.67857027054], "timesteps_eval": [1000000, 2000000, 3000000, 4000000, 5000000, 6000000, 7000000, 8000000, 9000000, 9999802, 10999802, 11999802, 12999802, 13999802, 14999802, 15999802, 16999802, 17999802, 18999802, 19999802, 20999802, 21999802, 22999802, 23999802, 24999802, 25999802, 26999802, 27999802, 28999802, 29999802, 30999802, 31999802, 32999802, 33999802]}