{"incumbents": [476.0, 476.0, 476.0, 593.0, 593.0, 593.0, 593.0, 593.0, 593.0, 593.0, 980.0, 980.0, 980.0, 980.0, 980.0, 980.0, 980.0, 980.0, 980.0, 980.0, 980.0, 980.0, 980.0, 993.0, 993.0, 993.0, 993.0, 993.0, 1180.0, 1180.0, 1180.0, 1492.0, 1492.0, 1492.0, 1492.0, 1492.0, 1492.0, 1492.0, 1492.0, 1492.0, 1492.0, 1492.0, 1492.0, 1492.0, 1492.0, 1492.0, 1492.0, 1492.0, 1492.0, 1492.0, 1492.0, 1492.0, 1492.0, 1492.0, 1492.0, 1492.0, 1492.0, 1492.0, 1492.0, 1492.0, 1492.0, 1492.0, 1492.0, 1492.0, 1492.0, 1492.0, 1492.0, 1492.0, 1492.0, 1492.0, 1492.0, 1492.0, 1492.0, 1492.0, 1492.0, 1492.0, 1492.0, 1492.0, 1492.0, 1492.0, 1492.0, 1492.0, 1492.0, 1492.0, 1492.0, 1492.0, 1492.0, 1492.0, 1492.0, 1492.0, 1492.0, 1492.0, 1492.0, 1492.0, 1492.0, 1492.0, 1492.0, 1492.0, 1492.0, 1492.0], "wallclock_time_eval": [6848.919703006744, 13594.568013906479, 20371.92769598961, 27345.1491150856, 34246.07994365692, 40991.728254556656, 47990.776074409485, 54902.194187641144, 61723.42365574837, 68547.56813549995, 75516.83004570007, 82246.43649959564, 89051.75876402855, 96119.29781222343, 102981.85371828079, 109900.09800362587, 116803.27455186844, 123602.52396321297, 130425.87208580971, 137421.1534307003, 144365.73533654213, 151239.84162068367, 158209.8855586052, 165100.39983415604, 171932.6776881218, 178949.7650487423, 185957.74328517914, 192744.08654618263, 199726.0322921276, 206587.260774374, 213437.91367387772, 220309.93636131287, 227277.018791914, 234225.40554761887, 241098.2476375103, 248115.19301199913, 255040.38063573837, 261955.09830856323], "timesteps_eval": [1608622, 3216707, 4828501, 6431088, 8043489, 9651574, 11254748, 12862759, 14468102, 16074057, 17678928, 19282838, 20894852, 22501959, 24109921, 25720593, 27325522, 28936973, 30549781, 32153685, 33762039, 35369784, 36973808, 38579769, 40191692, 41803933, 43411797, 45023595, 46621210, 48225456, 49834127, 51436394, 53033994, 54646397, 56255934, 57854392, 59458141, 61057779]}