{"incumbents": [1244.0, 1244.0, 1244.0, 1244.0, 1244.0, 1244.0, 1244.0, 1244.0, 1244.0, 1244.0, 1244.0, 1244.0, 1244.0, 1244.0, 1244.0, 1254.0, 1254.0, 1254.0, 1254.0, 1412.0, 1412.0, 1412.0, 1412.0, 1412.0, 1412.0, 1412.0, 1412.0, 1412.0, 1412.0, 1412.0, 1412.0, 1412.0, 1412.0, 1412.0, 1412.0, 1412.0, 1412.0, 1412.0, 1412.0, 1412.0, 1412.0, 1412.0, 1412.0, 1412.0, 1412.0, 1412.0, 1412.0, 1412.0, 1412.0, 1412.0, 1412.0, 1412.0, 1412.0, 1412.0, 1412.0, 1412.0, 1412.0, 1412.0, 1412.0, 1412.0, 1412.0, 1412.0, 1412.0, 1412.0, 1412.0, 1412.0, 1412.0, 1412.0, 1412.0, 1412.0, 1412.0, 1412.0, 1412.0, 1412.0, 1412.0, 1412.0, 1412.0, 1412.0, 1412.0, 1412.0, 1412.0, 1412.0, 1412.0, 1412.0, 1412.0, 1412.0, 1412.0, 1412.0, 1412.0, 1412.0, 1412.0, 1412.0, 1412.0, 1412.0, 1412.0, 1412.0, 1412.0, 1412.0, 1412.0, 1412.0], "wallclock_time_eval": [6507.731596231461, 12265.52711391449, 18053.65266919136, 24285.062747955322, 30095.10410618782, 35924.72855448723, 41574.71842646599, 47327.22886180878, 53317.92219209671, 59023.879737854004, 65045.88454461098, 71103.13811707497, 76893.20148897171, 82620.14912199974, 88501.03219842911, 95311.32759690285, 100957.434071064, 106559.17525672913, 112216.39546704292, 118324.20383453369, 124459.77927064896, 130088.59618425369, 136375.52625870705, 141976.26984214783, 147709.15815591812, 153361.13266968727, 159294.71762871742, 165127.04237508774, 170940.48454117775, 176733.92861557007, 182448.61491274834, 188227.41468405724, 193922.949739933, 199683.9517416954], "timesteps_eval": [1577151, 3181461, 4797072, 6380985, 7993060, 9603427, 11197653, 12798136, 14383687, 15998949, 17607548, 19201199, 20811162, 22405955, 24002095, 25579948, 27168548, 28760011, 30344776, 31942316, 33550159, 35143455, 36730989, 38323997, 39911040, 41515618, 43116029, 44726239, 46335061, 47948885, 49537236, 51139177, 52725288, 54330339]}