{"incumbents": [0.0, 0.0, 0.0, 15.0, 15.0, 15.0, 15.0, 15.0, 15.0, 69.0, 69.0, 69.0, 69.0, 69.0, 69.0, 69.0, 69.0, 69.0, 69.0, 69.0, 69.0, 69.0, 69.0, 69.0, 69.0, 69.0, 69.0, 69.0, 69.0, 69.0, 69.0, 69.0, 69.0, 69.0, 69.0, 69.0, 69.0, 69.0, 69.0, 69.0, 69.0, 69.0, 69.0, 69.0, 69.0, 69.0, 69.0, 69.0, 69.0, 69.0, 69.0, 69.0, 69.0, 69.0, 69.0, 69.0, 69.0, 69.0, 69.0, 69.0, 69.0, 69.0, 69.0, 69.0, 69.0, 69.0, 69.0, 69.0, 69.0, 69.0, 69.0, 69.0, 69.0, 69.0, 69.0, 69.0, 69.0, 69.0, 69.0, 69.0, 69.0, 69.0, 69.0, 69.0, 69.0, 69.0, 69.0, 69.0, 69.0, 69.0, 69.0, 69.0, 69.0, 69.0, 69.0, 69.0, 69.0, 69.0, 69.0, 69.0], "wallclock_time_eval": [3512.181900024414, 6899.671052694321, 12818.877049922943, 16325.287299633026, 19800.077227830887, 23234.795909643173, 26586.096214532852, 29945.931832551956, 33285.68579387665, 38172.45922064781, 41681.97586560249, 46329.605145931244, 50192.24226522446, 55057.140285253525, 58630.426184654236, 63063.12096452713, 66721.04938173294, 70156.21662664413, 73542.42694473267, 79641.03357934952, 83576.19968795776, 87201.02908587456, 93143.86576533318, 96982.62987661362, 100444.91739821434, 104320.16735625267, 107713.11569619179, 112232.44928336143, 115677.62829947472, 121384.45158743858, 125667.32823705673, 129081.99520778656, 136519.81916069984, 139887.81207466125], "timesteps_eval": [974347, 1946579, 2831059, 3793446, 4765631, 5730689, 6695154, 7664134, 8625671, 9554835, 10518877, 11449337, 12422647, 13394923, 14361930, 15336358, 16289013, 17260926, 18231970, 19205179, 20161200, 21123787, 21966799, 22932135, 23894200, 24869894, 25841509, 26763671, 27737124, 28711854, 29682605, 30656762, 30666703, 31654719]}