{"incumbents": [10.0, 10.0, 101.0, 101.0, 101.0, 105.0, 105.0, 105.0, 105.0, 105.0, 177.0, 177.0, 177.0, 177.0, 177.0, 177.0, 177.0, 177.0, 177.0, 177.0, 177.0, 177.0, 177.0, 177.0, 177.0, 177.0, 177.0, 177.0, 267.0, 267.0, 267.0, 267.0, 267.0, 267.0, 267.0, 267.0, 267.0, 267.0, 267.0, 267.0, 267.0, 267.0, 267.0, 267.0, 267.0, 267.0, 267.0, 267.0, 267.0, 267.0, 267.0, 267.0, 267.0, 267.0, 267.0, 267.0, 267.0, 267.0, 267.0, 267.0, 267.0, 267.0, 267.0, 267.0, 267.0, 267.0, 267.0, 267.0, 267.0, 267.0, 267.0, 267.0, 267.0, 267.0, 267.0, 267.0, 267.0, 267.0, 267.0, 267.0, 267.0, 267.0, 267.0, 267.0, 267.0, 267.0, 267.0, 267.0, 267.0, 267.0, 267.0, 267.0, 267.0, 267.0, 267.0, 267.0, 267.0, 267.0, 267.0, 267.0], "wallclock_time_eval": [8205.97625207901, 16604.57583808899, 24884.18878722191, 32566.219662189484, 41089.27598762512, 48754.14060640335, 55144.5402173996, 63175.0762758255, 71742.76692557335, 79346.79909539223, 86208.14072084427, 94549.11748719215, 103032.68322610855, 110002.39539051056, 119313.70541191101, 128034.6863899231, 136185.12908005714, 143006.82654118538, 151980.32356882095, 160576.52255630493, 168790.35143375397, 175004.46147227287, 181937.99506878853, 188882.51268672943, 197376.69209313393, 203470.6646285057, 211235.80899763107, 220812.21610713005, 227160.10159778595, 235713.519572258, 244505.54639554024, 254514.08888411522, 261235.06436157227, 269827.35966706276, 277100.2823834419, 283440.0764913559, 290420.02046084404, 298919.48832058907], "timesteps_eval": [1524509, 3063851, 4668948, 6245685, 7792804, 9358041, 10962091, 12432893, 13986543, 15593366, 17200188, 18810804, 20390547, 21982783, 23530219, 25128860, 26710600, 28314027, 29916664, 31462524, 33039789, 34648035, 36238922, 37850946, 39400082, 41001142, 42610034, 44218901, 45829245, 47392922, 48975160, 50550837, 52154148, 53711021, 55317147, 56928512, 58539829, 60049835]}