{"incumbents": [669.6, 900.0, 900.0, 900.0, 900.0, 900.0, 900.0, 900.0, 900.0, 900.0, 900.0, 1049.6, 1049.6, 1049.6, 1049.6, 1049.6, 1049.6, 1049.6, 1049.6, 1049.6, 1049.6, 1049.6, 1312.0, 1312.0, 1312.0, 1312.0, 1312.0, 1312.0, 1312.0, 1312.0, 1312.0, 1312.0, 1312.0, 1312.0, 1312.0, 1312.0, 1312.0, 1312.0, 1312.0, 1312.0, 1312.0, 1312.0, 1312.0, 1312.0, 1312.0, 1312.0, 1312.0, 1312.0, 1312.0, 1312.0, 1312.0, 1312.0, 1312.0, 1312.0, 1312.0, 1312.0, 1312.0, 1312.0, 1312.0, 1312.0, 1312.0, 1312.0, 1312.0, 1312.0, 1312.0, 1312.0, 1312.0, 1312.0, 1312.0, 1312.0, 1312.0, 1312.0, 1312.0, 1312.0, 1312.0, 1312.0, 1312.0, 1312.0, 1312.0, 1312.0, 1312.0, 1312.0, 1312.0, 1312.0, 1312.0, 1312.0, 1312.0, 1312.0, 1312.0, 1312.0, 1312.0, 1312.0, 1312.0, 1312.0, 1312.0, 1312.0, 1312.0, 1312.0, 1312.0, 1312.0], "wallclock_time_eval": [4876.008241891861, 9002.816627979279, 13658.36693763733, 18432.074301481247, 23129.119029521942, 28338.03896522522, 32976.76816058159, 37630.18331313133, 41910.4540746212, 47452.54703235626, 52170.19489169121, 56546.34242653847, 62070.04142022133, 66180.29062700272, 70854.78318691254, 77169.43983101845, 82417.53124928474, 87915.98879241943, 92291.34722423553, 96558.93299460411, 101220.08367872238, 106249.34765219688, 110539.24720287323, 115398.1173210144, 119327.80007863045, 124736.89619040489, 129618.54406523705, 134908.88348913193, 139956.27160549164, 144636.5476861, 149328.66368079185, 154073.2313029766, 158743.7803721428], "timesteps_eval": [913654, 1840135, 2763518, 3613887, 4537269, 5467084, 6395472, 7312996, 8233785, 9071014, 9978366, 10861250, 11690427, 12610114, 13447924, 14398583, 15324739, 16161792, 17083382, 17995644, 18920201, 19754615, 20650935, 21551877, 22474446, 23274367, 24184234, 25064316, 25971214, 26898360, 27812134, 28739801, 29667596]}