{"incumbents": [-489.4879539, -309.03210189999993, -309.03210189999993, -309.03210189999993, -190.5000569, -190.5000569, -190.5000569, -190.5000569, -190.5000569, -190.5000569, -190.5000569, -190.5000569, -190.5000569, -190.5000569, -190.5000569, -190.5000569, -190.5000569, -190.5000569, -190.5000569, -190.5000569, -190.5000569, -190.5000569, -190.5000569, -190.5000569, -190.5000569, -190.5000569, -190.5000569, -190.5000569, -190.5000569, -190.5000569, -190.5000569, -190.5000569, -190.5000569, -190.5000569, -190.5000569, -190.5000569, -190.5000569, -190.5000569, -190.5000569, -190.5000569, -190.5000569, -190.5000569, -190.5000569, -190.5000569, -190.5000569, -190.5000569, -190.5000569, -190.5000569, -190.5000569, -190.5000569, -190.5000569, -190.5000569, -190.5000569, -190.5000569, -190.5000569, -190.5000569, -190.5000569, -190.5000569, -190.5000569, -190.5000569, -190.5000569, -190.5000569, -190.5000569, -190.5000569, -190.5000569, -190.5000569, -190.5000569, -190.5000569, -190.5000569, -190.5000569, -190.5000569, -190.5000569, -190.5000569, -190.5000569, -190.5000569, -190.5000569, -190.5000569, -190.5000569, -190.5000569, -190.5000569, -190.5000569, -190.5000569, -190.5000569, -190.5000569, -190.5000569, -190.5000569, -190.5000569, -190.5000569, -190.5000569, -190.5000569, -190.5000569, -190.5000569, -190.5000569, -190.5000569, -190.5000569, -190.5000569, -190.5000569, -190.5000569, -190.5000569, -190.5000569], "wallclock_time_eval": [1775.986244916916, 3559.757167816162, 5338.18458199501, 7063.926323413849, 8821.13803100586, 10569.852526903152, 12353.618889808655, 14138.291199684143, 15920.617906808853, 17689.193444252014, 19475.144432783127, 21224.119087934494, 23018.745794296265, 24815.258031606674, 26558.80451440811, 28359.505613327026, 30149.934765815735, 31936.261449575424, 33739.34369134903, 35534.219541311264, 37293.782180547714, 39043.021470069885, 40808.43581557274, 42544.172134399414, 44315.40573692322, 46113.88742804527, 47888.403822898865, 49667.12849354744, 51450.486773490906, 53241.919295072556, 55051.211415052414, 56847.242396593094, 58623.890219688416, 60400.50777435303], "timesteps_eval": [2040000, 4080000, 6120000, 8160000, 10200000, 12240000, 14280000, 16320000, 18360000, 20400000, 22440000, 24480000, 26520000, 28560000, 30600000, 32640000, 34680000, 36720000, 38760000, 40800000, 42840000, 44880000, 46920000, 48960000, 51000000, 53040000, 55080000, 57120000, 59160000, 61200000, 63240000, 65280000, 67320000, 69360000]}