{"incumbents": [-30000.0, -9013.0, -9013.0, -9013.0, -9013.0, -9013.0, -9013.0, -9013.0, -9013.0, -9013.0, -9013.0, -9013.0, -9013.0, -9013.0, -9013.0, -9013.0, -9013.0, -9013.0, -9013.0, -9013.0, -9013.0, -9013.0, -9013.0, -9013.0, -9013.0, -9013.0, -9013.0, -9013.0, -9013.0, -9013.0, -9013.0, -9013.0, -9013.0, -9013.0, -9013.0, -9013.0, -9013.0, -9013.0, -9013.0, -9013.0, -9013.0, -9013.0, -9013.0, -9013.0, -9013.0, -9013.0, -9013.0, -9013.0, -9013.0, -9013.0, -9013.0, -9013.0, -9013.0, -9013.0, -9013.0, -9013.0, -9013.0, -9013.0, -9013.0, -9013.0, -9013.0, -9013.0, -9013.0, -9013.0, -9013.0, -9013.0, -9013.0, -9013.0, -9013.0, -9013.0, -9013.0, -9013.0, -9013.0, -9013.0, -9013.0, -9013.0, -9013.0, -9013.0, -9013.0, -9013.0, -9013.0, -9013.0, -9013.0, -9013.0, -9013.0, -9013.0, -9013.0, -9013.0, -9013.0, -9013.0, -9013.0, -9013.0, -9013.0, -9013.0, -9013.0, -9013.0, -9013.0, -9013.0, -9013.0, -9013.0], "wallclock_time_eval": [7760.970768928528, 11095.168881177902, 17419.35461115837, 20763.398780345917, 26799.010451078415, 34004.27785944939, 39514.81052851677, 43332.03212475777, 49421.773315906525, 54666.136053323746, 58009.49741244316, 61365.62684702873, 64730.06937742233, 68070.68959474564, 73981.87411665916, 79156.35334992409, 85418.11301517487, 90724.84189391136, 94060.13526082039, 97470.21114730835, 102802.62487149239, 107863.8013548851, 111205.97349691391, 118975.69092822075, 122399.54353761673, 125953.46592521667, 129331.01812195778, 135129.59836912155, 138487.95556879044, 141824.6218369007, 147724.51249146461, 151102.32469940186, 154451.60495352745, 162248.80161380768], "timesteps_eval": [907971, 1866776, 2042796, 3002801, 3804059, 4723954, 18895992, 19492246, 20073109, 20368184, 21335086, 22279532, 23235728, 24202630, 24504804, 25148055, 25878250, 26230665, 27190670, 28152126, 28954841, 29578763, 30545665, 31450275, 31723890, 32143056, 33036901, 33502287, 34464555, 35416691, 36372727, 37295809, 38260453, 39164078]}