{"incumbents": [374.8897896, 425.4986333, 425.4986333, 425.4986333, 437.9034695, 437.9034695, 441.6972938, 441.6972938, 441.6972938, 441.6972938, 441.6972938, 441.6972938, 441.6972938, 441.6972938, 441.6972938, 441.6972938, 441.6972938, 441.6972938, 441.6972938, 441.6972938, 441.6972938, 441.6972938, 441.6972938, 441.6972938, 461.306915, 461.306915, 461.306915, 461.306915, 461.306915, 461.306915, 461.306915, 461.306915, 461.306915, 461.306915, 461.306915, 461.306915, 461.306915, 461.306915, 461.306915, 461.306915, 461.306915, 461.306915, 461.306915, 461.306915, 461.306915, 461.306915, 461.306915, 461.306915, 461.306915, 461.306915, 461.306915, 461.306915, 461.306915, 461.306915, 461.306915, 461.306915, 461.306915, 461.306915, 461.306915, 461.306915, 461.306915, 461.306915, 461.306915, 461.306915, 461.306915, 461.306915, 461.306915, 461.306915, 461.306915, 461.306915, 461.306915, 461.306915, 461.306915, 461.306915, 461.306915, 461.306915, 461.306915, 461.306915, 461.306915, 461.306915, 461.306915, 461.306915, 461.306915, 461.306915, 461.306915, 461.306915, 461.306915, 461.306915, 461.306915, 461.306915, 461.306915, 461.306915, 461.306915, 461.306915, 461.306915, 461.306915, 461.306915, 461.306915, 461.306915, 461.306915], "wallclock_time_eval": [2328.567722797394, 4567.550213098526, 7022.208087682724, 9219.635854244232, 11420.101897478104, 13642.724821567535, 15867.068428516388, 18163.56702899933, 20338.657659053802, 22625.819849729538, 24912.9350335598, 27077.55936741829, 29536.99724960327, 31764.841922283173, 33957.15660691261, 36163.37125015259, 38318.98339700699, 40594.21491599083, 42906.85094475746, 45089.35191679001, 47423.87071824074, 49569.57672095299, 51748.124641895294, 54060.945861816406, 56280.84047484398, 58540.70436143875, 60754.23905086517, 63280.61071705818, 65741.16297221184, 68035.10388565063, 70346.47082924843, 72689.79708623886, 74936.43528366089, 77288.3912396431], "timesteps_eval": [1020545, 2042650, 3064684, 4086822, 5108927, 6131102, 7153197, 8173821, 9196652, 10217539, 11238165, 12260553, 13282951, 14304064, 15326159, 16348334, 17370807, 18392094, 19412607, 20435823, 21456149, 22478894, 23501913, 24523160, 25545447, 26566383, 27588478, 28609241, 29631094, 30652044, 31672624, 32693325, 33714568, 34734856]}