{"incumbents": [471.5, 471.5, 471.5, 471.5, 471.5, 471.5, 471.5, 471.5, 471.5, 471.5, 471.5, 471.5, 471.5, 471.5, 471.5, 471.5, 471.5, 471.5, 471.5, 471.5, 471.5, 471.5, 471.5, 471.5, 471.5, 471.5, 471.5, 471.5, 471.5, 471.5, 471.5, 471.5, 471.5, 471.5, 471.5, 471.5, 471.5, 471.5, 471.5, 471.5, 471.5, 471.5, 471.5, 471.5, 471.5, 471.5, 471.5, 471.5, 471.5, 471.5, 471.5, 471.5, 471.5, 471.5, 471.5, 471.5, 471.5, 471.5, 471.5, 471.5, 471.5, 471.5, 471.5, 471.5, 471.5, 471.5, 471.5, 471.5, 471.5, 471.5, 471.5, 471.5, 471.5, 471.5, 471.5, 471.5, 471.5, 471.5, 471.5, 471.5, 471.5, 471.5, 471.5, 471.5, 471.5, 471.5, 471.5, 471.5, 471.5, 471.5, 471.5, 471.5, 471.5, 471.5, 471.5, 471.5, 471.5, 471.5, 471.5, 471.5], "wallclock_time_eval": [37.217631578445435, 73.17917847633362, 109.36647272109985, 145.08936429023743, 4490.815167427063, 4840.666340351105, 5191.880442142487, 5549.959443807602, 5889.751598358154, 6230.8846735954285, 7278.761864185333, 10391.919739961624, 11452.473675251007, 12498.185328960419, 13507.670471429825, 16532.614924907684, 19688.79747414589, 22730.56806755066, 26108.07155609131, 26458.559349298477, 26808.903519630432, 27151.179574251175, 27485.34472680092, 27832.130404233932, 28174.51881313324, 28525.36167192459, 28868.995752096176, 29219.954372644424, 30263.250299930573, 33437.58684134483, 34438.13550543785, 35446.435010910034, 36473.06170630455, 39603.45573234558, 42638.4800901413, 45891.64441871643, 49040.6251475811], "timesteps_eval": [968232, 1075498, 1182477, 1288260, 1395354, 1501629, 1607029, 1713906, 1820849, 1927168, 2247693, 3218100, 3539020, 3859674, 4181078, 5149714, 6112422, 7093991, 8036099, 8142394, 8248033, 8355528, 8461524, 8568633, 8675409, 8780902, 8887770, 8993391, 9308820, 10260840, 10585295, 10909732, 11230766, 12195015, 13162604, 14112920, 15074464]}