{"incumbents": [126.02100599999999, 148.44866639999998, 201.10968880000001, 256.32245589999997, 276.8945373, 265.9162348000001, 290.0711224, 264.7636877, 282.48382690000005, 264.8687083, 242.25252070000002, 224.92284729999997, 230.56824959999994, 228.28005939999997, 218.5427077, 222.06649829999998, 218.565539, 214.5500998, 227.1633681, 219.52600359999997, 214.8054118, 228.56362609999996, 214.5883246, 193.2024509, 180.27568390000002, 246.00047650000005, 246.00047650000005, 246.00047650000005, 246.00047650000005, 315.96548859999996, 315.96548859999996, 315.96548859999996, 315.96548859999996, 315.96548859999996, 846.7387775999999, 846.7387775999999, 846.7387775999999, 846.7387775999999, 846.7387775999999, 846.7387775999999, 846.7387775999999, 846.7387775999999, 846.7387775999999, 846.7387775999999, 846.7387775999999, 846.7387775999999, 846.7387775999999, 846.7387775999999, 846.7387775999999, 846.7387775999999, 846.7387775999999, 846.7387775999999, 846.7387775999999, 846.7387775999999, 846.7387775999999, 846.7387775999999, 846.7387775999999, 846.7387775999999, 846.7387775999999, 846.7387775999999, 846.7387775999999, 846.7387775999999, 846.7387775999999, 846.7387775999999, 846.7387775999999, 846.7387775999999, 846.7387775999999, 846.7387775999999, 846.7387775999999, 846.7387775999999, 846.7387775999999, 846.7387775999999, 846.7387775999999, 846.7387775999999, 846.7387775999999, 846.7387775999999, 846.7387775999999, 846.7387775999999, 846.7387775999999, 846.7387775999999, 846.7387775999999, 846.7387775999999, 846.7387775999999, 846.7387775999999, 846.7387775999999, 846.7387775999999, 846.7387775999999, 846.7387775999999, 846.7387775999999, 846.7387775999999, 846.7387775999999, 846.7387775999999, 846.7387775999999, 846.7387775999999, 846.7387775999999, 846.7387775999999, 846.7387775999999, 846.7387775999999, 846.7387775999999, 846.7387775999999, 846.7387775999999, 846.7387775999999, 846.7387775999999, 846.7387775999999, 846.7387775999999, 846.7387775999999, 846.7387775999999, 846.7387775999999, 846.7387775999999, 846.7387775999999, 846.7387775999999, 846.7387775999999, 846.7387775999999, 846.7387775999999, 846.7387775999999, 846.7387775999999, 846.7387775999999, 846.7387775999999, 846.7387775999999, 846.7387775999999, 846.7387775999999, 846.7387775999999, 846.7387775999999, 846.7387775999999, 846.7387775999999], "wallclock_time_eval": [90.80493927001953, 188.94811058044434, 281.4075927734375, 372.8793315887451, 465.9091510772705, 559.2172584533691, 653.1522541046143, 746.8085746765137, 841.089916229248, 932.8289470672607, 1025.8006439208984, 1117.8489322662354, 1213.4067878723145, 1305.240005493164, 1396.8083992004395, 1415.9909763336182, 1503.3905353546143, 1593.7533493041992, 1685.4973106384277, 1777.3184509277344, 1866.8659400939941, 1961.9244537353516, 2052.0999813079834, 2140.767065048218, 2230.8321170806885, 2248.0176331996918, 2519.506863594055, 2765.5896492004395, 3034.2799909114838, 3318.2667021751404, 3584.465258359909, 3823.2354123592377, 4074.384521007538, 4322.536815643311, 4579.349423646927, 5383.432260751724, 7687.814932584763, 8419.738863706589, 9163.152396440506, 9893.226633548737, 12143.403342723846, 14375.698674678802, 16903.43864440918, 19161.26989173889, 19415.9267206192, 19674.616445064545, 19918.571771144867, 20198.964143037796, 20459.11814212799, 20710.62730073929, 20966.429232120514, 21213.413328409195, 21457.202347040176, 22255.6355509758, 24690.389241218567, 25439.88536143303, 26190.36516404152, 26923.704224586487, 29174.349720478058, 31525.1772108078, 33985.00125026703, 36205.66365647316], "timesteps_eval": [996917, 1106832, 1216643, 1326582, 1435256, 1543848, 1653647, 1763376, 1873099, 1982938, 2309848, 3299895, 3629415, 3959069, 4288808, 5287795, 6285897, 7284643, 8282708, 8392546, 8502438, 8612061, 8721935, 8831842, 8941697, 9051573, 9161454, 9271107, 9599523, 10584362, 10912198, 11240922, 11570474, 12565210, 13563868, 14562383, 15559167]}