{"incumbents": [0.0, 0.0, 0.0, 0.0, 0.0, 0.0, 0.0, 0.0, 0.0, 4.0, 14.0, 0.0, 19.0, 13.0, 0.0, 0.0, 0.0, 0.0, 0.0, 0.0, 1.0, 0.0, 11.0, 0.0, 0.0, 18.0, 18.0, 18.0, 18.0, 18.0, 18.0, 18.0, 21.0, 21.0, 21.0, 21.0, 21.0, 21.0, 21.0, 21.0, 21.0, 21.0, 21.0, 21.0, 21.0, 21.0, 21.0, 21.0, 21.0, 21.0, 21.0, 21.0, 21.0, 21.0, 21.0, 21.0, 21.0, 21.0, 21.0, 21.0, 21.0, 21.0, 21.0, 21.0, 21.0, 21.0, 21.0, 21.0, 21.0, 21.0, 21.0, 21.0, 21.0, 21.0, 21.0, 21.0, 21.0, 21.0, 21.0, 21.0, 21.0, 21.0, 21.0, 21.0, 21.0, 21.0, 21.0, 21.0, 21.0, 21.0, 21.0, 21.0, 21.0, 21.0, 21.0, 21.0, 21.0, 21.0, 21.0, 21.0, 21.0, 21.0, 21.0, 21.0, 21.0, 21.0, 21.0, 21.0, 21.0, 21.0, 21.0, 21.0, 21.0, 21.0, 21.0, 21.0, 21.0, 21.0, 21.0, 21.0, 21.0, 21.0, 21.0, 21.0, 21.0, 21.0], "wallclock_time_eval": [186.29134702682495, 372.346538066864, 559.6698026657104, 749.5372042655945, 867.896773815155, 1053.5343046188354, 1172.4774856567383, 1290.8533444404602, 1425.4335775375366, 1577.2975859642029, 1721.6493077278137, 1867.5940389633179, 1981.6337671279907, 2170.9786853790283, 2344.1446208953857, 2491.1619353294373, 2607.8783960342407, 2724.3505516052246, 2841.0087566375732, 2959.4199409484863, 3074.8611721992493, 3192.7076454162598, 3310.207640647888, 3428.8987708091736, 3550.983699798584, 3649.840208053589, 3698.994172811508, 4197.186407566071, 4719.851994276047, 5370.886150360107, 5922.163011789322, 6297.721267938614, 6674.705867767334, 7234.883518218994, 7611.6051633358, 8151.259967088699, 9422.019813776016, 13081.119069814682, 14572.010487318039, 15798.969810009003, 16960.423812627792, 20474.697971105576, 28130.511043548584, 31561.88597536087, 35523.141968250275, 35968.092143297195, 36422.548949956894, 36798.163336753845, 37437.518380880356, 38106.04678082466, 38482.58188056946, 39314.394240140915, 39870.894349336624, 40272.316942214966, 41794.299543857574, 45858.03780245781, 47110.85605573654, 49086.169360637665, 50260.55531334877, 53771.94163751602, 58470.94167923927, 62116.31162047386, 66984.29301929474], "timesteps_eval": [964111, 1070943, 1177290, 1273679, 1379712, 1486082, 1593185, 1699969, 1807012, 1913129, 2233211, 3204377, 3524713, 3844705, 4163907, 5135524, 5145520, 6108732, 7078245, 7185290, 7292118, 7398814, 7506025, 7612999, 7720151, 7729388, 7835422, 7941797, 8261513, 9226053, 9546030, 9865772, 10186561, 11155053, 12098910, 13068676, 14039070]}