{"incumbents": [1223.0, 664.0, 1223.0, 1223.0, 1223.0, 1223.0, 1223.0, 1223.0, 1223.0, 1223.0, 1223.0, 1223.0, 1223.0, 1223.0, 1223.0, 1223.0, 1451.0, 1223.0, 1223.0, 1223.0, 1223.0, 1223.0, 1223.0, 1223.0, 1223.0, 1223.0, 1223.0, 1223.0, 1223.0, 1301.0, 1486.0, 1223.0, 4409.0, 4409.0, 4409.0, 4409.0, 4409.0, 4409.0, 5003.0, 5003.0, 5003.0, 5003.0, 5003.0, 5003.0, 5003.0, 5003.0, 5003.0, 5003.0, 5003.0, 5003.0, 5003.0, 5003.0, 5003.0, 5003.0, 5003.0, 5003.0, 5003.0, 5003.0, 5003.0, 5003.0, 5003.0, 5003.0, 5003.0, 5003.0, 5003.0, 5003.0, 5003.0, 5003.0, 5003.0, 5003.0, 5003.0, 5003.0, 5003.0, 5003.0, 5003.0, 5003.0, 5003.0, 5003.0, 5003.0, 5003.0, 5003.0, 5588.0, 5588.0, 5588.0, 5588.0, 5588.0, 5588.0, 5659.0, 5659.0, 5659.0, 5659.0, 5659.0, 5659.0, 5659.0, 5659.0, 5659.0, 5659.0, 5659.0, 5659.0, 5659.0, 5659.0, 5659.0, 5659.0, 5659.0, 5659.0, 5659.0, 5659.0, 5659.0, 5659.0, 5659.0, 5659.0, 5659.0, 5659.0, 5659.0, 5659.0, 5659.0, 5659.0, 5659.0, 5659.0, 5659.0, 5659.0, 5659.0, 5659.0, 5659.0, 5659.0, 5659.0, 5659.0, 5659.0, 5659.0, 5659.0, 5659.0, 5659.0, 5659.0, 5659.0, 5659.0, 5659.0, 5659.0, 5659.0, 5659.0, 5659.0, 5659.0], "wallclock_time_eval": [34.823307394981384, 181.57999348640442, 355.1077992916107, 517.9412323236465, 680.9346536397934, 843.6763101816177, 1007.512601852417, 1171.2212207317352, 1333.9933904409409, 1497.1393582820892, 1658.9455370903015, 1822.0930924415588, 1984.3496443033218, 2146.2191359996796, 2309.312490463257, 2473.767774105072, 2580.406758069992, 2802.4638612270355, 2967.245227456093, 3132.743201494217, 3301.4001811742783, 3472.734433054924, 3650.812563061714, 3839.488724708557, 4039.012977361679, 4255.921581149101, 4482.008564114571, 4720.697590827942, 4962.260942459106, 5007.952619671822, 5686.2648767232895, 6891.430235505104, 6940.83447766304, 7711.52593588829, 8412.537462234497, 9101.313180923462, 9812.133157253265, 10519.605207681656, 11229.823457479477, 11920.342154026031, 12630.87483906746, 13341.993255138397, 15518.73155093193, 22207.827166318893, 24372.733857631683, 26440.721143484116, 28620.415355205536, 35120.68872618675, 41520.48389458656, 48037.5233976841, 54407.65743160248, 55092.20653581619, 55783.543016433716, 56491.19241452217, 57186.337124586105, 57877.66051745415, 58570.626292705536, 59279.97982215881, 59991.68816781044, 60699.6305334568, 62833.3074862957, 69416.19265699387, 71523.31593418121, 73641.17460155487, 75719.33169770241, 82156.84248137474, 88548.10396122932, 94957.51572799683, 101236.29470729828, 101923.00658035278, 102665.9562215805, 103361.16569304466, 104061.05224347115, 104743.68147921562, 105442.40201568604, 106796.25961589813, 107480.41550970078, 108164.73465299606, 112383.21423912048, 126106.2281665802, 128251.26547765732, 130406.56754922867, 132547.8207871914, 139232.06194877625, 145608.3267018795, 152184.38301706314, 158592.8145866394, 159297.61727142334, 159982.65482735634, 160738.33852243423, 161430.53641295433, 162112.4760313034, 162821.7713148594, 163507.4741678238, 164199.1032269001, 164925.10430717468, 167040.47494387627, 173540.27449536324, 175654.71035385132, 177741.86389923096, 179817.26621294022, 186129.81852173805, 192388.2823073864, 198816.75800037384, 205208.40468597412, 205946.05049729347, 206664.0303890705, 207379.68177437782, 208082.1102027893, 208774.3109202385, 209474.5677614212, 210205.06356573105, 210915.17389845848, 211599.1531677246, 213799.77036738396, 220613.51951289177, 222692.28851246834, 224911.19613480568, 227010.85606336594, 233535.51211071014, 239847.9185602665, 246372.2658686638, 252886.037460804, 253595.58693933487, 254298.8391649723, 255012.88066101074, 255726.60237550735, 256417.3517062664, 257121.28498363495, 257816.53498530388, 258539.3582367897, 259219.59854722023, 261449.93326449394, 268343.96092128754, 270477.10959148407, 272586.26690483093, 274736.29021048546, 281205.1622285843, 288056.6869928837, 294441.24234461784, 300975.7903807163], "timesteps_eval": [1610235, 1788137, 1966417, 2144928, 2322792, 2501957, 2679285, 2857450, 3034656, 3211979, 3742193, 5339042, 5870434, 6403305, 6934277, 8541813, 10151141, 11758426, 13385358, 13563722, 13741876, 13919523, 14097204, 14275999, 14454681, 14632021, 14809805, 14987580, 15519959, 17122995, 17658994, 18190471, 18724876, 20333834, 21946522, 23558812, 25180403, 25358799, 25536875, 25715461, 25893849, 26072089, 26250924, 26428805, 26607167, 26785435, 27318819, 28935295, 29466676, 29996752, 30527665, 32121945, 33736598, 35338388, 36957358, 37134897, 37313157, 37490657, 37669096, 37847756, 38025421, 38203891, 38382909, 38559983, 39092387, 40698556, 41234722, 41767822, 42303290, 43923640, 45545076, 47158665, 48777184, 48954568, 49131926, 49309491, 49487453, 49666223, 49844230, 50022167, 50199310, 50377780, 50910861, 52515790, 53051179, 53579089, 54112885, 55721883, 57344994, 58952571, 60557542, 60734869, 60912980, 61090515, 61268251, 61447124, 61626164, 61804665, 61982181, 62160824, 62687842, 64275690, 64808390, 65341357, 65870604, 67482438, 69074729, 70692482, 72294606]}