{"incumbents": [0.0, 0.0, 0.0, 0.0, 0.0, 0.0, 0.0, 0.0, 0.0, 0.0, 0.0, 9.0, 9.0, 18.0, 18.0, 18.0, 18.0, 18.0, 18.0, 21.0, 21.0, 21.0, 21.0, 21.0, 21.0, 21.0, 21.0, 21.0, 21.0, 21.0, 21.0, 21.0, 21.0, 21.0, 21.0, 21.0, 21.0, 21.0, 21.0, 21.0, 21.0, 21.0, 21.0, 21.0, 21.0, 21.0, 21.0, 21.0, 21.0, 21.0, 21.0, 21.0, 21.0, 21.0, 21.0, 21.0, 21.0, 21.0, 21.0, 21.0, 21.0, 21.0, 21.0, 21.0, 21.0, 21.0, 21.0, 21.0, 21.0, 21.0, 21.0, 21.0, 21.0, 21.0, 21.0, 21.0, 21.0, 21.0, 21.0, 21.0, 21.0, 21.0, 21.0, 21.0, 21.0, 21.0, 21.0, 21.0, 21.0, 21.0, 21.0, 21.0, 21.0, 21.0, 21.0, 21.0, 21.0, 21.0, 21.0, 21.0, 21.0, 21.0, 21.0, 21.0, 21.0, 21.0, 21.0, 21.0, 21.0, 21.0, 21.0, 21.0, 21.0], "wallclock_time_eval": [252.05351781845093, 504.75770568847656, 758.6968235969543, 1012.5515103340149, 1266.7541460990906, 1519.85902261734, 1773.2208156585693, 2026.39564371109, 2282.4702563285828, 2537.306128025055, 2789.332375049591, 2813.0863885879517, 2940.5703387260437, 3698.994172811508, 4197.186407566071, 4719.851994276047, 5370.886150360107, 5922.163011789322, 6297.721267938614, 6674.705867767334, 7234.883518218994, 7611.6051633358, 8151.259967088699, 9422.019813776016, 13081.119069814682, 14572.010487318039, 15798.969810009003, 16960.423812627792, 20474.697971105576, 28130.511043548584, 31561.88597536087, 35523.141968250275, 35968.092143297195, 36422.548949956894, 36798.163336753845, 37437.518380880356, 38106.04678082466, 38482.58188056946, 39314.394240140915, 39870.894349336624, 40272.316942214966, 41794.299543857574, 45858.03780245781, 47110.85605573654, 49086.169360637665, 50260.55531334877, 53771.94163751602, 58470.94167923927, 62116.31162047386, 66984.29301929474], "timesteps_eval": [964111, 1070943, 1177290, 1273679, 1379712, 1486082, 1593185, 1699969, 1807012, 1913129, 2233211, 3204377, 3524713, 3844705, 4163907, 5135524, 5145520, 6108732, 7078245, 7185290, 7292118, 7398814, 7506025, 7612999, 7720151, 7729388, 7835422, 7941797, 8261513, 9226053, 9546030, 9865772, 10186561, 11155053, 12098910, 13068676, 14039070]}