{"incumbents": [2.2, 2.2, 2.2, 2.2, 2.2, 2.2, 2.2, 2.2, 2.2, 2.2, 2.2, 2.2, 2.2, 2.2, 2.2, 2.2, 2.2, 2.2, 2.2, 2.2, 2.2, 2.2, 2.2, 2.2, 2.2, 2.2, 2.2, 5.4, 5.4, 5.4, 5.4, 5.4, 10.7, 10.7, 10.7, 10.7, 10.7, 10.7, 10.7, 10.7, 10.7, 10.7, 10.7, 10.7, 10.7, 10.7, 10.8, 10.8, 10.9, 10.9, 10.9, 11.3, 11.3, 11.3, 12.2, 12.2, 12.2, 12.2, 12.2, 12.2, 12.2, 12.2, 12.2, 12.2, 12.2, 12.2, 12.2, 12.2, 12.2, 12.2, 12.2, 12.2, 12.2, 12.2, 12.2, 12.2, 12.2, 12.2, 12.2, 12.2, 12.2, 12.2, 12.2, 12.2, 12.2, 12.2, 12.2, 12.2, 12.2, 12.2, 12.2, 12.2, 12.2, 12.2, 12.2, 12.2, 12.2, 12.2, 12.2, 12.2, 12.2, 12.2, 12.2, 12.2, 12.2, 12.2, 12.2, 12.2, 12.2, 12.2, 12.2, 12.2, 12.2, 12.2, 12.2, 12.2, 12.2, 12.2, 12.2, 12.2, 12.2, 12.2, 12.2, 12.2, 12.2, 12.2, 12.2], "wallclock_time_eval": [125.20595264434814, 249.4001259803772, 374.14726734161377, 499.34802770614624, 621.8577551841736, 745.3012609481812, 869.7271447181702, 993.2688965797424, 1117.6784415245056, 1242.741313457489, 1365.7408237457275, 1489.983600616455, 1615.6609191894531, 1739.5171489715576, 1864.4044513702393, 1988.317976474762, 2112.2720012664795, 2236.395993232727, 2361.389582633972, 2484.80784368515, 2608.890951156616, 2733.9602122306824, 2858.1818222999573, 2982.996594429016, 3107.043529987335, 3230.3157267570496, 3354.644989490509, 3396.251497745514, 3783.627325773239, 4169.42271900177, 4550.73907995224, 4934.866187810898, 5308.925902843475, 5694.470779657364, 6078.7733273506165, 6469.143919706345, 6857.175043821335, 7954.254017353058, 11245.169181585312, 12402.086755275726, 13557.77488899231, 14725.29548406601, 18234.253918886185, 21772.562177419662, 25194.67333006859, 28616.89935708046, 28996.44177174568, 29382.10488009453, 29752.24913740158, 30141.474684476852, 30528.098694562912, 30900.612612724304, 31286.32194328308, 31678.963537693024, 32052.574640274048, 33139.67419910431, 36416.320551395416, 37555.106108665466, 38687.769000053406, 39786.58355784416, 43067.60311746597, 46558.79539060593, 50191.488819122314, 53679.76848292351], "timesteps_eval": [990090, 1099587, 1208963, 1318233, 1427606, 1536488, 1645809, 1755250, 1864566, 1973829, 2299233, 3283113, 3610749, 3938546, 4266490, 5257912, 6252139, 7243940, 8236076, 8345206, 8454609, 8563641, 8672799, 8782174, 8890868, 9000261, 9109590, 9218532, 9544227, 10529458, 10856889, 11184400, 11510526, 12497328, 13488737, 14485401, 15478833]}