{"incumbents": [4.0, 0.0, 0.0, 16.0, 0.0, 0.0, 0.0, 0.0, 0.0, 0.0, 0.0, 0.0, 0.0, 0.0, 0.0, 0.0, 0.0, 0.0, 1.0, 0.0, 0.0, 0.0, 0.0, 0.0, 0.0, 18.0, 18.0, 18.0, 18.0, 18.0, 18.0, 21.0, 21.0, 21.0, 21.0, 21.0, 21.0, 21.0, 21.0, 21.0, 21.0, 21.0, 21.0, 21.0, 21.0, 21.0, 21.0, 21.0, 21.0, 21.0, 21.0, 21.0, 21.0, 21.0, 21.0, 21.0, 21.0, 21.0, 21.0, 21.0, 21.0, 21.0, 21.0, 21.0, 21.0, 21.0, 21.0, 21.0, 21.0, 21.0, 21.0, 21.0, 21.0, 21.0, 21.0, 21.0, 21.0, 21.0, 21.0, 21.0, 21.0, 21.0, 21.0, 21.0, 21.0, 21.0, 21.0, 21.0, 21.0, 21.0, 21.0, 21.0, 21.0, 21.0, 21.0, 21.0, 21.0, 21.0, 21.0, 21.0, 21.0, 21.0, 21.0, 21.0, 21.0, 21.0, 21.0, 21.0, 21.0, 21.0, 21.0, 21.0, 21.0, 21.0, 21.0, 21.0, 21.0, 21.0, 21.0, 21.0, 21.0, 21.0, 21.0, 21.0, 21.0], "wallclock_time_eval": [137.13736963272095, 276.08163595199585, 415.67714977264404, 555.1159715652466, 697.0547847747803, 838.1593961715698, 976.2199549674988, 1116.2491550445557, 1260.8007674217224, 1406.2716393470764, 1551.0900621414185, 1693.5495624542236, 1838.6633577346802, 1985.8745069503784, 2130.342460155487, 2274.214545726776, 2419.228838443756, 2563.8691301345825, 2704.5173201560974, 2854.7789583206177, 3000.336172103882, 3145.601797103882, 3290.871413230896, 3435.4013595581055, 3579.513057231903, 3698.994172811508, 4197.186407566071, 4719.851994276047, 5370.886150360107, 5922.163011789322, 6297.721267938614, 6674.705867767334, 7234.883518218994, 7611.6051633358, 8151.259967088699, 9422.019813776016, 13081.119069814682, 14572.010487318039, 15798.969810009003, 16960.423812627792, 20474.697971105576, 28130.511043548584, 31561.88597536087, 35523.141968250275, 35968.092143297195, 36422.548949956894, 36798.163336753845, 37437.518380880356, 38106.04678082466, 38482.58188056946, 39314.394240140915, 39870.894349336624, 40272.316942214966, 41794.299543857574, 45858.03780245781, 47110.85605573654, 49086.169360637665, 50260.55531334877, 53771.94163751602, 58470.94167923927, 62116.31162047386, 66984.29301929474], "timesteps_eval": [964111, 1070943, 1177290, 1273679, 1379712, 1486082, 1593185, 1699969, 1807012, 1913129, 2233211, 3204377, 3524713, 3844705, 4163907, 5135524, 5145520, 6108732, 7078245, 7185290, 7292118, 7398814, 7506025, 7612999, 7720151, 7729388, 7835422, 7941797, 8261513, 9226053, 9546030, 9865772, 10186561, 11155053, 12098910, 13068676, 14039070]}