{"incumbents": [-30000.0, -30000.0, -30000.0, -30000.0, -30000.0, -30000.0, -9013.0, -9013.0, -9013.0, -9013.0, -9013.0, -9013.0, -9013.0, -9013.0, -9013.0, -9013.0, -9013.0, -9013.0, -9013.0, -9013.0, -9013.0, -9013.0, -9013.0, -9013.0, -9013.0, -9013.0, -9013.0, -9013.0, -9013.0, -9013.0, -9013.0, -9013.0, -9013.0, -9013.0, -9013.0, -9013.0, -9013.0, -9013.0, -9013.0, -9013.0, -9013.0, -9013.0, -9013.0, -9013.0, -9013.0, -9013.0, -9013.0, -9013.0, -9013.0, -9013.0, -9013.0, -9013.0, -9013.0, -9013.0, -9013.0, -9013.0, -9013.0, -9013.0, -9013.0, -9013.0, -9013.0, -9013.0, -9013.0, -9013.0, -9013.0, -9013.0, -9013.0, -9013.0, -9013.0, -9013.0, -9013.0, -9013.0, -9013.0, -9013.0, -9013.0, -9013.0, -9013.0, -9013.0, -9013.0, -9013.0, -9013.0, -9013.0, -9013.0, -9013.0, -9013.0, -9013.0, -9013.0, -9013.0, -9013.0, -9013.0, -9013.0, -9013.0, -9013.0, -9013.0, -9013.0, -9013.0, -9013.0, -9013.0, -9013.0, -9013.0], "wallclock_time_eval": [68.37049889564514, 153.63449573516846, 194.85485434532166, 265.52486634254456, 8718.190851211548, 9508.658989191055, 10053.298253774643, 10420.062676668167, 11306.006604671478, 12005.717020750046, 13372.23343372345, 18978.513726234436, 20065.435386180878, 21700.46498131752, 22852.11563205719, 27111.94929265976, 33379.40620803833, 36940.92039012909, 43446.13751769066, 44321.76895785332, 44721.57150864601, 45570.12564611435, 46237.43647098541, 46927.162961483, 47815.72432971001, 48663.80796670914, 49553.53432416916, 50437.60431790352, 51574.11551642418, 54953.61568593979, 57606.51714158058, 59919.77569413185, 61727.6029984951, 67374.05312871933, 75373.8532512188, 81624.63698482513, 87823.69990038872], "timesteps_eval": [237523, 274658, 362219, 371228, 459598, 469551, 479550, 570220, 579229, 615469, 795997, 1144271, 1416042, 1619674, 1882106, 2369518, 2571457, 3385128, 3395127, 3404136, 3504494, 3513503, 3561472, 3597419, 3606428, 3615437, 3624446, 3633455, 3946365, 4906588, 4915597, 4925596, 4935595, 4945594, 4954603, 5303566, 5652893]}