{"incumbents": [126.0, 170.0, 264.0, 418.0, 336.0, 521.0, 546.0, 436.0, 639.0, 1064.0, 1229.0, 708.0, 1641.0, 1796.0, 2001.0, 2147.0, 1620.0, 2173.0, 1061.0, 2267.0, 935.0, 935.0, 935.0, 935.0, 935.0, 3075.0, 3075.0, 3075.0, 3075.0, 3075.0, 3075.0, 3075.0, 3075.0, 3075.0, 3075.0, 3075.0, 3075.0, 3075.0, 3075.0, 3075.0, 3075.0, 3075.0, 3075.0, 3075.0, 3075.0, 3075.0, 3165.0, 3165.0, 3165.0, 3165.0, 3165.0, 3165.0, 3165.0, 3165.0, 3165.0, 3165.0, 4159.0, 4159.0, 4159.0, 4159.0, 4159.0, 4159.0, 4159.0, 4159.0, 4159.0, 4159.0, 4159.0, 4159.0, 4159.0, 4159.0, 4159.0, 4159.0, 4159.0, 4159.0, 4159.0, 4159.0, 4159.0, 4159.0, 4159.0, 4159.0, 4159.0, 4159.0, 4159.0, 4159.0, 4159.0, 4159.0, 4159.0, 4159.0, 4159.0, 4159.0, 4159.0, 4159.0, 4159.0, 4159.0, 4159.0, 4159.0, 4159.0, 4159.0, 4159.0, 4159.0, 4159.0, 4159.0, 4159.0, 4159.0, 4159.0, 4159.0, 4159.0, 4159.0, 4159.0, 4159.0, 4159.0, 4159.0, 4159.0, 4159.0, 4159.0, 4159.0, 4159.0, 4159.0, 4159.0, 4159.0], "wallclock_time_eval": [114.80174970626831, 227.4286208152771, 455.8769950866699, 568.1344447135925, 679.1131114959717, 795.2496857643127, 913.6758055686951, 1030.074709892273, 1149.6689977645874, 1272.853003501892, 1394.454119682312, 1518.8263320922852, 1645.4388275146484, 1783.541555404663, 1905.6780109405518, 2035.6706337928772, 2159.825592517853, 2288.392475605011, 2414.774344921112, 2541.7580637931824, 2659.4450862407684, 2958.0772960186005, 3255.4877173900604, 3546.9677374362946, 3845.1018991470337, 4138.640750646591, 4433.268041133881, 4733.766335248947, 5029.59777879715, 5329.490647554398, 6221.348031282425, 9100.472460985184, 9989.250725746155, 10875.63876414299, 11770.778873443604, 14459.479795694351, 17819.587310791016, 20512.307002067566, 23237.016530752182, 23537.372943162918, 23825.118910074234, 24123.65942311287, 24413.607141256332, 24815.734818696976, 25115.678218603134, 25443.82942008972, 25750.01718902588, 26044.784959554672, 27158.598821163177, 30897.92027449608, 31790.834954738617, 32676.18695282936, 33503.28901267052, 36587.60146832466, 39295.108981370926, 41985.8091108799, 45946.51465010643], "timesteps_eval": [977064, 1081474, 1185430, 1276385, 1380133, 1487469, 1593816, 1697579, 1803038, 1907624, 2230615, 3199596, 3509872, 3818377, 4133417, 5074469, 6034181, 7010104, 7989612, 8092610, 8200176, 8304043, 8411180, 8489073, 8594177, 8700283, 8806940, 8913686, 9225024, 10126275, 10440433, 10739291, 11042538, 11978522, 12937607, 13884001, 14781897]}