{"incumbents": [245.0, 904.0, 904.0, 904.0, 904.0, 904.0, 1656.0, 1656.0, 1656.0, 1656.0, 1656.0, 1656.0, 1656.0, 1656.0, 1656.0, 1656.0, 1656.0, 1656.0, 1656.0, 1656.0, 1656.0, 1656.0, 1656.0, 1656.0, 1656.0, 1656.0, 1656.0, 1656.0, 1656.0, 1656.0, 1656.0, 1656.0, 1656.0, 1656.0, 1656.0, 1656.0, 1656.0, 1656.0, 1656.0, 1656.0, 1656.0, 1656.0, 1656.0, 1656.0, 1877.0, 1877.0, 1877.0, 1877.0, 1877.0, 1877.0, 1877.0, 1877.0, 1877.0, 1877.0, 1877.0, 1877.0, 1877.0, 1877.0, 1877.0, 1877.0, 1877.0, 1877.0, 1877.0, 1877.0, 1877.0, 1877.0, 1877.0, 1877.0, 1877.0, 1877.0, 1877.0, 1877.0, 1877.0, 1877.0, 1877.0, 1877.0, 1877.0, 1877.0, 1877.0, 1877.0, 1877.0, 1877.0, 1877.0, 1877.0, 1877.0, 1877.0, 1877.0, 1877.0, 1877.0, 1877.0, 1877.0, 1877.0, 1877.0, 1877.0, 1877.0, 1877.0, 1877.0, 1877.0, 1877.0, 1877.0, 1877.0, 1877.0, 1877.0, 1877.0, 1877.0, 1877.0, 1877.0, 1877.0, 1877.0, 1877.0], "wallclock_time_eval": [35.914509534835815, 6876.919336557388, 7624.563896656036, 8370.899599552155, 9128.706468105316, 9883.411130905151, 10641.290813684464, 11390.242305278778, 12158.844780683517, 12901.358940839767, 13645.86976313591, 15951.238709449768, 22926.161684513092, 25175.833878278732, 27436.245604276657, 29714.97118639946, 36639.34636044502, 43639.042721271515, 50436.228992938995, 57263.44438147545, 58032.7235660553, 58772.66988492012, 59536.38037919998, 60296.45531129837, 61065.29501366615, 61808.14791536331, 62548.966024160385, 63293.87348532677, 64056.23118710518, 66359.94775986671, 73329.90916776657, 75612.04221820831, 77904.01946902275, 80188.73093819618, 87065.65027475357, 93928.40627765656, 100762.37815451622, 107618.2599260807, 108367.04416275024, 109109.36714601517, 109852.56562805176, 110607.57524633408, 111363.57890033722, 112117.75542473793, 112877.26742506027, 113624.68005919456, 114405.13878059387, 116734.87578487396, 123775.42438864708, 126052.4472579956, 128319.1571457386, 130581.4254333973, 137529.02976441383, 144412.56357598305, 151346.59775590897, 158222.9416744709, 158979.76372861862, 159741.24385404587, 160506.3577773571, 161257.76870942116, 162019.6358551979, 162776.2725303173, 163527.28640079498, 164306.04453539848, 165047.66861486435, 167358.58085870743, 174344.73281884193, 176654.9139740467, 178925.4840180874, 181190.18498587608, 188182.46200203896, 195046.64694690704, 201893.1797568798, 208810.75518894196, 209592.09952878952, 210343.2206003666, 211105.58340382576, 211878.61663508415, 212623.4764561653, 213363.27335190773, 214126.5460381508, 214869.29633259773, 215644.5787949562, 217978.87645983696, 225033.31951236725, 227286.11468219757, 229574.48837566376, 231801.9670882225, 238762.51539468765, 245639.58948755264, 252649.38684797287, 259551.09031057358, 260318.06700396538, 261074.80055594444, 261817.5489103794, 262589.2477967739, 263336.7095448971, 264101.9159939289, 264856.7008635998, 265601.4484064579, 266379.6112601757, 268710.3177638054, 275744.3544075489, 278008.7649805546, 280277.5163729191, 282503.3523643017, 289333.33085393906, 296215.49072909355, 303166.26676368713, 310046.6630241871], "timesteps_eval": [1605985, 1783209, 1960372, 2137881, 2315057, 2492008, 2668903, 2845042, 3022405, 3198931, 3725930, 5327662, 5858580, 6389852, 6920310, 8526452, 10129383, 11734254, 13338873, 13515290, 13692010, 13869093, 14046211, 14222897, 14399718, 14576539, 14753664, 14930131, 15459607, 17063806, 17594910, 18124763, 18655416, 20261401, 21874129, 23485146, 25094406, 25271603, 25448722, 25625906, 25803079, 25979884, 26157028, 26334326, 26511889, 26688576, 27217097, 28819881, 29349345, 29880527, 30411445, 32006092, 33617706, 35209760, 36818989, 36996685, 37173711, 37350733, 37527505, 37704305, 37881109, 38058310, 38235028, 38411958, 38941692, 40546225, 41076551, 41608964, 42140159, 43738561, 45348719, 46961174, 48564662, 48741367, 48918570, 49095329, 49272421, 49448947, 49626192, 49803621, 49980594, 50157672, 50686744, 52290119, 52821062, 53351604, 53881563, 55478970, 57087571, 58691652, 60306416, 60483451, 60660344, 60837204, 61013916, 61191425, 61368329, 61545402, 61722483, 61899113, 62427064, 64029888, 64560977, 65091697, 65622611, 67228552, 68837474, 70441121, 72049299]}