{"incumbents": [-1.0, -1.0, -1.0, -1.0, -1.0, -1.0, -1.0, -1.0, -1.0, -1.0, -1.0, -1.0, -1.0, -1.0, -1.0, -1.0, -1.0, -1.0, -1.0, -1.0, -1.0, -1.0, -1.0, -1.0, -1.0, -1.0, -1.0, -1.0, -1.0, -1.0, -1.0, -1.0, -1.0, -1.0, -1.0, -1.0, -1.0, -1.0, -1.0, -1.0, -1.0, -1.0, -1.0, -1.0, -1.0, -1.0, -1.0, -1.0, -1.0, -1.0, -1.0, -1.0, -1.0, -1.0, -1.0, -1.0, -1.0, -1.1, -1.0, -1.0, -1.0, -1.0, -1.0, -1.0, -1.0, -1.0, -1.0, -1.0, -1.0, -1.0, -1.0, -1.0, -1.0, -1.0, -1.0, -1.0, -1.0, -1.0, -1.0, -1.0, -1.0, -1.0, -1.0, -1.0, -1.0, -1.0, -1.0, -1.0, -1.0, -1.0, -1.0, -1.0, -1.0, -1.0, -1.0, -1.0, -1.0, -1.0, -1.0, -1.0, -1.0, -1.0, -1.0, -1.0, -1.0, -1.0, -1.0, -1.0, -1.0, -1.0, -1.0, -1.0, -1.0, -1.0, -1.0, -1.0, -1.0, -1.0, -1.0, -1.0, -1.0, -1.0, -1.0, -1.0, -1.0, -1.0, -1.0, -1.0, -1.0, -1.0, -1.0, -1.0, -1.0, -1.0, -0.7, -0.7, -0.7, -0.7, -0.7, -0.7, -0.7, -0.7, -0.7, -0.7, -0.7, -0.7, -0.7, -0.7, -0.7, -0.7, -0.7, -0.7, -0.7, -0.7, -0.7, -0.7, -0.7, -0.7, -0.7, -0.7, -0.7, -0.7, -0.7, -0.7, -0.7, -0.7], "wallclock_time_eval": [70.34233570098877, 259.44050204753876, 484.6970729827881, 706.3267116546631, 921.3139711618423, 1131.5702657699585, 1345.1410163640976, 1556.8622841835022, 1766.8892920017242, 1976.0669285058975, 2188.401214003563, 2401.673748254776, 2614.8822531700134, 2828.158848285675, 3040.739135503769, 3254.8925573825836, 3467.994322538376, 3678.7855348587036, 3888.862486720085, 4100.306544423103, 4309.280205368996, 4517.835262298584, 4725.271792411804, 4935.381114602089, 5144.296081185341, 5353.367370009422, 5561.14127933979, 5769.502937793732, 5979.89767074585, 6192.481213569641, 6403.41165971756, 6613.287667155266, 6824.103988647461, 7038.357399940491, 7251.604969620705, 7465.295294046402, 7677.3492785692215, 7892.467683315277, 8106.691619873047, 8320.673098921776, 8533.192059516907, 8746.487026691437, 8961.112028479576, 9173.935095191002, 9386.261545538902, 9597.992435336113, 9812.738584160805, 10027.01436984539, 10239.584060788155, 10450.6559394598, 10664.119084596634, 10879.254385232925, 11092.334030866623, 11305.204438328743, 11515.932564020157, 11730.154200673103, 11944.68279492855, 12011.240619421005, 13215.716992139816, 14528.746548175812, 16678.442660808563, 18015.610925912857, 19305.18774175644, 20498.30090355873, 21810.700210809708, 23018.635188102722, 24335.197153806686, 27735.212785959244, 37351.645433187485, 41265.404484272, 45343.213171720505, 49276.70976352692, 61385.00678706169, 73176.68025970459, 85154.87953877449, 96945.85888028145, 98274.7999894619, 99620.01492786407, 100951.26789188385, 102210.56960892677, 103519.23837924004, 104787.48978590965, 106051.82575321198, 107274.18398571014, 108587.87461662292, 112426.06155991554, 122747.23923826218, 126651.81205868721, 130491.38429927826, 134412.41560935974, 146190.49592113495, 158285.5415816307, 170222.53209924698, 182349.39293050766, 183593.55080652237, 184877.88758826256, 186208.460313797, 187456.43290543556, 188287.34694337845, 189356.4160130024, 190454.1882431507, 191689.76771879196, 192982.51822161674, 196612.60273337364, 205059.5252532959, 208804.06755542755, 212715.55900216103, 216625.44432234764, 228477.10760712624, 239848.26275634766, 251788.12639403343, 262270.76078009605, 263570.35971164703, 264913.6204972267, 266221.88906526566, 267530.9185833931, 268841.56154465675, 270148.0062880516, 271456.4314646721, 272799.9018237591, 273993.0818350315, 277877.4401385784, 289644.27447772026, 293623.7157974243, 297558.761487484, 301452.5246989727, 313442.82031583786, 325245.5253548622, 335817.8706986904, 347832.5587849617, 349376.8488712311, 350727.27219581604, 351742.2284529209, 353059.3120996952, 354369.69007611275, 355690.1955509186, 357010.7782225609, 358345.5175409317, 359666.23173856735, 363673.59520864487, 375810.1644613743, 379688.43822693825, 383232.5519211292, 386974.00153303146, 398046.8666768074, 409782.16817235947, 421640.6662108898, 433486.44649267197, 434748.47126317024, 436059.6692376137, 437347.2484703064, 438606.99180316925, 439867.02341389656, 440692.4755997658, 441837.2372074127, 443011.7615816593, 444316.8023996353, 448094.1280963421, 459799.68623900414, 463673.2557513714, 467574.22161078453, 471482.924500227, 483218.0998365879, 494960.98906230927, 506597.4266178608, 518467.7532424927], "timesteps_eval": [972, 12384, 157183, 265097, 358056, 365104, 369702, 464982, 549103, 692671, 693598, 694193, 987858, 1288135, 1290112, 2049764, 2736553, 2738321, 3444866, 3445459, 3457740, 3458285, 3562264, 3681608, 3834238, 3986868, 4133191, 4238372, 4545247, 5402087, 5403356, 5683555, 5932426, 6656322, 6656842, 6662202, 6663210, 6675184, 6679965, 6681027, 6694763, 6839903, 6991310, 7003093, 7013165, 7013730, 7426090, 8420386, 8664704, 8981476, 9236173, 9995907, 10846328, 10847563, 11682466, 11768329, 11912201, 12007463, 12090365, 12194830, 12285991, 12383058, 12387177, 12391253, 12630604, 13332901, 13334271, 13339019, 13593214, 13593767, 14304410, 14304928, 14307732, 14457271, 14457799, 14554661, 14701684, 14789127, 14929683, 15082425, 15181695, 15322251, 15571971, 16273329, 16521494, 16776423, 17037654, 17744736, 18446726, 19141034, 19144650, 19274173, 19368945, 19369516, 19464061, 19551952, 19706945, 19792415, 19909446, 19999248, 20265389, 20978058, 21233415, 21491646, 21731960, 22435911, 23152476, 23850906, 23852594]}