{"incumbents": [232.0, 79.9, 500.0, 500.0, 500.0, 500.0, 500.0, 500.0, 500.0, 500.0, 219.8, 219.8, 219.8, 219.8, 219.8, 219.8, 219.8, 219.8, 219.8, 219.8, 219.8, 219.8, 219.8, 219.8, 219.8, 219.8, 219.8, 219.8, 219.8, 465.7, 465.7, 500.0, 500.0, 500.0, 500.0, 500.0, 500.0, 500.0, 500.0, 500.0, 500.0, 500.0, 500.0, 500.0, 500.0, 500.0, 500.0, 500.0, 500.0, 500.0, 500.0, 500.0, 500.0, 500.0, 500.0, 500.0, 500.0, 500.0, 500.0, 500.0, 500.0, 500.0, 500.0, 500.0, 500.0, 500.0, 500.0, 500.0, 500.0, 500.0, 500.0, 500.0, 500.0, 500.0, 500.0, 500.0, 500.0, 500.0, 500.0, 500.0, 500.0, 500.0, 500.0, 500.0, 500.0, 500.0, 500.0, 500.0, 500.0, 500.0, 500.0, 500.0, 500.0, 500.0, 500.0, 500.0, 500.0, 500.0, 500.0, 500.0, 500.0, 500.0, 500.0, 500.0, 500.0, 500.0, 500.0, 500.0, 500.0, 500.0, 500.0, 500.0, 500.0, 500.0, 500.0, 500.0, 500.0, 500.0, 500.0, 500.0, 500.0, 500.0, 500.0, 500.0, 500.0, 500.0, 500.0, 500.0, 500.0, 500.0, 500.0, 500.0, 500.0, 500.0, 500.0, 500.0, 500.0, 500.0, 500.0, 500.0, 500.0, 500.0, 500.0, 500.0, 500.0, 500.0, 500.0, 500.0, 500.0, 500.0, 500.0, 500.0, 500.0, 500.0, 500.0, 500.0, 500.0, 500.0, 500.0, 500.0, 500.0, 500.0, 500.0, 500.0, 500.0, 500.0, 500.0, 500.0, 500.0, 500.0, 500.0, 500.0, 500.0, 500.0, 500.0, 500.0, 500.0, 500.0, 500.0, 500.0, 500.0, 500.0, 500.0, 500.0, 500.0, 500.0, 500.0, 500.0, 500.0, 500.0, 500.0, 500.0, 500.0, 500.0, 500.0, 500.0, 500.0, 500.0, 500.0, 500.0, 500.0, 500.0, 500.0, 500.0, 500.0, 500.0, 500.0, 500.0, 500.0, 500.0, 500.0, 500.0, 500.0, 500.0, 500.0, 500.0, 500.0, 500.0, 500.0, 500.0, 500.0, 500.0, 500.0, 500.0, 500.0, 500.0, 500.0, 500.0, 500.0, 500.0, 500.0, 500.0, 500.0, 500.0, 500.0, 500.0, 500.0, 500.0, 500.0, 500.0, 500.0, 500.0, 500.0, 500.0, 500.0, 500.0, 500.0, 500.0, 500.0, 500.0, 500.0, 500.0, 500.0, 500.0, 500.0, 500.0, 500.0, 500.0, 500.0, 500.0, 500.0, 500.0, 500.0, 500.0, 500.0, 500.0, 500.0, 500.0, 500.0, 500.0, 500.0, 500.0, 500.0, 500.0, 500.0, 500.0, 500.0, 500.0, 500.0, 500.0, 500.0, 500.0, 500.0, 500.0, 500.0, 500.0, 500.0, 500.0, 500.0, 500.0, 500.0, 500.0, 500.0, 500.0, 500.0, 500.0, 500.0, 500.0, 500.0, 500.0, 500.0, 500.0, 500.0, 500.0, 500.0, 500.0, 500.0, 500.0, 500.0, 500.0, 500.0, 500.0, 500.0, 500.0, 500.0, 500.0, 500.0, 500.0, 500.0, 500.0, 500.0, 500.0, 500.0, 500.0, 500.0, 500.0, 500.0, 500.0, 500.0, 500.0, 500.0, 500.0, 500.0, 500.0, 500.0], "wallclock_time_eval": [77.82326126098633, 149.63632202148438, 152.0304355621338, 235.9943962097168, 321.48397064208984, 483.8424415588379, 639.1815757751465, 876.4615211486816, 1346.6552486419678, 1431.331594467163, 1477.2930641174316, 1634.593650817871, 1803.3294160366058, 1966.4880509376526, 2110.706666469574, 2253.8393411636353, 2429.700855255127, 2590.038149356842, 2732.397618293762, 2895.658148288727, 3411.5493524074554, 4966.815850973129, 5453.925766706467, 5872.868957281113, 6405.263499259949, 7858.008254766464, 9472.438443183899, 10700.610041379929, 12068.830777406693, 12210.231357574463, 12388.882529973984, 12530.717199087143, 12670.291318893433, 12847.355103731155, 12990.727665662766, 13169.531881809235, 13309.078776359558, 13497.243082523346, 14069.453096628189, 15699.83529996872, 16164.0222260952, 16724.641806840897, 17155.984494686127, 18563.75101327896, 20043.112467050552, 21552.292814016342, 23162.733756780624, 23333.871257305145, 23507.833181619644, 23660.886036157608, 23799.65290904045, 23960.956315994263, 24127.43784236908, 24303.48245191574, 24481.321937084198, 24620.23371744156, 25064.945922136307, 26387.434692382812, 26856.8166847229, 27341.631269216537, 27799.99832057953, 29277.917791843414, 31054.766354560852, 32620.609741687775, 34083.81718492508, 34264.58392596245, 34457.77067375183, 34638.9503762722, 34817.43291258812, 34978.92466044426, 35122.85395002365, 35309.42697405815, 35453.321773052216, 35613.31548166275, 36181.98622298241, 37882.64431095123, 38439.47857570648, 38921.90821814537, 39457.89689016342, 40912.974022865295, 42145.75628042221, 43384.60966038704, 44988.71321487427, 45165.62605762482, 45324.3065636158, 45514.511502981186, 45659.42383289337, 45801.03156208992, 45980.13192677498, 46158.39995646477, 46311.56074857712, 46511.74576330185, 46959.572476387024, 48249.124388456345, 48839.24487042427, 49406.126245737076, 49957.979961395264, 51744.07816839218, 53166.735884189606, 54586.55754876137, 56050.91138458252, 56227.48624801636, 56417.14334702492, 56607.1647605896, 56788.13680934906, 56972.25281238556, 57135.48988056183, 57300.44846010208, 57471.342582941055, 57644.1905272007, 58174.134757995605, 59778.156551122665, 60295.05381441116, 60879.04849481583, 61299.81248879433, 63063.639454603195, 64625.1437664032, 65915.759506464, 67543.17922329903, 67688.43300294876, 67869.25301194191, 68010.62892127037, 68165.47119307518, 68307.61659765244, 68452.84119534492, 68610.2602212429, 68753.29917645454, 68895.50280380249, 69348.80923771858, 70687.96601700783, 71233.8438885212, 71670.54659938812, 72147.68048906326, 73455.1288561821, 75016.81954550743, 76792.73110675812, 78062.63297438622, 78243.51029920578, 78407.59027695656, 78570.90816450119, 78761.30267500877, 78900.98201489449, 79099.65146899223, 79279.3350777626, 79464.77727603912, 79610.11770772934, 80186.15803718567, 81837.56606030464, 82388.52931499481, 82895.61285686493, 83370.10299348831, 85072.31000709534, 86572.37220478058, 88164.20094394684, 89745.46764612198, 89888.71088671684, 90071.71956777573, 90218.40163850784, 90392.28029251099, 90574.22441506386, 90760.34071993828, 90923.63239192963, 91072.42326641083, 91252.0205142498, 91701.177672863, 93109.85042786598, 93600.26125717163, 94021.31036949158, 94598.92663931847, 96326.92411541939, 97922.18677401543, 99232.67419815063, 100863.83501195908, 101060.34763407707, 101247.6746726036, 101433.1419043541, 101575.35971069336, 101718.45758390427, 101895.96375513077, 102041.91779470444, 102206.70724892616, 102390.26687121391, 102817.58642578125, 104090.71431398392, 104510.8854393959, 105050.79978585243, 105491.74530005455, 107107.90778446198, 108340.87584710121, 109599.57232642174, 111124.03299283981, 111267.37934708595, 111452.57034873962, 111592.13317966461, 111790.48895645142, 111954.68534851074, 112143.56691622734, 112309.80139493942, 112472.38537883759, 112657.30967330933, 113227.83884859085, 114972.47913765907, 115381.75284337997, 115863.03550028801, 116282.18056702614, 117752.77734446526, 119214.25088644028, 120826.9022359848, 122518.55651283264, 122692.70008826256, 122837.1826839447, 122975.93053364754, 123134.4810590744, 123297.33504033089, 123465.96354556084, 123630.52873134613, 123771.29008841515, 123915.05337667465, 124424.62743067741, 126010.13189458847, 126551.76159620285, 126972.26008677483, 127446.83022451401, 129063.85121011734, 130655.92646789551, 132083.0636396408, 133506.55064058304, 133665.62231588364, 133803.97553682327, 133958.46892023087, 134138.31247138977, 134282.73382544518, 134424.4101114273, 134602.05132079124, 134748.21873426437, 134909.30570697784, 135339.18528151512, 136692.72509264946, 137158.0738825798, 137651.00688624382, 138154.42512369156, 139702.0832054615, 141100.42055773735, 142666.68933677673, 144134.9977633953, 144315.77329087257, 144476.43033456802, 144659.28299856186, 144825.49734163284, 145011.8242931366, 145210.52077054977, 145388.6836898327, 145563.71710276604, 145711.22881507874, 146235.08054184914, 147730.55189299583, 148200.04194235802, 148609.15211963654, 149035.03563547134, 150461.36170434952, 151734.61304974556, 153004.956717968, 154239.8376057148, 154415.4397702217, 154559.73193740845, 154745.47143507004, 154894.90249347687, 155057.37083530426, 155245.23438096046, 155407.1412000656, 155553.24309682846, 155695.04388427734, 156199.99092197418, 157753.88402295113, 158282.5788719654, 158813.89432811737, 159289.09541130066, 160744.2903635502, 162293.6398806572, 163568.0216281414, 164938.15885972977, 165083.13816094398, 165246.83851718903, 165387.3481941223, 165532.19647359848, 165672.22998332977, 165841.35259699821, 166032.60045814514, 166188.0122232437,