{"incumbents": [292.5, 295.0, 285.0, 270.0, 285.0, 304.5, 354.5, 342.0, 327.5, 280.5, 285.0, 285.0, 285.0, 285.0, 285.0, 285.0, 285.0, 285.0, 285.0, 285.0, 285.0, 285.0, 285.0, 285.0, 285.0, 285.0, 395.5, 372.0, 306.0, 309.0, 431.5, 431.5, 431.5, 495.5, 554.0, 554.0, 554.0, 554.0, 635.5, 635.5, 635.5, 635.5, 635.5, 635.5, 635.5, 635.5, 635.5, 635.5, 635.5, 635.5, 635.5, 635.5, 635.5, 635.5, 635.5, 635.5, 635.5, 635.5, 635.5, 635.5, 635.5, 635.5, 635.5, 635.5, 635.5, 635.5, 635.5, 635.5, 635.5, 635.5, 635.5, 635.5, 635.5, 635.5, 635.5, 635.5, 635.5, 635.5, 635.5, 635.5, 635.5, 635.5, 635.5, 635.5, 635.5, 635.5, 635.5, 635.5, 635.5, 635.5, 635.5, 635.5, 635.5, 663.0, 663.0, 663.0, 663.0, 663.0, 663.0, 663.0, 663.0, 663.0, 663.0, 663.0, 663.0, 663.0, 663.0, 663.0, 663.0, 663.0, 663.0, 663.0, 663.0, 663.0, 663.0, 663.0, 663.0, 663.0, 663.0, 663.0, 663.0, 663.0, 663.0, 663.0, 663.0, 663.0, 663.0, 663.0, 663.0, 663.0, 663.0, 663.0, 663.0, 663.0, 663.0, 663.0, 663.0, 663.0, 663.0], "wallclock_time_eval": [30.577616930007935, 215.57700717449188, 390.9699374437332, 565.150888800621, 746.3876705169678, 928.3624264001846, 1104.640489578247, 1282.4348604679108, 1456.4805649518967, 1632.4457920789719, 1785.4563155174255, 1960.2575817108154, 2132.2443704605103, 2309.1588435173035, 2482.1469173431396, 2654.145891904831, 2824.7313240766525, 2995.406748652458, 3166.744110226631, 3339.4363696575165, 3513.7234023809433, 3691.9942375421524, 3875.972758769989, 4071.5025696754456, 4287.7936536073685, 4526.7068692445755, 4785.765000104904, 5042.078344106674, 5300.132245063782, 5557.924343705177, 5660.732120990753, 6294.722220897675, 6926.065205812454, 7586.204034566879, 8208.805295228958, 8844.123827934265, 9459.66618013382, 10105.925685882568, 10736.751624584198, 11385.488935709, 13263.595742940903, 18911.312885284424, 20796.96315431595, 22674.9932346344, 24612.959456920624, 30290.240020751953, 36114.25750184059, 41822.84066772461, 47495.81718182564, 48136.938066482544, 48764.32182455063, 49410.387582063675, 50033.595269441605, 50671.94996023178, 51303.65519928932, 51934.42148089409, 52565.80654811859, 53217.57240653038, 55138.94646382332, 60835.79601025581, 62735.06709718704, 64652.67053580284, 66552.45921897888, 72213.19133996964, 78006.50868082047, 83638.95891547203, 89474.20847272873, 90105.66228961945, 90753.75834798813, 91400.54161405563, 92015.4080696106, 92658.76079678535, 93305.50303983688, 93935.64409160614, 94576.54043889046, 95214.6008439064, 97129.24881124496, 102943.13716554642, 104875.5778119564, 106753.26473522186, 108682.11348581314, 114309.51209259033, 119982.75225162506, 125798.09993815422, 131537.99852895737, 132192.84516763687, 132823.41570997238, 133465.78924703598, 134097.32965612411, 134732.1603989601, 135372.42748761177, 136005.27046704292, 136639.657330513, 137265.90479302406, 139175.7927441597, 144949.15840482712, 146828.0854370594, 148708.8249361515, 150582.35182118416, 156296.4422607422, 162151.11662220955, 167966.71732735634, 173775.04186987877, 174413.1657319069, 175065.30686688423, 175709.99773287773, 176328.95405220985, 176974.29338812828, 177602.69667959213, 178249.30188512802, 178891.67940187454, 179518.3865430355, 181434.4740626812, 187196.74331235886, 189089.20319485664, 190960.7750210762, 192852.14564609528, 198494.32365131378, 204232.68568348885, 209949.11309051514, 215673.91872930527, 216322.95600008965, 216951.06125426292, 217594.37146615982, 218236.56745004654, 218867.52657437325, 219504.01818847656, 220146.2848405838, 220775.8343834877, 221433.45191907883, 223314.36558938026, 228967.42505145073, 230835.45072698593, 232769.4235033989, 234674.5275094509, 240334.7225601673, 246004.47892022133, 251654.20999121666, 257405.99474787712], "timesteps_eval": [1600605, 1777532, 1954804, 2131127, 2307228, 2483573, 2659724, 2836409, 3012600, 3189796, 3718518, 5317336, 5848429, 6378690, 6907564, 8517512, 10115883, 11710761, 13305146, 13482095, 13659038, 13835460, 14012021, 14188729, 14365912, 14543095, 14720119, 14896371, 15422755, 17014131, 17543359, 18072969, 18601803, 20202408, 21804960, 23414426, 25013903, 25190846, 25367891, 25544776, 25721098, 25897823, 26074235, 26251346, 26428217, 26605010, 27133221, 28735209, 29262068, 29791553, 30318743, 31919511, 33528589, 35129303, 36720481, 36897888, 37075052, 37251477, 37428543, 37605753, 37782161, 37958653, 38135925, 38312208, 38836453, 40424557, 40953849, 41483723, 42012500, 43618416, 45216013, 46817224, 48412167, 48589363, 48765959, 48942961, 49118792, 49294802, 49471729, 49648387, 49825091, 50002342, 50528502, 52117735, 52646486, 53176335, 53705333, 55305387, 56907808, 58510036, 60103116, 60279917, 60456166, 60633005, 60809521, 60985477, 61162673, 61338872, 61515540, 61693066, 62220790, 63817944, 64347954, 64878015, 65408131, 67015156, 68616468, 70223382, 71826828]}