{"incumbents": [274.1425008, 335.026395, 366.8145335, 385.9744673, 380.74336810000005, 377.4361962, 381.070082, 1688.9931631, 2424.0513846999997, 378.999161, 379.885097, 805.6436298, 1122.8532238999999, 1084.4922397999999, 1115.5782945, 1068.0635700999999, 1266.0187471000002, 977.4975660000002, 1157.3303205, 1107.9868652, 1115.9783679000002, 1176.4868432, 882.3729956000001, 794.4704760000001, 889.3904627, 378.40944490000004, 378.40944490000004, 378.40944490000004, 378.40944490000004, 378.40944490000004, 378.40944490000004, 378.40944490000004, 1121.7041598, 1121.7041598, 1121.7041598, 1121.7041598, 1121.7041598, 1121.7041598, 1121.7041598, 1121.7041598, 1121.7041598, 1121.7041598, 1121.7041598, 1121.7041598, 3073.8381736, 3073.8381736, 3073.8381736, 3073.8381736, 3073.8381736, 3073.8381736, 3073.8381736, 3073.8381736, 3073.8381736, 3073.8381736, 3073.8381736, 3073.8381736, 3073.8381736, 3073.8381736, 3073.8381736, 3073.8381736, 3073.8381736, 3073.8381736, 3073.8381736, 3073.8381736, 3073.8381736, 3073.8381736, 3073.8381736, 3073.8381736, 3073.8381736, 3073.8381736, 3073.8381736, 3073.8381736, 3073.8381736, 3073.8381736, 3073.8381736, 3073.8381736, 3073.8381736, 3073.8381736, 3073.8381736, 3073.8381736, 3073.8381736, 3073.8381736, 3073.8381736, 3073.8381736, 3073.8381736, 3073.8381736, 3073.8381736, 3073.8381736, 3073.8381736, 3073.8381736, 3073.8381736, 3073.8381736, 3073.8381736, 3073.8381736, 3073.8381736, 3073.8381736, 3073.8381736, 3073.8381736, 3073.8381736, 3073.8381736, 3073.8381736, 3073.8381736, 3073.8381736, 3073.8381736, 3073.8381736, 3073.8381736, 3073.8381736, 3073.8381736, 3073.8381736, 3073.8381736, 3073.8381736, 3073.8381736, 3073.8381736, 3073.8381736, 3073.8381736, 3073.8381736, 3073.8381736, 3073.8381736, 3073.8381736, 3073.8381736, 3073.8381736, 3073.8381736, 3073.8381736, 3073.8381736, 3073.8381736, 3073.8381736, 3073.8381736, 3073.8381736, 3073.8381736, 3073.8381736, 3073.8381736, 3073.8381736, 3073.8381736, 3073.8381736], "wallclock_time_eval": [50.61908483505249, 115.17643690109253, 163.78743410110474, 211.63815140724182, 260.35072684288025, 307.7762031555176, 356.2346565723419, 533.5997211933136, 622.4840569496155, 651.8229365348816, 702.1993827819824, 1012.1168577671051, 1064.331043958664, 1116.2602365016937, 1170.6226456165314, 1223.1033647060394, 1289.8171555995941, 1370.785938501358, 1436.205062866211, 1518.6697721481323, 1600.1659786701202, 1683.3897709846497, 1762.8222632408142, 1821.6070890426636, 1877.4241065979004, 1910.6978719234467, 2118.6339042186737, 2323.0900201797485, 2528.9097006320953, 2733.394378423691, 2944.7384662628174, 3150.9828763008118, 3383.979816675186, 3589.370762825012, 3797.216123342514, 4533.372842550278, 6695.854243040085, 7314.714209794998, 7913.480193138123, 8523.710602998734, 10395.881703853607, 12706.614021062851, 14549.810247421265, 16463.994898319244, 16692.341394662857, 16904.095193624496, 17112.451448202133, 17317.809395074844, 17526.40946006775, 17735.42546772957, 17947.460777282715, 18154.785029411316, 18361.313648462296, 19071.159077644348, 21185.32941889763, 21814.578246593475, 22439.84165620804, 23065.409919261932, 24976.10779118538, 26816.84854745865, 28795.556876182556, 30671.683341026306, 30879.618109941483, 31091.173038244247, 31294.20125770569, 31505.134959220886, 31712.609149217606, 31922.69419503212, 32129.658019304276, 32338.22423672676, 32549.795835018158, 33181.67101597786, 35111.885830402374, 35731.64824485779, 36355.58279180527, 37117.39417362213, 39443.90123653412, 41350.73878645897, 43251.062524557114, 45150.542808294296, 45360.86179304123, 45567.57968902588, 45769.15138864517, 45972.50601482391, 46179.40182828903, 46385.587730407715, 46596.43792152405, 46806.509722948074, 47014.680087566376, 47644.020760297775, 49542.68101191521, 50165.94370865822, 50792.38350939751, 51423.86367702484, 53341.236518621445, 55362.85291171074, 57271.98212432861, 59172.22819852829, 59376.25578999519, 59580.3068716526, 59790.0695438385, 60005.212693691254, 60215.028579711914, 60422.84658694267, 60629.926002025604, 60837.92810463905, 61046.20687532425, 61683.977820158005, 63640.712928295135, 64277.61455869675, 64901.22949910164, 65516.2954287529, 67453.14090418816, 69251.764482975, 71176.54158425331, 73108.30982875824, 73314.36494326591, 73523.54452943802, 73762.44590878487, 73978.22060322762, 74186.46607732773, 74395.79461741447, 74604.47491955757, 74815.26029324532, 75025.93016457558, 75737.50756669044, 77854.74271249771, 78477.53479862213, 79093.48368120193, 79720.7324950695, 81623.85055923462, 83520.00059533119, 85527.7897028923, 87416.30998206139], "timesteps_eval": [1018011, 1130288, 1242746, 1354898, 1467005, 1578948, 1691290, 1802574, 1914835, 2027303, 2355976, 3343679, 3680819, 4017726, 4355480, 5375765, 6371341, 7388878, 8404098, 8515659, 8628143, 8740283, 8852873, 8964776, 9077237, 9189698, 9301863, 9413719, 9743411, 10744633, 11080901, 11417531, 11753439, 12771450, 13789780, 14804895, 15823076, 15935560, 16047541, 16160034, 16271918, 16383963, 16495596, 16607740, 16719987, 16831854, 17165983, 18177148, 18512488, 18848048, 19176191, 20164737, 21179463, 22196487, 23215741, 23327599, 23439804, 23552272, 23664730, 23776981, 23889196, 24001230, 24113277, 24225610, 24561224, 25578062, 25914849, 26251973, 26586958, 27602211, 28607928, 29625261, 30642088, 30754345, 30866813, 30979286, 31091079, 31203179, 31315187, 31427746, 31539966, 31652147, 31986865, 33001632, 33336875, 33673505, 34010643, 35025967, 36047116, 37061905, 38079068, 38191336, 38303798, 38414522, 38525997, 38637590, 38750074, 38862536, 38974722, 39087056, 39420886, 40426686, 40762585, 41098819, 41434732, 42451748, 43470004, 44476364, 45493875]}