{"incumbents": [1360.0, 1855.0, 1946.0, 2073.0, 1980.0, 2258.0, 2359.0, 2422.0, 1606.0, 2322.0, 2381.0, 2250.0, 2052.0, 2152.0, 2224.0, 2143.0, 2160.0, 2137.0, 2041.0, 1942.0, 2229.0, 2031.0, 2622.0, 2277.0, 2310.0, 2495.0, 2371.0, 2457.0, 2457.0, 2457.0, 2457.0, 2457.0, 3458.0, 3458.0, 3458.0, 3458.0, 3458.0, 3458.0, 3458.0, 3458.0, 3458.0, 3458.0, 3458.0, 3458.0, 3458.0, 3458.0, 3458.0, 3458.0, 3458.0, 3458.0, 3458.0, 3458.0, 3458.0, 3458.0, 3458.0, 3458.0, 3458.0, 3458.0, 3458.0, 3458.0, 3458.0, 3458.0, 3458.0, 3458.0, 3458.0, 3458.0, 3458.0, 3458.0, 3458.0, 3458.0, 3458.0, 3458.0, 3458.0, 3458.0, 3458.0, 3458.0, 3458.0, 3458.0, 3458.0, 3458.0, 3458.0, 3458.0, 3458.0, 3458.0, 3458.0, 3458.0, 3458.0, 3458.0, 3458.0, 3458.0, 3458.0, 3458.0, 3458.0, 3458.0, 3458.0, 3458.0, 3458.0, 3458.0, 3458.0, 3458.0, 3458.0, 3458.0, 3458.0, 3458.0, 3458.0, 3458.0, 3458.0, 3458.0, 3458.0, 3458.0, 3458.0, 3458.0, 3458.0, 3458.0, 3458.0, 3458.0, 3458.0, 3458.0, 3458.0, 3458.0, 3458.0, 3458.0, 3458.0, 3458.0, 3458.0, 3458.0, 3458.0], "wallclock_time_eval": [124.52965688705444, 250.89011430740356, 375.30388021469116, 502.93763637542725, 627.8975348472595, 754.981867313385, 879.8589835166931, 1006.0818772315979, 1129.6018342971802, 1255.790515422821, 1382.310854434967, 1507.4525475502014, 1632.7999291419983, 1759.009729385376, 1885.0349073410034, 2010.5017075538635, 2136.713194847107, 2261.621576309204, 2387.5459866523743, 2512.604088783264, 2639.9880471229553, 2765.708531856537, 2894.6357226371765, 3021.403332710266, 3148.708827018738, 3277.0007858276367, 3408.9365768432617, 3462.5202407836914, 3829.262835264206, 4194.660660028458, 4576.806396484375, 4935.279424190521, 5319.585540771484, 5706.837959766388, 6067.117846250534, 6442.87898182869, 6819.552490711212, 7973.333067655563, 11499.619284391403, 12570.032126426697, 13658.465302228928, 14782.997519016266, 18082.790952444077, 21539.952183008194, 25097.465529680252, 28586.722698926926, 28969.6537399292, 29329.540596961975, 29718.14398264885, 30092.136053085327, 30453.088321208954, 30846.21041083336, 31229.355655908585, 31612.19500899315, 31973.731996297836, 33117.50912642479, 36592.11221718788, 37795.63543128967, 38948.61339688301, 40052.039008140564, 43730.068786621094, 47088.60669326782, 50542.099207401276, 53980.23481845856], "timesteps_eval": [984558, 1092744, 1201347, 1310773, 1419112, 1527265, 1635220, 1743605, 1852394, 1961419, 2285123, 3263688, 3588802, 3913835, 4240715, 5225734, 6219873, 7200926, 8181714, 8291022, 8399324, 8508844, 8617315, 8725592, 8833130, 8941371, 9049428, 9157853, 9482040, 10462865, 10781111, 11105512, 11431603, 12394460, 13383176, 14378414, 15372996]}