{"incumbents": [140.0, 220.0, 220.0, 220.0, 218.0, 220.0, 140.0, 220.0, 220.0, 220.0, 220.0, 220.0, 220.0, 220.0, 220.0, 220.0, 220.0, 220.0, 220.0, 220.0, 220.0, 220.0, 220.0, 220.0, 220.0, 220.0, 220.0, 137.0, 140.0, 140.0, 220.0, 220.0, 220.0, 220.0, 220.0, 220.0, 220.0, 220.0, 220.0, 220.0, 220.0, 220.0, 220.0, 220.0, 220.0, 220.0, 220.0, 220.0, 220.0, 220.0, 220.0, 220.0, 220.0, 220.0, 220.0, 220.0, 329.0, 329.0, 329.0, 329.0, 329.0, 329.0, 329.0, 329.0, 329.0, 329.0, 329.0, 329.0, 329.0, 329.0, 329.0, 329.0, 329.0, 329.0, 329.0, 329.0, 329.0, 329.0, 329.0, 329.0, 329.0, 329.0, 329.0, 329.0, 329.0, 329.0, 329.0, 329.0, 329.0, 329.0, 329.0, 329.0, 329.0, 329.0, 329.0, 329.0, 329.0, 329.0, 329.0, 329.0, 329.0, 329.0, 329.0, 329.0, 329.0, 329.0, 329.0, 329.0, 329.0, 329.0, 329.0, 329.0, 329.0, 329.0, 329.0, 329.0, 329.0, 329.0, 329.0, 329.0, 329.0, 329.0, 329.0, 329.0, 329.0, 329.0, 329.0, 329.0, 329.0], "wallclock_time_eval": [126.16895055770874, 250.3119502067566, 376.9628448486328, 503.83192682266235, 629.4423532485962, 756.5028548240662, 889.2541365623474, 1020.4477634429932, 1150.0974736213684, 1279.2710547447205, 1407.4577827453613, 1535.0542726516724, 1664.0925765037537, 1790.5595107078552, 1918.0695762634277, 2047.1088528633118, 2178.5529651641846, 2310.7631044387817, 2445.5069341659546, 2573.9924392700195, 2702.4958748817444, 2832.0571694374084, 2963.0879344940186, 3100.724805831909, 3246.1566920280457, 3401.480080604553, 3559.694133758545, 3712.2697129249573, 3873.703024864197, 3944.882331132889, 4265.205278158188, 4600.086057901382, 4926.200347900391, 5262.745265722275, 5601.126834154129, 5932.290583610535, 6270.743818759918, 6605.535059452057, 6949.427144765854, 7946.769318819046, 11000.622427940369, 12004.891509532928, 12986.000365495682, 14025.391947984695, 17165.748606443405, 20108.36545395851, 23015.93913602829, 26174.417001724243, 26510.6187851429, 26844.09226679802, 27182.44234251976, 27513.523069143295, 27855.263478040695, 28182.755269289017, 28516.429365873337, 28848.09885764122, 29160.679485082626, 30164.952427387238, 33261.0856025219, 34524.87305402756, 35555.07808756828, 36543.74585604668, 39748.16942024231, 42669.11228132248, 45689.772827386856, 48774.53854036331], "timesteps_eval": [978649, 1084591, 1189636, 1294633, 1397343, 1504460, 1609252, 1714291, 1815819, 1923035, 2239087, 3204387, 3524224, 3846088, 4160902, 5128302, 6077235, 7028369, 8010597, 8113347, 8216026, 8319168, 8425852, 8531647, 8639221, 8745967, 8852020, 8957842, 9278101, 10256452, 10578764, 10902033, 11218761, 12202153, 13155143, 14122292, 15097943]}