{"incumbents": [2018.0, 1598.0, 1565.0, 1903.0, 1707.0, 1941.0, 2154.0, 2234.0, 2368.0, 2476.0, 2432.0, 2192.0, 2097.0, 2121.0, 2197.0, 2272.0, 2141.0, 2359.0, 2506.0, 2628.0, 2517.0, 2331.0, 2044.0, 2382.0, 2524.0, 2246.0, 1982.0, 2457.0, 2457.0, 2457.0, 2457.0, 2457.0, 3458.0, 3458.0, 3458.0, 3458.0, 3458.0, 3458.0, 3458.0, 3458.0, 3458.0, 3458.0, 3458.0, 3458.0, 3458.0, 3458.0, 3458.0, 3458.0, 3458.0, 3458.0, 3458.0, 3458.0, 3458.0, 3458.0, 3458.0, 3458.0, 3458.0, 3458.0, 3458.0, 3458.0, 3458.0, 3458.0, 3458.0, 3458.0, 3458.0, 3458.0, 3458.0, 3458.0, 3458.0, 3458.0, 3458.0, 3458.0, 3458.0, 3458.0, 3458.0, 3458.0, 3458.0, 3458.0, 3458.0, 3458.0, 3458.0, 3458.0, 3458.0, 3458.0, 3458.0, 3458.0, 3458.0, 3458.0, 3458.0, 3458.0, 3458.0, 3458.0, 3458.0, 3458.0, 3458.0, 3458.0, 3458.0, 3458.0, 3458.0, 3458.0, 3458.0, 3458.0, 3458.0, 3458.0, 3458.0, 3458.0, 3458.0, 3458.0, 3458.0, 3458.0, 3458.0, 3458.0, 3458.0, 3458.0, 3458.0, 3458.0, 3458.0, 3458.0, 3458.0, 3458.0, 3458.0, 3458.0, 3458.0, 3458.0, 3458.0, 3458.0, 3458.0], "wallclock_time_eval": [131.6703977584839, 257.7021827697754, 383.8225541114807, 511.25865364074707, 636.30149269104, 762.6085782051086, 889.4919819831848, 1017.3780794143677, 1145.374508857727, 1277.3121066093445, 1405.4708189964294, 1532.462700843811, 1658.485767841339, 1785.2602276802063, 1910.8118042945862, 2038.4370708465576, 2164.3373408317566, 2293.033378124237, 2421.528657436371, 2550.10066986084, 2676.29349899292, 2804.252589225769, 2933.2460927963257, 3061.3083415031433, 3192.866503238678, 3319.916709423065, 3450.1618576049805, 3462.5202407836914, 3829.262835264206, 4194.660660028458, 4576.806396484375, 4935.279424190521, 5319.585540771484, 5706.837959766388, 6067.117846250534, 6442.87898182869, 6819.552490711212, 7973.333067655563, 11499.619284391403, 12570.032126426697, 13658.465302228928, 14782.997519016266, 18082.790952444077, 21539.952183008194, 25097.465529680252, 28586.722698926926, 28969.6537399292, 29329.540596961975, 29718.14398264885, 30092.136053085327, 30453.088321208954, 30846.21041083336, 31229.355655908585, 31612.19500899315, 31973.731996297836, 33117.50912642479, 36592.11221718788, 37795.63543128967, 38948.61339688301, 40052.039008140564, 43730.068786621094, 47088.60669326782, 50542.099207401276, 53980.23481845856], "timesteps_eval": [984558, 1092744, 1201347, 1310773, 1419112, 1527265, 1635220, 1743605, 1852394, 1961419, 2285123, 3263688, 3588802, 3913835, 4240715, 5225734, 6219873, 7200926, 8181714, 8291022, 8399324, 8508844, 8617315, 8725592, 8833130, 8941371, 9049428, 9157853, 9482040, 10462865, 10781111, 11105512, 11431603, 12394460, 13383176, 14378414, 15372996]}