{"incumbents": [684.4, 690.8, 684.4, 686.8, 690.8, 684.4, 690.8, 686.0, 704.4, 698.8, 785.2, 703.2, 790.0, 712.8, 719.6, 758.0, 688.8, 670.4, 688.8, 688.8, 688.8, 1677.8, 1677.8, 1677.8, 1677.8, 1677.8, 1677.8, 1677.8, 1677.8, 1677.8, 1677.8, 1677.8, 1677.8, 1677.8, 1677.8, 1677.8, 1677.8, 1677.8, 1677.8, 1677.8, 1677.8, 1677.8, 1677.8, 1677.8, 1677.8, 1677.8, 1677.8, 1677.8, 1677.8, 1677.8, 1677.8, 1677.8, 1677.8, 1677.8, 1677.8, 1677.8, 1677.8, 1677.8, 1677.8, 1677.8, 1677.8, 1677.8, 1677.8, 1677.8, 1677.8, 1677.8, 1677.8, 1677.8, 1677.8, 1677.8, 1677.8, 1677.8, 1677.8, 1677.8, 1677.8, 1677.8, 1677.8, 1677.8, 1677.8, 1677.8, 1677.8, 1677.8, 1677.8, 1677.8, 1677.8, 1677.8, 1677.8, 1677.8, 1677.8, 1677.8, 1677.8, 1677.8, 1677.8, 1677.8, 1677.8, 1677.8, 1677.8, 1677.8, 1677.8, 1677.8, 1677.8, 1677.8, 1677.8, 1677.8, 1677.8, 1677.8, 1677.8, 1677.8, 1677.8, 1677.8, 1677.8, 1677.8, 1677.8, 1677.8, 1677.8, 1677.8, 1677.8], "wallclock_time_eval": [202.52540159225464, 356.75439262390137, 605.7861747741699, 712.6316065788269, 884.0268287658691, 1213.6542339324951, 1257.7859387397766, 1618.2327575683594, 1792.6575736999512, 2162.511249065399, 2355.4597001075745, 2548.264331817627, 2737.304295539856, 2913.4758925437927, 3050.966110229492, 3230.6428503990173, 3399.0576243400574, 4250.353020906448, 4759.005505561829, 5251.032416343689, 5760.758146762848, 6302.281074762344, 6789.049965381622, 7286.265016794205, 7830.186032772064, 8323.708595275879, 8823.831759929657, 10297.605300426483, 14756.601396560669, 16362.840676307678, 17829.94374346733, 19306.791063308716, 23748.679681777954, 28192.029915094376, 32654.03825712204, 36641.08908247948, 37134.428310871124, 37636.09609699249, 38210.80847144127, 38734.51517033577, 39291.74182200432, 39803.941190481186, 40327.11228275299, 40855.80697822571, 41360.73807811737, 42848.153846263885, 47327.7343518734, 49437.4920399189, 50910.01967930794, 52666.61160945892, 56916.96463036537, 60930.42287707329, 65397.059227228165, 69861.91710615158], "timesteps_eval": [916013, 1014033, 1112802, 1210764, 1307623, 1408901, 1508379, 1609954, 1706055, 1808399, 2100624, 2975556, 3281495, 3585984, 3869467, 4796853, 5705826, 6627467, 7546635, 7648222, 7746584, 7842904, 7944051, 8045499, 8136421, 8233006, 8335310, 8434171, 8736445, 9662058, 9671741, 9972264, 10251700, 11167713, 12087833, 13013972, 13931243]}