{"gamma": [0.99, 0.99, 0.99], "learning_rate": [-5, -5, -5], "returns_eval": [5.8, 5.3, 0.0, 0.0, 2.2, 8.4, 8.9, 20.2, 15.9, 13.8, 13.8, 16.2, 13.8, 20.6, 20.6, 13.8, 20.2, 16.9, 13.8, 30.5, 30.5, 30.5, 30.5, 30.5, 30.5, 30.5, 30.5, 30.5, 30.5, 30.5, 30.5, 30.5, 30.5, 30.5, 30.5, 30.5, 30.5, 30.5, 30.5, 30.5, 32.4, 31.9, 32.5, 31.6, 31.4, 50.2, 60.6, 42.9, 74.7, 78.9, 93.4, 82.3, 79.2, 62.8, 88.1, 75.2, 80.8, 89.6, 88.8, 89.3, 64.8, 78.1, 87.3, 101.4, 99.5, 91.6, 82.2, 82.8, 91.2, 88.6, 99.0, 93.3, 94.9, 90.6, 79.4, 91.2, 97.2, 97.8, 95.1, 92.4, 88.5, 103.3, 103.0, 100.5, 94.1, 92.9, 107.9, 116.4, 104.4, 97.3, 100.3, 110.4, 105.5, 99.9, 114.5, 114.5, 114.4, 115.6, 112.9, 119.0], "std_returns_eval": [6.241794613730893, 4.859012245302537, 0.0, 0.0, 4.166533331199932, 6.945502141674135, 7.119691004531025, 11.142710621747296, 8.466994744299774, 6.896375859826668, 6.896375859826668, 11.115754585272203, 6.896375859826668, 9.728309205612248, 9.728309205612248, 6.896375859826668, 13.325164164091937, 9.761659694949419, 6.896375859826668, 23.55525419094432, 23.55525419094432, 23.55525419094432, 23.55525419094432, 23.55525419094432, 23.55525419094432, 23.55525419094432, 23.55525419094432, 23.55525419094432, 23.55525419094432, 23.55525419094432, 23.55525419094432, 23.55525419094432, 23.55525419094432, 23.55525419094432, 23.55525419094432, 23.55525419094432, 23.55525419094432, 23.55525419094432, 23.55525419094432, 23.55525419094432, 24.05493712317702, 14.243946082459033, 26.081602711489953, 16.347476869535555, 8.522910301065007, 23.476797055816622, 24.74752512878813, 12.636850873536494, 19.758795509848266, 21.951993075800658, 9.372299611087985, 27.531981403451514, 29.99933332592576, 28.23402203016779, 23.11038727498957, 30.47556398165586, 23.098917723564455, 23.816800792717732, 21.292252111977255, 21.457166634949733, 20.81730049742281, 26.39109698364204, 14.491721774861674, 22.49977777668037, 10.101980003939822, 24.25778225642237, 27.323250172700906, 20.395097450122666, 17.411490458889496, 20.606794995826014, 24.62925090212855, 25.830408436569485, 16.38566446623389, 14.847221962373972, 24.552800247629595, 28.43167247982433, 24.983194351403508, 19.701776569639602, 21.69539121564762, 15.544774041458435, 15.945218719101975, 25.29841892292876, 15.033296378372908, 22.055611530855362, 24.320567427590994, 19.997249810911498, 13.626811806141596, 17.839282496782207, 27.059933481071234, 17.14671980292441, 20.035218990567586, 13.690872872099865, 17.13038236584344, 13.743725841270262, 17.522842235208305, 26.841199675126298, 16.044936896105263, 16.776173580408614, 20.656475982122412, 13.870832707519762], "timestamps_eval": [89.79149341583252, 177.0111587047577, 264.25093603134155, 351.420152425766, 438.87872862815857, 526.2190482616425, 613.5597517490387, 700.9811470508575, 788.6304161548615, 876.0985152721405, 963.5175759792328, 1050.8864102363586, 1138.4672434329987, 1225.9742624759674, 1313.5378205776215, 1400.8971583843231, 1488.6592226028442, 1576.0462000370026, 1663.5425808429718, 1750.872418165207, 1838.415266752243, 1925.7541823387146, 2013.2014524936676, 2100.604279756546, 2188.054541826248, 2275.776809692383, 2363.344129562378, 2450.8201496601105, 2538.534570455551, 2626.01939702034, 2713.8599956035614, 2801.458885192871, 2889.2382566928864, 2976.879276037216, 3064.886111497879, 3152.5128045082092, 3240.2124729156494, 3328.148776769638, 3416.0832259655, 3503.9113552570343, 3591.6262378692627, 3679.396252632141, 3767.1929354667664, 3854.720183610916, 3942.3356425762177, 4029.9251668453217, 4117.497124910355, 4205.116481781006, 4293.398406505585, 4380.975993871689, 4468.751734018326, 4556.327841997147, 4644.101120233536, 4732.608328104019, 4820.288746356964, 4907.790542125702, 4995.76074719429, 5083.20641374588, 5171.796005487442, 5259.436573028564, 5347.1485278606415, 5434.827367067337, 5522.510755777359, 5609.89112329483, 5697.390430450439, 5786.034283399582, 5873.495389223099, 5961.28914642334, 6048.894336462021, 6136.359779596329, 6223.788991212845, 6311.163914442062, 6398.5257177352905, 6486.584780454636, 6574.071163892746, 6661.534715652466, 6748.920088768005, 6836.42643404007, 6923.870229244232, 7011.9430050849915, 7099.499002456665, 7187.422425508499, 7275.168430566788, 7363.909575462341, 7451.562411785126, 7539.6318073272705, 7627.430336236954, 7715.771862268448, 7803.540922641754, 7891.083592176437, 7978.5112388134, 8066.096673488617, 8153.556921243668, 8241.140600442886, 8329.42199254036, 8416.929008245468, 8504.427915811539, 8591.868621110916, 8679.564386606216, 8767.023408174515], "timesteps_eval": [8804, 17635, 26466, 35297, 44128, 52959, 61790, 70621, 79452, 88283, 97114, 105945, 114776, 123607, 132438, 141269, 150100, 158931, 167762, 176593, 185424, 194255, 203086, 211917, 220748, 229579, 238410, 247241, 256072, 264903, 273734, 282565, 291396, 300227, 309058, 317889, 326720, 335551, 344382, 353213, 362044, 370875, 379706, 388537, 397368, 406199, 415030, 423861, 432692, 441523, 450354, 459185, 468016, 476847, 485678, 494509, 503340, 512171, 521002, 529833, 538664, 547495, 556326, 565157, 573988, 582819, 591650, 600481, 609312, 618143, 626974, 635805, 644636, 653467, 662298, 671129, 679960, 688791, 697622, 706453, 715284, 724115, 732946, 741777, 750608, 759439, 768270, 777101, 785932, 794763, 803594, 812425, 821256, 830087, 838918, 847749, 856580, 865411, 874242, 883073],