{"gamma": 0.98, "learning_rate": -2, "clip": 0.2, "returns_eval": [0.0, 0.0, 0.0, 0.0, 0.0, 0.0, 0.0, 0.0, 0.0, 0.0, 0.0, 0.0, 0.0, 0.0, 22.8, 22.8, 0.0, 22.8, 22.8, 22.8, 22.8, 22.8, 22.8, 22.8, 22.8, 22.8, 22.8, 22.8, 22.8, 22.8, 22.8, 22.8, 22.8, 22.8, 22.8, 22.8, 22.8, 22.8, 22.8, 22.8, 22.8, 22.8, 22.8, 22.8, 22.8, 22.8, 22.8, 22.8, 22.8, 22.8, 22.8, 22.8, 22.8, 22.8, 22.8, 22.8, 22.8, 22.8, 22.8, 22.8, 22.8, 22.8, 22.8, 22.8, 22.8, 22.8, 22.8, 22.8, 22.8, 22.8, 22.8, 22.8, 22.8, 22.8, 22.8, 22.8, 22.8, 22.8, 22.8, 22.8, 22.8, 22.8, 22.8, 22.8, 22.8, 22.8, 22.8, 22.8, 22.8, 22.8, 22.8, 22.8, 22.8, 22.8, 22.8, 22.8, 22.8, 22.8, 22.8, 22.8], "std_returns_eval": [0.0, 0.0, 0.0, 0.0, 0.0, 0.0, 0.0, 0.0, 0.0, 0.0, 0.0, 0.0, 0.0, 0.0, 10.283968105745954, 10.283968105745954, 0.0, 10.283968105745954, 10.283968105745954, 10.283968105745954, 10.283968105745954, 10.283968105745954, 10.283968105745954, 10.283968105745954, 10.283968105745954, 10.283968105745954, 10.283968105745954, 10.283968105745954, 10.283968105745954, 10.283968105745954, 10.283968105745954, 10.283968105745954, 10.283968105745954, 10.283968105745954, 10.283968105745954, 10.283968105745954, 10.283968105745954, 10.283968105745954, 10.283968105745954, 10.283968105745954, 10.283968105745954, 10.283968105745954, 10.283968105745954, 10.283968105745954, 10.283968105745954, 10.283968105745954, 10.283968105745954, 10.283968105745954, 10.283968105745954, 10.283968105745954, 10.283968105745954, 10.283968105745954, 10.283968105745954, 10.283968105745954, 10.283968105745954, 10.283968105745954, 10.283968105745954, 10.283968105745954, 10.283968105745954, 10.283968105745954, 10.283968105745954, 10.283968105745954, 10.283968105745954, 10.283968105745954, 10.283968105745954, 10.283968105745954, 10.283968105745954, 10.283968105745954, 10.283968105745954, 10.283968105745954, 10.283968105745954, 10.283968105745954, 10.283968105745954, 10.283968105745954, 10.283968105745954, 10.283968105745954, 10.283968105745954, 10.283968105745954, 10.283968105745954, 10.283968105745954, 10.283968105745954, 10.283968105745954, 10.283968105745954, 10.283968105745954, 10.283968105745954, 10.283968105745954, 10.283968105745954, 10.283968105745954, 10.283968105745954, 10.283968105745954, 10.283968105745954, 10.283968105745954, 10.283968105745954, 10.283968105745954, 10.283968105745954, 10.283968105745954, 10.283968105745954, 10.283968105745954, 10.283968105745954, 10.283968105745954], "timestamps_eval": [88.03182196617126, 173.36382675170898, 258.62050557136536, 344.0540144443512, 429.53340673446655, 515.0028831958771, 600.4665017127991, 685.8889374732971, 771.4107797145844, 856.8649022579193, 942.5357573032379, 1028.053889989853, 1113.6900181770325, 1199.256322145462, 1284.98872590065, 1371.1565961837769, 1456.9294476509094, 1542.752034187317, 1628.542691230774, 1714.2889125347137, 1800.1727464199066, 1886.087595462799, 1971.655247926712, 2057.4164414405823, 2143.0545637607574, 2228.8316192626953, 2314.662519931793, 2400.1764373779297, 2485.71834731102, 2571.4567868709564, 2657.105148077011, 2742.988180875778, 2828.5753903388977, 2914.548159837723, 3000.9691820144653, 3086.715596437454, 3172.3128118515015, 3257.890167951584, 3343.459183216095, 3429.0901684761047, 3514.7664666175842, 3600.430159807205, 3686.12748336792, 3771.756976366043, 3857.682960987091, 3943.8552248477936, 4029.5280566215515, 4115.208071231842, 4200.87717294693, 4286.599564790726, 4372.237647533417, 4457.89177274704, 4543.470269680023, 4629.2388660907745, 4714.829667329788, 4800.542119026184, 4886.0993320941925, 4971.797311067581, 5057.427642822266, 5143.0013546943665, 5228.559328794479, 5314.162158489227, 5399.759974479675, 5485.250728368759, 5570.865901708603, 5656.423672437668, 5742.245975017548, 5827.830654382706, 5913.4801704883575, 5999.0626673698425, 6084.64866566658, 6170.294874429703, 6255.920904874802, 6341.570719957352, 6427.468693971634, 6513.166857481003, 6598.946183681488, 6684.549558162689, 6770.208208084106, 6855.808846712112, 6941.477548122406, 7027.144010066986, 7112.7836627960205, 7198.387249469757, 7284.045742034912, 7369.604869127274, 7455.126185894012, 7540.877352237701, 7626.960280656815, 7713.163562774658, 7799.128318309784, 7884.874931812286, 7970.57497215271, 8056.294494390488, 8142.085287809372, 8227.686291694641, 8313.301673412323, 8399.155024528503, 8484.91772723198, 8570.484080314636], "timesteps_eval": [8808, 17642, 26476, 35310, 44144, 52978, 61812, 70646, 79480, 88314, 97148, 105982, 114816, 123650, 132484, 141318, 150152, 158986, 167820, 176654, 185488, 194322, 203156, 211990, 220824, 229658, 238492, 247326, 256160, 264994, 273828, 282662, 291496, 300330, 309164, 317998, 326832, 335666, 344500, 353334, 362168, 371002, 379836, 388670, 397504, 406338, 415172, 424006, 432840, 441674, 450508, 459342, 468176, 477010, 485844, 494678, 503512, 512346, 521180, 530014, 538848, 547682, 556516, 565350, 574184, 583018, 591852, 600686, 609520, 618354, 627188, 636022, 644856, 653690, 662524, 671358, 680192, 689026, 697860, 706694, 715528, 724362, 733196, 742030, 750864, 759698, 768532, 777366, 786200, 795034, 803868, 812702, 821536, 830370, 839204, 848038, 856872, 865706, 874540, 883374],