{"gamma": [0.99, 0.99, 0.99], "learning_rate": [-5, -4, -5], "returns_eval": [3.4, 9.5, 9.2, 7.6, 13.7, 16.7, 12.2, 12.2, 12.2, 12.2, 12.5, 19.6, 19.6, 19.6, 19.6, 19.6, 19.6, 19.6, 17.2, 12.2, 12.2, 12.2, 12.2, 12.2, 12.2, 25.7, 12.2, 19.0, 12.2, 12.2, 12.2, 12.2, 15.7, 25.0, 26.1, 30.6, 43.4, 69.6, 47.8, 59.9, 48.9, 73.9, 78.6, 70.5, 94.0, 89.7, 82.0, 88.1, 105.6, 99.8, 107.6, 112.4, 127.3, 112.4, 127.9, 129.4, 122.8, 125.8, 150.3, 137.7, 139.0, 145.3, 151.0, 143.7, 141.1, 151.0, 145.1, 147.2, 142.0, 173.1, 147.7, 165.1, 154.7, 147.2, 137.3, 174.5, 176.3, 163.7, 161.7, 175.2, 174.9, 154.8, 173.4, 190.8, 175.5, 156.7, 215.9, 202.1, 159.4, 212.5, 177.2, 194.6, 192.3, 168.2, 182.0, 168.1, 178.5, 186.8, 159.2, 207.8], "std_returns_eval": [2.3748684174075834, 7.242237223399963, 7.180529228406497, 5.257375771237966, 11.144954015158609, 11.419719786404569, 7.56042326857432, 7.56042326857432, 7.56042326857432, 7.56042326857432, 7.486654793697917, 9.8812954616285, 9.8812954616285, 9.8812954616285, 9.8812954616285, 9.8812954616285, 9.8812954616285, 9.8812954616285, 11.496086290559932, 7.56042326857432, 7.56042326857432, 7.56042326857432, 7.56042326857432, 7.56042326857432, 7.56042326857432, 15.855913723276876, 7.56042326857432, 8.933084573650918, 7.56042326857432, 7.56042326857432, 7.56042326857432, 7.56042326857432, 9.716480844420989, 13.0, 10.690650120549265, 16.948156241904307, 14.478950238190611, 33.493880038000974, 20.696859665176262, 27.77210831031739, 24.622956768024427, 26.25433297572041, 26.639069052802878, 21.60208323287363, 20.268201696253172, 19.82447981663075, 19.88969582472291, 15.352198539622915, 21.420550879937704, 10.264501936285074, 14.478950238190613, 10.678951259369995, 20.040209579742424, 19.739300899474635, 22.962795997003504, 20.24944443682345, 16.27144738491324, 18.126224096595518, 52.184384637552256, 13.274411474713295, 14.205632685663812, 26.29847904347322, 19.60612149304395, 18.665744024817226, 17.50685579994306, 12.67280552995271, 15.208221460775748, 10.897706180660222, 16.20493751916372, 50.49841581673627, 21.166246714994134, 53.01216841443104, 16.15580391066938, 18.77658115845374, 22.53464000156204, 61.322508102653465, 43.26673086795442, 49.70523111303276, 21.382469455140114, 44.7097304845377, 55.08802047632498, 25.289523522597253, 45.0825908749708, 66.90112106684013, 52.59325051753314, 20.219050422806706, 74.30269174128216, 78.8624752337891, 14.150618361046984, 71.41323406764323, 58.369169944415006, 70.53679890666999, 66.64840583239783, 23.16808149156939, 70.07852738178792, 17.35770722186545, 14.129755836531642, 59.700586261778035, 22.01272359341297, 73.89830850567556], "timestamps_eval": [88.7215187549591, 174.61149334907532, 260.3488392829895, 346.3337426185608, 432.09178924560547, 517.9595310688019, 603.9038577079773, 689.9172251224518, 775.9920003414154, 862.1636621952057, 948.2202301025391, 1034.2124264240265, 1120.2491681575775, 1206.1776022911072, 1292.2917625904083, 1378.4697153568268, 1464.5169477462769, 1550.4519596099854, 1636.405107975006, 1722.5490889549255, 1808.593162059784, 1895.4496161937714, 1981.4623334407806, 2067.6182384490967, 2153.5666694641113, 2239.5672030448914, 2325.625241756439, 2411.7620680332184, 2497.701270341873, 2583.721009492874, 2669.7186527252197, 2755.719348192215, 2841.8877351284027, 2927.8595566749573, 3013.9053766727448, 3099.8168263435364, 3185.813292980194, 3271.7337923049927, 3357.7765991687775, 3443.703560113907, 3529.5951356887817, 3615.6880230903625, 3701.634085893631, 3787.688146829605, 3873.59565782547, 3959.5972757339478, 4045.50199341774, 4131.358041763306, 4217.291376590729, 4303.219500541687, 4389.221040248871, 4475.134408950806, 4561.0202758312225, 4647.061852455139, 4732.995388031006, 4818.907098531723, 4904.848709344864, 4990.837805986404, 5090.850405216217, 5176.839009284973, 5262.93585062027, 5348.901733160019, 5435.05916261673, 5521.027666091919, 5607.093189716339, 5693.093177080154, 5779.134905338287, 5865.120313644409, 5951.1651084423065, 6051.555621623993, 6137.704991102219, 6239.029999256134, 6325.103894710541, 6411.070144891739, 6497.054387807846, 6597.581374168396, 6697.717247009277, 6798.009904623032, 6884.176309108734, 6984.358834028244, 7084.333775281906, 7170.416378498077, 7270.826746463776, 7371.124765872955, 7471.422344684601, 7557.741285324097, 7672.060176849365, 7786.406845092773, 7872.5766060352325, 7972.913161277771, 8073.099201917648, 8173.325322151184, 8273.674561977386, 8359.76847743988, 8460.12948846817, 8546.249480485916, 8632.459436893463, 8732.818739652634, 8819.048624515533, 8919.372230529785], "timesteps_eval": [8805, 17638, 26471, 35304, 44137, 52970, 61803, 70636, 79469, 88302, 97135, 105968, 114801, 123634, 132467, 141300, 150133, 158966, 167799, 176632, 185465, 194298, 203131, 211964, 220797, 229630, 238463, 247296, 256129, 264962, 273795, 282628, 291461, 300294, 309127, 317960, 326793, 335626, 344459, 353292, 362125, 370958, 379791, 388624, 397457, 406290, 415123, 423956, 432789, 441622, 450455, 459288, 468121, 476954, 485787, 494620, 503453, 512286, 521119, 529952, 538785, 547618, 556451, 565284, 574117, 582950, 591783, 600616, 609449, 618282, 627115, 636390, 645223, 654056, 662889, 672159, 681433, 690266, 699099, 707932, 716765, 725598, 734431, 743264, 752097, 760930, 770204, 779037, 787870, 796703, 805536, 814369, 823202, 832035, 840868, 849701, 858534, 867367, 876642, 885916],