{"gamma": [0.95, 0.95, 0.99], "learning_rate": [-5, -5, -4], "returns_eval": [0.0, 0.0, 1.3, 2.6, 0.0, 1.1, 17.4, 15.2, 17.9, 18.5, 21.1, 22.9, 30.5, 30.5, 30.5, 30.5, 30.5, 30.5, 30.5, 30.5, 30.5, 30.5, 30.5, 30.5, 31.0, 28.0, 29.7, 44.4, 42.5, 57.4, 59.0, 65.0, 69.9, 81.8, 87.9, 87.2, 84.0, 100.2, 91.6, 91.8, 93.1, 95.9, 104.4, 93.1, 100.5, 99.1, 111.7, 101.0, 108.3, 99.3, 104.0, 101.7, 114.3, 103.9, 103.2, 101.8, 103.1, 115.1, 105.5, 113.4, 107.1, 125.6, 127.6, 94.2, 94.7, 103.4, 102.5, 114.1, 125.3, 122.5, 139.5, 138.6, 140.1, 131.5, 141.9, 143.5, 141.3, 159.2, 157.9, 176.6, 201.6, 161.7, 180.7, 179.7, 166.5, 220.6, 161.6, 196.7, 192.9, 193.7, 207.5, 161.1, 192.1, 193.9, 194.5, 222.7, 231.9, 205.3, 203.8, 216.1], "std_returns_eval": [0.0, 0.0, 2.9681644159311658, 3.0397368307141326, 0.0, 2.662705391138869, 15.239422561238992, 9.042123644365853, 7.462573282722254, 10.818964830333815, 11.57972365818805, 10.044401425669925, 23.55525419094432, 23.55525419094432, 23.55525419094432, 23.55525419094432, 23.55525419094432, 23.55525419094432, 23.55525419094432, 23.55525419094432, 23.55525419094432, 23.55525419094432, 23.55525419094432, 23.55525419094432, 23.25510696599781, 14.89966442575134, 15.046926596484745, 24.401639289195305, 19.60229578391266, 21.331666601557412, 24.551985663078252, 26.313494636782853, 25.579093025359597, 19.36388390793541, 28.129877354869503, 23.574562562219477, 21.762352813976708, 9.713907555664713, 22.249494376277408, 23.532105728132365, 21.63538767852335, 15.871042813879622, 14.74584687293341, 22.62498618784109, 14.001785600415399, 16.914195221765652, 10.733592129385205, 16.25423021862309, 11.118003417880388, 19.49897433200013, 18.41738309315414, 12.594046212397348, 21.99568139431011, 11.112605455067682, 18.642961138188323, 16.246845847733027, 14.942891286494726, 16.92010638264429, 15.945218719101975, 16.347476869535555, 20.530221625691233, 19.87058126980688, 20.524132137559434, 16.448708155961672, 19.00026315607234, 12.547509713086498, 27.5109069279804, 14.390621946253749, 15.975293424535275, 15.134397906755327, 25.004999500099974, 22.289908030317218, 21.449708622729588, 19.001315743916262, 18.843831882077488, 22.668259747938304, 27.250871545695563, 48.38140138524307, 21.13977294107011, 61.48365636492352, 72.97150128646115, 18.01693647654895, 60.88029237774733, 63.074638326351106, 16.224980739587952, 74.57103995519977, 18.07318455613177, 58.000086206832485, 72.58987532707299, 64.8753420029521, 66.8988041746637, 24.46814255312405, 54.97717708285866, 54.867932346681336, 56.68377192812772, 68.98557820298385, 83.3144045168661, 53.0547830077553, 54.97599476135016, 77.7604655335859], "timestamps_eval": [89.85521483421326, 177.45502138137817, 265.4095685482025, 353.15284395217896, 441.0081253051758, 528.8697962760925, 616.7429077625275, 704.6349172592163, 792.5955464839935, 880.7139813899994, 968.6336963176727, 1056.91601395607, 1144.9173636436462, 1232.9014189243317, 1320.925125837326, 1408.8696575164795, 1497.1032438278198, 1585.088140487671, 1673.0351815223694, 1760.87704539299, 1848.8093717098236, 1936.7254474163055, 2024.7011620998383, 2112.626791715622, 2200.6037876605988, 2288.5262699127197, 2376.5649933815002, 2464.5504994392395, 2552.6116468906403, 2640.6070742607117, 2728.554300546646, 2816.465749025345, 2904.4697642326355, 2992.3622658252716, 3080.4742505550385, 3168.367577791214, 3256.3408484458923, 3344.293333053589, 3432.342656135559, 3520.2273166179657, 3608.240163564682, 3696.2760906219482, 3784.2982156276703, 3872.2933237552643, 3960.4667184352875, 4048.3948028087616, 4136.457039833069, 4224.5897336006165, 4312.649275064468, 4400.6643698215485, 4488.765430927277, 4576.880299806595, 4665.030648469925, 4753.056561470032, 4841.286957502365, 4929.295338392258, 5017.584803104401, 5105.721951961517, 5193.939692020416, 5282.03519487381, 5370.213486433029, 5458.714436531067, 5546.918038368225, 5635.003887176514, 5723.235430240631, 5811.397769212723, 5899.620103597641, 5987.749340057373, 6075.95481967926, 6164.195483207703, 6252.637531757355, 6340.940207004547, 6429.243268966675, 6517.4424777030945, 6605.636774301529, 6693.858022689819, 6782.027854204178, 6884.519579648972, 6972.68945145607, 7075.189657688141, 7177.836338996887, 7266.062027215958, 7368.539656877518, 7470.995935678482, 7559.188045978546, 7661.835129022598, 7749.901797533035, 7852.3412709236145, 7969.082370996475, 8072.359078407288, 8174.913947105408, 8263.201267957687, 8365.457145690918, 8468.273442029953, 8571.035957813263, 8673.862849473953, 8790.718962907791, 8893.323992967606, 8995.81918478012, 9098.559881448746], "timesteps_eval": [8804, 17635, 26466, 35297, 44128, 52959, 61790, 70621, 79452, 88283, 97114, 105945, 114776, 123607, 132438, 141269, 150100, 158931, 167762, 176593, 185424, 194255, 203086, 211917, 220748, 229579, 238410, 247241, 256072, 264903, 273734, 282565, 291396, 300227, 309058, 317889, 326720, 335551, 344382, 353213, 362044, 370875, 379706, 388537, 397368, 406199, 415030, 423861, 432692, 441523, 450354, 459185, 468016, 476847, 485678, 494509, 503340, 512171, 521002, 529833, 538664, 547495, 556326, 565157, 573988, 582819, 591650, 600481, 609312, 618143, 626974, 635805, 644636, 653467, 662298, 671129, 679960, 688791, 697622, 706453, 715284, 724115, 732946, 741777, 750608, 759439, 768270, 777101, 785932, 794763, 803594, 812425, 821256, 830087, 838918, 847749, 856580, 865853, 874684, 883515],