{"gamma": [0.99, 0.99, 0.99], "learning_rate": [-5, -5, -4], "returns_eval": [3.4, 9.5, 9.2, 7.6, 13.7, 16.7, 12.2, 12.2, 12.2, 12.2, 12.5, 19.6, 19.6, 19.6, 19.6, 19.6, 19.6, 19.6, 17.2, 12.2, 12.2, 12.2, 12.2, 12.2, 12.2, 25.7, 12.2, 19.0, 12.2, 12.2, 12.2, 12.2, 12.2, 12.2, 12.2, 12.2, 12.2, 25.6, 14.2, 30.5, 31.9, 16.7, 13.0, 14.3, 24.0, 29.9, 24.6, 29.7, 41.4, 49.9, 42.7, 46.7, 72.9, 69.1, 73.0, 77.8, 63.9, 68.0, 66.0, 53.5, 69.7, 80.8, 64.4, 56.5, 79.1, 81.0, 88.8, 80.7, 73.8, 86.4, 81.9, 93.1, 94.3, 88.3, 87.3, 102.5, 106.8, 103.1, 101.1, 120.9, 119.1, 119.1, 123.4, 131.6, 122.8, 140.8, 131.0, 147.0, 166.5, 140.1, 155.4, 141.3, 130.9, 164.2, 143.1, 155.6, 155.4, 197.6, 185.1, 228.4], "std_returns_eval": [2.3748684174075834, 7.242237223399963, 7.180529228406497, 5.257375771237966, 11.144954015158609, 11.419719786404569, 7.56042326857432, 7.56042326857432, 7.56042326857432, 7.56042326857432, 7.486654793697917, 9.8812954616285, 9.8812954616285, 9.8812954616285, 9.8812954616285, 9.8812954616285, 9.8812954616285, 9.8812954616285, 11.496086290559932, 7.56042326857432, 7.56042326857432, 7.56042326857432, 7.56042326857432, 7.56042326857432, 7.56042326857432, 15.855913723276876, 7.56042326857432, 8.933084573650918, 7.56042326857432, 7.56042326857432, 7.56042326857432, 7.56042326857432, 7.56042326857432, 7.56042326857432, 7.56042326857432, 7.56042326857432, 7.56042326857432, 15.402597183592123, 9.516301802696255, 23.55525419094432, 7.189575787207475, 10.247438704378768, 7.280109889280518, 8.149233092751734, 11.840608092492547, 16.33064603743526, 11.01998185116473, 10.872442227944925, 22.553048574416717, 12.445481107614924, 15.199013125857876, 8.820997676000147, 24.047661008921427, 23.496595498071628, 24.20743687382041, 20.33125672456083, 29.820965779129285, 26.157216977346806, 18.09419796509367, 21.374049686477292, 26.705991837039118, 20.908371529126796, 19.85547783358537, 19.68882932020083, 24.655425366438116, 22.939049675171812, 12.073110618229256, 26.836728563668114, 23.442696090680354, 13.785499628232559, 32.225610932921036, 22.34479805234319, 19.427043007107386, 25.717892604177347, 23.96685210869379, 18.472953201911167, 11.608617488745162, 22.147008827378926, 16.87275911047153, 24.62295676802443, 9.730878685915265, 12.242957159118053, 14.6574213284602, 12.99384469662463, 28.68379333351849, 23.15080992103732, 19.778776504121787, 19.969977466186585, 60.661767201425974, 17.615050383124085, 19.37627415165258, 23.443762496664224, 17.35770722186545, 45.599999999999994, 16.10869330516911, 19.272778730634563, 20.83362666460163, 64.38509144204114, 58.525977138361384, 83.42205943274237], "timestamps_eval": [88.40740609169006, 174.57878303527832, 260.8432650566101, 346.99184584617615, 433.971054315567, 520.8403789997101, 607.1910190582275, 693.3864817619324, 779.7990627288818, 866.0222146511078, 952.3916819095612, 1038.5059170722961, 1124.9917788505554, 1212.0179460048676, 1298.411277770996, 1384.4390859603882, 1470.821195602417, 1556.9580790996552, 1643.2056217193604, 1729.2537860870361, 1815.5280148983002, 1901.7525024414062, 1988.064047574997, 2074.2278587818146, 2160.580311536789, 2247.482625246048, 2333.7434985637665, 2419.9618718624115, 2506.196711063385, 2592.3842208385468, 2678.6665744781494, 2764.8396265506744, 2851.2235350608826, 2938.1583485603333, 3024.502377510071, 3110.791534423828, 3197.1577050685883, 3283.5146791934967, 3369.8837110996246, 3455.943762779236, 3542.284455537796, 3628.392919063568, 3714.8694989681244, 3800.972183942795, 3887.3719136714935, 3973.533153772354, 4059.890957593918, 4146.14311003685, 4232.437525987625, 4318.642292976379, 4405.040502786636, 4491.269851922989, 4577.733782291412, 4663.994909763336, 4750.411813735962, 4836.603111505508, 4922.963727235794, 5009.257928371429, 5095.6175792217255, 5181.843245983124, 5268.178466558456, 5354.367836475372, 5440.665379047394, 5526.8623332977295, 5613.323003768921, 5699.391142129898, 5785.714499950409, 5871.936204195023, 5958.39747428894, 6044.671113491058, 6130.912018299103, 6217.250456809998, 6303.391927719116, 6389.7109434604645, 6476.032169818878, 6562.3310697078705, 6648.581316947937, 6734.761887311935, 6821.055755853653, 6907.306644916534, 6993.528914690018, 7079.718026638031, 7165.984437704086, 7252.227229356766, 7338.552850723267, 7424.88841509819, 7511.206980705261, 7597.555514097214, 7698.302578449249, 7784.640131235123, 7871.054610490799, 7957.339229345322, 8043.6507477760315, 8143.953460693359, 8230.280888795853, 8316.628286600113, 8402.851921796799, 8503.193509578705, 8603.677519321442, 8704.339893579483], "timesteps_eval": [8805, 17638, 26471, 35304, 44137, 52970, 61803, 70636, 79469, 88302, 97135, 105968, 114801, 123634, 132467, 141300, 150133, 158966, 167799, 176632, 185465, 194298, 203131, 211964, 220797, 229630, 238463, 247296, 256129, 264962, 273795, 282628, 291461, 300294, 309127, 317960, 326793, 335626, 344459, 353292, 362125, 370958, 379791, 388624, 397457, 406290, 415123, 423956, 432789, 441622, 450455, 459288, 468121, 476954, 485787, 494620, 503453, 512286, 521119, 529952, 538785, 547618, 556451, 565284, 574117, 582950, 591783, 600616, 609449, 618282, 627115, 635948, 644781, 653614, 662447, 671280, 680113, 688946, 697779, 706612, 715445, 724278, 733111, 741944, 750777, 759610, 768443, 777276, 786109, 794942, 803775, 812608, 821441, 830274, 839107, 847940, 856773, 865606, 874439, 883272],