{"gamma": [0.98, 0.95, 0.95], "learning_rate": [-5, -5, -3], "returns_eval": [0.3, 4.8, 11.8, 7.0, 4.6, 7.4, 5.7, 8.4, 20.6, 20.6, 10.5, 15.9, 20.6, 20.6, 20.6, 16.6, 30.5, 30.5, 30.5, 30.5, 30.5, 30.5, 30.5, 30.5, 30.5, 30.5, 30.5, 30.5, 30.5, 30.5, 30.5, 30.5, 30.5, 30.5, 30.5, 30.7, 32.3, 31.9, 28.5, 33.7, 50.9, 50.0, 53.7, 60.4, 65.3, 77.2, 71.3, 88.6, 79.1, 97.6, 83.8, 90.4, 100.4, 90.5, 110.4, 111.2, 117.3, 101.9, 114.1, 108.5, 116.6, 105.1, 108.6, 122.9, 105.7, 134.2, 125.6, 112.2, 112.3, 102.7, 110.1, 97.2, 103.8, 88.8, 95.9, 105.0, 93.9, 85.3, 89.0, 104.4, 67.1, 70.2, 76.3, 44.0, 53.4, 60.6, 56.9, 45.2, 44.9, 41.8, 44.2, 38.9, 31.3, 38.4, 29.8, 36.7, 30.1, 32.1, 34.4, 42.0], "std_returns_eval": [0.6403124237432849, 4.686149805543993, 7.769169839822013, 5.796550698475776, 3.2924155266308657, 3.8522720568516444, 4.627094120503711, 8.296987405076615, 9.728309205612248, 9.728309205612248, 8.80056816347672, 6.187891401761993, 9.728309205612248, 9.728309205612248, 9.728309205612248, 12.90891165048394, 23.55525419094432, 23.55525419094432, 23.55525419094432, 23.55525419094432, 23.55525419094432, 23.55525419094432, 23.55525419094432, 23.55525419094432, 23.55525419094432, 23.55525419094432, 23.55525419094432, 23.55525419094432, 23.55525419094432, 23.55525419094432, 23.55525419094432, 23.55525419094432, 23.55525419094432, 23.55525419094432, 23.55525419094432, 23.541665191740364, 22.459073890078372, 13.049521064008442, 9.922197337283713, 10.479026672358458, 22.53197727675048, 9.899494936611665, 13.520724832641186, 24.944738924270187, 20.83290666229751, 23.71834732859775, 31.74917321758159, 20.120636172845032, 21.846967752985766, 17.315888657530692, 21.03235602589496, 23.753736548172796, 10.919706955774958, 21.80022935659164, 14.374978260853128, 11.88949115816148, 11.260994627474075, 15.13571934200684, 11.493041372935192, 11.05667219374799, 11.766052864066182, 17.94686602167632, 18.810635289643994, 20.88276801575883, 13.820636743652587, 23.098917723564455, 14.333178293735134, 13.709850473291093, 20.070127054904262, 21.99568139431011, 20.7, 17.191858538273284, 8.829496021857645, 25.910615585122635, 17.026156348395254, 15.446682491719702, 16.537533068750005, 22.374315631991966, 20.721969018411354, 16.517869111964778, 13.442098050527678, 14.938540758722052, 23.069677067527408, 18.36300628982085, 17.872884490199112, 25.827117531772686, 16.349006085998013, 18.30737556287083, 8.734414691323053, 19.203124745728232, 10.768472500777444, 16.38566446623389, 8.000624975587844, 12.314219423089716, 10.78702924812944, 14.533065746772083, 11.175419455215094, 10.830050784737807, 13.865064009949611, 7.64198926981712], "timestamps_eval": [89.0811538696289, 176.24388360977173, 263.41600918769836, 350.37894892692566, 437.0788712501526, 524.4760909080505, 611.3464126586914, 698.4559648036957, 785.3687436580658, 872.3024275302887, 959.5444850921631, 1047.039389848709, 1134.214677810669, 1221.4508759975433, 1308.5432212352753, 1395.751333475113, 1482.9700498580933, 1570.883898973465, 1657.8633697032928, 1745.1551442146301, 1832.5096008777618, 1919.8417160511017, 2007.2587649822235, 2094.5060093402863, 2181.8905761241913, 2270.1662435531616, 2357.4843623638153, 2445.830612182617, 2533.2805297374725, 2620.881020784378, 2709.0035848617554, 2796.3252272605896, 2883.51233959198, 2970.775800704956, 3058.655350923538, 3145.750533103943, 3233.150904893875, 3320.3783524036407, 3407.51798081398, 3494.5431361198425, 3581.702359199524, 3668.831897497177, 3756.030586242676, 3845.397916316986, 3932.4779682159424, 4019.668402194977, 4106.507121324539, 4193.4506669044495, 4280.576953649521, 4367.589040994644, 4454.736802339554, 4541.7700984478, 4630.51339173317, 4717.200441598892, 4803.944540500641, 4890.759665966034, 4977.688637256622, 5064.431864023209, 5151.381495952606, 5238.539927959442, 5325.520768404007, 5412.656737327576, 5500.131749629974, 5587.033851146698, 5674.290936946869, 5761.319931030273, 5848.277374982834, 5937.882207870483, 6024.920942306519, 6112.292659044266, 6199.606406927109, 6286.660674571991, 6373.844428777695, 6460.944752693176, 6547.938055276871, 6634.9025938510895, 6721.922210216522, 6808.845614433289, 6895.977494001389, 6983.405830621719, 7070.45510840416, 7157.496780395508, 7244.406844139099, 7331.360375404358, 7418.458257198334, 7505.480707645416, 7592.250395059586, 7679.072332620621, 7767.619698762894, 7854.396576166153, 7941.277270078659, 8028.154261827469, 8115.025879383087, 8201.897347450256, 8288.706193208694, 8375.503381967545, 8462.396486282349, 8549.219979286194, 8635.9908349514, 8722.882438898087], "timesteps_eval": [8804, 17635, 26466, 35297, 44128, 52959, 61790, 70621, 79452, 88283, 97114, 105945, 114776, 123607, 132438, 141269, 150100, 158931, 167762, 176593, 185424, 194255, 203086, 211917, 220748, 229579, 238410, 247241, 256072, 264903, 273734, 282565, 291396, 300227, 309058, 317889, 326720, 335551, 344382, 353213, 362044, 370875, 379706, 388537, 397368, 406199, 415030, 423861, 432692, 441523, 450354, 459185, 468016, 476847, 485678, 494509, 503340, 512171, 521002, 529833, 538664, 547495, 556326, 565157, 573988, 582819, 591650, 600481, 609312, 618143, 626974, 635805, 644636, 653467, 662298, 671129, 679960, 688791, 697622, 706453, 715284, 724115, 732946, 741777, 750608, 759439, 768270, 777101, 785932, 794763, 803594, 812425, 821256, 830087, 838918, 847749, 856580, 865411, 874242, 883073],