{"gamma": [0.95, 0.99, 0.99], "learning_rate": [-5, -3, -5], "returns_eval": [0.0, 0.0, 1.3, 2.6, 0.0, 1.1, 17.4, 15.2, 17.9, 18.5, 21.1, 22.9, 30.5, 30.5, 30.5, 30.5, 30.5, 30.5, 30.5, 30.5, 30.5, 30.5, 30.5, 30.5, 31.0, 28.0, 29.7, 44.4, 42.5, 57.4, 64.8, 41.9, 37.4, 26.8, 35.8, 16.3, 16.6, 21.7, 27.1, 37.6, 21.8, 16.0, 11.3, 10.9, 14.3, 10.7, 5.9, 10.2, 11.7, 12.7, 8.9, 7.9, 5.7, 6.4, 8.2, 6.0, 4.4, 2.9, 5.7, 3.3, 6.8, 5.3, 5.4, 8.0, 7.1, 9.8, 8.0, 8.2, 10.2, 17.6, 12.9, 11.1, 16.7, 16.5, 32.6, 20.6, 23.6, 29.6, 27.1, 28.1, 30.3, 31.8, 39.3, 31.0, 25.4, 36.0, 33.1, 37.5, 47.5, 45.5, 38.5, 54.2, 44.3, 59.5, 47.0, 55.0, 56.7, 55.0, 57.2, 57.0], "std_returns_eval": [0.0, 0.0, 2.9681644159311658, 3.0397368307141326, 0.0, 2.662705391138869, 15.239422561238992, 9.042123644365853, 7.462573282722254, 10.818964830333815, 11.57972365818805, 10.044401425669925, 23.55525419094432, 23.55525419094432, 23.55525419094432, 23.55525419094432, 23.55525419094432, 23.55525419094432, 23.55525419094432, 23.55525419094432, 23.55525419094432, 23.55525419094432, 23.55525419094432, 23.55525419094432, 23.25510696599781, 14.89966442575134, 15.046926596484745, 24.401639289195305, 19.60229578391266, 21.331666601557412, 27.694042680692178, 22.68678029161476, 21.37849386650051, 19.73220717507294, 20.79807683416907, 11.47214016650773, 12.571396103854177, 8.95600357302296, 11.335342959081565, 10.818502669038818, 9.019977827023745, 6.913754406977442, 4.960846701924985, 5.146843692983108, 8.786922100485471, 5.292447448959697, 4.011234224026316, 5.758472019555188, 4.920365840057018, 6.1489836558572835, 4.742362280551751, 5.3563046963368315, 2.4515301344262523, 4.1521078984053394, 6.2257529665093525, 5.138093031466052, 4.431703961232068, 1.972308292331602, 3.689173349139344, 2.72213151776324, 5.15363949069005, 4.495553358597804, 2.3323807579381204, 6.48074069840786, 5.5578772926361015, 8.411896337925235, 5.019960159204453, 7.318469785412796, 7.05407683541936, 10.965400129498239, 8.926925562588725, 6.315853069855251, 11.009541316512692, 7.619055059520177, 14.894294209528695, 13.252924205623453, 9.676776322722356, 6.770524351924303, 6.920260110718383, 11.953660527219267, 15.92513736204495, 16.240689640529432, 10.090094152187083, 7.628892449104261, 10.394229168149026, 14.484474446799926, 11.361778029868388, 10.52853266129711, 26.29923953273174, 16.716758058906038, 16.231142904922006, 27.41459465321346, 11.696580696938742, 21.091467469097545, 22.98260211551338, 28.234730386529282, 28.390315250098933, 14.2828568570857, 23.003477997902838, 13.689411966918083], "timestamps_eval": [90.00448894500732, 177.8346710205078, 265.9236056804657, 354.3953766822815, 443.44773387908936, 531.4767694473267, 619.4679009914398, 708.0802686214447, 796.0917773246765, 884.1162257194519, 972.0892803668976, 1059.942078113556, 1147.947235584259, 1235.876652956009, 1326.2825384140015, 1414.2403101921082, 1502.021478652954, 1589.7494180202484, 1678.5250353813171, 1766.4827816486359, 1854.1396884918213, 1943.1632947921753, 2030.901969909668, 2119.0712518692017, 2206.813475370407, 2294.4361062049866, 2382.0132822990417, 2469.9433631896973, 2557.6841423511505, 2645.300300359726, 2733.0687177181244, 2820.761006593704, 2908.4159042835236, 2996.208181142807, 3083.8395817279816, 3171.4808852672577, 3259.1021599769592, 3346.706746339798, 3434.3031435012817, 3522.0251438617706, 3609.6310534477234, 3698.539113998413, 3786.36758852005, 3874.191772222519, 3962.864326953888, 4050.741498231888, 4138.75794005394, 4226.920581102371, 4314.645133972168, 4402.545893192291, 4490.449059724808, 4578.402759075165, 4666.258884429932, 4755.016786813736, 4842.69291639328, 4930.298871040344, 5018.08802318573, 5105.739245414734, 5193.677486658096, 5282.023105144501, 5369.723456859589, 5457.558872938156, 5545.235759019852, 5633.138189077377, 5720.8179614543915, 5808.70353603363, 5896.518307685852, 5984.5999121665955, 6073.072085380554, 6160.956445932388, 6248.821560144424, 6336.495384693146, 6425.614023685455, 6513.484868526459, 6601.379438400269, 6689.270496606827, 6777.019837141037, 6865.017917394638, 6952.76700091362, 7040.79447054863, 7128.6292061805725, 7217.623035430908, 7305.472735404968, 7393.345502614975, 7481.509806156158, 7569.626469612122, 7657.733000993729, 7745.53599023819, 7833.567385435104, 7922.643599271774, 8010.588437080383, 8098.652990579605, 8186.496502399445, 8275.27784872055, 8364.430559396744, 8452.33633184433, 8540.24483370781, 8628.316135883331, 8716.392021656036, 8804.205495595932], "timesteps_eval": [8804, 17635, 26466, 35297, 44128, 52959, 61790, 70621, 79452, 88283, 97114, 105945, 114776, 123607, 132438, 141269, 150100, 158931, 167762, 176593, 185424, 194255, 203086, 211917, 220748, 229579, 238410, 247241, 256072, 264903, 273734, 282565, 291396, 300227, 309058, 317889, 326720, 335551, 344382, 353213, 362044, 370875, 379706, 388537, 397368, 406199, 415030, 423861, 432692, 441523, 450354, 459185, 468016, 476847, 485678, 494509, 503340, 512171, 521002, 529833, 538664, 547495, 556326, 565157, 573988, 582819, 591650, 600481, 609312, 618143, 626974, 635805, 644636, 653467, 662298, 671129, 679960, 688791, 697622, 706453, 715284, 724115, 732946, 741777, 750608, 759439, 768270, 777101, 785932, 794763, 803594, 812425, 821256, 830087, 838918, 847749, 856580, 865411, 874242, 883073],