{"gamma": [0.98, 0.98, 0.99], "learning_rate": [-5, -3, -4], "returns_eval": [0.3, 4.8, 11.8, 7.0, 4.6, 7.4, 5.7, 8.4, 20.6, 20.6, 10.5, 15.9, 20.6, 20.6, 20.6, 16.6, 30.5, 30.5, 30.5, 30.5, 30.5, 30.5, 30.5, 30.5, 30.5, 30.5, 30.5, 30.5, 30.5, 30.5, 21.6, 21.5, 17.1, 18.5, 28.4, 23.2, 27.0, 23.0, 31.2, 26.8, 24.3, 35.4, 37.0, 45.4, 40.0, 30.2, 28.6, 28.6, 24.1, 27.9, 25.5, 19.4, 21.9, 18.2, 23.9, 25.4, 28.8, 24.9, 19.9, 17.4, 12.4, 15.7, 20.2, 13.3, 20.5, 17.7, 16.1, 13.7, 17.6, 18.5, 17.5, 17.2, 18.4, 16.3, 16.3, 14.2, 18.0, 19.2, 17.4, 22.9, 18.2, 22.1, 19.3, 21.3, 25.3, 28.2, 26.0, 23.1, 21.5, 25.7, 24.2, 23.4, 25.0, 25.5, 21.5, 33.2, 21.5, 32.5, 26.8, 20.8], "std_returns_eval": [0.6403124237432849, 4.686149805543993, 7.769169839822013, 5.796550698475776, 3.2924155266308657, 3.8522720568516444, 4.627094120503711, 8.296987405076615, 9.728309205612248, 9.728309205612248, 8.80056816347672, 6.187891401761993, 9.728309205612248, 9.728309205612248, 9.728309205612248, 12.90891165048394, 23.55525419094432, 23.55525419094432, 23.55525419094432, 23.55525419094432, 23.55525419094432, 23.55525419094432, 23.55525419094432, 23.55525419094432, 23.55525419094432, 23.55525419094432, 23.55525419094432, 23.55525419094432, 23.55525419094432, 23.55525419094432, 9.167333309092673, 12.20860352374505, 9.669022701390249, 9.3834961501564, 11.394735626595292, 12.40806189539688, 6.899275324264136, 7.113367697511496, 12.726350615946428, 7.318469785412795, 11.20758671614902, 10.809255293497328, 9.909591313469996, 16.40243884305014, 14.359665734271115, 5.035871324805669, 11.010903686800642, 8.452218643646175, 10.329085148259743, 8.336066218546971, 7.592759709091286, 7.914543574963752, 7.968061244744546, 7.896834808959853, 8.227393268830657, 5.624944444170094, 11.160645142642965, 9.459915433025815, 9.843271813782245, 4.651881339845202, 3.8781438859330635, 5.1000000000000005, 4.935585071701226, 5.119570294468081, 5.6258332716140815, 6.403905058634146, 5.752390807307862, 6.341135544995076, 4.882622246293481, 3.5846896657869842, 4.522167621838006, 4.6000000000000005, 3.878143885933063, 3.8223029707232783, 3.9255572852781047, 4.1424630354415966, 2.4083189157584592, 2.3579652245103193, 3.6386810797320503, 5.923681287847955, 3.4871191548325386, 5.088221693283421, 1.9519221295943137, 10.82635672791175, 9.176600677810928, 8.158431221748454, 11.349008767288886, 9.170059977993601, 5.80086200490927, 10.04041831797859, 8.919641248391104, 6.651315659326356, 8.366600265340756, 7.130918594402828, 6.844705983459042, 17.359723500102184, 9.851395840184273, 15.357408635573906, 7.626270385975047, 2.4413111231467406], "timestamps_eval": [91.01232647895813, 177.73132872581482, 264.6358485221863, 351.71835708618164, 438.91514325141907, 526.1297936439514, 612.9819386005402, 700.0145859718323, 787.0062007904053, 873.9636766910553, 961.4976449012756, 1048.9776685237885, 1136.606113910675, 1223.890671491623, 1311.0277111530304, 1398.3178176879883, 1485.725090265274, 1573.0090808868408, 1660.2857525348663, 1747.5879299640656, 1835.0356755256653, 1922.3252937793732, 2009.5353791713715, 2096.750321149826, 2184.074422121048, 2271.343384742737, 2358.658966779709, 2446.077710866928, 2533.3663976192474, 2620.6512489318848, 2707.967491388321, 2795.253658056259, 2882.6691052913666, 2970.2423374652863, 3057.696858406067, 3145.221453666687, 3232.381735086441, 3319.486148118973, 3407.5481133461, 3494.857697725296, 3582.03457903862, 3669.2987871170044, 3756.680083990097, 3844.0923421382904, 3931.454159975052, 4018.84228014946, 4106.498037815094, 4193.813064336777, 4281.1605269908905, 4368.543352603912, 4455.777505159378, 4543.1513340473175, 4630.405673027039, 4717.64418554306, 4805.048697948456, 4892.258446216583, 4979.649789094925, 5066.886162281036, 5153.819392204285, 5240.78381061554, 5327.769571304321, 5414.7735683918, 5501.867046117783, 5589.070098638535, 5676.1288895606995, 5763.2415454387665, 5850.155379772186, 5937.355612277985, 6024.28471159935, 6111.641913890839, 6198.650266170502, 6285.6558384895325, 6372.631702661514, 6460.14177775383, 6547.411945581436, 6634.7337284088135, 6721.558917045593, 6808.469923496246, 6895.433378458023, 6982.407178401947, 7069.310646533966, 7156.34232878685, 7243.487606048584, 7332.2560958862305, 7419.206201314926, 7506.898124456406, 7593.81174325943, 7680.72803068161, 7767.88113284111, 7854.831951141357, 7941.756468057632, 8028.69712805748, 8115.72821354866, 8202.682262182236, 8289.523765802383, 8376.41005563736, 8463.326750040054, 8550.262256145477, 8637.178911924362, 8723.9837372303], "timesteps_eval": [8804, 17635, 26466, 35297, 44128, 52959, 61790, 70621, 79452, 88283, 97114, 105945, 114776, 123607, 132438, 141269, 150100, 158931, 167762, 176593, 185424, 194255, 203086, 211917, 220748, 229579, 238410, 247241, 256072, 264903, 273734, 282565, 291396, 300227, 309058, 317889, 326720, 335551, 344382, 353213, 362044, 370875, 379706, 388537, 397368, 406199, 415030, 423861, 432692, 441523, 450354, 459185, 468016, 476847, 485678, 494509, 503340, 512171, 521002, 529833, 538664, 547495, 556326, 565157, 573988, 582819, 591650, 600481, 609312, 618143, 626974, 635805, 644636, 653467, 662298, 671129, 679960, 688791, 697622, 706453, 715284, 724115, 732946, 741777, 750608, 759439, 768270, 777101, 785932, 794763, 803594, 812425, 821256, 830087, 838918, 847749, 856580, 865411, 874242, 883073],