{"gamma": [0.99, 0.95, 0.95], "learning_rate": [-4, -5, -3], "returns_eval": [3.7, 0.1, 0.0, 1.7, 2.1, 2.5, 0.5, 4.6, 3.2, 7.1, 2.9, 11.1, 26.9, 37.8, 44.8, 59.3, 57.2, 68.6, 68.3, 75.6, 83.0, 100.2, 92.5, 102.5, 118.5, 117.1, 113.8, 113.7, 113.4, 109.9, 124.7, 125.9, 126.3, 131.5, 128.7, 120.3, 129.1, 137.6, 131.7, 153.2, 146.5, 145.5, 145.2, 150.6, 148.3, 157.7, 158.9, 154.9, 152.0, 166.7, 169.0, 171.7, 168.3, 167.5, 175.1, 208.7, 226.8, 166.1, 188.9, 184.7, 132.5, 152.7, 148.3, 157.9, 160.3, 140.7, 123.2, 129.4, 125.3, 121.3, 129.9, 130.5, 125.1, 122.8, 121.3, 119.6, 104.2, 114.0, 113.0, 92.7, 93.2, 76.9, 90.8, 74.5, 68.4, 50.4, 46.7, 50.6, 42.1, 33.1, 41.4, 33.2, 28.5, 38.3, 30.0, 21.5, 11.0, 8.1, 12.7, 15.4], "std_returns_eval": [5.386093203798093, 0.30000000000000004, 0.0, 4.148493702538308, 2.6248809496813372, 2.9748949561287032, 0.6708203932499369, 6.086049621881176, 3.815756805667783, 8.166394553289718, 3.3600595232822887, 11.121600604229592, 14.272000560538105, 27.38174574419973, 23.15080992103732, 16.667633305301624, 21.724640388278008, 21.597222043586996, 22.21733557382613, 16.95405556201819, 18.72431574183687, 29.828845100003452, 19.085334683992315, 27.764185563419648, 10.461835403025608, 14.542695761102891, 11.443775600735973, 15.7419820861288, 15.736581585592216, 14.969635934116766, 10.1, 16.7, 9.423905772024677, 11.119802156513398, 14.886571129712845, 16.781239525136396, 10.044401425669925, 12.571396103854177, 20.11491983578359, 19.75753021002372, 13.477759457714031, 17.92344832893492, 23.608473055240143, 19.64281038955475, 12.165936051122411, 28.404401067440237, 16.021547990128795, 13.794564146793475, 20.5621010599598, 11.815667564721004, 12.884098726725126, 18.92115218479044, 17.32656919300529, 17.448495637160242, 13.641480858030041, 74.11079543494321, 89.89972191280683, 17.149052451957807, 61.198774497533854, 61.73499817769496, 20.41690476051647, 20.322647465327936, 18.08341781854304, 52.108444613133486, 37.29356512858485, 14.966963619919706, 11.52215257666726, 13.425349157470729, 8.967162315916893, 11.19866063420086, 12.731457104353767, 14.506894912420094, 12.613088440187836, 9.325234581499814, 12.165936051122411, 7.323933369440222, 10.543244282477762, 20.208908926510603, 11.009087155618309, 25.080071770232234, 21.637005338077632, 26.3531781764553, 21.26875642815066, 19.693907687404245, 18.034411551253896, 19.54072670091878, 13.97175722663402, 11.244554237496478, 13.072490198887127, 8.676981041814024, 11.783038657324349, 14.938540758722052, 16.43319810627256, 16.492725669215506, 13.183322798141598, 12.371337841963577, 11.331372379372237, 7.327346040688948, 6.694027188471825, 8.01498596380555], "timestamps_eval": [87.89592289924622, 173.60470700263977, 259.3579897880554, 345.0014383792877, 430.7806680202484, 516.5363109111786, 602.4403803348541, 688.2761650085449, 773.9467117786407, 859.6705114841461, 945.5659503936768, 1031.4326515197754, 1117.267966747284, 1203.0601432323456, 1288.8914790153503, 1374.7459769248962, 1460.5181686878204, 1546.2868523597717, 1632.1583862304688, 1718.2423386573792, 1804.2375428676605, 1890.1643254756927, 1976.0202994346619, 2062.0762622356415, 2147.9885959625244, 2233.830198764801, 2319.853420972824, 2405.807463645935, 2491.606297016144, 2577.5311465263367, 2663.389765024185, 2749.4588758945465, 2835.5842740535736, 2921.3967871665955, 3007.351191997528, 3093.3913555145264, 3179.386021375656, 3265.287119626999, 3351.454575777054, 3437.422831058502, 3523.4462304115295, 3609.5016582012177, 3695.4160084724426, 3781.4029891490936, 3867.3732788562775, 3953.5162122249603, 4039.3913753032684, 4125.435465097427, 4211.471071481705, 4297.556427955627, 4383.548367738724, 4469.510344743729, 4555.732338190079, 4641.770539999008, 4727.686528921127, 4841.887493133545, 4942.064982891083, 5027.963018417358, 5127.998751163483, 5228.134745597839, 5314.23873591423, 5401.041677951813, 5486.969552516937, 5588.158062696457, 5688.118763208389, 5774.059431314468, 5860.069882154465, 5946.097847938538, 6032.098075866699, 6118.044637441635, 6204.0814616680145, 6290.099190235138, 6375.985090970993, 6461.96831870079, 6547.855528831482, 6633.782679796219, 6719.626518011093, 6805.506441831589, 6891.379475593567, 6977.316874027252, 7063.183429002762, 7149.11274266243, 7235.260810852051, 7321.349118232727, 7407.245330095291, 7493.256554603577, 7579.117341995239, 7665.101014375687, 7750.942607879639, 7837.092878818512, 7923.164733171463, 8009.085657835007, 8095.016571760178, 8180.856555938721, 8266.653055906296, 8352.710639715195, 8438.929150342941, 8524.8044257164, 8610.725399971008, 8696.622874736786], "timesteps_eval": [8805, 17638, 26471, 35304, 44137, 52970, 61803, 70636, 79469, 88302, 97135, 105968, 114801, 123634, 132467, 141300, 150133, 158966, 167799, 176632, 185465, 194298, 203131, 211964, 220797, 229630, 238463, 247296, 256129, 264962, 273795, 282628, 291461, 300294, 309127, 317960, 326793, 335626, 344459, 353292, 362125, 370958, 379791, 388624, 397457, 406290, 415123, 423956, 432789, 441622, 450455, 459288, 468121, 476954, 485787, 494620, 503453, 512286, 521119, 529952, 538785, 547618, 556451, 565284, 574117, 582950, 591783, 600616, 609449, 618282, 627115, 635948, 644781, 653614, 662447, 671280, 680113, 688946, 697779, 706612, 715445, 724278, 733111, 741944, 750777, 759610, 768443, 777276, 786109, 794942, 803775, 812608, 821441, 830274, 839107, 847940, 856773, 865606, 874439, 883272],