{"gamma": [0.95, 0.99, 0.98], "learning_rate": [-5, -5, -5], "returns_eval": [0.0, 0.0, 1.3, 2.6, 0.0, 1.1, 17.4, 15.2, 17.9, 18.5, 21.1, 22.9, 30.5, 30.5, 30.5, 30.5, 30.5, 30.5, 30.5, 30.5, 30.5, 30.5, 30.5, 30.5, 31.0, 28.0, 29.7, 44.4, 42.5, 57.4, 59.0, 46.9, 55.1, 58.6, 60.7, 70.0, 68.9, 94.9, 87.9, 87.5, 85.5, 95.6, 96.0, 88.4, 111.6, 104.3, 99.8, 90.5, 102.7, 112.4, 95.6, 101.6, 100.9, 105.0, 105.9, 97.3, 114.9, 108.3, 108.7, 108.4, 104.6, 99.5, 118.1, 102.2, 99.5, 106.4, 100.6, 102.2, 113.5, 108.1, 98.7, 118.5, 111.5, 106.7, 105.6, 125.0, 97.6, 105.3, 97.8, 108.3, 113.6, 107.0, 115.3, 110.7, 114.1, 104.4, 113.3, 104.0, 109.3, 110.1, 111.9, 113.5, 101.7, 126.4, 108.1, 109.9, 114.2, 117.4, 117.1, 113.1], "std_returns_eval": [0.0, 0.0, 2.9681644159311658, 3.0397368307141326, 0.0, 2.662705391138869, 15.239422561238992, 9.042123644365853, 7.462573282722254, 10.818964830333815, 11.57972365818805, 10.044401425669925, 23.55525419094432, 23.55525419094432, 23.55525419094432, 23.55525419094432, 23.55525419094432, 23.55525419094432, 23.55525419094432, 23.55525419094432, 23.55525419094432, 23.55525419094432, 23.55525419094432, 23.55525419094432, 23.25510696599781, 14.89966442575134, 15.046926596484745, 24.401639289195305, 19.60229578391266, 21.331666601557412, 24.551985663078252, 13.931618714277246, 31.43071745919905, 25.310867231290203, 21.84055860091495, 22.20360331117452, 23.334309503390067, 15.933926069867402, 20.598300900802474, 20.26450098077917, 17.01910690958841, 25.69513572643663, 17.45279347267938, 18.7413980268282, 6.959885056522126, 19.7790292987295, 16.271447384913245, 19.576771950451892, 8.602906485601247, 17.89525076661403, 24.992798962901293, 12.713772060250255, 18.19038207405221, 22.538855339169288, 15.280379576437229, 22.90436639595167, 19.175244457372635, 26.593420238848555, 18.841709051994194, 18.580635080642427, 19.759554650851825, 23.157072353818823, 11.09459327780879, 20.252407264322926, 14.12267680009707, 17.522556891047607, 16.076069171286868, 15.516442891333051, 11.926860441876563, 12.652667702899654, 17.97804216259379, 12.531959144523254, 12.603570922560003, 11.463420083029323, 13.177253128023306, 17.640861656959956, 22.2270105952195, 22.298206205881225, 22.741152125607, 21.35439064923183, 7.696752561957543, 11.899579824514813, 16.7633528865797, 12.915494570476191, 21.556669501571896, 24.319539469323836, 12.570202862324855, 19.56527536223296, 16.535114151405185, 15.807909412695912, 15.089400253157846, 10.874281585465774, 14.12834031300209, 17.165080832900262, 9.364293886887575, 17.478272225823694, 18.556939402821794, 22.096153511414606, 13.996070877214077, 12.864291663360248], "timestamps_eval": [90.04393720626831, 177.82147479057312, 265.7837233543396, 353.7543625831604, 441.78863763809204, 530.6647801399231, 618.6737792491913, 707.4241757392883, 795.4340553283691, 883.5276370048523, 971.5963454246521, 1059.719021320343, 1147.9149560928345, 1235.9976410865784, 1324.101182460785, 1412.2235033512115, 1500.2949211597443, 1588.2963376045227, 1676.3189709186554, 1764.3587012290955, 1852.3880641460419, 1940.4600899219513, 2028.7998151779175, 2117.7112352848053, 2206.590948820114, 2295.3913316726685, 2384.3164830207825, 2473.2465858459473, 2562.13010430336, 2651.0762734413147, 2739.985549926758, 2829.237673521042, 2918.1661837100983, 3007.0357983112335, 3096.215178966522, 3185.3833560943604, 3274.5517597198486, 3363.7380170822144, 3452.748226881027, 3541.713029384613, 3630.7488560676575, 3719.7058119773865, 3808.6881353855133, 3897.611679792404, 3986.6066398620605, 4075.5497550964355, 4164.464026451111, 4253.238205909729, 4342.440543413162, 4431.4521152973175, 4520.243624925613, 4609.037669181824, 4697.85210108757, 4786.6665070056915, 4875.373337030411, 4964.441970586777, 5053.288605690002, 5142.137761354446, 5231.008574008942, 5319.69665646553, 5408.634295463562, 5497.463401794434, 5586.275788784027, 5675.156435012817, 5764.169451713562, 5852.875658273697, 5941.617926597595, 6030.36003279686, 6119.097053050995, 6207.854711294174, 6296.519607067108, 6385.192804336548, 6473.876866102219, 6562.483571052551, 6651.124623537064, 6739.891184806824, 6828.796723127365, 6917.581652641296, 7006.222262382507, 7094.872056484222, 7183.524049043655, 7272.284454584122, 7361.099705696106, 7449.885631561279, 7538.669498920441, 7627.352532148361, 7716.055020809174, 7805.648369312286, 7894.305426597595, 7983.1054656505585, 8071.844068527222, 8160.642076730728, 8249.459516763687, 8338.258608579636, 8426.946748971939, 8515.712238073349, 8604.33568572998, 8693.238099813461, 8781.930163860321, 8870.75512266159], "timesteps_eval": [8804, 17635, 26466, 35297, 44128, 52959, 61790, 70621, 79452, 88283, 97114, 105945, 114776, 123607, 132438, 141269, 150100, 158931, 167762, 176593, 185424, 194255, 203086, 211917, 220748, 229579, 238410, 247241, 256072, 264903, 273734, 282565, 291396, 300227, 309058, 317889, 326720, 335551, 344382, 353213, 362044, 370875, 379706, 388537, 397368, 406199, 415030, 423861, 432692, 441523, 450354, 459185, 468016, 476847, 485678, 494509, 503340, 512171, 521002, 529833, 538664, 547495, 556326, 565157, 573988, 582819, 591650, 600481, 609312, 618143, 626974, 635805, 644636, 653467, 662298, 671129, 679960, 688791, 697622, 706453, 715284, 724115, 732946, 741777, 750608, 759439, 768270, 777101, 785932, 794763, 803594, 812425, 821256, 830087, 838918, 847749, 856580, 865411, 874242, 883073],