{"gamma": 1.0, "learning_rate": -2, "clip": 0.3, "returns_eval": [0.0, 0.0, 0.0, 0.0, 0.0, 0.0, 0.0, 22.8, 0.0, 0.0, 0.0, 22.8, 22.8, 22.8, 22.8, 22.8, 22.8, 22.8, 22.8, 22.8, 22.8, 22.8, 22.8, 22.8, 22.8, 22.8, 22.8, 22.8, 22.8, 22.8, 22.8, 22.8, 22.8, 22.8, 22.8, 22.8, 22.8, 22.8, 22.8, 22.8, 22.8, 22.8, 22.8, 22.8, 22.8, 22.8, 22.8, 22.8, 22.8, 22.8, 22.8, 22.8, 22.8, 22.8, 22.8, 22.8, 22.8, 22.8, 22.8, 22.8, 22.8, 22.8, 22.8, 22.8, 22.8, 22.8, 22.8, 22.8, 22.8, 22.8, 22.8, 22.8, 22.8, 22.8, 22.8, 22.8, 22.8, 22.8, 22.8, 22.8, 22.8, 22.8, 22.8, 22.8, 22.8, 22.8, 22.8, 22.8, 22.8, 22.8, 22.8, 22.8, 22.8, 22.8, 22.8, 22.8, 22.8, 22.8, 22.8, 22.8], "std_returns_eval": [0.0, 0.0, 0.0, 0.0, 0.0, 0.0, 0.0, 10.283968105745954, 0.0, 0.0, 0.0, 10.283968105745954, 10.283968105745954, 10.283968105745954, 10.283968105745954, 10.283968105745954, 10.283968105745954, 10.283968105745954, 10.283968105745954, 10.283968105745954, 10.283968105745954, 10.283968105745954, 10.283968105745954, 10.283968105745954, 10.283968105745954, 10.283968105745954, 10.283968105745954, 10.283968105745954, 10.283968105745954, 10.283968105745954, 10.283968105745954, 10.283968105745954, 10.283968105745954, 10.283968105745954, 10.283968105745954, 10.283968105745954, 10.283968105745954, 10.283968105745954, 10.283968105745954, 10.283968105745954, 10.283968105745954, 10.283968105745954, 10.283968105745954, 10.283968105745954, 10.283968105745954, 10.283968105745954, 10.283968105745954, 10.283968105745954, 10.283968105745954, 10.283968105745954, 10.283968105745954, 10.283968105745954, 10.283968105745954, 10.283968105745954, 10.283968105745954, 10.283968105745954, 10.283968105745954, 10.283968105745954, 10.283968105745954, 10.283968105745954, 10.283968105745954, 10.283968105745954, 10.283968105745954, 10.283968105745954, 10.283968105745954, 10.283968105745954, 10.283968105745954, 10.283968105745954, 10.283968105745954, 10.283968105745954, 10.283968105745954, 10.283968105745954, 10.283968105745954, 10.283968105745954, 10.283968105745954, 10.283968105745954, 10.283968105745954, 10.283968105745954, 10.283968105745954, 10.283968105745954, 10.283968105745954, 10.283968105745954, 10.283968105745954, 10.283968105745954, 10.283968105745954, 10.283968105745954, 10.283968105745954, 10.283968105745954, 10.283968105745954, 10.283968105745954, 10.283968105745954, 10.283968105745954, 10.283968105745954, 10.283968105745954, 10.283968105745954, 10.283968105745954, 10.283968105745954, 10.283968105745954, 10.283968105745954, 10.283968105745954], "timestamps_eval": [87.65834712982178, 172.65930128097534, 257.4070122241974, 342.14701223373413, 427.0468158721924, 511.9299850463867, 596.9353795051575, 681.9581892490387, 766.9147601127625, 851.8680562973022, 937.5025522708893, 1022.49560713768, 1107.4924149513245, 1192.4401760101318, 1277.3700513839722, 1362.4413027763367, 1447.3786280155182, 1532.6010437011719, 1617.6986660957336, 1702.770562171936, 1787.715129852295, 1872.6612856388092, 1958.2209584712982, 2043.3501026630402, 2128.4501917362213, 2213.5660519599915, 2298.7779343128204, 2383.8831071853638, 2468.891023159027, 2554.110609292984, 2639.23863196373, 2724.3405904769897, 2809.5612189769745, 2894.7062060832977, 2979.7436327934265, 3064.752643585205, 3149.743952035904, 3235.0048818588257, 3320.036640405655, 3405.1435992717743, 3490.193538427353, 3575.2854964733124, 3660.2223386764526, 3745.266616344452, 3830.255083322525, 3915.166817188263, 4000.231859445572, 4085.3205902576447, 4170.411117076874, 4255.497012376785, 4340.485180616379, 4425.649046182632, 4510.678016662598, 4595.7353665828705, 4680.843532085419, 4765.97221827507, 4851.192739725113, 4936.278297662735, 5021.398939371109, 5106.401563167572, 5191.521075963974, 5276.662708282471, 5361.683232784271, 5446.928115367889, 5532.27805685997, 5617.417774200439, 5702.475616455078, 5787.913591861725, 5873.145570516586, 5958.192297697067, 6043.228708982468, 6128.461218595505, 6213.589621543884, 6298.856691122055, 6383.888351917267, 6468.962197780609, 6554.052129745483, 6639.46665596962, 6724.6678783893585, 6809.751547336578, 6894.894309997559, 6979.986182928085, 7065.227001667023, 7150.503580093384, 7235.651378393173, 7320.980021715164, 7405.997616052628, 7491.347526788712, 7576.500412225723, 7661.589882850647, 7746.580404520035, 7831.608882665634, 7916.858740329742, 8001.951769828796, 8087.8528881073, 8173.000221967697, 8257.990492343903, 8342.986737012863, 8428.134271383286, 8513.312064647675], "timesteps_eval": [8800, 17634, 26468, 35302, 44136, 52970, 61804, 70638, 79472, 88306, 97140, 105974, 114808, 123642, 132476, 141310, 150144, 158978, 167812, 176646, 185480, 194314, 203148, 211982, 220816, 229650, 238484, 247318, 256152, 264986, 273820, 282654, 291488, 300322, 309156, 317990, 326824, 335658, 344492, 353326, 362160, 370994, 379828, 388662, 397496, 406330, 415164, 423998, 432832, 441666, 450500, 459334, 468168, 477002, 485836, 494670, 503504, 512338, 521172, 530006, 538840, 547674, 556508, 565342, 574176, 583010, 591844, 600678, 609512, 618346, 627180, 636014, 644848, 653682, 662516, 671350, 680184, 689018, 697852, 706686, 715520, 724354, 733188, 742022, 750856, 759690, 768524, 777358, 786192, 795026, 803860, 812694, 821528, 830362, 839196, 848030, 856864, 865698, 874532, 883366],