{"gamma": [0.99, 0.99, 0.99], "learning_rate": [-3, -4, -5], "returns_eval": [0.1, 0.4, 0.1, 0.0, 0.0, 0.0, 0.3, 0.1, 0.1, 0.2, 0.8, 0.2, 1.3, 0.6, 1.2, 3.3, 0.1, 0.5, 1.4, 1.0, 2.7, 2.9, 2.3, 2.4, 2.0, 2.6, 2.0, 2.8, 6.8, 4.4, 4.8, 4.8, 2.8, 5.4, 5.6, 10.0, 11.0, 11.2, 10.8, 13.6, 15.8, 17.3, 22.8, 26.6, 23.3, 22.7, 18.2, 16.6, 23.4, 27.8, 23.9, 21.3, 24.1, 29.9, 26.1, 24.4, 25.1, 23.2, 28.5, 22.1, 23.1, 24.4, 28.1, 30.5, 27.7, 34.3, 30.7, 30.5, 35.3, 34.5, 30.5, 34.1, 27.5, 39.6, 34.3, 35.1, 40.5, 43.4, 35.8, 38.7, 36.0, 41.2, 43.0, 41.3, 41.5, 47.0, 39.9, 46.2, 48.9, 46.4, 47.2, 43.6, 44.8, 44.2, 47.0, 51.7, 52.9, 46.7, 35.8, 37.7], "std_returns_eval": [0.30000000000000004, 1.2000000000000002, 0.30000000000000004, 0.0, 0.0, 0.0, 0.9000000000000001, 0.30000000000000004, 0.30000000000000004, 0.4000000000000001, 1.077032961426901, 0.4000000000000001, 3.257299494980466, 1.0198039027185568, 1.5999999999999999, 6.649060083951715, 0.30000000000000004, 0.806225774829855, 1.9595917942265424, 1.5491933384829668, 2.9342801502242417, 2.9137604568666933, 2.193171219946131, 2.244994432064365, 1.5491933384829668, 2.154065922853802, 2.0, 2.08806130178211, 4.578209256903839, 4.24735211631906, 3.1240998703626617, 2.821347195933177, 2.821347195933177, 4.586937976471886, 3.352610922848042, 8.148619514985345, 4.427188724235731, 7.4404300950953095, 5.546169849544819, 5.782732917920384, 7.507329751649384, 9.077995373429092, 10.097524449091472, 12.167168939404105, 5.710516614107694, 6.148983655857283, 8.908422980528034, 10.883014288330234, 4.882622246293481, 8.85211839053229, 6.609841147864296, 5.532630477449222, 7.529276193632425, 9.093404203047394, 5.80430874437258, 10.846197490365, 7.105631569396206, 4.1424630354415966, 8.558621384311845, 5.281098370604357, 7.582216034906945, 6.829348431585549, 5.107837115648854, 9.167878707749137, 7.975587752636166, 8.922443611477744, 12.474373731775074, 7.57957782465488, 10.129659421717987, 12.515989773086266, 8.188406438373708, 7.327346040688948, 7.85175139698144, 10.121264743103996, 10.1, 7.905061669588669, 18.688231591030757, 13.52922762023021, 9.042123644365853, 10.412012293500233, 8.602325267042627, 7.691553809211764, 7.771743691090179, 16.649624620393098, 13.032651303552933, 6.418722614352485, 13.545848072379965, 13.174217244299564, 19.356910910576616, 9.32952303175248, 6.144916598294887, 15.007997867803686, 22.56900529487288, 8.364209466530593, 15.956190021430555, 16.08135566424672, 11.810588469674151, 9.869650449737316, 8.634813257969162, 12.066896867049127], "timestamps_eval": [89.35627555847168, 176.7257435321808, 264.1335482597351, 352.0266823768616, 439.5081150531769, 527.0819602012634, 614.7096245288849, 702.8435435295105, 790.6742298603058, 878.5359637737274, 966.4620182514191, 1054.6284511089325, 1142.5409495830536, 1230.2009308338165, 1317.9348330497742, 1405.8293991088867, 1493.8393108844757, 1581.9476425647736, 1670.1164920330048, 1758.2767326831818, 1846.554578781128, 1934.7400929927826, 2023.8161616325378, 2111.964492559433, 2200.2099788188934, 2288.355128765106, 2376.8584740161896, 2465.2110986709595, 2553.5154287815094, 2641.976346731186, 2730.040548324585, 2818.384145259857, 2906.684523820877, 2995.1194343566895, 3083.3147518634796, 3171.5995075702667, 3259.6733813285828, 3347.837872028351, 3436.011831998825, 3524.2487218379974, 3612.4903090000153, 3700.6873722076416, 3789.090785741806, 3877.1117827892303, 3965.18221116066, 4053.054224252701, 4141.059365272522, 4229.09778881073, 4316.930795431137, 4404.915328025818, 4492.916208744049, 4580.757843494415, 4668.629243850708, 4756.560304880142, 4844.46475148201, 4932.439279794693, 5020.41273856163, 5108.52508020401, 5196.537350177765, 5284.637422084808, 5372.7790150642395, 5460.962567329407, 5549.10310792923, 5637.3075070381165, 5725.388988733292, 5813.484695196152, 5901.303955078125, 5989.3572034835815, 6077.473611354828, 6165.438521385193, 6253.216485977173, 6341.102268218994, 6429.10231256485, 6517.040098905563, 6604.84591794014, 6692.976974248886, 6780.988993644714, 6868.758138895035, 6956.560658454895, 7044.497531414032, 7132.567773103714, 7220.453471183777, 7308.337427854538, 7396.343009471893, 7484.418551445007, 7572.48717546463, 7660.379765033722, 7748.528945922852, 7836.603529453278, 7925.872749090195, 8014.162668704987, 8102.216004371643, 8190.279984951019, 8278.412039279938, 8366.370081186295, 8454.579995155334, 8542.415385484695, 8630.505610227585, 8718.528327941895, 8806.473435878754], "timesteps_eval": [8808, 17642, 26476, 35310, 44144, 52978, 61812, 70646, 79480, 88314, 97148, 105982, 114816, 123650, 132484, 141318, 150152, 158986, 167820, 176654, 185488, 194322, 203156, 211990, 220824, 229658, 238492, 247326, 256160, 264994, 273828, 282662, 291496, 300330, 309164, 317998, 326832, 335666, 344500, 353334, 362168, 371002, 379836, 388670, 397504, 406338, 415172, 424006, 432840, 441674, 450508, 459342, 468176, 477010, 485844, 494678, 503512, 512346, 521180, 530014, 538848, 547682, 556516, 565350, 574184, 583018, 591852, 600686, 609520, 618354, 627188, 636022, 644856, 653690, 662524, 671358, 680192, 689026, 697860, 706694, 715528, 724362, 733196, 742030, 750864, 759698, 768532, 777366, 786200, 795034, 803868, 812702, 821536, 830370, 839204, 848038, 856872, 865706, 874540, 883374],