{"gamma": [0.95, 0.99, 0.99], "learning_rate": [-3, -3, -3], "returns_eval": [0.5, 0.3, 0.1, 0.7, 1.1, 0.2, 1.0, 2.0, 2.4, 6.4, 8.9, 16.2, 27.9, 29.0, 25.9, 25.3, 23.4, 39.1, 42.5, 41.8, 29.6, 36.4, 36.4, 46.6, 26.8, 42.2, 46.0, 45.1, 40.8, 37.2, 44.6, 27.3, 33.8, 22.6, 18.8, 12.5, 11.0, 11.7, 10.4, 6.3, 4.5, 3.1, 2.1, 2.0, 2.3, 3.4, 3.4, 2.7, 2.9, 2.8, 2.3, 3.5, 3.5, 4.9, 3.9, 7.9, 4.2, 5.2, 1.6, 1.5, 1.2, 2.1, 1.1, 1.5, 0.9, 1.9, 1.7, 1.1, 1.3, 2.5, 1.5, 1.1, 2.5, 2.3, 3.8, 1.6, 3.1, 2.7, 1.3, 1.8, 2.6, 3.7, 2.4, 4.2, 3.8, 3.7, 4.1, 3.1, 3.4, 8.0, 5.7, 6.1, 6.9, 6.8, 4.8, 5.0, 7.4, 7.6, 9.1, 10.0], "std_returns_eval": [1.02469507659596, 0.9000000000000001, 0.30000000000000004, 1.268857754044952, 1.9209372712298547, 0.4000000000000001, 2.6832815729997477, 2.1908902300206643, 3.006659275674582, 8.627861844049198, 6.876772498781678, 15.230233090796741, 16.00281225285106, 15.504837954651444, 14.962954253756175, 12.345444503945574, 10.190191362285598, 9.7, 19.298963702748395, 12.073110618229256, 15.951175505272332, 14.150618361046984, 12.595237195067032, 11.368377192897851, 13.422369388450015, 10.057832768544126, 15.80506248010428, 21.201179212487215, 21.27815781499893, 8.423775875461075, 15.666524822052914, 10.178899744078434, 10.524257693538296, 5.219195340279955, 5.963220606350229, 6.296824596572466, 5.830951894845301, 7.184010022264724, 4.054626986542659, 4.313930922024598, 3.6124783736376886, 2.947880594596735, 1.2206555615733703, 1.7888543819998317, 2.3259406699226015, 2.0591260281974, 1.8, 1.7916472867168918, 1.8138357147217055, 1.9390719429665317, 1.5524174696260025, 1.9621416870348585, 2.29128784747792, 4.52658811910251, 3.4481879299133333, 2.9137604568666933, 3.4, 4.512205669071391, 1.6852299546352716, 0.806225774829855, 1.0770329614269007, 3.505709628591621, 0.9433981132056604, 1.02469507659596, 0.5385164807134505, 0.8306623862918076, 1.345362404707371, 0.9433981132056604, 1.1, 1.746424919657298, 1.6278820596099706, 0.8306623862918074, 2.0124611797498106, 1.4177446878757827, 1.16619037896906, 1.3564659966250538, 2.0712315177207983, 1.6155494421403513, 1.4866068747318506, 1.2489995996796797, 2.009975124224178, 2.1, 1.7435595774162693, 1.077032961426901, 1.7204650534085253, 2.3259406699226015, 1.5132745950421556, 3.3301651610693423, 2.6907248094147422, 5.656854249492381, 3.8223029707232783, 3.9357337308308855, 3.7269290307168443, 4.556314299957807, 4.019950248448356, 4.0, 4.004996878900157, 3.7735924528226414, 3.4481879299133333, 4.774934554525329], "timestamps_eval": [89.13893675804138, 176.2155408859253, 263.3340425491333, 350.4429018497467, 437.5089077949524, 524.6975753307343, 612.3057157993317, 699.811098575592, 787.5140433311462, 877.3173387050629, 965.1252076625824, 1052.9904177188873, 1142.503692150116, 1230.507254600525, 1318.224372625351, 1406.0284152030945, 1493.8425660133362, 1581.5681262016296, 1669.2787790298462, 1756.930866241455, 1844.57972240448, 1933.9525592327118, 2021.5734736919403, 2109.3342232704163, 2197.0326046943665, 2284.9438138008118, 2372.5960054397583, 2460.282263994217, 2548.0632791519165, 2635.8069891929626, 2723.488365650177, 2811.1428360939026, 2898.7484736442566, 2986.3425855636597, 3074.192791700363, 3161.888602733612, 3249.405928850174, 3337.0110347270966, 3424.506786584854, 3512.15562415123, 3599.639169216156, 3687.2916581630707, 3774.8277406692505, 3862.4733273983, 3950.0088856220245, 4037.5878863334656, 4125.157122373581, 4212.79726600647, 4300.414453983307, 4388.041349887848, 4475.631373882294, 4563.216433048248, 4650.647414684296, 4738.22737288475, 4825.8882937431335, 4913.447056055069, 5000.972212314606, 5088.600836992264, 5176.217477083206, 5263.922094345093, 5351.524792909622, 5439.12432718277, 5526.735793352127, 5614.367304325104, 5702.010122299194, 5789.624498128891, 5877.262382030487, 5964.8724365234375, 6052.544414520264, 6140.114999294281, 6227.742471218109, 6315.3734612464905, 6403.0350251197815, 6490.603743314743, 6578.365258693695, 6665.950481891632, 6753.560584306717, 6841.224717140198, 6928.977933883667, 7016.620174407959, 7104.28991985321, 7191.935710668564, 7279.603150367737, 7367.214421272278, 7454.86526799202, 7542.537889957428, 7630.259279966354, 7717.8519332408905, 7805.475686073303, 7893.244406700134, 7980.9920909404755, 8068.791345119476, 8156.501862049103, 8244.149830579758, 8331.900115013123, 8419.61754322052, 8507.403753042221, 8595.287648439407, 8683.08066034317, 8770.793499469757], "timesteps_eval": [8804, 17635, 26466, 35297, 44128, 52959, 61790, 70621, 79452, 88283, 97114, 105945, 114776, 123607, 132438, 141269, 150100, 158931, 167762, 176593, 185424, 194255, 203086, 211917, 220748, 229579, 238410, 247241, 256072, 264903, 273734, 282565, 291396, 300227, 309058, 317889, 326720, 335551, 344382, 353213, 362044, 370875, 379706, 388537, 397368, 406199, 415030, 423861, 432692, 441523, 450354, 459185, 468016, 476847, 485678, 494509, 503340, 512171, 521002, 529833, 538664, 547495, 556326, 565157, 573988, 582819, 591650, 600481, 609312, 618143, 626974, 635805, 644636, 653467, 662298, 671129, 679960, 688791, 697622, 706453, 715284, 724115, 732946, 741777, 750608, 759439, 768270, 777101, 785932, 794763, 803594, 812425, 821256, 830087, 838918, 847749, 856580, 865411, 874242, 883073],