{"gamma": [0.99, 0.95, 0.98], "learning_rate": [-3, -4, -4], "returns_eval": [0.0, 0.5, 0.0, 0.0, 0.3, 1.4, 0.7, 3.3, 1.9, 2.5, 4.3, 8.4, 3.0, 11.0, 4.2, 9.0, 15.1, 14.7, 14.4, 11.0, 11.2, 21.7, 19.1, 17.1, 22.5, 15.7, 18.9, 14.3, 15.7, 8.7, 5.9, 10.6, 12.1, 12.8, 15.6, 17.5, 21.4, 23.0, 24.8, 28.2, 31.7, 34.2, 29.1, 33.5, 45.0, 41.9, 52.2, 44.9, 48.7, 52.3, 48.7, 50.5, 60.8, 56.6, 58.9, 65.8, 64.8, 68.9, 81.6, 79.3, 73.3, 67.9, 76.2, 83.8, 89.0, 84.6, 84.1, 87.5, 81.6, 80.5, 69.8, 89.6, 79.5, 84.5, 75.9, 79.0, 90.4, 84.0, 91.8, 85.7, 79.5, 85.8, 88.7, 85.7, 87.6, 73.5, 75.7, 93.4, 99.8, 86.3, 87.2, 96.7, 80.0, 92.1, 93.1, 87.8, 82.0, 87.5, 86.2, 86.4], "std_returns_eval": [0.0, 1.5, 0.0, 0.0, 0.6403124237432849, 1.4966629547095767, 0.9, 3.7696153649941526, 2.6248809496813377, 2.7658633371878665, 4.196427051671457, 7.578918128598567, 1.9493588689617927, 9.327379053088816, 3.8418745424597094, 10.119288512538814, 6.977822009767805, 7.975587752636165, 10.258654882585729, 6.782329983125268, 8.328265125462805, 10.050373127401787, 12.128066622508303, 7.034912934784622, 8.488227141164401, 7.389857914736926, 4.1340053217188775, 6.634003316248793, 8.112336284942828, 5.710516614107694, 6.456779382943171, 6.711184694225007, 4.4821869662029945, 4.069397989875161, 8.499411744350311, 7.749193506423749, 6.814690014960328, 4.8373546489791295, 11.034491379306978, 11.00727032465361, 10.991360243391169, 10.952625256074453, 11.545128842936315, 8.92468486838611, 15.290519938837921, 22.015676233084463, 17.747112441183216, 12.778497564267875, 16.953170794869024, 14.771932845772078, 10.714942836991712, 13.987494414654828, 14.372195378577345, 14.547852075134665, 10.42544963059148, 23.4170877779454, 17.514565367145142, 19.033917095542893, 16.900887550658396, 16.124825580452022, 16.36490146624782, 19.902009948746382, 27.42188906694796, 15.503547981026793, 19.519221295943137, 21.509067855209345, 13.186735759845952, 20.35313243704762, 18.602150413325877, 20.20519735117675, 16.442627527253666, 9.308061022576076, 19.11151485361639, 15.901257811883939, 18.4794480437052, 14.177446878757825, 12.90116273829611, 12.545915670049755, 15.484185480676729, 14.601712228365548, 20.87223035518725, 19.797979694908268, 15.582361823549087, 15.614416415607725, 12.705904139414873, 21.17191535974013, 24.637572932413615, 14.772948250095508, 18.203296404772406, 15.15288751360611, 14.647866738880444, 9.675226095549396, 23.435016535091243, 8.227393268830658, 12.226610323388899, 14.483093592185337, 21.83575050232989, 11.227199116431489, 12.44025723206719, 17.53396703544295], "timestamps_eval": [87.90066695213318, 173.58899688720703, 258.7295699119568, 344.1050429344177, 429.3023290634155, 514.6085271835327, 599.8332350254059, 685.2758376598358, 770.6251027584076, 856.3293614387512, 941.7388474941254, 1027.4530153274536, 1112.9211933612823, 1198.493534564972, 1284.071115732193, 1369.7987260818481, 1455.5859146118164, 1541.40900015831, 1626.93270277977, 1712.556898355484, 1798.1214644908905, 1883.749739408493, 1969.2039787769318, 2055.009991645813, 2140.647924184799, 2226.1684045791626, 2311.684546470642, 2397.2921829223633, 2482.7910335063934, 2568.5731637477875, 2654.053456068039, 2739.726600408554, 2825.34406208992, 2911.1375613212585, 2996.8031842708588, 3082.6662425994873, 3168.2853615283966, 3254.058431863785, 3339.4883308410645, 3425.1530315876007, 3510.618171930313, 3596.286196231842, 3681.834156036377, 3767.5020093917847, 3853.043026447296, 3938.7544882297516, 4024.286707878113, 4109.854779481888, 4195.4221971035, 4280.969053506851, 4366.749271392822, 4452.8683388233185, 4538.843236446381, 4624.891346693039, 4710.7451684474945, 4796.549282073975, 4882.128878593445, 4968.017582654953, 5053.613134860992, 5139.390957832336, 5224.929312705994, 5310.4840931892395, 5396.839916706085, 5482.3999762535095, 5567.997630119324, 5653.630797624588, 5739.2409772872925, 5824.903436660767, 5911.245874404907, 5996.786766052246, 6083.098609447479, 6168.776977062225, 6254.577946662903, 6340.204647064209, 6425.993056774139, 6511.768996715546, 6597.510498285294, 6683.167495250702, 6768.970048904419, 6854.537499427795, 6940.354542970657, 7025.982036828995, 7111.768128395081, 7197.323568582535, 7283.137796163559, 7368.860640764236, 7454.591116666794, 7540.55922293663, 7626.423855066299, 7712.244818210602, 7797.790240287781, 7883.4462921619415, 7969.084716081619, 8054.64605140686, 8140.343891143799, 8226.069771528244, 8311.902339458466, 8397.568085670471, 8483.430356025696, 8569.24547624588], "timesteps_eval": [8805, 17638, 26471, 35304, 44137, 52970, 61803, 70636, 79469, 88302, 97135, 105968, 114801, 123634, 132467, 141300, 150133, 158966, 167799, 176632, 185465, 194298, 203131, 211964, 220797, 229630, 238463, 247296, 256129, 264962, 273795, 282628, 291461, 300294, 309127, 317960, 326793, 335626, 344459, 353292, 362125, 370958, 379791, 388624, 397457, 406290, 415123, 423956, 432789, 441622, 450455, 459288, 468121, 476954, 485787, 494620, 503453, 512286, 521119, 529952, 538785, 547618, 556451, 565284, 574117, 582950, 591783, 600616, 609449, 618282, 627115, 635948, 644781, 653614, 662447, 671280, 680113, 688946, 697779, 706612, 715445, 724278, 733111, 741944, 750777, 759610, 768443, 777276, 786109, 794942, 803775, 812608, 821441, 830274, 839107, 847940, 856773, 865606, 874439, 883272],