{"gamma": [0.98, 0.99, 0.99], "learning_rate": [-3, -5, -5], "returns_eval": [0.0, 0.0, 0.0, 0.2, 0.4, 0.7, 3.9, 7.7, 9.7, 7.4, 6.7, 8.1, 9.6, 9.9, 12.7, 11.5, 21.6, 14.5, 14.6, 13.4, 9.2, 12.4, 10.2, 8.3, 11.3, 7.0, 16.5, 14.9, 16.6, 20.5, 14.7, 13.4, 15.6, 24.3, 27.2, 32.0, 30.0, 31.2, 25.5, 27.3, 33.3, 35.6, 33.6, 30.6, 45.0, 38.9, 36.8, 36.6, 37.9, 51.3, 45.1, 37.7, 36.4, 57.8, 56.4, 54.4, 44.8, 57.1, 53.9, 61.8, 51.1, 51.6, 51.3, 62.4, 65.5, 67.1, 61.4, 67.2, 59.1, 63.2, 75.3, 70.7, 60.3, 67.9, 58.6, 60.7, 67.2, 75.7, 78.4, 73.0, 68.0, 77.7, 73.6, 82.8, 69.5, 76.5, 73.6, 74.0, 75.0, 74.3, 74.7, 78.5, 68.7, 71.8, 70.4, 84.9, 84.0, 97.3, 84.8, 84.2], "std_returns_eval": [0.0, 0.0, 0.0, 0.4000000000000001, 0.9165151389911681, 1.552417469626002, 5.61159513863928, 6.797793759742936, 8.1, 4.5431266766402185, 4.001249804748512, 9.093404203047392, 4.862098312457287, 6.549045732013177, 7.975587752636166, 6.232976816898969, 9.254188241007421, 9.372833082905082, 9.58331884056875, 6.053098380168622, 5.173006862551025, 6.770524351924303, 6.539113089708726, 4.290687590584986, 6.000833275471, 4.449719092257398, 9.297849213662266, 11.605602095539895, 10.864621484432856, 10.052362906302179, 11.081967334368027, 11.191067866830226, 7.96492310069595, 9.716480844420989, 10.721940122944167, 11.840608092492547, 12.083045973594572, 13.422369388450015, 11.84271928232701, 16.093787621315247, 10.863240768757727, 13.676256797823008, 9.666436778875658, 9.28654941299512, 7.886697661252142, 13.96030085635693, 10.196077677224707, 15.730225681788548, 10.624970588194586, 9.055937278934744, 14.01035331460274, 17.16420694352058, 12.043255373859678, 12.734205903785284, 18.76805797092496, 20.78076033257686, 9.91766101457395, 15.565667348366404, 13.041855696180662, 22.36872817126624, 17.991386828146403, 16.817847662528045, 18.910579049833455, 16.08850521335031, 12.862736878285274, 22.79232326903074, 13.093509842666327, 16.53360214835231, 19.060167890131503, 20.86048896838231, 17.412926233117737, 16.328196471135445, 18.232114523554312, 19.34657592443686, 15.856859714331838, 20.16953147695801, 22.577865266672134, 19.25642749837051, 19.840362899906847, 18.005554698481244, 16.09347693943108, 20.40122545338882, 17.861690849412884, 15.54863338046145, 14.340502083260544, 19.13765920900464, 16.54206758540177, 15.773395322504284, 20.837466256721328, 18.71924143762241, 17.099999999999998, 19.402319448973106, 17.832834883999794, 20.735476845252435, 19.54072670091878, 12.13630915888352, 15.993748778819805, 15.466415227841258, 11.294246322796399, 9.303762679690406], "timestamps_eval": [87.78229808807373, 173.16709852218628, 258.4621708393097, 343.7518103122711, 429.18851828575134, 514.6812107563019, 600.2941615581512, 685.7663807868958, 771.5405938625336, 857.276624917984, 943.0271124839783, 1028.8599758148193, 1114.5220081806183, 1199.998183965683, 1285.7018494606018, 1371.3910374641418, 1457.0995907783508, 1542.8223836421967, 1628.779969215393, 1714.6050655841827, 1800.3029806613922, 1886.225837469101, 1971.9742658138275, 2057.595069169998, 2143.356595993042, 2228.937486410141, 2314.520745754242, 2400.41943025589, 2486.0775816440582, 2571.6308403015137, 2657.2681164741516, 2743.606399536133, 2829.932366132736, 2916.2492179870605, 3001.926382780075, 3087.695897102356, 3173.4697065353394, 3259.0042090415955, 3344.6730558872223, 3430.3574690818787, 3515.897423028946, 3601.563056230545, 3687.287329673767, 3772.975788831711, 3858.8009974956512, 3944.499322414398, 4030.2265770435333, 4115.926824331284, 4201.546041965485, 4287.506424188614, 4373.241411209106, 4458.904899358749, 4544.689863681793, 4630.434554338455, 4716.146513700485, 4801.8046288490295, 4887.530726671219, 4973.1662521362305, 5058.888831138611, 5144.488422870636, 5230.116716384888, 5316.118455886841, 5401.745459794998, 5487.462765932083, 5573.3587346076965, 5659.065512180328, 5745.044641494751, 5831.105088233948, 5916.947525501251, 6002.749163866043, 6088.768958091736, 6174.531279087067, 6260.374591112137, 6346.168347597122, 6432.1084196567535, 6518.097900390625, 6603.902994155884, 6689.617339134216, 6775.627624511719, 6861.520135164261, 6947.33286356926, 7033.086376428604, 7118.935674905777, 7204.793740034103, 7290.632223844528, 7376.623580217361, 7462.473728895187, 7548.325465917587, 7634.14061999321, 7720.048313617706, 7805.869904518127, 7891.67120218277, 7977.409115076065, 8063.353193759918, 8149.23571896553, 8235.024609088898, 8320.823095798492, 8406.726195573807, 8492.602981328964, 8578.44267630577], "timesteps_eval": [8805, 17638, 26471, 35304, 44137, 52970, 61803, 70636, 79469, 88302, 97135, 105968, 114801, 123634, 132467, 141300, 150133, 158966, 167799, 176632, 185465, 194298, 203131, 211964, 220797, 229630, 238463, 247296, 256129, 264962, 273795, 282628, 291461, 300294, 309127, 317960, 326793, 335626, 344459, 353292, 362125, 370958, 379791, 388624, 397457, 406290, 415123, 423956, 432789, 441622, 450455, 459288, 468121, 476954, 485787, 494620, 503453, 512286, 521119, 529952, 538785, 547618, 556451, 565284, 574117, 582950, 591783, 600616, 609449, 618282, 627115, 635948, 644781, 653614, 662447, 671280, 680113, 688946, 697779, 706612, 715445, 724278, 733111, 741944, 750777, 759610, 768443, 777276, 786109, 794942, 803775, 812608, 821441, 830274, 839107, 847940, 856773, 865606, 874439, 883272],