{"gamma": 0.99, "learning_rate": -2, "clip": 0.2, "returns_eval": [0.0, 0.0, 0.0, 0.0, 0.0, 0.0, 0.0, 0.0, 0.0, 30.5, 30.5, 30.5, 30.5, 30.5, 30.5, 30.5, 30.5, 30.5, 30.5, 30.5, 30.5, 30.5, 30.5, 30.5, 30.5, 30.5, 30.5, 30.5, 30.5, 30.5, 30.5, 30.5, 30.5, 30.5, 30.5, 30.5, 30.5, 30.5, 30.5, 30.5, 30.5, 30.5, 30.5, 30.5, 30.5, 30.5, 30.5, 30.5, 30.5, 30.5, 30.5, 30.5, 30.5, 30.5, 30.5, 30.5, 30.5, 30.5, 30.5, 30.5, 30.5, 30.5, 30.5, 30.5, 30.5, 30.5, 30.5, 30.5, 30.5, 30.5, 30.5, 30.5, 30.5, 30.5, 30.5, 30.5, 30.5, 30.5, 30.5, 30.5, 30.5, 30.5, 30.5, 30.5, 30.5, 30.5, 30.5, 30.5, 30.5, 30.5, 30.5, 30.5, 30.5, 30.5, 30.5, 30.5, 30.5, 30.5, 30.5, 30.5], "std_returns_eval": [0.0, 0.0, 0.0, 0.0, 0.0, 0.0, 0.0, 0.0, 0.0, 23.55525419094432, 23.55525419094432, 23.55525419094432, 23.55525419094432, 23.55525419094432, 23.55525419094432, 23.55525419094432, 23.55525419094432, 23.55525419094432, 23.55525419094432, 23.55525419094432, 23.55525419094432, 23.55525419094432, 23.55525419094432, 23.55525419094432, 23.55525419094432, 23.55525419094432, 23.55525419094432, 23.55525419094432, 23.55525419094432, 23.55525419094432, 23.55525419094432, 23.55525419094432, 23.55525419094432, 23.55525419094432, 23.55525419094432, 23.55525419094432, 23.55525419094432, 23.55525419094432, 23.55525419094432, 23.55525419094432, 23.55525419094432, 23.55525419094432, 23.55525419094432, 23.55525419094432, 23.55525419094432, 23.55525419094432, 23.55525419094432, 23.55525419094432, 23.55525419094432, 23.55525419094432, 23.55525419094432, 23.55525419094432, 23.55525419094432, 23.55525419094432, 23.55525419094432, 23.55525419094432, 23.55525419094432, 23.55525419094432, 23.55525419094432, 23.55525419094432, 23.55525419094432, 23.55525419094432, 23.55525419094432, 23.55525419094432, 23.55525419094432, 23.55525419094432, 23.55525419094432, 23.55525419094432, 23.55525419094432, 23.55525419094432, 23.55525419094432, 23.55525419094432, 23.55525419094432, 23.55525419094432, 23.55525419094432, 23.55525419094432, 23.55525419094432, 23.55525419094432, 23.55525419094432, 23.55525419094432, 23.55525419094432, 23.55525419094432, 23.55525419094432, 23.55525419094432, 23.55525419094432, 23.55525419094432, 23.55525419094432, 23.55525419094432, 23.55525419094432, 23.55525419094432, 23.55525419094432, 23.55525419094432, 23.55525419094432, 23.55525419094432, 23.55525419094432, 23.55525419094432, 23.55525419094432, 23.55525419094432, 23.55525419094432, 23.55525419094432], "timestamps_eval": [87.72576689720154, 173.08562064170837, 258.37334966659546, 343.8566417694092, 429.15778064727783, 514.3762001991272, 599.7928457260132, 685.2944934368134, 771.0358414649963, 856.5104312896729, 941.9954617023468, 1027.5714168548584, 1113.0857586860657, 1198.6969561576843, 1284.3142609596252, 1369.8679926395416, 1455.7059574127197, 1541.385451555252, 1627.0094888210297, 1712.7070095539093, 1798.594321489334, 1884.1827130317688, 1969.8256821632385, 2055.5961623191833, 2141.3688299655914, 2227.0398750305176, 2312.733258962631, 2398.3708724975586, 2484.015173435211, 2569.6851992607117, 2655.2114357948303, 2740.930721282959, 2826.5139665603638, 2912.171900987625, 2997.8751685619354, 3084.0493619441986, 3169.654040336609, 3255.3368570804596, 3341.0012629032135, 3426.6719186306, 3512.301488161087, 3597.9317393302917, 3683.4996523857117, 3768.9667818546295, 3854.561797142029, 3940.2881186008453, 4025.9614050388336, 4111.51510477066, 4197.155885457993, 4282.8597621917725, 4368.514271497726, 4454.043366909027, 4539.634255170822, 4625.273992776871, 4711.003939628601, 4796.646835565567, 4882.3670518398285, 4968.111973524094, 5053.85985994339, 5139.536832332611, 5225.097066164017, 5310.668977499008, 5396.313401460648, 5481.903448581696, 5567.374026060104, 5652.996688365936, 5738.742824792862, 5824.337839126587, 5909.996344566345, 5995.680326461792, 6081.3480656147, 6167.047080993652, 6252.547744750977, 6338.42441701889, 6424.467777967453, 6510.080458879471, 6595.746848344803, 6681.313325643539, 6767.060011148453, 6852.873251438141, 6938.719668865204, 7024.557819843292, 7110.230016946793, 7196.149310350418, 7281.8562870025635, 7367.471261262894, 7453.066690206528, 7538.776884555817, 7624.331887245178, 7709.9057970047, 7795.363824129105, 7880.961410284042, 7966.837193012238, 8052.431517124176, 8138.022428750992, 8223.815557718277, 8309.487056970596, 8395.1384973526, 8480.863816976547, 8566.544926643372], "timesteps_eval": [8804, 17635, 26466, 35297, 44128, 52959, 61790, 70621, 79452, 88283, 97114, 105945, 114776, 123607, 132438, 141269, 150100, 158931, 167762, 176593, 185424, 194255, 203086, 211917, 220748, 229579, 238410, 247241, 256072, 264903, 273734, 282565, 291396, 300227, 309058, 317889, 326720, 335551, 344382, 353213, 362044, 370875, 379706, 388537, 397368, 406199, 415030, 423861, 432692, 441523, 450354, 459185, 468016, 476847, 485678, 494509, 503340, 512171, 521002, 529833, 538664, 547495, 556326, 565157, 573988, 582819, 591650, 600481, 609312, 618143, 626974, 635805, 644636, 653467, 662298, 671129, 679960, 688791, 697622, 706453, 715284, 724115, 732946, 741777, 750608, 759439, 768270, 777101, 785932, 794763, 803594, 812425, 821256, 830087, 838918, 847749, 856580, 865411, 874242, 883073],