{"gamma": [0.99, 0.95, 0.99], "learning_rate": [-3, -3, -3], "returns_eval": [0.4, 0.0, 0.0, 0.0, 0.1, 0.0, 1.5, 0.5, 1.5, 0.2, 0.9, 2.0, 1.6, 3.3, 4.8, 1.6, 3.7, 6.0, 9.2, 10.2, 7.1, 9.7, 11.1, 12.9, 6.4, 6.1, 9.4, 7.6, 11.0, 7.8, 6.0, 8.0, 8.0, 13.0, 5.1, 6.4, 6.5, 7.4, 5.3, 7.9, 3.6, 7.2, 10.7, 4.1, 5.3, 3.4, 6.1, 4.9, 8.5, 5.3, 4.9, 6.9, 9.5, 10.0, 10.2, 11.3, 9.5, 14.2, 17.6, 19.2, 12.6, 19.7, 19.2, 13.9, 9.5, 4.9, 4.4, 6.6, 2.2, 2.6, 2.3, 1.8, 1.8, 2.9, 1.6, 2.1, 3.3, 3.1, 2.9, 3.5, 2.6, 4.0, 3.3, 3.6, 3.6, 3.9, 3.4, 3.1, 4.9, 7.0, 8.7, 5.9, 4.9, 7.4, 6.7, 6.1, 7.8, 8.1, 10.5, 8.6], "std_returns_eval": [0.9165151389911681, 0.0, 0.0, 0.0, 0.30000000000000004, 0.0, 3.2015621187164243, 1.02469507659596, 1.857417562100671, 0.4000000000000001, 2.118962010041709, 3.794733192202055, 3.2619012860600183, 3.4942810419312296, 5.81033561853358, 2.0591260281974, 2.451530134426253, 5.440588203494177, 3.682390527904394, 10.759182125050211, 6.410148204214938, 6.664082832618454, 6.456779382943171, 7.555792479945436, 5.257375771237966, 5.52177507691141, 8.627861844049198, 5.3516352641038605, 8.62554346113913, 4.237924020083418, 3.9496835316262997, 3.4351128074635335, 2.6832815729997477, 8.637129152675673, 3.448187929913334, 4.5431266766402185, 5.6964901474504455, 3.7202150475476548, 3.4655446902326914, 5.838664230798, 4.079215610874228, 12.18031198286809, 5.21632054229799, 3.2388269481403293, 4.290687590584987, 2.3748684174075834, 3.9357337308308855, 4.109744517606903, 5.181698563212646, 4.313930922024598, 3.7, 4.825971404805462, 5.481788029466299, 7.0992957397195395, 8.44748483277715, 7.389857914736928, 7.046275611981127, 12.576167937809991, 13.358143583597236, 11.556816170554933, 6.829348431585549, 8.649277426467485, 6.063002556489648, 7.751773990513397, 6.264982043070834, 2.981610303175115, 3.9799497484264794, 5.238320341483518, 2.749545416973504, 2.6907248094147422, 0.9, 2.08806130178211, 1.1661903789690602, 2.118962010041709, 1.6852299546352716, 1.2206555615733703, 2.4515301344262523, 1.3, 1.5132745950421556, 2.3769728648009427, 1.3564659966250536, 2.6832815729997477, 2.0024984394500787, 2.3748684174075834, 1.4966629547095767, 3.2695565448543626, 2.835489375751565, 2.5079872407968904, 3.645545226711637, 4.6475800154489, 6.403905058634146, 5.048762224545735, 5.5578772926361015, 5.3516352641038605, 4.796873982084583, 3.753664875824692, 4.019950248448357, 3.7, 5.024937810560445, 3.2924155266308657], "timestamps_eval": [89.264479637146, 176.2256724834442, 263.190349817276, 350.3147552013397, 437.49849033355713, 524.7630617618561, 611.9629461765289, 699.4397716522217, 786.8437852859497, 874.456869840622, 962.1238238811493, 1049.4955034255981, 1136.8429911136627, 1224.2758529186249, 1311.7292778491974, 1399.947072982788, 1487.4142701625824, 1575.7304556369781, 1663.3292999267578, 1751.5813524723053, 1839.1519107818604, 1926.680994272232, 2014.2596476078033, 2101.722000837326, 2189.34942984581, 2276.8621938228607, 2364.385435819626, 2451.91774225235, 2539.3617672920227, 2626.8706793785095, 2714.381604194641, 2801.9070703983307, 2889.4387764930725, 2977.106844186783, 3064.6507666110992, 3153.833548307419, 3241.4852356910706, 3329.059881925583, 3416.641609430313, 3504.138901948929, 3591.7331676483154, 3679.5728747844696, 3767.1291930675507, 3854.6938333511353, 3942.2284047603607, 4029.776535511017, 4117.30769944191, 4204.824182987213, 4292.295381069183, 4379.719746589661, 4467.0863671302795, 4554.531650066376, 4642.010692834854, 4729.550706386566, 4817.017083406448, 4904.688350915909, 4992.190591096878, 5079.757712125778, 5167.3506445884705, 5254.869806289673, 5342.4287786483765, 5430.116271018982, 5517.699575185776, 5605.357949495316, 5693.081144094467, 5780.798709869385, 5868.232930898666, 5955.7587559223175, 6043.494994401932, 6131.0441217422485, 6218.592833280563, 6306.068167924881, 6393.60684800148, 6481.0122056007385, 6568.525023460388, 6656.007939338684, 6743.52476477623, 6831.072538614273, 6918.601567268372, 7006.090311288834, 7093.793292999268, 7181.469990968704, 7268.984961271286, 7356.545396089554, 7444.0644290447235, 7531.526381731033, 7619.0799679756165, 7706.689056634903, 7794.306147575378, 7881.849875688553, 7969.413746833801, 8057.02504825592, 8144.692853689194, 8232.192486763, 8319.73796749115, 8407.32368683815, 8494.86111998558, 8582.472582101822, 8670.032292604446, 8757.554608345032], "timesteps_eval": [8804, 17635, 26466, 35297, 44128, 52959, 61790, 70621, 79452, 88283, 97114, 105945, 114776, 123607, 132438, 141269, 150100, 158931, 167762, 176593, 185424, 194255, 203086, 211917, 220748, 229579, 238410, 247241, 256072, 264903, 273734, 282565, 291396, 300227, 309058, 317889, 326720, 335551, 344382, 353213, 362044, 370875, 379706, 388537, 397368, 406199, 415030, 423861, 432692, 441523, 450354, 459185, 468016, 476847, 485678, 494509, 503340, 512171, 521002, 529833, 538664, 547495, 556326, 565157, 573988, 582819, 591650, 600481, 609312, 618143, 626974, 635805, 644636, 653467, 662298, 671129, 679960, 688791, 697622, 706453, 715284, 724115, 732946, 741777, 750608, 759439, 768270, 777101, 785932, 794763, 803594, 812425, 821256, 830087, 838918, 847749, 856580, 865411, 874242, 883073],