{"gamma": 0.9, "learning_rate": -6, "clip": 0.4, "returns_eval": [0.0, 0.0, 0.0, 0.0, 0.0, 0.0, 0.0, 0.0, 0.0, 0.0, 13.0, 22.8, 22.8, 13.0, 22.8, 22.8, 22.8, 22.8, 22.8, 22.8, 22.8, 22.8, 22.8, 22.8, 22.8, 22.8, 22.8, 22.8, 22.8, 22.8, 22.8, 22.8, 22.8, 22.8, 22.8, 22.8, 22.8, 22.8, 22.8, 22.8, 22.8, 22.8, 22.8, 22.8, 22.8, 22.8, 22.8, 22.8, 22.8, 22.8, 22.8, 22.8, 22.8, 22.8, 22.8, 22.8, 22.8, 22.8, 22.8, 22.8, 22.8, 22.8, 22.8, 22.8, 22.8, 22.8, 22.8, 22.8, 22.8, 22.8, 22.8, 22.8, 22.8, 22.8, 22.8, 22.8, 22.8, 22.8, 22.8, 22.8, 22.8, 22.8, 22.8, 22.8, 22.8, 22.8, 22.8, 22.8, 22.8, 22.8, 22.8, 22.8, 22.8, 22.8, 22.8, 22.8, 22.8, 22.8, 22.8, 22.8], "std_returns_eval": [0.0, 0.0, 0.0, 0.0, 0.0, 0.0, 0.0, 0.0, 0.0, 0.0, 6.648308055437865, 10.283968105745954, 10.283968105745954, 6.648308055437865, 10.283968105745954, 10.283968105745954, 10.283968105745954, 10.283968105745954, 10.283968105745954, 10.283968105745954, 10.283968105745954, 10.283968105745954, 10.283968105745954, 10.283968105745954, 10.283968105745954, 10.283968105745954, 10.283968105745954, 10.283968105745954, 10.283968105745954, 10.283968105745954, 10.283968105745954, 10.283968105745954, 10.283968105745954, 10.283968105745954, 10.283968105745954, 10.283968105745954, 10.283968105745954, 10.283968105745954, 10.283968105745954, 10.283968105745954, 10.283968105745954, 10.283968105745954, 10.283968105745954, 10.283968105745954, 10.283968105745954, 10.283968105745954, 10.283968105745954, 10.283968105745954, 10.283968105745954, 10.283968105745954, 10.283968105745954, 10.283968105745954, 10.283968105745954, 10.283968105745954, 10.283968105745954, 10.283968105745954, 10.283968105745954, 10.283968105745954, 10.283968105745954, 10.283968105745954, 10.283968105745954, 10.283968105745954, 10.283968105745954, 10.283968105745954, 10.283968105745954, 10.283968105745954, 10.283968105745954, 10.283968105745954, 10.283968105745954, 10.283968105745954, 10.283968105745954, 10.283968105745954, 10.283968105745954, 10.283968105745954, 10.283968105745954, 10.283968105745954, 10.283968105745954, 10.283968105745954, 10.283968105745954, 10.283968105745954, 10.283968105745954, 10.283968105745954, 10.283968105745954, 10.283968105745954, 10.283968105745954, 10.283968105745954, 10.283968105745954, 10.283968105745954, 10.283968105745954, 10.283968105745954, 10.283968105745954, 10.283968105745954, 10.283968105745954, 10.283968105745954, 10.283968105745954, 10.283968105745954, 10.283968105745954, 10.283968105745954, 10.283968105745954, 10.283968105745954], "timestamps_eval": [89.24580693244934, 175.9810447692871, 262.0011742115021, 348.17071318626404, 434.2738461494446, 520.5175750255585, 606.5841844081879, 692.8166654109955, 778.8438267707825, 864.9462189674377, 951.0632865428925, 1037.3003904819489, 1123.5040562152863, 1209.7428374290466, 1296.462886095047, 1382.776197195053, 1468.9450669288635, 1555.1727685928345, 1641.5024423599243, 1727.811268568039, 1814.9369587898254, 1901.1384453773499, 1987.3802120685577, 2073.5855758190155, 2159.6576566696167, 2246.0124838352203, 2332.1121990680695, 2419.034963607788, 2505.231944799423, 2591.340465068817, 2677.609615802765, 2763.838032722473, 2850.0330893993378, 2936.1552069187164, 3022.2955737113953, 3108.472254037857, 3194.630549430847, 3280.8763513565063, 3367.0280578136444, 3453.1185278892517, 3539.338625431061, 3625.5046932697296, 3711.64462351799, 3797.805213212967, 3883.836905479431, 3969.905814409256, 4055.987385749817, 4142.184993982315, 4228.357631921768, 4314.489814043045, 4400.608609676361, 4486.743070840836, 4572.869271039963, 4659.002630472183, 4745.21360373497, 4831.3077092170715, 4917.447937250137, 5003.64190864563, 5089.8132128715515, 5175.9714114665985, 5261.971368789673, 5348.217518091202, 5434.397189378738, 5520.630771160126, 5606.806912899017, 5693.108002662659, 5779.3321969509125, 5865.417818069458, 5951.602048158646, 6037.754899978638, 6123.870418787003, 6209.915355920792, 6296.042729377747, 6382.155910491943, 6468.234853744507, 6554.373891353607, 6640.4877808094025, 6726.59513759613, 6812.713611125946, 6898.842092514038, 6984.945948839188, 7071.104061603546, 7157.313141345978, 7243.6976182460785, 7329.96595788002, 7416.053274393082, 7502.140887498856, 7588.157332658768, 7674.27728843689, 7760.3088710308075, 7846.4211456775665, 7932.525972127914, 8018.63068985939, 8104.739280700684, 8190.872111558914, 8276.941119670868, 8363.321962356567, 8449.41737818718, 8535.427794456482, 8621.339902639389], "timesteps_eval": [8808, 17642, 26476, 35310, 44144, 52978, 61812, 70646, 79480, 88314, 97148, 105982, 114816, 123650, 132484, 141318, 150152, 158986, 167820, 176654, 185488, 194322, 203156, 211990, 220824, 229658, 238492, 247326, 256160, 264994, 273828, 282662, 291496, 300330, 309164, 317998, 326832, 335666, 344500, 353334, 362168, 371002, 379836, 388670, 397504, 406338, 415172, 424006, 432840, 441674, 450508, 459342, 468176, 477010, 485844, 494678, 503512, 512346, 521180, 530014, 538848, 547682, 556516, 565350, 574184, 583018, 591852, 600686, 609520, 618354, 627188, 636022, 644856, 653690, 662524, 671358, 680192, 689026, 697860, 706694, 715528, 724362, 733196, 742030, 750864, 759698, 768532, 777366, 786200, 795034, 803868, 812702, 821536, 830370, 839204, 848038, 856872, 865706, 874540, 883374],