{"gamma": [0.95, 0.98, 0.98], "learning_rate": [-5, -5, -3], "returns_eval": [0.0, 0.0, 1.3, 2.6, 0.0, 1.1, 17.4, 15.2, 17.9, 18.5, 21.1, 22.9, 30.5, 30.5, 30.5, 30.5, 30.5, 30.5, 30.5, 30.5, 30.5, 30.5, 30.5, 30.5, 31.0, 28.0, 29.7, 44.4, 42.5, 57.4, 59.0, 49.9, 52.7, 68.8, 60.3, 73.4, 93.4, 83.3, 97.2, 92.6, 98.0, 101.0, 95.8, 95.0, 101.7, 112.0, 98.1, 107.6, 111.8, 105.3, 99.8, 110.2, 106.2, 107.5, 102.4, 108.3, 101.0, 104.6, 102.6, 106.2, 104.1, 83.2, 30.7, 15.8, 15.1, 9.5, 13.6, 31.9, 18.6, 37.0, 25.3, 28.4, 23.9, 15.8, 22.3, 22.8, 17.4, 16.1, 9.4, 17.9, 12.1, 10.8, 9.1, 13.9, 10.1, 12.0, 8.4, 10.2, 11.3, 6.6, 8.8, 8.2, 7.6, 5.7, 10.8, 7.1, 6.4, 6.9, 4.3, 7.0], "std_returns_eval": [0.0, 0.0, 2.9681644159311658, 3.0397368307141326, 0.0, 2.662705391138869, 15.239422561238992, 9.042123644365853, 7.462573282722254, 10.818964830333815, 11.57972365818805, 10.044401425669925, 23.55525419094432, 23.55525419094432, 23.55525419094432, 23.55525419094432, 23.55525419094432, 23.55525419094432, 23.55525419094432, 23.55525419094432, 23.55525419094432, 23.55525419094432, 23.55525419094432, 23.55525419094432, 23.25510696599781, 14.89966442575134, 15.046926596484745, 24.401639289195305, 19.60229578391266, 21.331666601557412, 24.551985663078252, 13.917255476565773, 22.534640001562042, 23.098917723564455, 18.815153467351784, 29.57769429823765, 25.765092664300667, 27.07046360888561, 16.4851448279959, 21.57405849625888, 21.44294755857972, 19.00526242912736, 15.797468151574162, 26.89609637103496, 13.99321264041964, 16.25423021862309, 22.897379762758884, 21.209431864149497, 16.779749700159414, 22.203828498707153, 15.848028268526026, 17.33666634621547, 16.054905792311583, 9.047098982546835, 16.026228502052504, 10.863240768757729, 17.618172436436193, 28.118321429274545, 17.962182495454165, 17.451647486698786, 12.660568707605515, 29.69444392474794, 22.895632771338725, 14.455448799674123, 12.161003248087717, 19.820443990990718, 12.2245654319489, 24.50081631293129, 10.547037498748168, 11.28716084761797, 18.42851052038661, 18.62364089000859, 8.926925562588723, 8.986656775464388, 10.686907878334125, 10.215674231297706, 11.29778739399888, 8.83685464404615, 7.351190379795643, 6.624952830020754, 5.923681287847955, 4.019950248448356, 2.0223748416156684, 6.624952830020754, 4.3, 6.767569726275452, 5.660388679233963, 5.075431016179808, 6.245798587850877, 3.1368774282716245, 8.704022058795578, 3.1240998703626617, 5.219195340279955, 4.290687590584987, 6.029925372672534, 2.3853720883753127, 2.4979991993593593, 1.1357816691600546, 2.8653097563788803, 3.40587727318528], "timestamps_eval": [89.74140787124634, 177.45651531219482, 265.21514415740967, 353.017502784729, 440.8334562778473, 528.6597964763641, 616.5075500011444, 704.5256807804108, 792.4207503795624, 880.3896844387054, 968.2896206378937, 1056.309674501419, 1144.2366342544556, 1232.2007703781128, 1320.901401758194, 1408.9345889091492, 1496.9029703140259, 1584.7946190834045, 1672.7470076084137, 1761.3204629421234, 1849.1810047626495, 1937.106632232666, 2024.9756367206573, 2112.8940875530243, 2200.808833837509, 2288.698848962784, 2376.625154733658, 2464.605481863022, 2552.5318973064423, 2640.4782474040985, 2728.4389929771423, 2816.4063465595245, 2904.2803480625153, 2992.248982667923, 3080.1890375614166, 3168.1468555927277, 3256.231622695923, 3344.116844177246, 3432.1337394714355, 3520.1403963565826, 3608.1045095920563, 3696.0560529232025, 3784.027680873871, 3872.0051193237305, 3959.974957227707, 4048.0182275772095, 4136.0317261219025, 4224.0104076862335, 4312.02663397789, 4400.1050543785095, 4488.101269960403, 4576.111467599869, 4664.129523038864, 4752.113603115082, 4840.0754516124725, 4928.001883268356, 5016.108622789383, 5104.099318981171, 5192.1754558086395, 5280.157231330872, 5368.176635026932, 5456.228114128113, 5544.250864267349, 5632.235977888107, 5720.2610421180725, 5808.230152606964, 5896.230222225189, 5984.191379785538, 6072.179780483246, 6160.24023604393, 6248.212288141251, 6336.304358482361, 6424.269369363785, 6512.210647821426, 6600.197745323181, 6688.211784362793, 6776.241786003113, 6864.175889492035, 6952.131494283676, 7040.178095340729, 7128.17235827446, 7216.196861743927, 7304.095491170883, 7392.122020244598, 7480.129047870636, 7568.1171317100525, 7656.123530387878, 7744.0129108428955, 7832.057016134262, 7920.0749723911285, 8008.12557387352, 8096.075786590576, 8183.994536399841, 8271.965634822845, 8359.972357988358, 8447.926547527313, 8536.049955129623, 8624.073783159256, 8712.094322443008, 8800.060396671295], "timesteps_eval": [8804, 17635, 26466, 35297, 44128, 52959, 61790, 70621, 79452, 88283, 97114, 105945, 114776, 123607, 132438, 141269, 150100, 158931, 167762, 176593, 185424, 194255, 203086, 211917, 220748, 229579, 238410, 247241, 256072, 264903, 273734, 282565, 291396, 300227, 309058, 317889, 326720, 335551, 344382, 353213, 362044, 370875, 379706, 388537, 397368, 406199, 415030, 423861, 432692, 441523, 450354, 459185, 468016, 476847, 485678, 494509, 503340, 512171, 521002, 529833, 538664, 547495, 556326, 565157, 573988, 582819, 591650, 600481, 609312, 618143, 626974, 635805, 644636, 653467, 662298, 671129, 679960, 688791, 697622, 706453, 715284, 724115, 732946, 741777, 750608, 759439, 768270, 777101, 785932, 794763, 803594, 812425, 821256, 830087, 838918, 847749, 856580, 865411, 874242, 883073],