{"gamma": 0.99, "learning_rate": -5, "clip": 0.2, "returns_eval": [0.0, 0.0, 0.0, 3.7, 0.0, 0.0, 0.0, 0.0, 0.0, 0.0, 0.0, 3.7, 28.8, 0.5, 19.2, 0.0, 0.7, 34.8, 22.9, 31.6, 21.8, 22.2, 22.8, 22.8, 22.8, 22.8, 22.8, 22.8, 22.8, 22.8, 22.8, 22.8, 22.8, 22.8, 22.6, 23.1, 23.6, 29.0, 35.9, 34.9, 48.5, 49.5, 63.7, 66.6, 74.7, 70.8, 62.9, 70.8, 72.4, 79.6, 72.2, 73.2, 87.7, 66.6, 94.0, 76.5, 89.3, 75.2, 93.6, 81.6, 83.8, 84.4, 86.8, 91.2, 89.6, 85.2, 81.5, 112.5, 97.6, 95.9, 105.6, 103.8, 102.1, 106.5, 101.5, 95.2, 115.3, 112.3, 104.9, 119.7, 103.9, 102.3, 108.2, 107.3, 105.8, 109.8, 111.0, 112.7, 104.2, 101.4, 109.2, 102.3, 90.8, 108.0, 96.8, 99.5, 106.3, 98.3, 104.0, 107.7], "std_returns_eval": [0.0, 0.0, 0.0, 3.1, 0.0, 0.0, 0.0, 0.0, 0.0, 0.0, 0.0, 3.9000000000000004, 17.8762412156471, 1.2041594578792296, 17.30780170905595, 0.0, 1.1874342087037917, 23.378622713923935, 10.921996154549772, 17.85609139761555, 10.97087052152198, 10.952625256074453, 10.283968105745954, 10.283968105745954, 10.283968105745954, 10.283968105745954, 10.283968105745954, 10.283968105745954, 10.283968105745954, 10.283968105745954, 10.283968105745954, 10.283968105745954, 10.283968105745954, 10.283968105745954, 10.121264743103996, 9.438749917229504, 9.329523031752482, 11.47170431975999, 18.19038207405221, 14.257980221616245, 21.80022935659164, 24.487752040561013, 25.17955519861302, 24.804031930313265, 30.01349696386611, 24.587801853764805, 22.308966807093512, 27.603622950620085, 29.97065231188671, 19.116485032557634, 25.80232547659222, 24.54302344862996, 21.123683390924036, 21.546229368499723, 22.37409216035368, 21.10568643754569, 23.71518500876601, 21.103554203024665, 17.00117642988273, 25.80387567788994, 18.65904606350496, 29.9739887235583, 24.13627974647294, 27.348857380153927, 21.74488445588985, 25.011197492323312, 25.366316248127163, 21.327212663637038, 25.092628399591785, 18.742731924668828, 20.996190130592737, 24.23963696097778, 20.983088428541684, 20.441379601191304, 23.68649404196408, 26.76490239100453, 13.183702059740277, 15.975293424535275, 13.52368293032634, 12.95414991421668, 20.052181926164543, 20.28324431643025, 20.51243525279239, 18.910579049833455, 11.232096865679178, 17.261517893858578, 11.15347479487895, 11.79025020938911, 14.783774890061062, 15.926079241294765, 7.833262411026456, 14.859676981684359, 25.26974475533934, 12.091319200153471, 21.69239498073, 17.889941307897015, 19.37549999354855, 21.345022839060164, 22.49888886145269, 18.968658360569417], "timestamps_eval": [88.82577705383301, 175.31738924980164, 260.91021966934204, 346.53332805633545, 432.17706513404846, 517.7403166294098, 603.4621977806091, 689.0574421882629, 774.8379368782043, 860.7321064472198, 946.472722530365, 1032.3202590942383, 1118.3865640163422, 1204.3688249588013, 1290.1207904815674, 1376.0812299251556, 1461.8362247943878, 1547.6253299713135, 1633.4756197929382, 1719.2879371643066, 1805.044941663742, 1891.5982837677002, 1977.309592962265, 2063.162422180176, 2148.9696764945984, 2235.510605096817, 2321.3371307849884, 2407.203221797943, 2493.0079238414764, 2578.7829217910767, 2664.6043610572815, 2750.627314567566, 2836.6328308582306, 2922.536048412323, 3008.416460752487, 3094.455323457718, 3180.2456562519073, 3266.0269708633423, 3351.802877187729, 3437.6468427181244, 3523.3866906166077, 3609.167760372162, 3694.926488637924, 3780.7513659000397, 3866.6834654808044, 3952.481057405472, 4038.181913137436, 4123.955428123474, 4209.74534535408, 4295.533204078674, 4382.07736825943, 4467.845027208328, 4553.5932812690735, 4639.536973953247, 4725.392459869385, 4811.407696962357, 4897.583455085754, 4983.85058927536, 5069.915640830994, 5155.826847791672, 5241.880515575409, 5327.938378095627, 5413.902493476868, 5499.825184106827, 5585.715148925781, 5671.637950658798, 5757.867114305496, 5843.817138195038, 5929.833609580994, 6016.042940616608, 6102.135314941406, 6188.157479286194, 6274.222928762436, 6361.056208848953, 6447.035555124283, 6533.1168966293335, 6619.008496284485, 6705.027980804443, 6791.043395280838, 6877.14259147644, 6963.0694234371185, 7049.158726930618, 7135.232586622238, 7221.249635457993, 7307.269268274307, 7394.05773806572, 7480.1342804431915, 7566.206061840057, 7652.322621822357, 7738.51350235939, 7824.6599225997925, 7910.636432886124, 7996.622555732727, 8082.599214315414, 8168.559782028198, 8254.49470114708, 8341.08493423462, 8427.080165624619, 8513.019902706146, 8599.091079473495], "timesteps_eval": [8808, 17642, 26476, 35310, 44144, 52978, 61812, 70646, 79480, 88314, 97148, 105982, 114816, 123650, 132484, 141318, 150152, 158986, 167820, 176654, 185488, 194322, 203156, 211990, 220824, 229658, 238492, 247326, 256160, 264994, 273828, 282662, 291496, 300330, 309164, 317998, 326832, 335666, 344500, 353334, 362168, 371002, 379836, 388670, 397504, 406338, 415172, 424006, 432840, 441674, 450508, 459342, 468176, 477010, 485844, 494678, 503512, 512346, 521180, 530014, 538848, 547682, 556516, 565350, 574184, 583018, 591852, 600686, 609520, 618354, 627188, 636022, 644856, 653690, 662524, 671358, 680192, 689026, 697860, 706694, 715528, 724362, 733196, 742030, 750864, 759698, 768532, 777366, 786200, 795034, 803868, 812702, 821536, 830370, 839204, 848038, 856872, 865706, 874540, 883374],