{"gamma": [0.99, 0.98, 0.95], "learning_rate": [-5, -3, -3], "returns_eval": [3.4, 9.5, 9.2, 7.6, 13.7, 16.7, 12.2, 12.2, 12.2, 12.2, 12.5, 19.6, 19.6, 19.6, 19.6, 19.6, 19.6, 19.6, 17.2, 12.2, 12.2, 12.2, 12.2, 12.2, 12.2, 25.7, 12.2, 19.0, 12.2, 12.2, 13.8, 6.8, 6.6, 3.8, 4.5, 4.8, 1.8, 8.3, 20.8, 18.7, 20.1, 24.7, 26.1, 28.8, 34.2, 28.1, 32.4, 32.3, 29.7, 26.9, 30.5, 25.9, 28.7, 36.4, 33.2, 17.6, 22.1, 10.1, 13.3, 2.5, 9.7, 8.8, 17.9, 17.0, 19.2, 24.7, 28.4, 31.0, 28.5, 27.6, 27.9, 24.2, 32.3, 26.9, 32.3, 33.7, 23.0, 25.3, 21.8, 21.3, 5.7, 8.7, 13.6, 15.1, 10.4, 5.3, 12.8, 9.5, 11.9, 12.3, 9.9, 14.4, 11.8, 10.9, 12.9, 16.0, 14.5, 21.7, 22.7, 16.4], "std_returns_eval": [2.3748684174075834, 7.242237223399963, 7.180529228406497, 5.257375771237966, 11.144954015158609, 11.419719786404569, 7.56042326857432, 7.56042326857432, 7.56042326857432, 7.56042326857432, 7.486654793697917, 9.8812954616285, 9.8812954616285, 9.8812954616285, 9.8812954616285, 9.8812954616285, 9.8812954616285, 9.8812954616285, 11.496086290559932, 7.56042326857432, 7.56042326857432, 7.56042326857432, 7.56042326857432, 7.56042326857432, 7.56042326857432, 15.855913723276876, 7.56042326857432, 8.933084573650918, 7.56042326857432, 7.56042326857432, 10.077698149875298, 4.261455150532504, 4.363484845854286, 4.044749683231336, 4.5, 2.925747767665559, 2.039607805437114, 3.874274125562103, 13.029197979921864, 11.000454536063499, 7.2862884927787475, 10.954907576059233, 8.239538822045805, 10.675204916066013, 5.723635208501674, 6.456779382943171, 8.97997772825746, 20.947792246439718, 10.354226190305097, 11.466908912169835, 16.366123548354388, 8.915716460273957, 10.705606008068855, 15.311433636338563, 7.372923436466705, 7.657675887630659, 16.083842824399895, 11.759676866308869, 7.772387020729217, 2.9410882339705484, 8.112336284942828, 8.072174428244226, 8.455175929571187, 7.4565407529228995, 10.552724766618335, 12.182364302548171, 9.687104830649869, 10.620734437881403, 6.020797289396148, 7.670723564306043, 13.545848072379965, 10.166612021711067, 6.634003316248794, 9.61717214153932, 11.515641536623134, 10.724271537032246, 10.10940156488009, 8.391066678319271, 11.356055653262711, 11.118003417880388, 5.1000000000000005, 8.978307190111062, 9.645724441429994, 8.06783738061198, 8.187795796183488, 6.050619802962337, 10.293687385966216, 7.774959806970066, 5.028916384272063, 9.581753492967767, 4.678675026115834, 5.660388679233963, 8.022468448052631, 7.993122043357027, 8.443340571124677, 12.433824833895642, 6.08687111741328, 9.402659198333204, 13.76263056250512, 11.876026271442818], "timestamps_eval": [88.05989074707031, 173.76838159561157, 259.37724256515503, 345.1277313232422, 430.71127009391785, 516.4414622783661, 602.2523050308228, 688.0535345077515, 773.902745962143, 859.6357283592224, 945.5717995166779, 1031.4361164569855, 1117.359958410263, 1203.241069316864, 1289.0762741565704, 1375.209847688675, 1460.984394311905, 1546.7685182094574, 1632.5815153121948, 1718.4281551837921, 1804.5862126350403, 1890.5016121864319, 1976.477670431137, 2062.3295743465424, 2148.133365392685, 2234.0707726478577, 2320.0413961410522, 2405.8446428775787, 2491.651252746582, 2577.6513237953186, 2663.4687280654907, 2749.6731762886047, 2835.4668548107147, 2921.158880710602, 3006.7017657756805, 3092.3901085853577, 3178.101480484009, 3263.7809998989105, 3349.586261034012, 3435.3923494815826, 3521.1612923145294, 3606.892829656601, 3692.6882617473602, 3778.505037546158, 3864.4954109191895, 3950.4780492782593, 4036.5127098560333, 4122.2439177036285, 4208.001848697662, 4293.940524101257, 4379.813608884811, 4465.6106133461, 4551.531514644623, 4637.320036888123, 4723.139825105667, 4809.071784496307, 4895.0023646354675, 4980.776737451553, 5066.463732004166, 5152.232758760452, 5238.062155723572, 5323.964923858643, 5409.731324195862, 5495.419471025467, 5581.28145813942, 5667.117583036423, 5753.191903114319, 5839.908292293549, 5926.217620134354, 6012.855552196503, 6099.355509519577, 6185.632790327072, 6272.307656049728, 6359.08452963829, 6445.646315574646, 6532.5280113220215, 6619.1636481285095, 6705.230415582657, 6791.458495378494, 6878.093570947647, 6964.303825616837, 7051.144550561905, 7137.475843906403, 7223.891865491867, 7310.224864244461, 7396.667812347412, 7482.734362125397, 7569.457452058792, 7655.8162631988525, 7742.236848592758, 7828.675540924072, 7915.185813188553, 8001.781202554703, 8088.4720096588135, 8175.04021859169, 8261.49434542656, 8347.778580904007, 8434.061776161194, 8520.303764343262, 8607.138123750687], "timesteps_eval": [8805, 17638, 26471, 35304, 44137, 52970, 61803, 70636, 79469, 88302, 97135, 105968, 114801, 123634, 132467, 141300, 150133, 158966, 167799, 176632, 185465, 194298, 203131, 211964, 220797, 229630, 238463, 247296, 256129, 264962, 273795, 282628, 291461, 300294, 309127, 317960, 326793, 335626, 344459, 353292, 362125, 370958, 379791, 388624, 397457, 406290, 415123, 423956, 432789, 441622, 450455, 459288, 468121, 476954, 485787, 494620, 503453, 512286, 521119, 529952, 538785, 547618, 556451, 565284, 574117, 582950, 591783, 600616, 609449, 618282, 627115, 635948, 644781, 653614, 662447, 671280, 680113, 688946, 697779, 706612, 715445, 724278, 733111, 741944, 750777, 759610, 768443, 777276, 786109, 794942, 803775, 812608, 821441, 830274, 839107, 847940, 856773, 865606, 874439, 883272],