{"gamma": [0.95, 0.99, 0.99], "learning_rate": [-5, -4, -3], "returns_eval": [0.0, 0.0, 1.3, 2.6, 0.0, 1.1, 17.4, 15.2, 17.9, 18.5, 21.1, 22.9, 30.5, 30.5, 30.5, 30.5, 30.5, 30.5, 30.5, 30.5, 30.5, 30.5, 30.5, 30.5, 31.0, 28.0, 29.7, 44.4, 42.5, 57.4, 67.0, 49.1, 82.0, 70.1, 87.0, 85.0, 88.8, 83.8, 104.4, 104.8, 114.4, 102.0, 104.5, 112.1, 108.7, 112.4, 128.8, 121.1, 129.9, 132.9, 140.4, 136.3, 133.2, 144.2, 150.3, 154.0, 174.8, 149.4, 159.0, 151.8, 131.9, 100.0, 89.1, 93.5, 88.6, 76.9, 68.7, 68.6, 60.3, 47.6, 41.7, 43.4, 35.0, 30.4, 12.3, 9.7, 15.9, 5.8, 2.9, 0.5, 7.2, 7.1, 13.4, 7.5, 7.3, 7.5, 13.4, 4.8, 9.1, 5.3, 3.1, 4.6, 2.3, 2.8, 2.3, 1.2, 7.7, 7.3, 4.5, 4.2], "std_returns_eval": [0.0, 0.0, 2.9681644159311658, 3.0397368307141326, 0.0, 2.662705391138869, 15.239422561238992, 9.042123644365853, 7.462573282722254, 10.818964830333815, 11.57972365818805, 10.044401425669925, 23.55525419094432, 23.55525419094432, 23.55525419094432, 23.55525419094432, 23.55525419094432, 23.55525419094432, 23.55525419094432, 23.55525419094432, 23.55525419094432, 23.55525419094432, 23.55525419094432, 23.55525419094432, 23.25510696599781, 14.89966442575134, 15.046926596484745, 24.401639289195305, 19.60229578391266, 21.331666601557412, 21.2179169571379, 24.549745416195258, 20.405881505095532, 28.532262440963212, 24.96797949374358, 26.26404386228442, 18.648324321504067, 23.72256309929431, 14.766177569025778, 18.23622768008779, 10.892199043352083, 22.338307903688676, 15.279070652366261, 18.576598181583194, 25.554060342732228, 17.269626515938324, 19.06200409191017, 16.483021567661677, 15.668120499919574, 12.332477447779906, 21.546229368499723, 15.524496771232233, 14.365235814284429, 11.356055653262713, 13.806158046321213, 16.087262041752165, 66.96536418179177, 10.660206376989144, 18.750999973334757, 23.502340308999017, 22.393972403305316, 19.0473095212946, 21.746034121190927, 15.64129150677782, 18.714700104463336, 27.09040420517937, 25.83427955256349, 19.784842683225964, 18.74593289223025, 28.210636292008726, 22.325097984107483, 16.644518617250547, 33.36165463522455, 18.22196476782896, 11.908400396358866, 9.121951545584968, 15.763565586503583, 4.995998398718719, 3.806573262134856, 1.2041594578792296, 7.45385806143369, 5.068530358989675, 9.991996797437437, 5.5901699437494745, 5.21632054229799, 5.408326913195984, 9.697422337920527, 3.4292856398964497, 8.537564055396597, 4.583666654546335, 4.369210454990696, 3.9547439866570375, 2.238302928559939, 2.5612496949731396, 3.132091952673165, 1.32664991614216, 7.668767828015137, 10.770793842609745, 2.5787593916455256, 2.1354156504062622], "timestamps_eval": [89.67498016357422, 177.15145587921143, 264.8604106903076, 352.4089391231537, 439.86287117004395, 527.5895018577576, 615.3018052577972, 702.8579125404358, 790.4160459041595, 878.0370523929596, 967.4445035457611, 1055.2474699020386, 1142.6569752693176, 1230.5019071102142, 1317.998520374298, 1405.77259683609, 1493.2883021831512, 1580.9580051898956, 1668.4548530578613, 1755.9570107460022, 1844.1182825565338, 1931.6549108028412, 2020.1860229969025, 2107.7526004314423, 2195.1912672519684, 2282.7164142131805, 2370.2052998542786, 2457.861069917679, 2545.8391921520233, 2633.362802505493, 2720.851971387863, 2809.062838792801, 2896.7092792987823, 2984.7800788879395, 3073.05744433403, 3160.6340861320496, 3248.802102088928, 3336.323043823242, 3423.8294942379, 3511.4512391090393, 3598.887619972229, 3686.4223878383636, 3773.9828407764435, 3861.6931467056274, 3949.22470498085, 4036.7963588237762, 4124.818125009537, 4212.543317317963, 4301.110022306442, 4388.666813850403, 4476.849598407745, 4564.464485406876, 4652.029326438904, 4740.104337215424, 4827.67467546463, 4915.6452214717865, 5017.2524354457855, 5104.930895328522, 5192.530005931854, 5280.306047916412, 5367.8508405685425, 5455.454759120941, 5543.126940250397, 5630.862655162811, 5718.402158975601, 5805.995104312897, 5893.404770612717, 5981.017096996307, 6068.476234197617, 6156.036141395569, 6243.641681909561, 6331.4266748428345, 6418.895835876465, 6506.482370853424, 6594.006349802017, 6681.7032425403595, 6769.137564897537, 6856.711243867874, 6944.415472269058, 7032.168630361557, 7119.623147249222, 7207.132877111435, 7294.592003822327, 7382.191093206406, 7469.660284042358, 7557.22855591774, 7644.748420476913, 7732.31280708313, 7819.730224132538, 7907.271669387817, 7994.81928396225, 8082.475438594818, 8169.9398584365845, 8257.293053865433, 8344.658371925354, 8431.939098358154, 8519.38171839714, 8606.777137517929, 8694.161450386047, 8781.573165655136], "timesteps_eval": [8804, 17635, 26466, 35297, 44128, 52959, 61790, 70621, 79452, 88283, 97114, 105945, 114776, 123607, 132438, 141269, 150100, 158931, 167762, 176593, 185424, 194255, 203086, 211917, 220748, 229579, 238410, 247241, 256072, 264903, 273734, 282565, 291396, 300227, 309058, 317889, 326720, 335551, 344382, 353213, 362044, 370875, 379706, 388537, 397368, 406199, 415030, 423861, 432692, 441523, 450354, 459185, 468016, 476847, 485678, 494509, 503340, 512171, 521002, 530275, 539106, 547937, 556768, 565599, 574430, 583261, 592092, 600923, 609754, 618585, 627416, 636247, 645078, 653909, 662740, 671571, 680402, 689233, 698064, 706895, 715726, 724557, 733388, 742219, 751050, 759881, 768712, 777543, 786374, 795205, 804036, 812867, 821698, 830529, 839360, 848191, 857022, 865853, 874684, 883515],