{"gamma": [0.98, 0.95, 0.98], "learning_rate": [-3, -3, -3], "returns_eval": [0.0, 0.0, 0.0, 0.2, 0.4, 0.7, 3.9, 7.7, 9.7, 7.4, 6.7, 8.1, 9.6, 9.9, 12.7, 11.5, 21.6, 14.5, 14.6, 13.4, 9.2, 12.4, 10.2, 8.3, 11.3, 7.0, 16.5, 14.9, 16.6, 20.5, 10.1, 11.8, 12.8, 13.2, 11.4, 13.4, 16.8, 12.5, 17.9, 15.8, 14.9, 15.2, 15.0, 16.6, 13.1, 10.4, 10.5, 15.4, 12.1, 18.0, 18.2, 13.4, 13.3, 9.8, 16.7, 14.2, 13.1, 12.2, 7.9, 15.5, 22.3, 14.6, 7.5, 2.8, 6.0, 4.2, 2.7, 3.5, 3.0, 3.8, 3.8, 2.8, 3.4, 4.1, 3.9, 4.1, 4.7, 3.9, 3.7, 4.7, 3.1, 3.6, 3.4, 4.3, 4.6, 3.1, 3.9, 4.4, 4.4, 4.4, 4.4, 4.3, 5.1, 4.5, 5.3, 6.6, 6.2, 5.5, 7.7, 6.3], "std_returns_eval": [0.0, 0.0, 0.0, 0.4000000000000001, 0.9165151389911681, 1.552417469626002, 5.61159513863928, 6.797793759742936, 8.1, 4.5431266766402185, 4.001249804748512, 9.093404203047392, 4.862098312457287, 6.549045732013177, 7.975587752636166, 6.232976816898969, 9.254188241007421, 9.372833082905082, 9.58331884056875, 6.053098380168622, 5.173006862551025, 6.770524351924303, 6.539113089708726, 4.290687590584986, 6.000833275471, 4.449719092257398, 9.297849213662266, 11.605602095539895, 10.864621484432856, 10.052362906302179, 9.10439454329611, 7.263607918933951, 6.823488843692792, 5.6, 6.1838499334961226, 7.525955088890711, 9.075241043630742, 7.256031973468694, 8.466994744299775, 9.293008124391154, 10.520931517693668, 4.915282290977803, 8.854377448471462, 8.558037158133867, 8.030566605165541, 8.2365041127896, 8.32165848854662, 6.988562083862459, 8.791473141629906, 9.787747442593725, 10.225458424931373, 6.019966777316965, 11.027692415006868, 6.779380502671317, 7.823681997627459, 7.0823724838503095, 13.442098050527676, 8.084553172563094, 5.61159513863928, 9.521029356114811, 9.623408959407264, 9.748846085563152, 8.10246875958186, 2.6, 3.3166247903554, 3.4583232931581165, 2.4103941586387903, 2.5787593916455256, 1.7888543819998317, 2.039607805437114, 2.4413111231467406, 2.4819347291981715, 2.90516780926679, 1.972308292331602, 2.2113344387495983, 1.7578395831246945, 1.7916472867168918, 1.5779733838059502, 1.6155494421403513, 1.676305461424021, 1.7578395831246945, 2.009975124224178, 2.0591260281974, 3.7429934544425802, 1.42828568570857, 1.044030650891055, 1.8138357147217055, 1.42828568570857, 2.244994432064365, 2.8000000000000003, 2.2891046284519194, 1.8466185312619385, 1.8681541692269406, 2.5787593916455256, 1.6155494421403513, 2.0099751242241783, 3.2802438933713454, 3.9560080889704965, 2.758622844826744, 2.368543856465402], "timestamps_eval": [87.68105101585388, 172.9895589351654, 258.30670833587646, 343.6273944377899, 429.72873973846436, 515.9971771240234, 602.2325246334076, 688.4925410747528, 774.1801505088806, 859.9962048530579, 945.9254815578461, 1031.8441891670227, 1117.6198966503143, 1203.3591673374176, 1289.1569919586182, 1375.0616896152496, 1460.898461818695, 1546.9014744758606, 1632.8452534675598, 1718.7527420520782, 1804.669916152954, 1890.4879269599915, 1976.3079497814178, 2062.063212633133, 2148.040942430496, 2233.7262573242188, 2319.4949066638947, 2405.2152650356293, 2491.049167394638, 2576.779381752014, 2662.6519527435303, 2748.4996473789215, 2834.363936662674, 2920.16565823555, 3006.1500680446625, 3092.013820886612, 3177.8120832443237, 3263.806020259857, 3349.6732597351074, 3435.5269889831543, 3521.373903989792, 3607.371322631836, 3693.3727333545685, 3779.4857885837555, 3865.4513812065125, 3951.4495737552643, 4037.451694726944, 4123.379469394684, 4209.219509840012, 4295.01442360878, 4381.150369644165, 4467.157992839813, 4553.13174533844, 4638.873529434204, 4724.8879227638245, 4810.799421787262, 4896.7082760334015, 4982.83095240593, 5068.783532381058, 5155.589163303375, 5241.783995389938, 5327.851183652878, 5413.802528381348, 5499.846740484238, 5585.788911581039, 5671.679925918579, 5757.607649803162, 5843.563765048981, 5929.298330783844, 6015.185476541519, 6100.874778747559, 6186.75101351738, 6272.544868469238, 6358.25292634964, 6443.942480802536, 6529.754306316376, 6615.6453332901, 6701.455642223358, 6787.296018362045, 6873.050468683243, 6958.859503269196, 7044.755453586578, 7130.5259211063385, 7216.258272409439, 7302.168220758438, 7388.172907590866, 7473.993550777435, 7559.822239160538, 7645.713755369186, 7731.599573135376, 7817.428209543228, 7903.282980918884, 7989.159640550613, 8074.990910053253, 8160.862499713898, 8246.694329500198, 8332.785635709763, 8418.56697845459, 8504.299768924713, 8590.220733165741], "timesteps_eval": [8805, 17638, 26471, 35304, 44137, 52970, 61803, 70636, 79469, 88302, 97135, 105968, 114801, 123634, 132467, 141300, 150133, 158966, 167799, 176632, 185465, 194298, 203131, 211964, 220797, 229630, 238463, 247296, 256129, 264962, 273795, 282628, 291461, 300294, 309127, 317960, 326793, 335626, 344459, 353292, 362125, 370958, 379791, 388624, 397457, 406290, 415123, 423956, 432789, 441622, 450455, 459288, 468121, 476954, 485787, 494620, 503453, 512286, 521119, 529952, 538785, 547618, 556451, 565284, 574117, 582950, 591783, 600616, 609449, 618282, 627115, 635948, 644781, 653614, 662447, 671280, 680113, 688946, 697779, 706612, 715445, 724278, 733111, 741944, 750777, 759610, 768443, 777276, 786109, 794942, 803775, 812608, 821441, 830274, 839107, 847940, 856773, 865606, 874439, 883272],