{"gamma": [0.98, 0.98, 0.98], "learning_rate": [-4, -5, -3], "returns_eval": [1.8, 7.4, 0.8, 2.0, 3.2, 0.6, 3.6, 2.8, 3.8, 4.3, 23.6, 19.6, 40.7, 54.6, 62.0, 68.8, 75.9, 95.0, 95.0, 102.4, 116.1, 106.6, 120.5, 112.5, 108.9, 113.0, 114.6, 124.9, 124.8, 139.5, 124.5, 130.1, 135.0, 137.8, 128.1, 136.7, 146.8, 161.9, 146.0, 154.1, 149.2, 147.7, 148.6, 159.0, 142.7, 151.5, 147.5, 171.5, 160.2, 163.7, 171.5, 166.3, 175.3, 166.0, 167.5, 169.2, 163.7, 190.2, 188.8, 200.0, 144.7, 156.2, 121.0, 118.6, 111.1, 103.9, 103.2, 108.5, 101.0, 98.1, 110.7, 96.3, 102.9, 92.1, 80.8, 73.5, 75.9, 77.1, 62.1, 57.4, 52.6, 46.4, 40.6, 42.5, 36.3, 24.0, 25.2, 20.2, 12.5, 18.5, 18.5, 8.4, 18.4, 13.5, 13.1, 10.5, 3.4, 1.1, 0.8, 0.5], "std_returns_eval": [2.2715633383201097, 6.6663333249995835, 1.6000000000000003, 3.1937438845342623, 2.9933259094191533, 1.2, 4.963869458396343, 3.3704599092705436, 3.994996871087636, 3.551056180912941, 15.994999218505765, 11.79152237838694, 23.061006049173137, 27.521627858831316, 32.22111109195336, 23.70147674724088, 26.37593600234881, 21.475567512873788, 17.070442290696512, 13.055267136294072, 10.387011119662866, 21.331666601557412, 8.163945124754331, 12.159358535712318, 17.276863141207087, 13.076696830622021, 14.847221962373972, 8.63075894692929, 13.89820132247335, 16.560495161679196, 15.951488958714794, 11.458184847522753, 15.381807436059, 18.252671037412583, 14.929500996349477, 17.658142597679973, 14.722771478223795, 48.48803976239914, 19.198958305074783, 12.152777460317456, 10.332473082471592, 18.78323720768068, 14.92112596287559, 20.688160865577203, 18.31966156892643, 22.966279629056164, 15.812969360622944, 63.02578837269709, 15.714961024450552, 15.16608057475629, 52.22690877316022, 22.86941188574818, 57.6195279397532, 14.946571513226704, 16.859715300087366, 17.116074316267735, 20.366884886992416, 71.07714119180653, 49.52130854490822, 69.13899044678045, 17.680780525757342, 23.79831926838532, 11.924764148611073, 13.646977687385585, 14.334922392534951, 13.382451195502265, 19.025246384738356, 11.164676439557038, 12.441864811996632, 18.76406139405859, 15.937691175323984, 26.48792177578301, 15.883639381451596, 24.18863369436149, 18.69117438792972, 21.58355855738344, 20.427677303110112, 28.626735755234122, 13.034185820372517, 15.538339679644025, 5.180733538795447, 10.33634364753804, 9.759098319004682, 11.83427226321923, 10.945775440780796, 10.178408519999577, 11.435033887138244, 10.303397497913005, 11.603878661895772, 12.579745625409124, 10.726136303441235, 8.138795979750322, 12.34665946724052, 5.766281297335398, 10.16316879718132, 9.831073186585481, 5.102940328869229, 1.374772708486752, 1.077032961426901, 0.6708203932499369], "timestamps_eval": [87.73927736282349, 173.39099383354187, 259.0096297264099, 344.59192872047424, 429.963427066803, 515.4495859146118, 601.0641674995422, 686.8051590919495, 772.6424279212952, 858.4407358169556, 944.3562049865723, 1030.1714942455292, 1115.9270453453064, 1201.9195339679718, 1287.8324811458588, 1373.6486721038818, 1459.4758791923523, 1545.3077275753021, 1631.2221422195435, 1717.1453671455383, 1803.2230768203735, 1889.097291469574, 1975.0149810314178, 2061.031415939331, 2146.9570071697235, 2232.908627271652, 2318.809759616852, 2404.737114429474, 2490.6883506774902, 2576.484847307205, 2662.4823727607727, 2748.420247554779, 2834.5506503582, 2920.502560377121, 3006.4588482379913, 3092.335550069809, 3178.3128373622894, 3278.2247166633606, 3364.187146425247, 3450.1087238788605, 3536.159206390381, 3622.0280618667603, 3707.862280368805, 3793.7830970287323, 3879.6338872909546, 3965.606776714325, 4051.431319952011, 4151.524078130722, 4237.551501274109, 4323.65796995163, 4423.741030216217, 4509.660967350006, 4609.645981788635, 4695.647718667984, 4781.52761721611, 4867.524143218994, 4953.680801153183, 5053.7330930233, 5154.016651391983, 5254.146295309067, 5340.110219955444, 5425.962829113007, 5511.763080596924, 5597.755956888199, 5683.633505344391, 5769.546403646469, 5855.330768823624, 5941.135701417923, 6026.953045845032, 6112.8664038181305, 6198.845045089722, 6284.857656955719, 6370.705023765564, 6456.7033903598785, 6542.814545631409, 6628.693502902985, 6714.609672307968, 6800.493801832199, 6886.376598119736, 6972.370320796967, 7058.345011711121, 7144.197160720825, 7230.15244603157, 7316.231599569321, 7402.056795120239, 7487.936914205551, 7574.051985025406, 7659.996651887894, 7746.189799308777, 7832.182422876358, 7917.990540027618, 8003.971559286118, 8089.867567062378, 8175.662913799286, 8261.510461330414, 8347.346540927887, 8433.316992521286, 8519.159006357193, 8605.135186433792, 8690.818405389786], "timesteps_eval": [8805, 17638, 26471, 35304, 44137, 52970, 61803, 70636, 79469, 88302, 97135, 105968, 114801, 123634, 132467, 141300, 150133, 158966, 167799, 176632, 185465, 194298, 203131, 211964, 220797, 229630, 238463, 247296, 256129, 264962, 273795, 282628, 291461, 300294, 309127, 317960, 326793, 335626, 344459, 353292, 362125, 370958, 379791, 388624, 397457, 406290, 415123, 423956, 432789, 441622, 450455, 459288, 468121, 476954, 485787, 494620, 503453, 512286, 521119, 529952, 538785, 547618, 556451, 565284, 574117, 582950, 591783, 600616, 609449, 618282, 627115, 635948, 644781, 653614, 662447, 671280, 680113, 688946, 697779, 706612, 715445, 724278, 733111, 741944, 750777, 759610, 768443, 777276, 786109, 794942, 803775, 812608, 821441, 830274, 839107, 847940, 856773, 865606, 874439, 883272],