{"gamma": [0.99, 0.95, 0.95], "learning_rate": [-5, -5, -5], "returns_eval": [0.0, 0.0, 0.0, 0.0, 0.1, 12.5, 2.6, 13.3, 12.7, 32.0, 20.2, 13.6, 13.0, 13.0, 13.0, 23.9, 22.8, 22.8, 22.8, 22.8, 22.8, 22.8, 22.8, 22.8, 22.8, 22.8, 22.8, 22.8, 22.8, 22.8, 22.8, 22.8, 22.8, 22.8, 22.8, 22.8, 23.4, 30.5, 31.2, 33.5, 55.9, 56.9, 59.6, 68.3, 64.0, 65.9, 82.7, 70.8, 69.9, 74.0, 84.0, 70.1, 79.6, 79.9, 85.4, 75.1, 79.5, 79.6, 89.6, 90.5, 89.5, 82.7, 101.7, 77.8, 86.4, 89.6, 86.1, 95.0, 96.3, 92.6, 98.0, 94.2, 101.3, 96.9, 102.6, 104.4, 90.1, 100.0, 104.5, 105.1, 105.4, 104.2, 109.6, 102.8, 90.1, 95.5, 108.7, 109.2, 113.2, 120.1, 116.9, 121.5, 113.1, 114.8, 111.4, 120.5, 112.5, 111.6, 116.1, 111.4], "std_returns_eval": [0.0, 0.0, 0.0, 0.0, 0.30000000000000004, 11.603878661895772, 5.660388679233963, 12.570202862324857, 11.627983488120371, 24.07072911234722, 10.665833300778706, 9.75909831900468, 6.648308055437865, 6.648308055437865, 6.648308055437865, 8.904493247793498, 10.283968105745954, 10.283968105745954, 10.283968105745954, 10.283968105745954, 10.283968105745954, 10.283968105745954, 10.283968105745954, 10.283968105745954, 10.283968105745954, 10.283968105745954, 10.283968105745954, 10.283968105745954, 10.283968105745954, 10.283968105745954, 10.283968105745954, 10.283968105745954, 10.283968105745954, 10.283968105745954, 10.283968105745954, 10.283968105745954, 9.123595782365635, 11.289375536317321, 12.898061869908982, 12.306502346320826, 19.185671737002068, 25.92469864820033, 21.50906785520935, 28.816835357131083, 23.98332754227403, 20.042205467462903, 21.340337391897066, 26.102873405048722, 25.09362468835461, 27.018512172212592, 25.39685019840059, 21.956547998262387, 29.148584871310646, 28.90484388471939, 20.19504889818294, 24.205164738129753, 27.648688938175713, 21.429885673983424, 25.12846990964631, 22.100904958847273, 25.950915205441216, 30.73450829279688, 19.162724232217087, 20.556264252047356, 25.919876542915862, 19.815145722401336, 26.197137248180383, 14.567086187704115, 9.317188417113822, 19.678414570284875, 22.172054483064937, 27.501999927278014, 21.137880688470165, 19.09162119884008, 17.054031781370647, 21.532301316858817, 18.721378154398785, 10.963576058932597, 11.977061409210524, 17.184004189943625, 23.328951969602063, 19.348384945519356, 15.18025032731674, 18.443427013437606, 18.689301752607026, 18.953891421024867, 11.807201192492656, 11.948221624995076, 11.6, 12.668464784653269, 24.651369130334324, 15.272524349301264, 21.88355546980426, 11.373653766490344, 14.291256067959877, 21.955637089367276, 10.837435120913065, 13.836184445142381, 8.50235261559999, 9.93176721434811], "timestamps_eval": [89.80125069618225, 176.99721217155457, 264.2451241016388, 351.4328329563141, 438.9293119907379, 526.2531638145447, 613.5891687870026, 700.9712014198303, 788.4644818305969, 875.7720296382904, 963.2789742946625, 1050.6699659824371, 1138.0906944274902, 1225.601217508316, 1313.104645729065, 1400.7968740463257, 1488.252920627594, 1575.8564014434814, 1663.6591687202454, 1751.0248260498047, 1838.5205206871033, 1925.9095702171326, 2013.3477025032043, 2100.6887266635895, 2188.063093662262, 2277.245398044586, 2364.66743350029, 2452.053380250931, 2539.4093482494354, 2626.7465550899506, 2714.0417773723602, 2801.396074771881, 2888.7279381752014, 2976.037045478821, 3063.438601732254, 3150.8402173519135, 3238.270649909973, 3325.7158467769623, 3413.286686897278, 3500.85524725914, 3588.470656633377, 3676.0229704380035, 3763.4856536388397, 3850.9991002082825, 3938.686784029007, 4026.180709838867, 4113.693130493164, 4201.271157503128, 4288.764050960541, 4376.2674815654755, 4463.751615285873, 4551.203952550888, 4638.712163925171, 4726.195415735245, 4813.816326379776, 4901.303925991058, 4988.754050254822, 5076.238741397858, 5163.74168753624, 5251.299586772919, 5338.700740098953, 5426.111196041107, 5513.545956373215, 5601.033072948456, 5688.59756231308, 5776.095937728882, 5863.631611824036, 5951.078643321991, 6038.589360952377, 6125.9703986644745, 6213.599002122879, 6301.183768033981, 6388.6255395412445, 6476.214013338089, 6563.68936252594, 6651.233956336975, 6738.723348140717, 6826.1025948524475, 6913.623302459717, 7001.068777799606, 7088.596847772598, 7176.059194564819, 7263.4371502399445, 7351.010867357254, 7438.362897872925, 7525.90026974678, 7613.375665426254, 7700.831553697586, 7788.351654052734, 7875.831130981445, 7963.268844842911, 8050.772255897522, 8138.287392139435, 8225.832334756851, 8313.25872039795, 8400.735466241837, 8488.280215501785, 8575.69471502304, 8663.08793091774, 8750.53247475624], "timesteps_eval": [8808, 17642, 26476, 35310, 44144, 52978, 61812, 70646, 79480, 88314, 97148, 105982, 114816, 123650, 132484, 141318, 150152, 158986, 167820, 176654, 185488, 194322, 203156, 211990, 220824, 229658, 238492, 247326, 256160, 264994, 273828, 282662, 291496, 300330, 309164, 317998, 326832, 335666, 344500, 353334, 362168, 371002, 379836, 388670, 397504, 406338, 415172, 424006, 432840, 441674, 450508, 459342, 468176, 477010, 485844, 494678, 503512, 512346, 521180, 530014, 538848, 547682, 556516, 565350, 574184, 583018, 591852, 600686, 609520, 618354, 627188, 636022, 644856, 653690, 662524, 671358, 680192, 689026, 697860, 706694, 715528, 724362, 733196, 742030, 750864, 759698, 768532, 777366, 786200, 795034, 803868, 812702, 821536, 830370, 839204, 848038, 856872, 865706, 874540, 883374],