{"gamma": 1.0, "learning_rate": -6, "clip": 0.2, "returns_eval": [0.0, 0.0, 0.0, 0.0, 0.0, 0.0, 0.0, 0.0, 0.0, 0.0, 5.1, 0.1, 0.0, 22.8, 31.5, 31.5, 31.5, 31.5, 31.5, 31.5, 31.5, 31.5, 31.5, 31.5, 31.5, 31.5, 31.5, 31.5, 31.5, 31.5, 31.5, 31.5, 31.5, 31.5, 31.5, 31.5, 31.5, 31.5, 31.5, 31.5, 31.5, 31.5, 31.5, 31.5, 31.5, 31.5, 31.5, 31.5, 31.5, 31.5, 31.5, 31.5, 31.5, 31.5, 31.5, 31.5, 31.5, 31.5, 31.5, 31.5, 31.5, 31.5, 31.5, 31.5, 31.5, 31.5, 31.5, 31.5, 31.5, 31.5, 31.5, 31.5, 31.5, 31.5, 31.5, 31.5, 31.5, 31.5, 31.5, 31.5, 31.5, 31.5, 31.5, 31.5, 31.5, 31.5, 31.5, 31.5, 31.5, 31.5, 31.5, 31.5, 31.5, 31.5, 31.5, 31.5, 31.5, 31.5, 31.5, 31.5], "std_returns_eval": [0.0, 0.0, 0.0, 0.0, 0.0, 0.0, 0.0, 0.0, 0.0, 0.0, 4.158124577258358, 0.30000000000000004, 0.0, 15.522886329545804, 23.64000846023537, 23.64000846023537, 23.64000846023537, 23.64000846023537, 23.64000846023537, 23.64000846023537, 23.64000846023537, 23.64000846023537, 23.64000846023537, 23.64000846023537, 23.64000846023537, 23.64000846023537, 23.64000846023537, 23.64000846023537, 23.64000846023537, 23.64000846023537, 23.64000846023537, 23.64000846023537, 23.64000846023537, 23.64000846023537, 23.64000846023537, 23.64000846023537, 23.64000846023537, 23.64000846023537, 23.64000846023537, 23.64000846023537, 23.64000846023537, 23.64000846023537, 23.64000846023537, 23.64000846023537, 23.64000846023537, 23.64000846023537, 23.64000846023537, 23.64000846023537, 23.64000846023537, 23.64000846023537, 23.64000846023537, 23.64000846023537, 23.64000846023537, 23.64000846023537, 23.64000846023537, 23.64000846023537, 23.64000846023537, 23.64000846023537, 23.64000846023537, 23.64000846023537, 23.64000846023537, 23.64000846023537, 23.64000846023537, 23.64000846023537, 23.64000846023537, 23.64000846023537, 23.64000846023537, 23.64000846023537, 23.64000846023537, 23.64000846023537, 23.64000846023537, 23.64000846023537, 23.64000846023537, 23.64000846023537, 23.64000846023537, 23.64000846023537, 23.64000846023537, 23.64000846023537, 23.64000846023537, 23.64000846023537, 23.64000846023537, 23.64000846023537, 23.64000846023537, 23.64000846023537, 23.64000846023537, 23.64000846023537, 23.64000846023537, 23.64000846023537, 23.64000846023537, 23.64000846023537, 23.64000846023537, 23.64000846023537, 23.64000846023537, 23.64000846023537, 23.64000846023537, 23.64000846023537, 23.64000846023537, 23.64000846023537, 23.64000846023537, 23.64000846023537], "timestamps_eval": [87.92753887176514, 173.71208119392395, 259.3146619796753, 345.04396390914917, 430.5706832408905, 516.2061641216278, 602.7176280021667, 688.3149619102478, 774.0642788410187, 859.6920597553253, 945.3636295795441, 1031.0934739112854, 1116.792345046997, 1202.6693406105042, 1288.526762008667, 1374.3168442249298, 1460.1041300296783, 1546.0466692447662, 1632.1317467689514, 1717.998110294342, 1803.8753044605255, 1889.9657361507416, 1975.9091439247131, 2061.9077804088593, 2147.8976883888245, 2233.824683904648, 2319.656639814377, 2405.593236684799, 2491.4825308322906, 2577.3891599178314, 2663.2986977100372, 2749.217664718628, 2835.17657327652, 2921.0998373031616, 3007.0134279727936, 3092.9425609111786, 3178.827264070511, 3264.7417788505554, 3350.6420516967773, 3436.6316826343536, 3522.580153465271, 3608.4564929008484, 3694.386294364929, 3780.2164874076843, 3866.173015832901, 3952.00856757164, 4037.9916121959686, 4123.8269073963165, 4209.719822406769, 4295.602766036987, 4382.3311314582825, 4468.358665943146, 4554.377299785614, 4640.316399335861, 4726.209073781967, 4812.058932065964, 4897.893351316452, 4983.741410970688, 5069.625662088394, 5155.646114349365, 5241.4596202373505, 5327.310841560364, 5413.212916612625, 5499.031068086624, 5585.1330416202545, 5670.975906610489, 5756.817091226578, 5842.8581964969635, 5928.681348323822, 6014.563165426254, 6100.4575526714325, 6186.393522500992, 6272.2310111522675, 6358.250492572784, 6444.104535102844, 6529.959281921387, 6615.812090396881, 6701.745747804642, 6787.607619524002, 6873.555992126465, 6959.556295633316, 7045.584319591522, 7131.425393342972, 7217.396028995514, 7303.192294359207, 7389.066536426544, 7474.93905544281, 7560.783709526062, 7646.70901799202, 7732.6472318172455, 7818.524516582489, 7904.3557415008545, 7990.318219900131, 8076.212139844894, 8162.070466756821, 8248.095265388489, 8334.08193063736, 8420.04153060913, 8506.032953739166, 8592.251114845276], "timesteps_eval": [8805, 17638, 26471, 35304, 44137, 52970, 61803, 70636, 79469, 88302, 97135, 105968, 114801, 123634, 132467, 141300, 150133, 158966, 167799, 176632, 185465, 194298, 203131, 211964, 220797, 229630, 238463, 247296, 256129, 264962, 273795, 282628, 291461, 300294, 309127, 317960, 326793, 335626, 344459, 353292, 362125, 370958, 379791, 388624, 397457, 406290, 415123, 423956, 432789, 441622, 450455, 459288, 468121, 476954, 485787, 494620, 503453, 512286, 521119, 529952, 538785, 547618, 556451, 565284, 574117, 582950, 591783, 600616, 609449, 618282, 627115, 635948, 644781, 653614, 662447, 671280, 680113, 688946, 697779, 706612, 715445, 724278, 733111, 741944, 750777, 759610, 768443, 777276, 786109, 794942, 803775, 812608, 821441, 830274, 839107, 847940, 856773, 865606, 874439, 883272],