{"gamma": [0.98, 0.95, 0.99], "learning_rate": [-3, -4, -4], "returns_eval": [1.3, 0.2, 0.1, 1.4, 0.7, 1.1, 1.2, 2.7, 5.7, 7.6, 4.6, 6.9, 6.9, 14.0, 12.9, 12.1, 18.8, 19.7, 20.3, 22.6, 14.1, 23.7, 31.0, 18.7, 15.0, 23.9, 17.1, 13.3, 12.8, 7.9, 10.2, 13.7, 16.8, 19.7, 16.2, 25.9, 22.0, 24.3, 30.7, 35.3, 37.3, 35.7, 47.6, 38.0, 38.8, 55.4, 51.4, 53.4, 49.4, 54.4, 51.8, 66.7, 58.6, 64.3, 73.1, 69.7, 81.6, 86.1, 74.2, 68.1, 77.3, 93.6, 80.9, 90.8, 83.6, 87.4, 84.8, 86.9, 87.8, 88.5, 90.9, 85.4, 76.7, 85.4, 70.1, 70.5, 76.7, 79.0, 76.9, 69.1, 69.5, 77.4, 85.5, 77.8, 84.8, 75.7, 78.8, 68.1, 74.5, 72.8, 68.4, 67.8, 67.9, 82.8, 76.7, 65.7, 63.5, 66.4, 65.1, 62.7], "std_returns_eval": [1.8466185312619388, 0.4000000000000001, 0.30000000000000004, 3.2310988842807022, 1.4866068747318504, 1.5132745950421556, 1.5362291495737217, 3.0016662039607267, 5.197114584074513, 5.219195340279955, 3.52703841770968, 6.284106937345991, 6.876772498781678, 8.012490249604053, 11.894956914591999, 6.7889616289974715, 13.302631318652711, 10.714942836991712, 13.791664149043072, 13.741906709041508, 8.10493676718085, 10.705606008068855, 7.886697661252142, 7.389857914736926, 6.557438524302, 10.338762014864255, 8.178630692236935, 9.497894503520241, 5.5641710972974225, 5.223983154643591, 3.54400902933387, 7.483982896827063, 9.744742172063868, 7.280796659706958, 6.954135460285484, 10.034440691936945, 9.808159868191384, 11.1, 8.93364427319557, 13.251792331605563, 13.431678971744374, 10.04041831797859, 13.588230201170424, 10.178408519999577, 12.014990636700473, 15.576905982896603, 9.221713506718803, 21.07225664232476, 17.97887649437528, 16.764247671756703, 14.323407415835103, 14.332131732579072, 19.744366285095097, 14.30419518882485, 13.186735759845952, 13.289469515371936, 13.668942899873421, 20.359027481684873, 20.595145058969603, 8.525843066817497, 23.42242515197775, 24.804031930313265, 15.636176003102548, 14.476187343358058, 21.703455946000858, 9.2, 17.10438540258024, 15.469001260585637, 13.090454537562858, 20.905740838343903, 14.152384958020328, 16.644518617250544, 21.721187812824603, 20.833626664601628, 16.027788368954717, 20.41690476051647, 21.166246714994134, 11.764352935882194, 14.327944723511465, 17.008527273106278, 19.774984197212397, 14.568459081179451, 17.867568385205637, 14.168980203246809, 17.808986495586996, 18.43936007566423, 20.994284936620254, 19.506152875439074, 21.18608033591868, 17.735839421916292, 23.673614003780667, 19.140532907941722, 12.69212354178764, 15.91728620085723, 17.782294565100422, 16.087572843657927, 19.561441664662652, 18.402173784637508, 16.015305179733545, 15.479341071247186], "timestamps_eval": [89.1587278842926, 176.1476912498474, 263.2972369194031, 350.50577211380005, 437.89602041244507, 524.9647343158722, 612.4238669872284, 699.6158113479614, 787.0963003635406, 874.6667070388794, 962.1963112354279, 1049.670244693756, 1137.2351701259613, 1224.7233836650848, 1312.247576713562, 1399.738986492157, 1487.3807463645935, 1574.9382722377777, 1662.5952770709991, 1750.1023099422455, 1837.8459765911102, 1925.6121082305908, 2013.233645439148, 2100.7376101017, 2188.428111553192, 2276.114022254944, 2363.7357079982758, 2451.331209421158, 2539.0835626125336, 2626.608766078949, 2714.3311314582825, 2802.0741107463837, 2889.8422927856445, 2977.5864839553833, 3065.277688741684, 3152.978011369705, 3240.628385066986, 3328.438088655472, 3416.115354537964, 3503.6429800987244, 3591.5005650520325, 3679.296046972275, 3768.2166221141815, 3856.234848499298, 3944.1445093154907, 4032.0284111499786, 4119.988193511963, 4207.91303229332, 4295.8148021698, 4383.418822288513, 4471.4407522678375, 4559.2803864479065, 4647.219973325729, 4734.941702842712, 4822.819934129715, 4910.632937192917, 4999.53887963295, 5087.320478916168, 5175.216930150986, 5263.175508737564, 5350.841522455215, 5438.590142250061, 5526.51655626297, 5614.367191791534, 5702.315198659897, 5790.160268068314, 5877.982355594635, 5965.644286394119, 6053.561279296875, 6141.421399116516, 6229.209703683853, 6316.875238656998, 6404.626218557358, 6492.326392173767, 6580.030740022659, 6667.737169265747, 6755.696081161499, 6843.435761451721, 6931.222929477692, 7018.9390568733215, 7106.852978467941, 7194.5562479496, 7282.527713537216, 7370.2950167655945, 7458.080554962158, 7546.16191983223, 7634.078932762146, 7721.750588655472, 7809.634208440781, 7897.715492725372, 7985.624090909958, 8073.2464146614075, 8161.190226078033, 8248.857483148575, 8336.60103058815, 8424.323009729385, 8512.238883972168, 8600.071520328522, 8687.923938035965, 8776.359090805054], "timesteps_eval": [8804, 17635, 26466, 35297, 44128, 52959, 61790, 70621, 79452, 88283, 97114, 105945, 114776, 123607, 132438, 141269, 150100, 158931, 167762, 176593, 185424, 194255, 203086, 211917, 220748, 229579, 238410, 247241, 256072, 264903, 273734, 282565, 291396, 300227, 309058, 317889, 326720, 335551, 344382, 353213, 362044, 370875, 379706, 388537, 397368, 406199, 415030, 423861, 432692, 441523, 450354, 459185, 468016, 476847, 485678, 494509, 503340, 512171, 521002, 529833, 538664, 547495, 556326, 565157, 573988, 582819, 591650, 600481, 609312, 618143, 626974, 635805, 644636, 653467, 662298, 671129, 679960, 688791, 697622, 706453, 715284, 724115, 732946, 741777, 750608, 759439, 768270, 777101, 785932, 794763, 803594, 812425, 821256, 830087, 838918, 847749, 856580, 865411, 874242, 883073],