{"gamma": 1.0, "learning_rate": -4, "clip": 0.2, "returns_eval": [0.0, 0.1, 0.0, 0.0, 0.0, 1.3, 0.1, 0.0, 0.0, 1.1, 0.3, 1.6, 0.5, 0.3, 0.2, 0.1, 3.5, 0.0, 0.6, 0.0, 0.0, 0.0, 0.1, 0.0, 0.0, 0.0, 0.0, 0.1, 0.1, 0.2, 0.8, 0.6, 0.0, 0.0, 0.9, 0.2, 0.2, 0.5, 0.8, 1.4, 1.6, 1.8, 0.9, 3.7, 0.7, 0.9, 0.4, 1.5, 2.3, 2.9, 4.8, 3.8, 0.5, 1.5, 2.3, 0.6, 1.4, 0.8, 2.0, 1.2, 0.6, 0.4, 1.8, 1.6, 0.6, 2.3, 2.5, 2.0, 3.0, 1.0, 1.8, 3.4, 3.4, 1.8, 3.0, 2.6, 7.7, 7.5, 7.2, 2.1, 8.5, 4.5, 3.3, 9.9, 4.8, 12.1, 8.0, 2.6, 9.2, 9.3, 21.5, 15.3, 13.3, 12.2, 22.2, 20.4, 14.0, 13.8, 17.8, 18.1], "std_returns_eval": [0.0, 0.30000000000000004, 0.0, 0.0, 0.0, 1.676305461424021, 0.30000000000000004, 0.0, 0.0, 3.3, 0.6403124237432849, 3.4698703145794947, 1.5, 0.9000000000000001, 0.6000000000000001, 0.30000000000000004, 5.835237784358063, 0.0, 0.9165151389911681, 0.0, 0.0, 0.0, 0.30000000000000004, 0.0, 0.0, 0.0, 0.0, 0.30000000000000004, 0.30000000000000004, 0.6000000000000001, 1.4000000000000001, 1.2806248474865698, 0.0, 0.0, 2.118962010041709, 0.6000000000000001, 0.4000000000000001, 1.02469507659596, 1.2489995996796797, 2.1540659228538015, 2.4576411454889016, 1.9390719429665317, 1.8138357147217055, 6.034069936618236, 0.7810249675906655, 1.374772708486752, 0.9165151389911681, 2.5, 2.6476404589747453, 2.3000000000000003, 6.43117407632541, 7.249827584156742, 0.806225774829855, 1.6881943016134133, 2.193171219946131, 0.9165151389911679, 1.9078784028338913, 1.5362291495737217, 2.3664319132398464, 1.5362291495737217, 0.8, 0.66332495807108, 2.3151673805580453, 2.3323807579381204, 1.0198039027185568, 1.7349351572897473, 3.0413812651491097, 3.1937438845342623, 2.792848008753788, 0.7745966692414834, 3.4871191548325386, 4.054626986542658, 5.4626001134990645, 1.4000000000000001, 3.687817782917155, 3.6932370625238775, 10.227903010881555, 6.637017402418047, 9.152048950918042, 4.1340053217188775, 7.915175298121956, 5.371219600798314, 4.980963762164908, 10.793053321465617, 5.306599664568639, 12.421352583354198, 9.9498743710662, 2.727636339397171, 5.979966555090422, 8.136952746575343, 9.656603957913983, 9.960421677820674, 6.9, 5.929586832149438, 16.259151269362125, 15.441502517566093, 6.797058187186572, 7.871467461661771, 11.461239025515523, 12.152777460317456], "timestamps_eval": [88.58663296699524, 176.27118229866028, 263.85092973709106, 352.1422743797302, 439.6900808811188, 528.1299870014191, 616.6630773544312, 704.7178695201874, 790.9965846538544, 878.1918604373932, 965.0760097503662, 1053.0663132667542, 1140.8981628417969, 1229.4722430706024, 1316.8573758602142, 1405.2894620895386, 1493.193576335907, 1580.1790885925293, 1667.375559091568, 1755.7152903079987, 1843.338880777359, 1931.3233048915863, 2017.8006885051727, 2106.1519343852997, 2193.8171956539154, 2281.4930918216705, 2368.915176153183, 2456.3135147094727, 2543.3227050304413, 2630.9650444984436, 2718.011747121811, 2805.1158730983734, 2892.6498086452484, 2980.072868824005, 3067.485627412796, 3154.7764513492584, 3241.8415796756744, 3330.027615070343, 3417.3362102508545, 3505.3447346687317, 3592.7702112197876, 3680.048312664032, 3766.8431928157806, 3854.604206085205, 3941.4727976322174, 4028.5034289360046, 4115.25771355629, 4202.529032945633, 4290.452421426773, 4377.434400558472, 4463.9787838459015, 4552.303605079651, 4639.878931522369, 4727.264435052872, 4814.544005870819, 4902.70196723938, 4990.292068004608, 5078.463495254517, 5166.354164123535, 5253.797785997391, 5341.568306684494, 5429.043523073196, 5516.396406650543, 5603.588846683502, 5692.214487314224, 5779.782952547073, 5866.9540803432465, 5955.170979976654, 6042.705149412155, 6130.684103727341, 6218.665880680084, 6305.746611833572, 6393.864793300629, 6481.604696512222, 6571.006604671478, 6658.770582914352, 6746.780069589615, 6833.962710142136, 6921.453486442566, 7011.232890129089, 7099.421573877335, 7187.3955500125885, 7275.78190946579, 7364.307288646698, 7451.54474902153, 7538.825645446777, 7626.868894338608, 7714.986002922058, 7803.110447406769, 7891.788214206696, 7980.83839058876, 8068.785719633102, 8157.222393035889, 8244.44875383377, 8332.244910955429, 8420.84257364273, 8509.587357997894, 8597.677168130875, 8686.351006269455, 8773.862734079361], "timesteps_eval": [8802, 17640, 26478, 35316, 44154, 52992, 61830, 70668, 79506, 88344, 97182, 106020, 114858, 123696, 132534, 141372, 150210, 159048, 167886, 176724, 185562, 194400, 203238, 212076, 220914, 229752, 238590, 247428, 256266, 265104, 273942, 282780, 291618, 300456, 309294, 318132, 326970, 335808, 344646, 353484, 362322, 371160, 379998, 388836, 397674, 406512, 415350, 424188, 433026, 441864, 450702, 459540, 468378, 477216, 486054, 494892, 503730, 512568, 521406, 530244, 539082, 547920, 556758, 565596, 574434, 583272, 592110, 600948, 609786, 618624, 627462, 636300, 645138, 653976, 662814, 671652, 680490, 689328, 698166, 707004, 715842, 724680, 733518, 742356, 751194, 760032, 768870, 777708, 786546, 795384, 804222, 813060, 821898, 830736, 839574, 848412, 857250, 866088, 874926, 883764],