{"gamma": [0.99, 0.95, 0.95], "learning_rate": [-4, -4, -3], "returns_eval": [0.0, 0.0, 0.3, 0.2, 1.2, 0.0, 0.2, 0.1, 1.1, 0.7, 2.0, 1.1, 7.2, 12.1, 15.9, 21.0, 21.6, 22.2, 44.7, 54.6, 70.9, 50.3, 62.2, 83.9, 71.7, 102.2, 74.4, 101.1, 103.1, 102.4, 118.2, 100.7, 111.0, 122.6, 118.6, 120.8, 127.3, 130.3, 133.7, 134.2, 128.7, 149.9, 147.9, 145.1, 151.8, 155.1, 178.0, 156.4, 151.8, 171.5, 191.5, 190.7, 183.0, 171.3, 182.6, 203.2, 212.7, 168.2, 189.3, 213.1, 150.2, 140.0, 127.9, 136.1, 134.3, 125.6, 116.1, 128.6, 121.8, 114.5, 108.0, 112.2, 102.9, 107.8, 95.0, 84.3, 89.7, 86.8, 73.0, 77.3, 89.7, 81.7, 68.9, 63.6, 50.4, 49.8, 51.5, 49.3, 54.2, 41.9, 45.3, 32.0, 29.8, 24.5, 29.0, 34.8, 29.0, 28.2, 38.4, 25.4], "std_returns_eval": [0.0, 0.0, 0.9000000000000001, 0.6000000000000001, 2.9933259094191533, 0.0, 0.4000000000000001, 0.30000000000000004, 2.1656407827707715, 0.9, 1.7888543819998317, 1.7578395831246947, 6.569627082262737, 13.25481044753187, 9.038252043398657, 12.946041866145807, 15.094369811290566, 14.606847709208171, 12.296747537458838, 16.044936896105263, 28.598776197592795, 10.991360243391169, 18.08203528367313, 18.05242365999646, 22.325097984107483, 14.386104406683554, 22.913751329714653, 11.273420066687837, 9.974467404327912, 16.007498243010993, 16.228370220080635, 21.790135382782733, 12.255610959882823, 15.252540771950093, 18.53752950098799, 20.62910565196659, 18.67645576655271, 20.847301983710025, 12.313001258832063, 11.660188677718727, 13.153326575433303, 17.207265907168402, 18.667886864881094, 21.851544567833184, 23.155129021450087, 22.26858774148015, 44.052241713674455, 9.264987857520376, 17.859451279364663, 15.200328943809078, 51.81167822026227, 49.0449793556894, 45.4686705325766, 12.625767303415664, 41.51192599723603, 59.15369810924757, 75.27024644572383, 14.641038214552955, 38.431887801668026, 77.26506325629974, 16.83330033000065, 16.631295800387896, 15.029637387508723, 16.79553512097784, 10.363879582472965, 18.586016248782308, 10.044401425669925, 10.537551897855593, 20.57085316655583, 25.358430550804993, 18.253766734567417, 9.66229786334493, 14.404513181638594, 22.1033934046336, 20.19405853215247, 25.40885672359148, 23.99604134018776, 19.4411933790084, 21.831170376322017, 26.363042313056358, 21.302816715167033, 19.864792976520043, 15.591343752223539, 14.4512975196001, 13.402984742213206, 12.023310692151309, 15.435349040433131, 12.522379965485793, 15.151237573214935, 11.596982366115766, 13.289469515371936, 11.063453348751466, 3.7894590642992836, 8.212794895770866, 9.889388252060893, 10.590561835898981, 11.027239001672177, 16.491209779758428, 19.298704619740676, 10.091580649234292], "timestamps_eval": [89.50165224075317, 177.3198173046112, 264.9934403896332, 352.49843311309814, 440.0083158016205, 528.082179069519, 616.121157169342, 704.2429754734039, 792.0936303138733, 879.7832934856415, 967.8570096492767, 1055.8310022354126, 1143.6388392448425, 1231.5815691947937, 1319.2766406536102, 1407.1628277301788, 1494.8985052108765, 1582.5110428333282, 1670.2002758979797, 1757.8922891616821, 1845.5474050045013, 1933.234271287918, 2021.0819046497345, 2109.023008108139, 2197.1300859451294, 2285.126983642578, 2373.205582857132, 2461.180165052414, 2549.753298521042, 2637.9178750514984, 2726.0136466026306, 2814.1525797843933, 2902.2958133220673, 2990.3921990394592, 3078.487630844116, 3166.6574726104736, 3255.186084985733, 3343.7792575359344, 3432.065587043762, 3520.3247168064117, 3608.5539593696594, 3696.8240826129913, 3784.935814142227, 3873.0227530002594, 3961.1939873695374, 4049.37783741951, 4151.981509685516, 4240.035679101944, 4328.073290109634, 4416.084504365921, 4518.385346651077, 4621.170552253723, 4723.520343780518, 4811.773282527924, 4914.044220685959, 5016.651328802109, 5133.612540006638, 5222.610174417496, 5325.272507429123, 5443.185289144516, 5531.25110077858, 5619.386133670807, 5707.328140735626, 5795.2585072517395, 5883.429286956787, 5972.383127212524, 6060.774512529373, 6149.25847697258, 6237.6166043281555, 6325.611892223358, 6413.775905132294, 6501.933100700378, 6590.596513271332, 6678.711163282394, 6767.006843090057, 6855.404797077179, 6944.266752243042, 7032.122197389603, 7121.015154838562, 7208.961345672607, 7296.954374551773, 7385.06073141098, 7473.1045479774475, 7561.019638061523, 7648.8290202617645, 7736.81433057785, 7824.750193357468, 7912.66858291626, 8000.599997282028, 8088.65314745903, 8176.909782409668, 8265.213353157043, 8353.14582824707, 8441.271386623383, 8529.035390853882, 8616.972791910172, 8704.683824062347, 8792.649001836777, 8880.47361445427, 8968.230731010437], "timesteps_eval": [8808, 17642, 26476, 35310, 44144, 52978, 61812, 70646, 79480, 88314, 97148, 105982, 114816, 123650, 132484, 141318, 150152, 158986, 167820, 176654, 185488, 194322, 203156, 211990, 220824, 229658, 238492, 247326, 256160, 264994, 273828, 282662, 291496, 300330, 309164, 317998, 326832, 335666, 344500, 353334, 362168, 371002, 379836, 388670, 397504, 406338, 415172, 424006, 432840, 441674, 450508, 459342, 468176, 477452, 486286, 495120, 503954, 512788, 521622, 530456, 539290, 548124, 556958, 565792, 574626, 583460, 592294, 601128, 609962, 618796, 627630, 636464, 645298, 654132, 662966, 671800, 680634, 689468, 698302, 707136, 715970, 724804, 733638, 742472, 751306, 760140, 768974, 777808, 786642, 795476, 804310, 813144, 821978, 830812, 839646, 848480, 857314, 866148, 874982, 883816],