{"gamma": 0.99, "learning_rate": -2, "clip": 0.2, "returns_eval": [0.0, 0.0, 0.0, 0.0, 0.0, 0.0, 0.0, 0.0, 0.0, 0.0, 0.0, 0.0, 0.0, 0.0, 0.0, 0.0, 0.0, 0.0, 0.0, 0.0, 0.0, 0.0, 0.0, 0.0, 22.8, 22.8, 22.8, 22.8, 22.8, 22.8, 22.8, 22.8, 22.8, 22.8, 22.8, 22.8, 22.8, 22.8, 22.8, 22.8, 22.8, 22.8, 22.8, 22.8, 22.8, 22.8, 22.8, 22.8, 22.8, 22.8, 22.8, 22.8, 22.8, 22.8, 22.8, 22.8, 22.8, 22.8, 22.8, 22.8, 22.8, 22.8, 22.8, 22.8, 22.8, 22.8, 22.8, 22.8, 22.8, 22.8, 22.8, 22.8, 22.8, 22.8, 22.8, 22.8, 22.8, 22.8, 22.8, 22.8, 22.8, 22.8, 22.8, 22.8, 22.8, 22.8, 22.8, 22.8, 22.8, 22.8, 22.8, 22.8, 22.8, 22.8, 22.8, 22.8, 22.8, 22.8, 22.8, 22.8], "std_returns_eval": [0.0, 0.0, 0.0, 0.0, 0.0, 0.0, 0.0, 0.0, 0.0, 0.0, 0.0, 0.0, 0.0, 0.0, 0.0, 0.0, 0.0, 0.0, 0.0, 0.0, 0.0, 0.0, 0.0, 0.0, 10.283968105745954, 10.283968105745954, 10.283968105745954, 10.283968105745954, 10.283968105745954, 10.283968105745954, 10.283968105745954, 10.283968105745954, 10.283968105745954, 10.283968105745954, 10.283968105745954, 10.283968105745954, 10.283968105745954, 10.283968105745954, 10.283968105745954, 10.283968105745954, 10.283968105745954, 10.283968105745954, 10.283968105745954, 10.283968105745954, 10.283968105745954, 10.283968105745954, 10.283968105745954, 10.283968105745954, 10.283968105745954, 10.283968105745954, 10.283968105745954, 10.283968105745954, 10.283968105745954, 10.283968105745954, 10.283968105745954, 10.283968105745954, 10.283968105745954, 10.283968105745954, 10.283968105745954, 10.283968105745954, 10.283968105745954, 10.283968105745954, 10.283968105745954, 10.283968105745954, 10.283968105745954, 10.283968105745954, 10.283968105745954, 10.283968105745954, 10.283968105745954, 10.283968105745954, 10.283968105745954, 10.283968105745954, 10.283968105745954, 10.283968105745954, 10.283968105745954, 10.283968105745954, 10.283968105745954, 10.283968105745954, 10.283968105745954, 10.283968105745954, 10.283968105745954, 10.283968105745954, 10.283968105745954, 10.283968105745954, 10.283968105745954, 10.283968105745954, 10.283968105745954, 10.283968105745954, 10.283968105745954, 10.283968105745954, 10.283968105745954, 10.283968105745954, 10.283968105745954, 10.283968105745954, 10.283968105745954, 10.283968105745954, 10.283968105745954, 10.283968105745954, 10.283968105745954, 10.283968105745954], "timestamps_eval": [88.13571667671204, 173.8168008327484, 259.2666733264923, 344.65140318870544, 430.1494970321655, 515.7001152038574, 601.0437278747559, 686.5987730026245, 772.0740489959717, 857.5485548973083, 943.179074048996, 1028.6956522464752, 1114.2574605941772, 1199.8271412849426, 1285.3880364894867, 1370.887728691101, 1456.316101551056, 1541.9334659576416, 1627.359310388565, 1712.8322477340698, 1798.3118467330933, 1883.8199636936188, 1969.3096158504486, 2054.9196405410767, 2140.467871904373, 2226.2169137001038, 2311.7251238822937, 2397.3787753582, 2482.9719939231873, 2568.5586743354797, 2654.1684634685516, 2739.7627556324005, 2825.3831448554993, 2911.137643814087, 2996.6992099285126, 3082.297484397888, 3167.9100296497345, 3253.650552034378, 3339.379849910736, 3424.9783506393433, 3510.571543931961, 3596.1868376731873, 3681.7485299110413, 3767.148196220398, 3852.702510356903, 3938.31409573555, 4023.7711942195892, 4109.371093273163, 4194.8926339149475, 4280.386348962784, 4365.789240121841, 4451.233310699463, 4536.4864366054535, 4621.850338459015, 4707.171442985535, 4792.56979227066, 4877.889337778091, 4963.556932449341, 5048.904590129852, 5134.294442653656, 5220.47167134285, 5306.035042047501, 5391.491106033325, 5477.042717695236, 5562.4894323349, 5647.786128520966, 5732.9993188381195, 5818.334921360016, 5904.125199079514, 5989.455266237259, 6074.912601947784, 6160.473068475723, 6246.561994552612, 6332.083424568176, 6417.444449186325, 6502.89403796196, 6588.25426363945, 6673.692395448685, 6759.042288303375, 6844.494832515717, 6929.803390979767, 7015.221643209457, 7100.844921827316, 7186.523412227631, 7272.203218460083, 7357.869611024857, 7443.3688678741455, 7529.029247760773, 7614.645899772644, 7700.24911236763, 7785.9457149505615, 7871.589455366135, 7957.296315908432, 8043.038410186768, 8128.588192939758, 8214.22206735611, 8299.832845211029, 8385.554309129715, 8471.292323112488, 8556.859578371048], "timesteps_eval": [8808, 17642, 26476, 35310, 44144, 52978, 61812, 70646, 79480, 88314, 97148, 105982, 114816, 123650, 132484, 141318, 150152, 158986, 167820, 176654, 185488, 194322, 203156, 211990, 220824, 229658, 238492, 247326, 256160, 264994, 273828, 282662, 291496, 300330, 309164, 317998, 326832, 335666, 344500, 353334, 362168, 371002, 379836, 388670, 397504, 406338, 415172, 424006, 432840, 441674, 450508, 459342, 468176, 477010, 485844, 494678, 503512, 512346, 521180, 530014, 538848, 547682, 556516, 565350, 574184, 583018, 591852, 600686, 609520, 618354, 627188, 636022, 644856, 653690, 662524, 671358, 680192, 689026, 697860, 706694, 715528, 724362, 733196, 742030, 750864, 759698, 768532, 777366, 786200, 795034, 803868, 812702, 821536, 830370, 839204, 848038, 856872, 865706, 874540, 883374],