{"gamma": 1.0, "learning_rate": -6, "clip": 0.3, "returns_eval": [0.0, 0.0, 0.0, 0.0, 0.0, 0.0, 0.0, 0.0, 0.0, 0.1, 0.1, 0.0, 0.0, 0.1, 0.0, 0.0, 0.0, 0.0, 0.0, 0.0, 0.0, 0.0, 0.0, 0.0, 0.0, 0.0, 0.0, 0.0, 0.0, 0.0, 0.0, 0.0, 0.0, 0.0, 0.0, 6.1, 22.8, 22.8, 22.8, 22.8, 22.8, 22.8, 22.8, 22.8, 22.8, 22.8, 22.8, 22.8, 22.8, 22.8, 22.8, 22.8, 22.8, 22.8, 22.8, 22.8, 22.8, 22.8, 22.8, 22.8, 22.8, 22.8, 22.8, 22.8, 22.8, 22.8, 22.8, 22.8, 22.8, 22.8, 22.8, 22.8, 22.8, 22.8, 22.8, 22.8, 22.8, 22.8, 22.8, 22.8, 22.8, 22.8, 22.8, 22.8, 22.8, 22.8, 22.8, 22.8, 22.8, 22.8, 22.8, 22.8, 22.8, 22.8, 22.8, 22.8, 22.8, 22.8, 22.8, 22.8], "std_returns_eval": [0.0, 0.0, 0.0, 0.0, 0.0, 0.0, 0.0, 0.0, 0.0, 0.30000000000000004, 0.30000000000000004, 0.0, 0.0, 0.30000000000000004, 0.0, 0.0, 0.0, 0.0, 0.0, 0.0, 0.0, 0.0, 0.0, 0.0, 0.0, 0.0, 0.0, 0.0, 0.0, 0.0, 0.0, 0.0, 0.0, 0.0, 0.0, 6.315853069855251, 10.283968105745954, 10.283968105745954, 10.283968105745954, 10.283968105745954, 10.283968105745954, 10.283968105745954, 10.283968105745954, 10.283968105745954, 10.283968105745954, 10.283968105745954, 10.283968105745954, 10.283968105745954, 10.283968105745954, 10.283968105745954, 10.283968105745954, 10.283968105745954, 10.283968105745954, 10.283968105745954, 10.283968105745954, 10.283968105745954, 10.283968105745954, 10.283968105745954, 10.283968105745954, 10.283968105745954, 10.283968105745954, 10.283968105745954, 10.283968105745954, 10.283968105745954, 10.283968105745954, 10.283968105745954, 10.283968105745954, 10.283968105745954, 10.283968105745954, 10.283968105745954, 10.283968105745954, 10.283968105745954, 10.283968105745954, 10.283968105745954, 10.283968105745954, 10.283968105745954, 10.283968105745954, 10.283968105745954, 10.283968105745954, 10.283968105745954, 10.283968105745954, 10.283968105745954, 10.283968105745954, 10.283968105745954, 10.283968105745954, 10.283968105745954, 10.283968105745954, 10.283968105745954, 10.283968105745954, 10.283968105745954, 10.283968105745954, 10.283968105745954, 10.283968105745954, 10.283968105745954, 10.283968105745954, 10.283968105745954, 10.283968105745954, 10.283968105745954, 10.283968105745954, 10.283968105745954], "timestamps_eval": [87.68418574333191, 173.4496555328369, 258.99185037612915, 345.0046696662903, 433.60554218292236, 521.1212313175201, 606.7234497070312, 693.0585021972656, 780.028578042984, 865.7293972969055, 951.5802659988403, 1037.6284973621368, 1124.6675009727478, 1211.762751340866, 1297.6972043514252, 1384.0302951335907, 1469.7126886844635, 1556.0874729156494, 1641.8378329277039, 1729.2077369689941, 1815.206517457962, 1901.234091758728, 1987.945650100708, 2073.7355699539185, 2163.7918260097504, 2250.1034429073334, 2336.0104970932007, 2421.8922691345215, 2508.1550374031067, 2593.9625833034515, 2679.717399120331, 2765.732659101486, 2852.1342017650604, 2939.4656434059143, 3025.466302871704, 3112.024950504303, 3198.8302562236786, 3286.1834559440613, 3372.3045432567596, 3458.4075803756714, 3545.360230922699, 3631.5264949798584, 3717.7043290138245, 3804.2294178009033, 3890.288688659668, 3976.424175262451, 4063.643562078476, 4151.216089248657, 4238.897421598434, 4325.744659662247, 4411.780856132507, 4497.679856300354, 4583.691442728043, 4670.779441356659, 4757.789104938507, 4843.834230661392, 4929.87805557251, 5015.773931026459, 5102.450443744659, 5188.380197763443, 5275.632042884827, 5365.484808683395, 5453.80891084671, 5540.124752998352, 5626.631812810898, 5712.976172208786, 5799.700388431549, 5885.77129650116, 5971.719305753708, 6057.517565011978, 6144.647173881531, 6230.5068163871765, 6316.96710896492, 6402.967822551727, 6489.920802354813, 6576.074058055878, 6662.213220119476, 6748.58554649353, 6834.607318401337, 6920.726676702499, 7006.7366354465485, 7092.708788394928, 7180.180981636047, 7265.965130805969, 7353.01071190834, 7438.760804414749, 7524.73583483696, 7610.831068992615, 7696.63796043396, 7782.464860916138, 7868.200127840042, 7956.061127662659, 8043.696082830429, 8138.519218206406, 8225.464236736298, 8311.674000024796, 8398.721646785736, 8484.807176113129, 8572.531582593918, 8658.481468439102], "timesteps_eval": [8800, 17634, 26468, 35302, 44136, 52970, 61804, 70638, 79472, 88306, 97140, 105974, 114808, 123642, 132476, 141310, 150144, 158978, 167812, 176646, 185480, 194314, 203148, 211982, 220816, 229650, 238484, 247318, 256152, 264986, 273820, 282654, 291488, 300322, 309156, 317990, 326824, 335658, 344492, 353326, 362160, 370994, 379828, 388662, 397496, 406330, 415164, 423998, 432832, 441666, 450500, 459334, 468168, 477002, 485836, 494670, 503504, 512338, 521172, 530006, 538840, 547674, 556508, 565342, 574176, 583010, 591844, 600678, 609512, 618346, 627180, 636014, 644848, 653682, 662516, 671350, 680184, 689018, 697852, 706686, 715520, 724354, 733188, 742022, 750856, 759690, 768524, 777358, 786192, 795026, 803860, 812694, 821528, 830362, 839196, 848030, 856864, 865698, 874532, 883366],