{"gamma": 1.0, "learning_rate": -2, "clip": 0.4, "returns_eval": [0.0, 0.0, 22.8, 22.8, 22.8, 22.8, 22.8, 22.8, 22.8, 22.8, 22.8, 22.8, 22.8, 22.8, 22.8, 22.8, 22.8, 22.8, 22.8, 22.8, 22.8, 22.8, 22.8, 22.8, 22.8, 22.8, 22.8, 22.8, 22.8, 22.8, 22.8, 22.8, 22.8, 22.8, 22.8, 22.8, 22.8, 22.8, 22.8, 22.8, 22.8, 22.8, 22.8, 22.8, 22.8, 22.8, 22.8, 22.8, 22.8, 22.8, 22.8, 22.8, 22.8, 22.8, 22.8, 22.8, 22.8, 22.8, 22.8, 22.8, 22.8, 22.8, 22.8, 22.8, 22.8, 22.8, 22.8, 22.8, 22.8, 22.8, 22.8, 22.8, 22.8, 22.8, 22.8, 22.8, 22.8, 22.8, 22.8, 22.8, 22.8, 22.8, 22.8, 22.8, 22.8, 22.8, 22.8, 22.8, 22.8, 22.8, 22.8, 22.8, 22.8, 22.8, 22.8, 22.8, 22.8, 22.8, 22.8, 22.8], "std_returns_eval": [0.0, 0.0, 10.283968105745954, 10.283968105745954, 10.283968105745954, 10.283968105745954, 10.283968105745954, 10.283968105745954, 10.283968105745954, 10.283968105745954, 10.283968105745954, 10.283968105745954, 10.283968105745954, 10.283968105745954, 10.283968105745954, 10.283968105745954, 10.283968105745954, 10.283968105745954, 10.283968105745954, 10.283968105745954, 10.283968105745954, 10.283968105745954, 10.283968105745954, 10.283968105745954, 10.283968105745954, 10.283968105745954, 10.283968105745954, 10.283968105745954, 10.283968105745954, 10.283968105745954, 10.283968105745954, 10.283968105745954, 10.283968105745954, 10.283968105745954, 10.283968105745954, 10.283968105745954, 10.283968105745954, 10.283968105745954, 10.283968105745954, 10.283968105745954, 10.283968105745954, 10.283968105745954, 10.283968105745954, 10.283968105745954, 10.283968105745954, 10.283968105745954, 10.283968105745954, 10.283968105745954, 10.283968105745954, 10.283968105745954, 10.283968105745954, 10.283968105745954, 10.283968105745954, 10.283968105745954, 10.283968105745954, 10.283968105745954, 10.283968105745954, 10.283968105745954, 10.283968105745954, 10.283968105745954, 10.283968105745954, 10.283968105745954, 10.283968105745954, 10.283968105745954, 10.283968105745954, 10.283968105745954, 10.283968105745954, 10.283968105745954, 10.283968105745954, 10.283968105745954, 10.283968105745954, 10.283968105745954, 10.283968105745954, 10.283968105745954, 10.283968105745954, 10.283968105745954, 10.283968105745954, 10.283968105745954, 10.283968105745954, 10.283968105745954, 10.283968105745954, 10.283968105745954, 10.283968105745954, 10.283968105745954, 10.283968105745954, 10.283968105745954, 10.283968105745954, 10.283968105745954, 10.283968105745954, 10.283968105745954, 10.283968105745954, 10.283968105745954, 10.283968105745954, 10.283968105745954, 10.283968105745954, 10.283968105745954, 10.283968105745954, 10.283968105745954, 10.283968105745954, 10.283968105745954], "timestamps_eval": [93.38365197181702, 178.33391952514648, 263.1989371776581, 348.2160665988922, 433.2914297580719, 518.266930103302, 603.2848422527313, 688.3645193576813, 773.370671749115, 858.291556596756, 943.2921948432922, 1028.3465037345886, 1113.4112315177917, 1198.4833221435547, 1283.609302997589, 1368.6057651042938, 1453.4145338535309, 1538.3205859661102, 1623.338705778122, 1708.6507821083069, 1793.7450077533722, 1878.7673349380493, 1963.7112708091736, 2048.7188296318054, 2133.89355802536, 2218.894049882889, 2303.9815995693207, 2389.112040281296, 2474.089704275131, 2559.143164396286, 2644.3893942832947, 2729.359172105789, 2814.4315614700317, 2899.571928024292, 2984.6472260951996, 3069.6025953292847, 3154.6467986106873, 3239.7151534557343, 3324.9798443317413, 3410.163717508316, 3495.1355192661285, 3580.216938495636, 3665.277279853821, 3750.1636970043182, 3835.1758794784546, 3920.12273144722, 4005.1560864448547, 4090.026741504669, 4175.15035867691, 4260.109037637711, 4345.129014968872, 4430.155096292496, 4515.149583339691, 4600.114554643631, 4685.278058052063, 4770.286152839661, 4855.193959236145, 4940.214494466782, 5025.348259925842, 5110.350613832474, 5195.447269916534, 5280.532203674316, 5365.631348609924, 5450.575268268585, 5535.60613822937, 5620.791214704514, 5705.790547370911, 5790.793514728546, 5876.509521722794, 5961.469146966934, 6047.337292909622, 6132.993813991547, 6218.755047798157, 6304.394491434097, 6390.1996014118195, 6475.883357524872, 6561.696803569794, 6647.580302238464, 6733.494196653366, 6819.575337648392, 6905.438707590103, 6991.118522405624, 7076.762694835663, 7162.477302312851, 7248.269795179367, 7334.049045562744, 7419.832885503769, 7505.7035965919495, 7591.471279621124, 7677.272105693817, 7762.983140468597, 7848.890784025192, 7934.7375683784485, 8020.554285526276, 8106.283435821533, 8192.059572696686, 8277.655942201614, 8363.432048797607, 8449.360686063766, 8535.318682432175], "timesteps_eval": [8802, 17640, 26478, 35316, 44154, 52992, 61830, 70668, 79506, 88344, 97182, 106020, 114858, 123696, 132534, 141372, 150210, 159048, 167886, 176724, 185562, 194400, 203238, 212076, 220914, 229752, 238590, 247428, 256266, 265104, 273942, 282780, 291618, 300456, 309294, 318132, 326970, 335808, 344646, 353484, 362322, 371160, 379998, 388836, 397674, 406512, 415350, 424188, 433026, 441864, 450702, 459540, 468378, 477216, 486054, 494892, 503730, 512568, 521406, 530244, 539082, 547920, 556758, 565596, 574434, 583272, 592110, 600948, 609786, 618624, 627462, 636300, 645138, 653976, 662814, 671652, 680490, 689328, 698166, 707004, 715842, 724680, 733518, 742356, 751194, 760032, 768870, 777708, 786546, 795384, 804222, 813060, 821898, 830736, 839574, 848412, 857250, 866088, 874926, 883764],