{"gamma": [0.95, 0.99, 0.95], "learning_rate": [-5, -4, -5], "returns_eval": [0.0, 4.6, 15.2, 31.5, 31.5, 31.5, 31.5, 31.5, 31.5, 31.5, 31.5, 31.5, 31.5, 31.5, 31.5, 31.5, 31.5, 31.5, 31.5, 31.5, 31.5, 31.5, 31.5, 31.5, 31.5, 31.5, 31.5, 31.5, 31.5, 31.5, 36.4, 40.6, 48.0, 58.9, 60.9, 68.3, 57.4, 60.1, 66.6, 76.7, 75.1, 85.0, 93.4, 103.1, 99.1, 108.7, 112.7, 107.8, 113.0, 118.5, 129.4, 128.0, 132.7, 124.6, 128.0, 139.3, 122.4, 135.5, 150.8, 154.8, 150.5, 149.9, 150.9, 154.5, 150.1, 156.5, 174.9, 195.6, 157.7, 183.4, 176.1, 194.4, 159.1, 183.6, 180.0, 229.4, 210.2, 206.7, 276.3, 244.3, 257.3, 229.9, 222.7, 298.0, 255.4, 229.1, 295.5, 273.5, 298.3, 252.3, 325.7, 264.3, 317.7, 316.0, 245.0, 275.7, 282.6, 242.1, 303.1, 332.6], "std_returns_eval": [0.0, 4.1521078984053394, 5.670978751503131, 23.64000846023537, 23.64000846023537, 23.64000846023537, 23.64000846023537, 23.64000846023537, 23.64000846023537, 23.64000846023537, 23.64000846023537, 23.64000846023537, 23.64000846023537, 23.64000846023537, 23.64000846023537, 23.64000846023537, 23.64000846023537, 23.64000846023537, 23.64000846023537, 23.64000846023537, 23.64000846023537, 23.64000846023537, 23.64000846023537, 23.64000846023537, 23.64000846023537, 23.64000846023537, 23.64000846023537, 23.64000846023537, 23.64000846023537, 23.64000846023537, 22.019082633025384, 22.835060761907332, 26.795522013948524, 23.59004027126702, 18.140837907880663, 27.817440572417873, 22.597344976788758, 27.09409529768433, 26.654080363051357, 22.59668117224297, 21.68617070854142, 21.06181378704123, 26.14651028340111, 8.407734534343957, 17.23629890666787, 10.724271537032246, 20.567206908085502, 17.376996288196647, 18.15488914865635, 17.101169550647697, 16.80595132683657, 20.396078054371138, 22.991520175925732, 14.374978260853126, 15.504837954651444, 17.57868026900768, 19.652989594461197, 25.800193797721754, 15.157836257197134, 13.775340286178054, 14.347473645210156, 18.267183690979845, 20.111936754077167, 17.98471573308847, 13.560604706280618, 18.451287217969373, 66.83479632646456, 83.14469315596756, 17.872045210327776, 64.01124901140423, 56.193327005971085, 83.55142129251901, 21.672332592501434, 54.24979262633176, 53.409736939999995, 84.88486319715665, 87.69355734602172, 75.69022393942298, 99.49778892015641, 99.23008616342122, 96.83289730251802, 92.67086920926123, 79.06585862431395, 88.30175536194056, 91.49775953541157, 71.84351049329368, 96.52590325917701, 108.0900087889718, 101.16229534762445, 105.49317513469771, 96.27881386888811, 91.45605502097716, 118.31234086096005, 93.71766108903914, 101.67792287414215, 114.89129645016632, 118.66524343715813, 92.50129728820025, 101.7766672671099, 97.72430608605006], "timestamps_eval": [89.380934715271, 178.42750573158264, 264.9159212112427, 350.8322570323944, 436.7925887107849, 522.7218179702759, 608.501873254776, 694.4370810985565, 780.500082731247, 866.5532557964325, 953.4008226394653, 1039.2853527069092, 1125.1883809566498, 1211.114708662033, 1297.2133831977844, 1383.1297221183777, 1469.2881917953491, 1555.3543775081635, 1641.4076192378998, 1727.398365020752, 1813.3802626132965, 1899.4060022830963, 1985.2858576774597, 2071.275505065918, 2157.202095270157, 2243.3657660484314, 2329.4200189113617, 2415.428231716156, 2501.378852367401, 2587.331146001816, 2673.268227338791, 2759.337725877762, 2845.3866188526154, 2931.2562737464905, 3017.216246843338, 3103.122848510742, 3189.055886030197, 3275.0608971118927, 3361.070198059082, 3447.1529183387756, 3533.2414932250977, 3619.207360267639, 3705.301964521408, 3791.3960320949554, 3877.482959508896, 3963.390519142151, 4049.3639571666718, 4135.31790137291, 4221.372976303101, 4307.381480932236, 4393.565154314041, 4479.540985822678, 4565.537519693375, 4651.748202323914, 4737.8102242946625, 4823.849410295486, 4909.933234214783, 4996.059440851212, 5082.137085914612, 5168.180770397186, 5254.348461151123, 5340.356667995453, 5426.513437271118, 5512.507916212082, 5598.723960161209, 5684.913891077042, 5785.018190383911, 5899.394548892975, 5985.527287483215, 6085.810266971588, 6186.107701301575, 6286.429349422455, 6372.570663928986, 6472.746496915817, 6572.998801708221, 6673.663515329361, 6774.0756006240845, 6874.584214448929, 6989.048428058624, 7103.463057756424, 7218.048540592194, 7318.794805288315, 7419.248428344727, 7533.74830198288, 7634.423639297485, 7734.74528169632, 7849.605678081512, 7964.22505235672, 8079.183628797531, 8193.501790523529, 8308.708058834076, 8423.4767537117, 8538.478420495987, 8654.502629041672, 8769.457009077072, 8869.923996448517, 8984.493687868118, 9084.907354354858, 9199.261041879654, 9314.141788721085], "timesteps_eval": [8805, 17638, 26471, 35304, 44137, 52970, 61803, 70636, 79469, 88302, 97135, 105968, 114801, 123634, 132467, 141300, 150133, 158966, 167799, 176632, 185465, 194298, 203131, 211964, 220797, 229630, 238463, 247296, 256129, 264962, 273795, 282628, 291461, 300294, 309127, 317960, 326793, 335626, 344459, 353292, 362125, 370958, 379791, 388624, 397457, 406290, 415123, 423956, 432789, 441622, 450455, 459288, 468121, 476954, 485787, 494620, 503453, 512286, 521119, 529952, 538785, 547618, 556451, 565284, 574117, 582950, 591783, 600616, 609449, 618282, 627115, 635948, 644781, 653614, 662447, 671280, 680113, 688946, 697779, 706612, 715884, 724717, 734429, 744137, 753408, 762241, 771074, 781229, 790062, 799334, 809046, 818320, 827591, 836863, 847894, 857611, 867096, 876305, 885575, 896162],