{"gamma": 0.9, "learning_rate": -4, "clip": 0.4, "returns_eval": [0.0, 0.7, 1.2, 3.7, 30.9, 51.4, 104.4, 102.9, 106.8, 119.3, 122.2, 122.2, 125.1, 132.1, 143.3, 141.1, 159.5, 187.0, 208.3, 223.3, 212.7, 258.6, 221.0, 251.3, 204.3, 255.4, 246.0, 278.2, 248.3, 217.3, 297.4, 297.7, 297.0, 262.6, 267.3, 222.6, 292.2, 296.9, 322.5, 334.8, 307.5, 338.0, 345.2, 315.2, 287.9, 322.6, 338.6, 340.8, 354.8, 288.3, 367.9, 361.4, 366.7, 348.2, 292.8, 379.8, 392.9, 381.3, 386.0, 387.4, 359.3, 375.5, 380.1, 323.7, 373.3, 376.8, 387.7, 391.9, 360.2, 355.5, 314.3, 418.8, 404.9, 392.4, 341.9, 312.6, 375.7, 382.5, 344.3, 358.0, 350.3, 387.3, 347.8, 342.5, 398.6, 366.6, 378.3, 427.1, 391.1, 406.4, 423.8, 409.4, 393.7, 414.7, 414.9, 386.3, 347.3, 412.2, 370.0, 366.0], "std_returns_eval": [0.0, 1.0999999999999999, 2.315167380558045, 4.960846701924985, 13.374976635493612, 19.45353438324255, 13.169662106523463, 25.477244748991204, 19.37937047481161, 12.961867149450345, 14.17603611733548, 13.891004283348272, 11.536463929644993, 14.053113534018003, 22.414504232750723, 10.662551289442877, 48.19595418704769, 60.75524668701461, 70.48553043001095, 73.76455788520664, 80.62512015494923, 117.55526359972148, 73.92563831310488, 91.9337261292068, 83.2586932398053, 108.83859609531905, 89.54551915087656, 110.95386428601753, 90.22532903791485, 70.46708451468672, 98.6521160442086, 117.4078787816218, 109.95726442577589, 100.03719308337274, 97.30472753160558, 77.22719728178669, 109.79326026673951, 104.73915218293492, 91.80876864439475, 100.35915503829236, 106.41451968599021, 77.2347072241489, 81.89481058040246, 106.55871620848292, 104.92992900026188, 98.53649070268334, 84.89310926099951, 102.74122833604822, 92.43029806291874, 96.04587445590778, 67.37276897975917, 92.91307765863749, 99.76377097924878, 109.80418935541577, 107.14924171453572, 73.48714173241466, 70.06489848704557, 67.28454503078697, 70.82090086972913, 111.55733951650156, 93.91277868320158, 97.74789000280262, 98.15340034863794, 116.60107203623816, 68.34771393397149, 70.08680332273686, 73.97303562785564, 19.977237046198358, 100.37210767937475, 93.85760491297442, 104.07886432893088, 28.673332558319757, 38.35479109576794, 73.60869513855003, 101.88665270780075, 113.03733896372472, 96.33488464725538, 70.48013904640086, 105.76015317689361, 99.93998198919189, 86.33545042449248, 66.48315576144081, 111.27785044652866, 106.652941825343, 74.71037411230117, 91.67355125661928, 92.42407694967801, 29.814258333891186, 68.0330066952799, 17.839282496782204, 28.02784329911954, 74.46502534747437, 76.25883555365897, 30.672626232522052, 76.41786440355423, 32.08130296605797, 89.73076395529016, 20.88923167567443, 63.24239084664652, 87.98295289429652], "timestamps_eval": [87.41419053077698, 172.88839554786682, 258.0288643836975, 343.509183883667, 429.5541977882385, 515.0712540149689, 600.689644575119, 686.1497581005096, 771.7173368930817, 857.4087872505188, 942.9362378120422, 1028.5090205669403, 1114.0524988174438, 1199.7571835517883, 1285.271818637848, 1370.9920880794525, 1470.6779386997223, 1570.3095445632935, 1670.0597140789032, 1783.8126316070557, 1883.4443473815918, 1997.23552775383, 2097.058762550354, 2210.6086490154266, 2310.429028272629, 2424.4383130073547, 2538.3853993415833, 2652.1671113967896, 2752.131026029587, 2852.1179196834564, 2966.6779766082764, 3080.854478597641, 3194.8236377239227, 3308.5491814613342, 3422.822186231613, 3522.746441602707, 3636.6077857017517, 3750.5743567943573, 3864.7279834747314, 3979.1187086105347, 4093.1276350021362, 4207.322634220123, 4321.418169021606, 4435.65930223465, 4549.663671731949, 4663.9666583538055, 4778.1778111457825, 4892.218761205673, 5006.543688058853, 5120.662301301956, 5234.917897462845, 5349.461551427841, 5463.6910927295685, 5577.964433431625, 5692.268904685974, 5806.690555334091, 5920.7084584236145, 6034.938760280609, 6149.120309829712, 6266.568533182144, 6380.608761310577, 6494.879641294479, 6609.160738945007, 6722.901857376099, 6837.265420675278, 6951.512562513351, 7065.88977098465, 7180.3847398757935, 7294.741412639618, 7408.813705444336, 7523.119983673096, 7637.624094009399, 7752.034441232681, 7866.817130088806, 7980.782743692398, 8094.803605794907, 8209.27083158493, 8323.494989395142, 8437.900638341904, 8551.949096918106, 8666.25815820694, 8780.519738197327, 8894.605392217636, 9008.51910328865, 9122.638630867004, 9236.940056324005, 9351.0481569767, 9465.663873910904, 9579.976791381836, 9694.36859703064, 9808.884552240372, 9923.039366006851, 10037.100063562393, 10151.160324811935, 10265.49149274826, 10379.90838766098, 10493.957053422928, 10608.289614200592, 10722.89929986, 10837.43325304985], "timesteps_eval": [8800, 17634, 26468, 35302, 44136, 52970, 61804, 70638, 79472, 88306, 97140, 105974, 114808, 123642, 132476, 141310, 150144, 158978, 168251, 177524, 186358, 195192, 204026, 212860, 222133, 231404, 240238, 251270, 263619, 271340, 280988, 292395, 300116, 308588, 319047, 326768, 337602, 349756, 359239, 369570, 380775, 391142, 399404, 407538, 416925, 426345, 434596, 445866, 455948, 462939, 473037, 481428, 488724, 498158, 504489, 512876, 525816, 534433, 538771, 546224, 553508, 560804, 573253, 581634, 591950, 601974, 606961, 615085, 621002, 626249, 636464, 645367, 653372, 662292, 670766, 680182, 691741, 700932, 711965, 720140, 728460, 738612, 747726, 755174, 762023, 771964, 777339, 783837, 792478, 798506, 803103, 808496, 814405, 823409, 832397, 844467, 853817, 862712, 872448, 878334],