{"gamma": [0.98, 0.95, 0.98], "learning_rate": [-3, -4, -3], "returns_eval": [1.3, 0.2, 0.1, 1.4, 0.7, 1.1, 1.2, 2.7, 5.7, 7.6, 4.6, 6.9, 6.9, 14.0, 12.9, 12.1, 18.8, 19.7, 20.3, 22.6, 14.1, 23.7, 31.0, 18.7, 15.0, 23.9, 17.1, 13.3, 12.8, 7.9, 10.2, 13.7, 16.8, 19.7, 16.2, 25.9, 22.0, 24.3, 30.7, 35.3, 37.3, 35.7, 47.6, 38.0, 38.8, 55.4, 51.4, 53.4, 49.4, 54.4, 51.8, 66.7, 58.6, 64.3, 73.1, 69.7, 81.6, 86.1, 74.2, 68.1, 59.5, 66.0, 43.2, 15.3, 4.5, 7.4, 2.6, 3.5, 2.5, 2.9, 1.3, 2.0, 1.0, 1.1, 3.1, 3.9, 2.6, 6.7, 3.9, 7.3, 4.3, 4.3, 4.4, 3.8, 2.9, 3.3, 3.3, 4.7, 3.2, 3.4, 3.8, 3.6, 4.2, 3.9, 3.8, 5.6, 4.2, 6.5, 6.7, 7.0], "std_returns_eval": [1.8466185312619388, 0.4000000000000001, 0.30000000000000004, 3.2310988842807022, 1.4866068747318504, 1.5132745950421556, 1.5362291495737217, 3.0016662039607267, 5.197114584074513, 5.219195340279955, 3.52703841770968, 6.284106937345991, 6.876772498781678, 8.012490249604053, 11.894956914591999, 6.7889616289974715, 13.302631318652711, 10.714942836991712, 13.791664149043072, 13.741906709041508, 8.10493676718085, 10.705606008068855, 7.886697661252142, 7.389857914736926, 6.557438524302, 10.338762014864255, 8.178630692236935, 9.497894503520241, 5.5641710972974225, 5.223983154643591, 3.54400902933387, 7.483982896827063, 9.744742172063868, 7.280796659706958, 6.954135460285484, 10.034440691936945, 9.808159868191384, 11.1, 8.93364427319557, 13.251792331605563, 13.431678971744374, 10.04041831797859, 13.588230201170424, 10.178408519999577, 12.014990636700473, 15.576905982896603, 9.221713506718803, 21.07225664232476, 17.97887649437528, 16.764247671756703, 14.323407415835103, 14.332131732579072, 19.744366285095097, 14.30419518882485, 13.186735759845952, 13.289469515371936, 13.668942899873421, 20.359027481684873, 20.595145058969603, 8.525843066817497, 24.38954694126154, 21.98635940759634, 14.323407415835103, 14.567429423202983, 5.181698563212646, 8.151073548925932, 3.0724582991474434, 4.759201613716317, 3.8794329482541645, 4.2296571965113205, 1.3453624047073711, 1.7888543819998317, 1.3416407864998738, 1.57797338380595, 3.1128764832546763, 3.9610604640676716, 2.5377155080899043, 4.1000000000000005, 3.2999999999999994, 2.6476404589747453, 2.4103941586387903, 1.2688577540449522, 2.65329983228432, 1.5362291495737217, 1.9209372712298547, 2.0518284528683193, 1.8466185312619388, 1.6155494421403513, 1.5362291495737217, 1.2806248474865698, 1.5362291495737217, 1.2806248474865698, 1.469693845669907, 1.3, 1.4696938456699067, 1.8547236990991407, 2.5219040425836985, 3.3541019662496847, 3.9255572852781047, 2.932575659723036], "timestamps_eval": [89.24837255477905, 176.3617753982544, 263.81691122055054, 351.14616537094116, 438.542405128479, 525.9644386768341, 613.4992108345032, 700.881290435791, 789.1171536445618, 876.7939705848694, 964.3689029216766, 1053.0819828510284, 1140.6466624736786, 1228.112074136734, 1315.9713122844696, 1404.3229010105133, 1491.9613003730774, 1579.6419138908386, 1667.5572390556335, 1755.2244431972504, 1842.8373601436615, 1930.5298097133636, 2018.044432401657, 2105.5763630867004, 2193.2094073295593, 2280.801937818527, 2368.3944737911224, 2456.2249462604523, 2543.8795206546783, 2631.385057449341, 2719.088766813278, 2806.703471660614, 2894.807149887085, 2982.454009771347, 3070.0879797935486, 3157.7841894626617, 3245.433906316757, 3333.1757605075836, 3420.96063041687, 3508.802556991577, 3596.7114775180817, 3684.3553607463837, 3772.0455820560455, 3860.143618106842, 3948.3323752880096, 4036.0261018276215, 4123.804541826248, 4211.57706618309, 4299.356283903122, 4387.330798625946, 4475.120757341385, 4562.931837081909, 4650.564910173416, 4738.488030195236, 4826.229551315308, 4913.931494474411, 5001.941838979721, 5089.644479751587, 5177.331900596619, 5265.31650853157, 5353.009302377701, 5440.8666961193085, 5528.667104959488, 5616.704629421234, 5704.250221967697, 5791.936646223068, 5879.6683604717255, 5967.206241130829, 6054.623195171356, 6144.0071387290955, 6231.556374788284, 6319.3642637729645, 6407.0255715847015, 6494.587913036346, 6582.103011369705, 6669.787233352661, 6757.297128200531, 6844.8677587509155, 6932.457852602005, 7020.226390838623, 7107.963613033295, 7195.707756996155, 7283.433088302612, 7371.100265264511, 7458.825690507889, 7546.415736436844, 7634.175147294998, 7721.822359800339, 7809.492261648178, 7897.22407245636, 7985.005297660828, 8072.938531160355, 8160.686648368835, 8248.486991405487, 8336.179223537445, 8424.014215230942, 8512.02591085434, 8599.746837377548, 8687.549780845642, 8775.39859867096], "timesteps_eval": [8804, 17635, 26466, 35297, 44128, 52959, 61790, 70621, 79452, 88283, 97114, 105945, 114776, 123607, 132438, 141269, 150100, 158931, 167762, 176593, 185424, 194255, 203086, 211917, 220748, 229579, 238410, 247241, 256072, 264903, 273734, 282565, 291396, 300227, 309058, 317889, 326720, 335551, 344382, 353213, 362044, 370875, 379706, 388537, 397368, 406199, 415030, 423861, 432692, 441523, 450354, 459185, 468016, 476847, 485678, 494509, 503340, 512171, 521002, 529833, 538664, 547495, 556326, 565157, 573988, 582819, 591650, 600481, 609312, 618143, 626974, 635805, 644636, 653467, 662298, 671129, 679960, 688791, 697622, 706453, 715284, 724115, 732946, 741777, 750608, 759439, 768270, 777101, 785932, 794763, 803594, 812425, 821256, 830087, 838918, 847749, 856580, 865411, 874242, 883073],