{"gamma": [0.95, 0.95, 0.98], "learning_rate": [-5, -5, -5], "returns_eval": [0.0, 4.6, 15.2, 31.5, 31.5, 31.5, 31.5, 31.5, 31.5, 31.5, 31.5, 31.5, 31.5, 31.5, 31.5, 31.5, 31.5, 31.5, 31.5, 31.5, 31.5, 31.5, 31.5, 31.5, 31.5, 31.5, 31.5, 31.5, 31.5, 31.5, 31.5, 32.5, 33.2, 27.7, 57.4, 67.0, 67.0, 80.1, 69.8, 72.0, 59.4, 69.9, 71.4, 68.4, 78.7, 77.1, 77.0, 86.7, 74.5, 78.6, 86.1, 82.9, 93.3, 98.7, 94.1, 87.1, 93.3, 84.7, 89.9, 69.0, 66.1, 79.0, 87.9, 88.6, 81.6, 93.8, 94.1, 95.9, 97.8, 81.5, 97.4, 72.3, 86.2, 80.3, 74.4, 94.2, 73.4, 86.0, 91.4, 93.5, 90.1, 91.7, 87.8, 99.5, 82.7, 81.1, 87.7, 88.7, 91.0, 96.6, 85.2, 96.5, 86.2, 88.4, 65.4, 94.6, 95.0, 99.7, 89.0, 92.0], "std_returns_eval": [0.0, 4.1521078984053394, 5.670978751503131, 23.64000846023537, 23.64000846023537, 23.64000846023537, 23.64000846023537, 23.64000846023537, 23.64000846023537, 23.64000846023537, 23.64000846023537, 23.64000846023537, 23.64000846023537, 23.64000846023537, 23.64000846023537, 23.64000846023537, 23.64000846023537, 23.64000846023537, 23.64000846023537, 23.64000846023537, 23.64000846023537, 23.64000846023537, 23.64000846023537, 23.64000846023537, 23.64000846023537, 23.64000846023537, 23.64000846023537, 23.64000846023537, 23.64000846023537, 23.64000846023537, 23.64000846023537, 22.756317804073664, 20.41470058560742, 12.969579792730372, 28.85896741049478, 22.117866081518805, 29.295050776539032, 19.720294115453754, 20.975223479143196, 32.984845004941285, 30.725233929133882, 24.582310713193745, 27.539789396435115, 24.99679979517378, 20.411026431808864, 29.64607899874788, 31.51190251317746, 24.924084737458262, 24.896786941290237, 31.331134674633155, 29.01878701806814, 20.275354497517423, 21.08103413023185, 11.670903992407787, 18.997105042611096, 11.869709347747316, 12.280472303620899, 29.267900505502613, 21.810318658836696, 30.476220238080707, 25.633766793040774, 22.525541058984576, 31.740982971546426, 19.163506985935534, 24.880514464134375, 19.87863174365882, 17.874283202411224, 14.976314633447043, 13.680643259730152, 26.272609310839304, 13.222707740852476, 22.11809214195474, 21.586106642931234, 28.42903445423358, 25.78061287091523, 15.26302722267113, 24.034142381204287, 23.417941839538333, 17.01293625450939, 6.88839603971781, 23.687338389950018, 21.255822731665788, 16.87483333251028, 23.707593720156417, 23.613767170868776, 21.389015872638925, 26.533186766764373, 24.535892076710805, 16.982343772283023, 19.63771880845634, 20.12858663692014, 28.869534114702994, 20.227703774773843, 19.61733926912618, 23.083327316485374, 25.86967336477212, 18.61719635176038, 12.783192089615177, 29.52625949896126, 24.314604664686613], "timestamps_eval": [89.49864459037781, 178.66557025909424, 266.15116357803345, 352.0922169685364, 437.8634469509125, 523.7270219326019, 609.5441408157349, 695.4728515148163, 781.6454787254333, 867.8871777057648, 954.0770208835602, 1040.0119562149048, 1125.9855675697327, 1211.9525825977325, 1297.8759050369263, 1383.8429172039032, 1469.632376909256, 1555.5863060951233, 1641.50395321846, 1727.4143483638763, 1813.2926766872406, 1899.1626527309418, 1985.0839302539825, 2070.8157773017883, 2156.744383096695, 2242.5506508350372, 2328.3618834018707, 2414.288307905197, 2500.2036848068237, 2586.1185660362244, 2672.0978569984436, 2758.0204288959503, 2843.9851422309875, 2929.8390653133392, 3015.724331855774, 3101.4979186058044, 3187.384799003601, 3273.1357858181, 3358.863465309143, 3444.629876613617, 3530.39972615242, 3616.560968399048, 3702.4908266067505, 3788.2548010349274, 3874.1640894412994, 3959.880211830139, 4045.73046207428, 4131.475754737854, 4217.219321966171, 4303.7125453948975, 4389.444418668747, 4475.218708276749, 4561.002511501312, 4646.868345975876, 4732.595478773117, 4818.368740558624, 4904.218106746674, 4989.993848800659, 5075.8008806705475, 5161.60072183609, 5247.249310493469, 5332.8617198467255, 5418.553282499313, 5504.4177050590515, 5590.217031478882, 5675.917963504791, 5761.832540988922, 5848.301247835159, 5934.179949760437, 6020.068939208984, 6105.910820484161, 6191.695854663849, 6277.38134598732, 6363.141342163086, 6448.847597360611, 6534.738678455353, 6620.721659183502, 6706.456920862198, 6792.139858484268, 6878.081825494766, 6963.9703550338745, 7049.8737235069275, 7135.647659063339, 7221.465314149857, 7307.236533641815, 7393.211180925369, 7479.381910800934, 7565.417796611786, 7651.233649492264, 7737.246132612228, 7823.282839536667, 7909.134321212769, 7994.860458612442, 8080.68395614624, 8166.613158226013, 8252.551623344421, 8338.559451341629, 8424.489318609238, 8510.409134864807, 8596.169232845306], "timesteps_eval": [8805, 17638, 26471, 35304, 44137, 52970, 61803, 70636, 79469, 88302, 97135, 105968, 114801, 123634, 132467, 141300, 150133, 158966, 167799, 176632, 185465, 194298, 203131, 211964, 220797, 229630, 238463, 247296, 256129, 264962, 273795, 282628, 291461, 300294, 309127, 317960, 326793, 335626, 344459, 353292, 362125, 370958, 379791, 388624, 397457, 406290, 415123, 423956, 432789, 441622, 450455, 459288, 468121, 476954, 485787, 494620, 503453, 512286, 521119, 529952, 538785, 547618, 556451, 565284, 574117, 582950, 591783, 600616, 609449, 618282, 627115, 635948, 644781, 653614, 662447, 671280, 680113, 688946, 697779, 706612, 715445, 724278, 733111, 741944, 750777, 759610, 768443, 777276, 786109, 794942, 803775, 812608, 821441, 830274, 839107, 847940, 856773, 865606, 874439, 883272],