{"gamma": [0.98, 0.98, 0.95], "learning_rate": [-4, -3, -3], "returns_eval": [3.0, 2.9, 7.3, 8.8, 7.9, 18.5, 17.0, 24.6, 65.2, 68.4, 79.2, 93.3, 97.4, 101.3, 102.2, 122.1, 104.4, 126.0, 126.1, 124.3, 128.4, 134.9, 129.2, 124.9, 131.1, 132.4, 131.9, 135.9, 134.1, 141.4, 128.8, 122.8, 113.4, 115.3, 115.6, 110.1, 87.8, 83.3, 82.9, 81.7, 96.2, 93.6, 89.6, 100.8, 112.3, 106.0, 94.2, 80.8, 95.7, 73.7, 72.9, 48.4, 57.4, 43.7, 26.4, 30.6, 30.5, 27.0, 30.1, 17.3, 13.5, 11.5, 5.8, 18.4, 18.0, 13.5, 17.2, 10.9, 19.1, 21.4, 18.5, 21.0, 17.4, 21.3, 18.7, 26.6, 10.4, 11.3, 7.2, 7.2, 10.0, 15.6, 13.2, 14.4, 8.6, 10.0, 8.7, 8.4, 2.8, 3.8, 5.1, 1.9, 14.2, 3.7, 2.2, 2.7, 5.4, 6.8, 4.4, 6.7], "std_returns_eval": [4.774934554525329, 4.182104733265296, 9.747307320486001, 11.285388783732706, 11.861281549647154, 16.347782724271816, 12.083045973594572, 10.883014288330234, 30.892717588454406, 22.44638055455712, 19.379370474811612, 16.529065309327084, 18.451016232175398, 20.96687864227768, 22.32845717912458, 11.317685275708987, 25.33456137374397, 27.029613389761977, 12.020399327809372, 22.325097984107483, 9.676776322722356, 11.886547017532047, 22.591148709173687, 10.774506949276148, 11.844407963254222, 7.812809993849844, 11.139569111954016, 10.700000000000001, 16.05272562526377, 16.138153549895353, 17.59431726438966, 22.062638101550775, 13.46996659238619, 10.040418317978588, 11.859173664298874, 19.95720421301541, 18.813824704190267, 23.596821819897695, 20.987853630135696, 19.62676743633551, 18.312837027615355, 11.560276813294742, 13.290598180668919, 12.163880959627976, 10.459923517884823, 15.684387141358123, 18.454267799075637, 19.868568141665367, 23.004564764411434, 29.573805977587664, 30.05478331314335, 16.175289796476598, 26.26480534860291, 29.732305662359924, 6.814690014960328, 9.090654541890808, 10.141498903022176, 9.121403400793104, 9.7205966895042, 8.69540108333135, 7.619055059520177, 8.237111144084436, 7.493997598078078, 10.772186407596186, 14.676511847165866, 10.716809226630843, 9.937806599043876, 8.560957890329796, 12.817566071606572, 7.863841300534999, 7.762087348130012, 9.633275663033837, 11.8, 8.567963585356791, 11.94194289050153, 10.753604047016053, 10.43264108459598, 9.434511116109833, 7.6131465242697125, 6.7201190465645775, 12.345039489608771, 8.357032966310472, 8.704022058795577, 10.901376059929316, 7.391887445030531, 5.039841267341661, 5.933801479658719, 7.3647810558087885, 2.821347195933177, 4.512205669071391, 4.6141087980237305, 2.3, 9.075241043630742, 3.5227829907617076, 2.6758176320519307, 4.026164427839479, 7.696752561957543, 7.45385806143369, 7.088018058667741, 5.586591089385369], "timestamps_eval": [90.57925057411194, 178.25903630256653, 265.90791058540344, 353.6451938152313, 441.3314335346222, 529.1841387748718, 617.041951417923, 705.0672075748444, 792.8981988430023, 880.8828709125519, 968.8769738674164, 1056.8314485549927, 1144.758293390274, 1232.7565460205078, 1320.7503879070282, 1408.867256641388, 1496.9648427963257, 1585.0452253818512, 1673.080078125, 1761.0886578559875, 1849.098028421402, 1937.1766874790192, 2025.2063360214233, 2113.230548143387, 2201.32342505455, 2289.389731168747, 2377.529055595398, 2465.7027928829193, 2553.7931337356567, 2641.975862264633, 2730.1822612285614, 2818.413619041443, 2906.440451145172, 2994.4829709529877, 3082.6550600528717, 3170.730902671814, 3258.7941200733185, 3346.8414857387543, 3434.765028476715, 3522.905713558197, 3610.8300371170044, 3698.827449798584, 3786.796604156494, 3874.8025074005127, 3963.123481988907, 4051.0658724308014, 4138.989986896515, 4227.03631901741, 4314.995565891266, 4403.045168876648, 4491.098372936249, 4579.760955572128, 4667.67297410965, 4755.716289520264, 4843.592059373856, 4931.521499633789, 5019.492843389511, 5107.431110858917, 5195.38907289505, 5283.34313082695, 5371.1967759132385, 5459.035343408585, 5547.588879108429, 5635.4525463581085, 5723.308703660965, 5811.14559841156, 5898.868803739548, 5986.604197025299, 6074.460208415985, 6162.403356075287, 6250.306209564209, 6338.263334035873, 6426.218521595001, 6514.2913229465485, 6602.293736934662, 6690.169225931168, 6778.254267692566, 6866.156976699829, 6953.989213943481, 7041.90119767189, 7129.756859302521, 7217.653866529465, 7305.577404022217, 7393.571387767792, 7481.381903409958, 7569.330101490021, 7657.215358018875, 7745.087692022324, 7833.000226974487, 7920.90273141861, 8010.224771022797, 8098.101471662521, 8186.033890485764, 8273.991610050201, 8362.017904520035, 8449.941049337387, 8537.985221624374, 8625.96268939972, 8713.889833211899, 8801.843178272247], "timesteps_eval": [8804, 17635, 26466, 35297, 44128, 52959, 61790, 70621, 79452, 88283, 97114, 105945, 114776, 123607, 132438, 141269, 150100, 158931, 167762, 176593, 185424, 194255, 203086, 211917, 220748, 229579, 238410, 247241, 256072, 264903, 273734, 282565, 291396, 300227, 309058, 317889, 326720, 335551, 344382, 353213, 362044, 370875, 379706, 388537, 397368, 406199, 415030, 423861, 432692, 441523, 450354, 459185, 468016, 476847, 485678, 494509, 503340, 512171, 521002, 529833, 538664, 547495, 556326, 565157, 573988, 582819, 591650, 600481, 609312, 618143, 626974, 635805, 644636, 653467, 662298, 671129, 679960, 688791, 697622, 706453, 715284, 724115, 732946, 741777, 750608, 759439, 768270, 777101, 785932, 794763, 803594, 812425, 821256, 830087, 838918, 847749, 856580, 865411, 874242, 883073],