{"gamma": [0.95, 0.95, 0.99], "learning_rate": [-3, -3, -5], "returns_eval": [0.2, 0.0, 0.0, 0.0, 0.0, 0.2, 0.5, 1.7, 2.3, 2.5, 4.6, 3.0, 5.5, 4.5, 7.7, 26.5, 25.4, 31.2, 25.7, 22.9, 29.9, 26.4, 29.3, 33.7, 26.3, 28.9, 28.1, 24.0, 21.6, 29.5, 16.3, 16.8, 17.6, 16.2, 21.9, 20.8, 22.1, 16.2, 21.8, 13.6, 8.8, 9.3, 7.1, 10.1, 9.4, 13.2, 19.5, 10.4, 13.1, 10.7, 9.0, 14.9, 13.8, 17.8, 11.2, 12.5, 13.8, 10.9, 11.4, 13.8, 12.5, 15.1, 18.1, 15.3, 23.8, 14.7, 20.1, 16.7, 19.3, 25.5, 20.5, 17.5, 21.2, 21.8, 23.7, 28.4, 18.3, 22.4, 15.5, 23.2, 16.4, 20.3, 21.2, 19.0, 26.0, 24.9, 20.9, 24.2, 22.2, 23.6, 24.1, 30.5, 25.5, 19.7, 27.3, 28.5, 27.0, 34.6, 27.6, 23.4], "std_returns_eval": [0.4000000000000001, 0.0, 0.0, 0.0, 0.0, 0.6000000000000001, 1.02469507659596, 3.195309061734091, 3.0675723300355937, 2.8722813232690143, 4.431703961232068, 2.4899799195977463, 7.762087348130012, 3.6124783736376886, 5.586591089385369, 18.287974190707946, 12.183595528414426, 17.848249213858484, 12.625767303415662, 8.383913167489272, 19.403350226185168, 11.403508232118746, 7.029224708315989, 7.642643521714199, 10.863240768757727, 11.631422956801115, 11.175419455215094, 12.876334882255899, 12.043255373859678, 10.111874208078342, 12.554282137979854, 8.4, 8.114185110040317, 7.743384273042376, 12.381033882515629, 10.097524449091472, 6.363175307973213, 10.514751542475933, 12.898061869908982, 9.509994742374992, 5.491812087098393, 7.08590149522275, 6.0074953183502355, 7.841555968046137, 7.748548251124207, 7.386474125047755, 10.49047186736612, 6.2801273872430325, 3.961060464067672, 8.307225770376053, 8.378544026261364, 11.674330815939731, 9.516301802696255, 10.186265262597475, 6.660330322138685, 7.116881339463234, 9.108238029388561, 8.904493247793498, 7.213875518748574, 9.754998718605759, 8.090117428072352, 8.478797084492587, 13.292479076530457, 7.925276020429825, 9.81631295344642, 8.820997676000147, 8.41961994391671, 7.523961722390672, 12.000416659433121, 10.594810050208546, 14.78681845428556, 7.965550828411052, 5.912698199637793, 13.414917070187203, 10.92748827498799, 6.3118935352238, 9.59218431849597, 9.789790600416334, 11.128791488746655, 11.668761716651858, 11.859173664298876, 8.36719785830358, 9.249864863877741, 9.370165420097983, 9.767292357659825, 6.252199612936234, 9.741149829460586, 10.979981785048643, 7.11055553385247, 12.126005112979296, 10.894494022211404, 21.434784813475503, 9.426027795418387, 10.536128321162382, 11.20758671614902, 15.034959261667456, 9.197825830053535, 9.635351576356724, 9.871170143402454, 8.581375181169975], "timestamps_eval": [89.57276105880737, 177.52299690246582, 265.4473822116852, 353.23811078071594, 441.1611132621765, 529.3351089954376, 617.0358798503876, 705.0963609218597, 793.036333322525, 881.0429592132568, 969.0100128650665, 1057.256005525589, 1145.431480884552, 1233.5413973331451, 1321.6910681724548, 1409.7922673225403, 1498.2021689414978, 1586.1766991615295, 1674.4434878826141, 1762.6108808517456, 1850.711595773697, 1938.8759746551514, 2026.9478509426117, 2115.0056829452515, 2203.0746533870697, 2291.2420728206635, 2379.5603697299957, 2467.884281396866, 2556.1378812789917, 2644.2966430187225, 2732.5194215774536, 2820.6562671661377, 2908.742816209793, 2996.911683320999, 3085.092159509659, 3173.3286435604095, 3261.6528618335724, 3350.042895078659, 3438.57786488533, 3526.970338821411, 3615.297974586487, 3703.822423696518, 3792.3093469142914, 3880.6171720027924, 3968.968366384506, 4057.2308225631714, 4146.28307557106, 4234.707399845123, 4323.135887145996, 4411.49532699585, 4499.800237894058, 4588.183435201645, 4676.522767782211, 4765.041076421738, 4853.299123048782, 4941.618034601212, 5029.876960039139, 5118.250023603439, 5206.679939508438, 5295.244977235794, 5383.807535171509, 5472.350437164307, 5561.218435525894, 5649.8627252578735, 5738.641860246658, 5827.245904684067, 5915.863105535507, 6004.608219861984, 6093.01756644249, 6181.635714054108, 6270.407924890518, 6358.804783821106, 6447.252200841904, 6535.381492614746, 6623.608664274216, 6712.486888170242, 6800.796691894531, 6888.992186546326, 6977.392851352692, 7065.910570859909, 7154.220859050751, 7242.601355075836, 7331.163542032242, 7419.418907880783, 7507.674020767212, 7596.355396032333, 7684.527437925339, 7772.876526117325, 7860.9675924777985, 7949.138208150864, 8037.366642475128, 8125.517525911331, 8213.61060667038, 8301.561238527298, 8389.816601753235, 8477.90951704979, 8566.686097621918, 8654.899324893951, 8743.556202888489, 8831.546597003937], "timesteps_eval": [8808, 17642, 26476, 35310, 44144, 52978, 61812, 70646, 79480, 88314, 97148, 105982, 114816, 123650, 132484, 141318, 150152, 158986, 167820, 176654, 185488, 194322, 203156, 211990, 220824, 229658, 238492, 247326, 256160, 264994, 273828, 282662, 291496, 300330, 309164, 317998, 326832, 335666, 344500, 353334, 362168, 371002, 379836, 388670, 397504, 406338, 415172, 424006, 432840, 441674, 450508, 459342, 468176, 477010, 485844, 494678, 503512, 512346, 521180, 530014, 538848, 547682, 556516, 565350, 574184, 583018, 591852, 600686, 609520, 618354, 627188, 636022, 644856, 653690, 662524, 671358, 680192, 689026, 697860, 706694, 715528, 724362, 733196, 742030, 750864, 759698, 768532, 777366, 786200, 795034, 803868, 812702, 821536, 830370, 839204, 848038, 856872, 865706, 874540, 883374],