{"gamma": [0.99, 0.98, 0.95], "learning_rate": [-3, -5, -5], "returns_eval": [0.1, 0.4, 0.1, 0.0, 0.0, 0.0, 0.3, 0.1, 0.1, 0.2, 0.8, 0.2, 1.3, 0.6, 1.2, 3.3, 0.1, 0.5, 1.4, 1.0, 2.7, 2.9, 2.3, 2.4, 2.0, 2.6, 2.0, 2.8, 6.8, 4.4, 5.9, 3.9, 6.2, 8.4, 12.4, 11.5, 12.0, 9.8, 23.7, 22.2, 19.1, 23.5, 22.1, 26.9, 21.6, 17.3, 27.1, 26.0, 23.4, 26.8, 30.9, 28.3, 31.5, 40.2, 35.4, 35.1, 35.6, 39.5, 44.8, 34.5, 41.8, 37.8, 42.0, 47.6, 46.3, 38.5, 42.0, 54.4, 50.6, 49.7, 61.8, 46.2, 56.3, 62.6, 54.6, 55.4, 66.8, 51.6, 58.2, 54.8, 57.5, 52.5, 57.2, 72.3, 61.0, 62.3, 71.2, 55.5, 60.6, 69.5, 68.0, 58.8, 60.9, 66.9, 70.7, 65.4, 73.7, 72.1, 72.5, 64.2], "std_returns_eval": [0.30000000000000004, 1.2000000000000002, 0.30000000000000004, 0.0, 0.0, 0.0, 0.9000000000000001, 0.30000000000000004, 0.30000000000000004, 0.4000000000000001, 1.077032961426901, 0.4000000000000001, 3.257299494980466, 1.0198039027185568, 1.5999999999999999, 6.649060083951715, 0.30000000000000004, 0.806225774829855, 1.9595917942265424, 1.5491933384829668, 2.9342801502242417, 2.9137604568666933, 2.193171219946131, 2.244994432064365, 1.5491933384829668, 2.154065922853802, 2.0, 2.08806130178211, 4.578209256903839, 4.24735211631906, 3.5902646142032486, 2.4269322199023193, 5.173006862551025, 4.6946778377222005, 7.722693830523129, 6.931810730249348, 6.260990336999411, 7.533923280734945, 12.696850003051937, 11.643023662262308, 10.153324578678651, 10.52853266129711, 6.640030120413611, 9.523129737644027, 8.101851640211638, 10.526632889960588, 6.977822009767804, 11.55854662143991, 8.968834929911466, 15.62561998769969, 8.757282683572571, 6.618912297349165, 11.360017605620161, 20.053927296168197, 14.388884598883958, 10.377379245262263, 17.511139311878026, 15.920113064925136, 10.428806259586953, 9.436630754670864, 11.88949115816148, 13.89100428334827, 11.251666543228163, 14.506550244630871, 21.057302771247794, 13.306013678032953, 12.593649193144932, 16.788091017146648, 16.057397049335236, 15.748333245140579, 22.247696509976038, 12.835887191776033, 18.622835444689944, 17.459667808981933, 18.22196476782896, 16.31686244349691, 20.163333057805698, 11.010903686800644, 17.474552927042225, 11.914696806885184, 20.1059692628831, 12.792575972023775, 15.873247934811575, 19.141838992113584, 12.976902558006667, 17.821616088334974, 21.618510586994656, 14.472387501722029, 12.555476892575607, 14.603081866510234, 20.36663938896155, 19.888690253508397, 23.170886905770352, 16.664033125267125, 18.59058901702687, 13.462540622037134, 13.755362590640786, 17.71694104522561, 20.100995000248123, 13.429817571359635], "timestamps_eval": [92.42638182640076, 180.94596147537231, 269.5813841819763, 358.2391095161438, 446.8805375099182, 535.5995995998383, 624.1087908744812, 712.7139263153076, 801.468729019165, 890.185364484787, 979.0323660373688, 1067.7794556617737, 1156.7239532470703, 1245.5197587013245, 1334.3955671787262, 1423.2272593975067, 1512.1983518600464, 1601.0411567687988, 1689.8991267681122, 1778.692625284195, 1867.572872877121, 1956.5156118869781, 2045.4316844940186, 2134.1063644886017, 2222.8294332027435, 2311.5266950130463, 2400.398077249527, 2489.086518764496, 2577.928811311722, 2666.5267889499664, 2755.4159235954285, 2844.141891002655, 2932.9878380298615, 3021.5821709632874, 3110.019855260849, 3198.358922481537, 3286.8337750434875, 3375.2009501457214, 3463.593259334564, 3551.8922634124756, 3640.280112028122, 3728.6258125305176, 3816.8399991989136, 3905.0938260555267, 3993.247947692871, 4081.8814659118652, 4170.859769821167, 4259.293760299683, 4347.427612543106, 4435.9511823654175, 4524.432277202606, 4613.105880737305, 4701.596589565277, 4790.260303258896, 4878.5226328372955, 4966.919872283936, 5055.138677597046, 5143.705865859985, 5231.961101770401, 5319.984942436218, 5407.986881971359, 5496.327573299408, 5584.226031780243, 5672.221763134003, 5760.257350206375, 5848.342995405197, 5936.486513376236, 6024.72270488739, 6112.752932310104, 6200.8455719947815, 6288.815920114517, 6376.947591781616, 6464.812812805176, 6552.9084758758545, 6641.0721600055695, 6729.301660060883, 6817.28199839592, 6905.351568698883, 6993.77041387558, 7082.109223365784, 7170.068824529648, 7258.549462080002, 7346.509038448334, 7434.651570081711, 7522.541897535324, 7610.527851343155, 7699.458572387695, 7788.043676137924, 7876.306607961655, 7964.434289693832, 8052.332934379578, 8140.520493507385, 8229.016134738922, 8317.26140332222, 8405.49642252922, 8493.554656505585, 8581.330459833145, 8669.54501080513, 8757.613938093185, 8845.888950586319], "timesteps_eval": [8808, 17642, 26476, 35310, 44144, 52978, 61812, 70646, 79480, 88314, 97148, 105982, 114816, 123650, 132484, 141318, 150152, 158986, 167820, 176654, 185488, 194322, 203156, 211990, 220824, 229658, 238492, 247326, 256160, 264994, 273828, 282662, 291496, 300330, 309164, 317998, 326832, 335666, 344500, 353334, 362168, 371002, 379836, 388670, 397504, 406338, 415172, 424006, 432840, 441674, 450508, 459342, 468176, 477010, 485844, 494678, 503512, 512346, 521180, 530014, 538848, 547682, 556516, 565350, 574184, 583018, 591852, 600686, 609520, 618354, 627188, 636022, 644856, 653690, 662524, 671358, 680192, 689026, 697860, 706694, 715528, 724362, 733196, 742030, 750864, 759698, 768532, 777366, 786200, 795034, 803868, 812702, 821536, 830370, 839204, 848038, 856872, 865706, 874540, 883374],