{"gamma": [0.98, 0.99, 0.98], "learning_rate": [-3, -3, -5], "returns_eval": [1.3, 0.2, 0.1, 1.4, 0.7, 1.1, 1.2, 2.7, 5.7, 7.6, 4.6, 6.9, 6.9, 14.0, 12.9, 12.1, 18.8, 19.7, 20.3, 22.6, 14.1, 23.7, 31.0, 18.7, 15.0, 23.9, 17.1, 13.3, 12.8, 7.9, 8.6, 11.8, 7.8, 5.4, 7.7, 8.8, 6.9, 5.5, 5.1, 5.0, 4.6, 1.8, 2.9, 1.6, 4.4, 3.4, 4.0, 3.1, 2.0, 3.4, 3.8, 2.0, 2.9, 4.0, 3.8, 2.2, 4.4, 5.2, 3.5, 3.1, 4.0, 4.1, 5.4, 6.4, 4.6, 6.8, 4.5, 4.8, 6.3, 7.2, 7.7, 8.6, 7.7, 6.1, 6.6, 6.4, 7.9, 6.7, 7.2, 9.1, 6.9, 6.8, 10.4, 10.0, 10.0, 12.6, 12.4, 10.2, 15.7, 11.5, 13.7, 12.6, 9.7, 11.6, 19.7, 14.3, 13.4, 13.7, 15.3, 13.2], "std_returns_eval": [1.8466185312619388, 0.4000000000000001, 0.30000000000000004, 3.2310988842807022, 1.4866068747318504, 1.5132745950421556, 1.5362291495737217, 3.0016662039607267, 5.197114584074513, 5.219195340279955, 3.52703841770968, 6.284106937345991, 6.876772498781678, 8.012490249604053, 11.894956914591999, 6.7889616289974715, 13.302631318652711, 10.714942836991712, 13.791664149043072, 13.741906709041508, 8.10493676718085, 10.705606008068855, 7.886697661252142, 7.389857914736926, 6.557438524302, 10.338762014864255, 8.178630692236935, 9.497894503520241, 5.5641710972974225, 5.223983154643591, 6.651315659326356, 6.462197768561405, 4.556314299957807, 3.8262252939417984, 5.728001396647874, 4.621688003316537, 4.948737212663449, 3.138470965295043, 4.635730794599704, 3.687817782917155, 4.363484845854286, 1.32664991614216, 2.3000000000000003, 1.562049935181331, 4.17612260356422, 3.7469987990390385, 2.9664793948382653, 2.022374841615669, 2.0976176963403033, 3.2924155266308657, 3.2186953878862163, 1.7320508075688772, 3.7802116342871597, 3.40587727318528, 2.2715633383201093, 1.8867962264113207, 2.4576411454889016, 3.1874754901018454, 2.247220505424423, 3.1128764832546763, 2.280350850198276, 2.211334438749598, 3.7202150475476548, 3.411744421846396, 2.5377155080899043, 3.0919249667480613, 4.318564576337836, 3.0919249667480613, 4.148493702538308, 2.227105745132009, 4.290687590584987, 3.8000000000000003, 4.172529209005013, 2.3430749027719964, 4.2, 4.8, 6.833008122342605, 2.3685438564654024, 3.4292856398964497, 2.3430749027719964, 2.947880594596735, 3.9446165846632044, 2.8, 5.674504383644443, 4.516635916254486, 5.76541412215983, 3.6386810797320503, 5.844655678480983, 8.967162315916893, 5.835237784358063, 7.912648102879339, 3.52703841770968, 4.712748667179271, 6.560487786742691, 9.06697303403953, 7.184010022264724, 6.696267617113284, 7.2532751223154355, 6.634003316248795, 7.138627319029899], "timestamps_eval": [89.18836665153503, 176.27581071853638, 263.55759716033936, 350.8137135505676, 438.1204352378845, 525.4753925800323, 612.9303467273712, 700.3191497325897, 787.9602763652802, 876.0131123065948, 963.7738754749298, 1051.3800027370453, 1138.8896660804749, 1226.4701454639435, 1314.3724229335785, 1402.029631614685, 1489.8364305496216, 1577.4225678443909, 1665.2473983764648, 1752.9343152046204, 1840.6217625141144, 1928.3789024353027, 2016.0941927433014, 2103.659208536148, 2191.2508833408356, 2278.950571537018, 2366.485557794571, 2454.166086435318, 2541.995454788208, 2629.5685725212097, 2717.240830898285, 2804.7708446979523, 2892.304276943207, 2979.897139310837, 3067.608491420746, 3155.1460337638855, 3243.360610485077, 3331.0086708068848, 3418.532220840454, 3506.1342775821686, 3593.6930220127106, 3681.2551040649414, 3768.933512687683, 3857.5185413360596, 3945.1267716884613, 4032.75323843956, 4120.4612765312195, 4208.06986451149, 4295.7764546871185, 4383.361744880676, 4471.0509033203125, 4558.7838253974915, 4646.413304567337, 4734.082657814026, 4821.80393242836, 4909.553672790527, 4997.232919931412, 5087.273859500885, 5174.863108158112, 5262.422129154205, 5350.165587186813, 5437.956760406494, 5525.711084604263, 5613.3546323776245, 5701.061184167862, 5789.607201337814, 5877.29675412178, 5965.01495552063, 6052.791605710983, 6140.443870067596, 6228.9023604393005, 6316.7755970954895, 6404.464887619019, 6492.14436173439, 6579.845257282257, 6667.635965824127, 6755.571197509766, 6843.444692373276, 6931.371497869492, 7019.360059499741, 7107.04940032959, 7194.7570695877075, 7282.594809770584, 7372.444162130356, 7460.276429176331, 7548.139013290405, 7635.847496509552, 7723.761919260025, 7811.588804721832, 7899.540391921997, 7987.3898713588715, 8075.359098434448, 8163.102257728577, 8250.855908155441, 8339.377283334732, 8427.350708246231, 8515.179550647736, 8603.796548843384, 8691.524892807007, 8779.513993501663], "timesteps_eval": [8804, 17635, 26466, 35297, 44128, 52959, 61790, 70621, 79452, 88283, 97114, 105945, 114776, 123607, 132438, 141269, 150100, 158931, 167762, 176593, 185424, 194255, 203086, 211917, 220748, 229579, 238410, 247241, 256072, 264903, 273734, 282565, 291396, 300227, 309058, 317889, 326720, 335551, 344382, 353213, 362044, 370875, 379706, 388537, 397368, 406199, 415030, 423861, 432692, 441523, 450354, 459185, 468016, 476847, 485678, 494509, 503340, 512171, 521002, 529833, 538664, 547495, 556326, 565157, 573988, 582819, 591650, 600481, 609312, 618143, 626974, 635805, 644636, 653467, 662298, 671129, 679960, 688791, 697622, 706453, 715284, 724115, 732946, 741777, 750608, 759439, 768270, 777101, 785932, 794763, 803594, 812425, 821256, 830087, 838918, 847749, 856580, 865411, 874242, 883073],