{"gamma": [0.99, 0.95, 0.95], "learning_rate": [-5, -3, -3], "returns_eval": [5.8, 5.3, 0.0, 0.0, 2.2, 8.4, 8.9, 20.2, 15.9, 13.8, 13.8, 16.2, 13.8, 20.6, 20.6, 13.8, 20.2, 16.9, 13.8, 30.5, 30.5, 30.5, 30.5, 30.5, 30.5, 30.5, 30.5, 30.5, 30.5, 30.5, 17.7, 24.1, 22.3, 11.8, 21.8, 34.7, 44.7, 51.1, 47.0, 46.4, 60.6, 65.6, 57.9, 68.0, 83.0, 65.5, 74.3, 83.1, 77.4, 64.1, 65.8, 68.5, 69.8, 79.3, 81.7, 79.7, 66.5, 65.5, 73.7, 61.1, 63.3, 71.8, 40.1, 37.6, 30.5, 35.7, 45.3, 37.8, 27.8, 32.1, 28.7, 42.8, 33.6, 31.5, 37.4, 36.5, 33.1, 26.4, 23.8, 25.8, 22.8, 21.2, 20.8, 22.5, 20.5, 21.8, 22.6, 18.5, 25.6, 18.9, 19.5, 21.0, 20.0, 12.0, 14.6, 15.3, 13.8, 13.1, 18.2, 16.1], "std_returns_eval": [6.241794613730893, 4.859012245302537, 0.0, 0.0, 4.166533331199932, 6.945502141674135, 7.119691004531025, 11.142710621747296, 8.466994744299774, 6.896375859826668, 6.896375859826668, 11.115754585272203, 6.896375859826668, 9.728309205612248, 9.728309205612248, 6.896375859826668, 13.325164164091937, 9.761659694949419, 6.896375859826668, 23.55525419094432, 23.55525419094432, 23.55525419094432, 23.55525419094432, 23.55525419094432, 23.55525419094432, 23.55525419094432, 23.55525419094432, 23.55525419094432, 23.55525419094432, 23.55525419094432, 12.1, 16.777663722938307, 23.03931422590525, 7.520638270785266, 9.389355675444401, 18.482694608741443, 15.41460346554526, 16.367345539213133, 9.273618495495704, 5.9531504264548865, 23.627103080995774, 19.069347130932407, 17.06722004311188, 19.88969582472291, 14.170391667134682, 16.60873264279969, 24.795362469623228, 21.16813643191105, 24.88453334905037, 19.4496786605846, 18.36736235827017, 20.58275977608445, 24.86684539703418, 18.022485955050705, 21.991134577370037, 22.212834128044083, 26.710484832739372, 24.369037732335677, 26.07700136135288, 24.390366950909126, 19.00026315607234, 30.613069104550757, 15.700000000000001, 14.25622670975739, 18.623909364040625, 20.474618433563055, 17.475983520248583, 9.206519429187123, 8.158431221748456, 9.0160967164289, 12.042009799032718, 18.535371590556256, 11.85073837362044, 12.419742348374221, 11.85073837362044, 8.92468486838611, 10.173003489628814, 11.110355529864918, 7.4269778510508555, 13.249905660041508, 11.356055653262713, 7.4404300950953095, 5.861740355901138, 8.333666660000267, 9.102197536858887, 8.964373932405989, 10.716342659695052, 8.64002314811714, 9.134549797335389, 5.957348403442592, 7.297259759663212, 9.011104260855047, 10.478549517943788, 5.727128425310541, 6.2801273872430325, 5.478138369920935, 7.678541528180987, 4.988987873306569, 3.249615361854384, 4.459820624195552], "timestamps_eval": [88.84367108345032, 175.60586500167847, 262.31334686279297, 349.013662815094, 438.65909337997437, 525.5090780258179, 612.3219604492188, 699.2216684818268, 786.149610042572, 873.1713287830353, 960.1444120407104, 1047.116138458252, 1134.1709125041962, 1221.141231060028, 1308.056011915207, 1394.9979598522186, 1482.0066075325012, 1568.9054818153381, 1655.911467552185, 1742.8488743305206, 1829.9088969230652, 1916.8494017124176, 2003.7277195453644, 2090.6398854255676, 2177.504935979843, 2264.4520695209503, 2352.63919878006, 2439.585517168045, 2526.4900364875793, 2613.475303173065, 2700.3668994903564, 2787.3022170066833, 2874.1473321914673, 2960.9374845027924, 3047.846295118332, 3134.9218261241913, 3221.885674715042, 3308.826111793518, 3395.860996723175, 3482.826430797577, 3569.7289011478424, 3657.276685476303, 3744.270606994629, 3831.179944038391, 3918.120451927185, 4005.1849236488342, 4092.254220724106, 4179.280015707016, 4266.414909601212, 4353.414097070694, 4440.427310466766, 4527.4033851623535, 4614.418338775635, 4701.482875823975, 4788.608435869217, 4876.40135383606, 4963.4063947200775, 5050.524770736694, 5138.359145641327, 5225.563785791397, 5315.413673400879, 5402.562041044235, 5489.636814117432, 5577.866318941116, 5664.914674520493, 5751.932252168655, 5839.774591207504, 5926.8535895347595, 6013.957917690277, 6101.815634012222, 6188.8527572155, 6275.856375217438, 6362.88910651207, 6449.905377149582, 6536.95575594902, 6623.970623254776, 6711.016241550446, 6798.06219959259, 6885.130982398987, 6972.220686197281, 7059.218880653381, 7146.19575881958, 7233.1354804039, 7320.209944725037, 7407.177611351013, 7494.26051735878, 7581.292205095291, 7668.276968240738, 7755.30281829834, 7842.203155755997, 7929.082872629166, 8016.065356254578, 8103.023411035538, 8189.88960981369, 8276.70988035202, 8363.575946331024, 8450.47703075409, 8537.37054157257, 8625.098300457, 8712.05526804924], "timesteps_eval": [8804, 17635, 26466, 35297, 44128, 52959, 61790, 70621, 79452, 88283, 97114, 105945, 114776, 123607, 132438, 141269, 150100, 158931, 167762, 176593, 185424, 194255, 203086, 211917, 220748, 229579, 238410, 247241, 256072, 264903, 273734, 282565, 291396, 300227, 309058, 317889, 326720, 335551, 344382, 353213, 362044, 370875, 379706, 388537, 397368, 406199, 415030, 423861, 432692, 441523, 450354, 459185, 468016, 476847, 485678, 494509, 503340, 512171, 521002, 529833, 538664, 547495, 556326, 565157, 573988, 582819, 591650, 600481, 609312, 618143, 626974, 635805, 644636, 653467, 662298, 671129, 679960, 688791, 697622, 706453, 715284, 724115, 732946, 741777, 750608, 759439, 768270, 777101, 785932, 794763, 803594, 812425, 821256, 830087, 838918, 847749, 856580, 865411, 874242, 883073],