{"gamma": 0.99, "learning_rate": -2, "clip": 0.2, "returns_eval": [0.0, 0.0, 0.0, 0.0, 0.0, 0.0, 0.0, 0.0, 0.0, 0.0, 0.0, 0.0, 0.0, 0.0, 0.0, 0.0, 0.0, 0.0, 0.0, 0.0, 0.0, 0.0, 0.0, 0.0, 22.8, 22.8, 22.8, 22.8, 22.8, 22.8, 22.8, 22.8, 22.8, 22.8, 22.8, 22.8, 22.8, 22.8, 22.8, 22.8, 22.8, 22.8, 22.8, 22.8, 22.8, 22.8, 22.8, 22.8, 22.8, 22.8, 22.8, 22.8, 22.8, 22.8, 22.8, 22.8, 22.8, 22.8, 22.8, 22.8, 22.8, 22.8, 22.8, 22.8, 22.8, 22.8, 22.8, 22.8, 22.8, 22.8, 22.8, 22.8, 22.8, 22.8, 22.8, 22.8, 22.8, 22.8, 22.8, 22.8, 22.8, 22.8, 22.8, 22.8, 22.8, 22.8, 22.8, 22.8, 22.8, 22.8, 22.8, 22.8, 22.8, 22.8, 22.8, 22.8, 22.8, 22.8, 22.8, 22.8], "std_returns_eval": [0.0, 0.0, 0.0, 0.0, 0.0, 0.0, 0.0, 0.0, 0.0, 0.0, 0.0, 0.0, 0.0, 0.0, 0.0, 0.0, 0.0, 0.0, 0.0, 0.0, 0.0, 0.0, 0.0, 0.0, 10.283968105745954, 10.283968105745954, 10.283968105745954, 10.283968105745954, 10.283968105745954, 10.283968105745954, 10.283968105745954, 10.283968105745954, 10.283968105745954, 10.283968105745954, 10.283968105745954, 10.283968105745954, 10.283968105745954, 10.283968105745954, 10.283968105745954, 10.283968105745954, 10.283968105745954, 10.283968105745954, 10.283968105745954, 10.283968105745954, 10.283968105745954, 10.283968105745954, 10.283968105745954, 10.283968105745954, 10.283968105745954, 10.283968105745954, 10.283968105745954, 10.283968105745954, 10.283968105745954, 10.283968105745954, 10.283968105745954, 10.283968105745954, 10.283968105745954, 10.283968105745954, 10.283968105745954, 10.283968105745954, 10.283968105745954, 10.283968105745954, 10.283968105745954, 10.283968105745954, 10.283968105745954, 10.283968105745954, 10.283968105745954, 10.283968105745954, 10.283968105745954, 10.283968105745954, 10.283968105745954, 10.283968105745954, 10.283968105745954, 10.283968105745954, 10.283968105745954, 10.283968105745954, 10.283968105745954, 10.283968105745954, 10.283968105745954, 10.283968105745954, 10.283968105745954, 10.283968105745954, 10.283968105745954, 10.283968105745954, 10.283968105745954, 10.283968105745954, 10.283968105745954, 10.283968105745954, 10.283968105745954, 10.283968105745954, 10.283968105745954, 10.283968105745954, 10.283968105745954, 10.283968105745954, 10.283968105745954, 10.283968105745954, 10.283968105745954, 10.283968105745954, 10.283968105745954, 10.283968105745954], "timestamps_eval": [90.16792702674866, 179.20443272590637, 267.1761095523834, 356.0445158481598, 444.9018762111664, 533.6037030220032, 622.3084554672241, 711.4901897907257, 800.6824209690094, 889.2111082077026, 977.7415163516998, 1065.9641377925873, 1154.488629579544, 1242.792917728424, 1331.1449537277222, 1419.9356257915497, 1509.106073141098, 1597.3562941551208, 1685.9468779563904, 1773.3677263259888, 1860.6768486499786, 1948.515300989151, 2036.9608099460602, 2124.971959590912, 2212.657567024231, 2299.594563484192, 2387.1064319610596, 2475.0631844997406, 2563.5685856342316, 2652.128257036209, 2740.875320672989, 2829.339818239212, 2918.490591287613, 3006.4325621128082, 3095.4416131973267, 3183.6556947231293, 3273.1868793964386, 3361.4300746917725, 3449.7155742645264, 3537.763104915619, 3626.2097659111023, 3715.027423620224, 3804.111706018448, 3892.7456817626953, 3981.0867099761963, 4069.878234386444, 4158.697483778, 4247.5265917778015, 4335.760128498077, 4424.677513360977, 4513.366401433945, 4602.169721603394, 4691.23846578598, 4779.833702087402, 4868.860229730606, 4957.309326171875, 5046.082932472229, 5134.632574081421, 5223.734080076218, 5311.66196346283, 5400.485634803772, 5489.134483575821, 5578.375072479248, 5667.65821313858, 5756.70427441597, 5845.42839717865, 5935.23276424408, 6024.302292108536, 6112.8074588775635, 6200.878911018372, 6289.91818356514, 6378.892026424408, 6466.141860246658, 6555.853786230087, 6644.873618841171, 6734.240513801575, 6822.61666059494, 6912.199450969696, 7000.852278470993, 7089.108405351639, 7178.6325125694275, 7267.583843708038, 7356.814706087112, 7446.3719182014465, 7535.498073816299, 7625.113417863846, 7713.490549325943, 7803.5797872543335, 7892.16627073288, 7980.752835988998, 8069.443071842194, 8158.007761716843, 8247.350101232529, 8336.690233945847, 8425.39417052269, 8513.543773412704, 8602.107940673828, 8691.555538892746, 8778.843293190002, 8867.225953817368], "timesteps_eval": [8800, 17634, 26468, 35302, 44136, 52970, 61804, 70638, 79472, 88306, 97140, 105974, 114808, 123642, 132476, 141310, 150144, 158978, 167812, 176646, 185480, 194314, 203148, 211982, 220816, 229650, 238484, 247318, 256152, 264986, 273820, 282654, 291488, 300322, 309156, 317990, 326824, 335658, 344492, 353326, 362160, 370994, 379828, 388662, 397496, 406330, 415164, 423998, 432832, 441666, 450500, 459334, 468168, 477002, 485836, 494670, 503504, 512338, 521172, 530006, 538840, 547674, 556508, 565342, 574176, 583010, 591844, 600678, 609512, 618346, 627180, 636014, 644848, 653682, 662516, 671350, 680184, 689018, 697852, 706686, 715520, 724354, 733188, 742022, 750856, 759690, 768524, 777358, 786192, 795026, 803860, 812694, 821528, 830362, 839196, 848030, 856864, 865698, 874532, 883366],