{"gamma": [0.99, 0.95, 0.99], "learning_rate": [-3, -3, -5], "returns_eval": [0.1, 0.4, 0.1, 0.0, 0.0, 0.0, 0.3, 0.1, 0.1, 0.2, 0.8, 0.2, 1.3, 0.6, 1.2, 3.3, 0.1, 0.5, 1.4, 1.0, 2.7, 2.9, 2.3, 2.4, 2.0, 2.6, 2.0, 2.8, 6.8, 4.4, 4.6, 3.9, 6.4, 11.8, 6.5, 5.1, 4.1, 3.9, 10.0, 3.7, 2.4, 10.5, 10.2, 9.5, 8.9, 11.3, 8.4, 4.8, 8.1, 5.4, 4.5, 5.6, 4.6, 5.5, 5.3, 6.5, 5.9, 5.3, 5.1, 7.7, 7.7, 10.7, 6.0, 11.2, 8.9, 12.7, 10.8, 13.6, 8.7, 9.7, 9.2, 12.3, 16.2, 10.6, 12.3, 15.2, 9.6, 13.2, 13.6, 16.4, 16.1, 12.9, 11.9, 17.6, 12.0, 14.9, 17.1, 13.6, 18.1, 16.1, 14.3, 16.8, 18.2, 17.2, 17.8, 16.0, 18.4, 17.1, 16.7, 20.9], "std_returns_eval": [0.30000000000000004, 1.2000000000000002, 0.30000000000000004, 0.0, 0.0, 0.0, 0.9000000000000001, 0.30000000000000004, 0.30000000000000004, 0.4000000000000001, 1.077032961426901, 0.4000000000000001, 3.257299494980466, 1.0198039027185568, 1.5999999999999999, 6.649060083951715, 0.30000000000000004, 0.806225774829855, 1.9595917942265424, 1.5491933384829668, 2.9342801502242417, 2.9137604568666933, 2.193171219946131, 2.244994432064365, 1.5491933384829668, 2.154065922853802, 2.0, 2.08806130178211, 4.578209256903839, 4.24735211631906, 1.8547236990991407, 4.205948168962618, 2.6532998322843198, 7.678541528180987, 3.640054944640259, 4.570557952810575, 3.3000000000000003, 3.014962686336267, 6.841052550594828, 3.5227829907617076, 1.907878402833891, 7.473285756613352, 6.2257529665093525, 4.080441152620633, 6.518435395092905, 8.12465383877984, 7.405403432629448, 3.6000000000000005, 8.117265549432272, 2.6907248094147422, 2.692582403567252, 2.90516780926679, 3.6660605559646724, 3.721558813185679, 4.670117771534247, 4.5661800227323495, 5.430469592954186, 3.5227829907617076, 5.185556864985669, 6.708949247087803, 5.780138406647371, 6.928924880528004, 4.381780460041329, 5.1146847410177685, 6.441273166075168, 6.9, 6.128621378417824, 3.7202150475476548, 5.348831648126533, 6.634003316248794, 4.874423042781577, 10.564563407921787, 8.964373932405987, 6.514598989960932, 6.753517601961218, 6.925315877272314, 5.535341001239218, 5.96322060635023, 6.8731361109758335, 7.351190379795643, 8.5492689745966, 8.99388681271896, 3.5341194094144583, 5.986651818838306, 7.37563556583431, 8.2516664983505, 9.170059977993601, 5.44426303552648, 4.72122865364515, 8.3, 4.382921400162226, 3.7894590642992836, 6.177378084592201, 8.292164976651152, 9.162968951164245, 6.48074069840786, 8.499411744350311, 7.2862884927787475, 8.672369918309528, 10.501904589168575], "timestamps_eval": [89.59346747398376, 176.68188786506653, 263.93583512306213, 351.0880763530731, 438.15618777275085, 525.3457417488098, 612.4910705089569, 699.766047000885, 787.02778840065, 874.3653099536896, 961.7472331523895, 1049.0901703834534, 1136.5943341255188, 1224.2383868694305, 1311.8960120677948, 1399.3001701831818, 1486.8110949993134, 1574.3296806812286, 1661.9867956638336, 1749.552250623703, 1837.035790681839, 1924.5282661914825, 2011.9954628944397, 2099.496216058731, 2187.0394475460052, 2274.540905714035, 2362.156547307968, 2451.921825647354, 2539.499345302582, 2627.178646802902, 2714.933552503586, 2802.5865700244904, 2890.297350168228, 2978.062230348587, 3065.7016015052795, 3153.33758354187, 3240.994209766388, 3328.4435420036316, 3416.031015396118, 3503.686857700348, 3591.2374482154846, 3679.1584057807922, 3766.828885793686, 3854.5518493652344, 3942.2334015369415, 4029.8438119888306, 4117.5847907066345, 4205.124917507172, 4292.7807557582855, 4380.547727108002, 4468.307820320129, 4556.0343363285065, 4643.804633140564, 4731.795662641525, 4819.677168607712, 4907.863038778305, 4995.612031459808, 5083.415127754211, 5171.311440944672, 5259.112190008163, 5346.87358546257, 5434.6068341732025, 5522.503297567368, 5610.718990564346, 5698.442243099213, 5786.171573638916, 5873.817927837372, 5961.638694524765, 6049.489501953125, 6137.635568380356, 6225.487847328186, 6313.920419931412, 6401.482528448105, 6489.2895040512085, 6577.34454536438, 6665.179463624954, 6752.98330950737, 6840.54124379158, 6928.213888168335, 7016.156515836716, 7103.897520780563, 7191.533729553223, 7279.117203474045, 7366.752007722855, 7454.554036855698, 7542.457789182663, 7630.136265277863, 7717.791090011597, 7805.34120798111, 7893.0579562187195, 7980.656860589981, 8068.092651605606, 8155.739854335785, 8243.774384975433, 8331.9630215168, 8419.937327384949, 8507.59189081192, 8595.255961418152, 8682.973335981369, 8770.61376285553], "timesteps_eval": [8808, 17642, 26476, 35310, 44144, 52978, 61812, 70646, 79480, 88314, 97148, 105982, 114816, 123650, 132484, 141318, 150152, 158986, 167820, 176654, 185488, 194322, 203156, 211990, 220824, 229658, 238492, 247326, 256160, 264994, 273828, 282662, 291496, 300330, 309164, 317998, 326832, 335666, 344500, 353334, 362168, 371002, 379836, 388670, 397504, 406338, 415172, 424006, 432840, 441674, 450508, 459342, 468176, 477010, 485844, 494678, 503512, 512346, 521180, 530014, 538848, 547682, 556516, 565350, 574184, 583018, 591852, 600686, 609520, 618354, 627188, 636022, 644856, 653690, 662524, 671358, 680192, 689026, 697860, 706694, 715528, 724362, 733196, 742030, 750864, 759698, 768532, 777366, 786200, 795034, 803868, 812702, 821536, 830370, 839204, 848038, 856872, 865706, 874540, 883374],