{"gamma": 0.98, "learning_rate": -4, "clip": 0.2, "returns_eval": [0.0, 0.0, 0.1, 0.0, 0.0, 0.0, 0.0, 0.0, 0.0, 0.0, 0.0, 0.0, 0.0, 0.0, 0.0, 0.5, 0.4, 0.5, 1.0, 0.0, 1.1, 1.5, 2.0, 2.3, 2.3, 5.0, 7.0, 3.5, 8.9, 8.6, 13.5, 10.9, 15.9, 15.5, 29.1, 34.7, 31.6, 42.1, 46.7, 48.8, 50.0, 61.0, 59.5, 74.6, 75.3, 94.5, 82.9, 81.7, 84.7, 91.6, 96.0, 97.1, 108.2, 105.4, 104.5, 104.2, 109.0, 112.5, 110.2, 124.0, 117.8, 119.5, 119.3, 121.5, 133.1, 127.4, 123.1, 130.0, 127.6, 120.0, 131.7, 135.7, 129.6, 128.3, 126.7, 125.3, 141.8, 137.3, 131.2, 135.6, 136.7, 147.5, 141.5, 147.3, 137.2, 156.8, 156.0, 156.9, 159.8, 145.3, 140.0, 151.1, 172.5, 147.7, 158.6, 152.5, 158.6, 154.3, 159.6, 173.4], "std_returns_eval": [0.0, 0.0, 0.30000000000000004, 0.0, 0.0, 0.0, 0.0, 0.0, 0.0, 0.0, 0.0, 0.0, 0.0, 0.0, 0.0, 1.02469507659596, 1.2000000000000002, 0.806225774829855, 1.4142135623730951, 0.0, 2.3430749027719964, 2.1095023109728985, 2.0976176963403033, 2.9, 2.4919871588754225, 2.8635642126552705, 5.779273310719955, 3.52845575287547, 9.491575211733824, 8.92412460692924, 7.297259759663212, 5.028916384272063, 9.364293886887575, 9.457801012920498, 10.054352291420866, 9.623408959407264, 9.624967532412771, 14.159449141827515, 12.73616896872839, 22.608847825574838, 10.069756700139283, 14.120906486483083, 12.7534309109353, 16.835676404587968, 15.000333329629711, 17.223530416264836, 25.28022942933865, 23.668755776339403, 18.171681265089372, 15.755633912984905, 20.445048300260872, 17.991386828146407, 6.99714227381436, 17.018813119603845, 15.246311029229332, 5.230678732248808, 11.180339887498949, 13.514806694880988, 13.72443077143821, 13.674794331177344, 11.347246362003427, 16.948451256678293, 16.81695572926325, 18.271562604221895, 17.184004189943625, 12.626955294131678, 11.44071676076285, 18.027756377319946, 15.60897177907629, 16.056151469141042, 16.60150595578606, 10.909170454255447, 17.46539435569664, 13.107631364972086, 16.087572843657927, 12.280472303620899, 10.870142593360953, 13.99321264041964, 14.572576985557497, 15.63457706495446, 12.296747537458838, 16.29877295995008, 17.636609651517492, 23.516164653276263, 15.276125163142648, 8.388086790204307, 18.83082579177026, 13.186735759845952, 20.536796244789496, 11.234322409473569, 14.906374475371265, 18.47403583411053, 51.507766404688915, 14.879852149803103, 17.85609139761555, 21.005951537600005, 18.84781154404935, 18.968658360569417, 14.4512975196001, 39.092710317909656], "timestamps_eval": [88.65591764450073, 175.07758712768555, 260.8686728477478, 346.54687786102295, 432.243257522583, 517.9762749671936, 603.6649923324585, 689.5797419548035, 775.3812036514282, 861.0731952190399, 946.856479883194, 1032.7380743026733, 1118.4015157222748, 1204.1864559650421, 1289.986986398697, 1375.709984779358, 1461.5363500118256, 1547.3321559429169, 1633.126456975937, 1719.1083447933197, 1805.020801782608, 1890.8391299247742, 1976.7239961624146, 2062.6174943447113, 2148.5509967803955, 2234.594075679779, 2320.8201248645782, 2406.8075473308563, 2492.9392561912537, 2578.815800666809, 2664.927664041519, 2751.0129828453064, 2837.077430486679, 2923.0905344486237, 3009.1182568073273, 3095.2339758872986, 3181.4157421588898, 3267.6363050937653, 3353.7389528751373, 3439.8848474025726, 3525.9262375831604, 3611.976621866226, 3698.1033730506897, 3784.3100311756134, 3870.7055325508118, 3956.8779785633087, 4043.181082010269, 4129.246720075607, 4215.341010808945, 4301.474771738052, 4387.564039468765, 4473.715743303299, 4559.89790391922, 4646.078782320023, 4732.369459867477, 4818.741137266159, 4905.171346187592, 4991.433381795883, 5077.754647731781, 5164.124119520187, 5250.600516319275, 5337.001936912537, 5423.58616065979, 5509.736108541489, 5595.942761898041, 5682.124096155167, 5768.322433710098, 5854.448445796967, 5940.6668837070465, 6026.867324590683, 6113.282578468323, 6199.422309398651, 6285.770646810532, 6371.994005680084, 6458.354008674622, 6544.595199108124, 6630.854134321213, 6717.087423324585, 6803.424909114838, 6889.651476860046, 6975.975928068161, 7062.380865573883, 7148.738092184067, 7234.956286907196, 7321.175785541534, 7407.516967535019, 7493.847781181335, 7580.177734851837, 7666.4162974357605, 7752.762659788132, 7839.06064248085, 7925.242016792297, 8025.574125051498, 8111.979287385941, 8198.238269090652, 8284.609971284866, 8371.024296045303, 8457.270686626434, 8543.589643001556, 8643.888382911682], "timesteps_eval": [8808, 17642, 26476, 35310, 44144, 52978, 61812, 70646, 79480, 88314, 97148, 105982, 114816, 123650, 132484, 141318, 150152, 158986, 167820, 176654, 185488, 194322, 203156, 211990, 220824, 229658, 238492, 247326, 256160, 264994, 273828, 282662, 291496, 300330, 309164, 317998, 326832, 335666, 344500, 353334, 362168, 371002, 379836, 388670, 397504, 406338, 415172, 424006, 432840, 441674, 450508, 459342, 468176, 477010, 485844, 494678, 503512, 512346, 521180, 530014, 538848, 547682, 556516, 565350, 574184, 583018, 591852, 600686, 609520, 618354, 627188, 636022, 644856, 653690, 662524, 671358, 680192, 689026, 697860, 706694, 715528, 724362, 733196, 742030, 750864, 759698, 768532, 777366, 786200, 795034, 803868, 812702, 821536, 830370, 839204, 848038, 856872, 865706, 874540, 883374],