{"gamma": 0.99, "learning_rate": -5, "clip": 0.2, "returns_eval": [0.0, 0.0, 0.0, 0.1, 0.1, 0.0, 0.0, 0.0, 7.2, 0.0, 4.1, 0.2, 0.2, 29.3, 16.8, 22.8, 22.8, 22.8, 22.8, 22.8, 22.8, 22.8, 22.8, 22.8, 22.8, 22.8, 22.8, 22.8, 22.8, 22.8, 22.8, 22.8, 22.8, 22.8, 22.8, 22.8, 22.8, 22.8, 22.8, 22.8, 22.8, 22.2, 31.7, 35.7, 41.0, 48.7, 61.8, 56.3, 71.4, 60.2, 68.4, 66.1, 70.4, 71.2, 83.6, 78.1, 70.2, 69.4, 70.9, 83.0, 84.2, 84.3, 79.7, 77.8, 77.9, 89.1, 80.4, 84.7, 83.0, 83.0, 97.9, 103.0, 102.9, 94.7, 106.2, 106.7, 104.1, 99.3, 99.4, 97.4, 101.0, 111.6, 110.1, 98.0, 113.2, 112.4, 111.8, 112.3, 119.8, 106.3, 108.3, 109.6, 101.2, 116.9, 111.0, 111.1, 115.1, 101.4, 102.7, 114.0], "std_returns_eval": [0.0, 0.0, 0.0, 0.30000000000000004, 0.30000000000000004, 0.0, 0.0, 0.0, 5.095095681142799, 0.0, 3.3000000000000003, 0.6000000000000001, 0.6000000000000001, 12.86895489152091, 10.49571341072154, 10.283968105745954, 10.283968105745954, 10.283968105745954, 10.283968105745954, 10.283968105745954, 10.283968105745954, 10.283968105745954, 10.283968105745954, 10.283968105745954, 10.283968105745954, 10.283968105745954, 10.283968105745954, 10.283968105745954, 10.283968105745954, 10.283968105745954, 10.283968105745954, 10.283968105745954, 10.283968105745954, 10.283968105745954, 10.283968105745954, 10.283968105745954, 10.283968105745954, 10.283968105745954, 10.283968105745954, 10.322790320451151, 10.322790320451151, 10.057832768544126, 22.35643084215367, 15.13968295572929, 16.480291259562133, 19.69796943849797, 30.28134739406422, 20.947792246439718, 26.142685401465553, 19.004210059878837, 27.706316969240063, 21.878985351245156, 23.81260170581955, 29.1128837458607, 23.243063481391605, 22.25511177235468, 24.27261831776704, 21.546229368499723, 20.906697491473874, 26.612027356065905, 26.824615561084936, 24.55218931174978, 20.154652068443156, 34.06699282296575, 29.531169973436544, 22.295515244102344, 27.255091267504497, 26.313684652666947, 25.51078203426935, 33.34066586017742, 21.063950246807934, 14.15627069534911, 9.637945839233588, 22.5302019520465, 17.525980714356614, 20.28324431643025, 11.9870763741623, 15.218738449687608, 29.363923443572727, 18.10635247641004, 7.615773105863909, 10.00199980003999, 16.658031096140984, 14.656056768449009, 16.569852141766383, 24.19586741573858, 15.979987484350545, 15.185848675658532, 12.615863030328127, 15.218738449687608, 13.289469515371936, 20.708452380610193, 19.30181338631166, 12.597221915962265, 19.390719429665317, 22.669142021699894, 6.456779382943171, 22.486440358580545, 22.609953560323827, 13.820274961085254], "timestamps_eval": [89.44381284713745, 177.26359510421753, 264.7187433242798, 352.65294313430786, 439.8010015487671, 527.1363916397095, 613.8118100166321, 702.197181224823, 790.635082244873, 880.205531835556, 968.542062997818, 1056.6540925502777, 1142.5161888599396, 1230.5935201644897, 1318.9893372058868, 1407.2917747497559, 1495.9988768100739, 1583.8946468830109, 1672.2199728488922, 1761.6154820919037, 1850.6663300991058, 1939.2283821105957, 2025.8402335643768, 2113.7006945610046, 2201.509290933609, 2290.0782017707825, 2377.044202566147, 2464.453469276428, 2551.4658827781677, 2640.5124940872192, 2728.3048000335693, 2815.6334726810455, 2904.1807732582092, 2993.0400829315186, 3080.4847218990326, 3168.01166844368, 3257.233326435089, 3345.738452196121, 3433.5330901145935, 3520.341901779175, 3607.8496363162994, 3696.790667772293, 3786.031886100769, 3874.921969652176, 3963.002841234207, 4050.2659091949463, 4138.034036874771, 4225.68958735466, 4312.653630971909, 4399.719934940338, 4487.1696944236755, 4574.742971897125, 4662.860353946686, 4750.044679641724, 4836.918199300766, 4925.141351699829, 5012.720534801483, 5100.341239690781, 5188.160518407822, 5275.070241451263, 5361.746662378311, 5448.6934678554535, 5536.251752614975, 5624.5336236953735, 5713.014369010925, 5801.889835596085, 5888.960029602051, 5977.168430566788, 6065.434186697006, 6153.456866264343, 6241.164339065552, 6329.6277232170105, 6416.929804325104, 6504.0195734500885, 6591.60724067688, 6679.22922039032, 6766.759407281876, 6854.145051717758, 6942.385146856308, 7030.367728710175, 7118.726600646973, 7206.1570682525635, 7294.06304526329, 7381.060313940048, 7468.8149383068085, 7556.5178689956665, 7644.495934963226, 7733.03066110611, 7820.956738948822, 7908.383184194565, 7995.8339631557465, 8083.2902319431305, 8170.823523044586, 8259.5718729496, 8347.150853157043, 8435.020517349243, 8522.226808547974, 8610.885946512222, 8699.244937181473, 8786.919909477234], "timesteps_eval": [8800, 17634, 26468, 35302, 44136, 52970, 61804, 70638, 79472, 88306, 97140, 105974, 114808, 123642, 132476, 141310, 150144, 158978, 167812, 176646, 185480, 194314, 203148, 211982, 220816, 229650, 238484, 247318, 256152, 264986, 273820, 282654, 291488, 300322, 309156, 317990, 326824, 335658, 344492, 353326, 362160, 370994, 379828, 388662, 397496, 406330, 415164, 423998, 432832, 441666, 450500, 459334, 468168, 477002, 485836, 494670, 503504, 512338, 521172, 530006, 538840, 547674, 556508, 565342, 574176, 583010, 591844, 600678, 609512, 618346, 627180, 636014, 644848, 653682, 662516, 671350, 680184, 689018, 697852, 706686, 715520, 724354, 733188, 742022, 750856, 759690, 768524, 777358, 786192, 795026, 803860, 812694, 821528, 830362, 839196, 848030, 856864, 865698, 874532, 883366],