{"gamma": 0.98, "learning_rate": -3, "clip": 0.4, "returns_eval": [0.2, 0.0, 0.0, 0.1, 0.5, 0.4, 2.1, 2.8, 11.6, 9.2, 9.5, 9.2, 7.9, 7.4, 7.6, 7.4, 5.2, 6.0, 7.1, 8.2, 9.3, 7.4, 5.0, 5.4, 5.7, 1.7, 2.5, 3.2, 4.4, 2.9, 3.4, 6.2, 5.2, 4.7, 3.7, 4.8, 7.6, 7.3, 2.9, 4.3, 7.8, 6.0, 5.8, 4.3, 3.0, 4.2, 3.5, 3.3, 4.4, 5.3, 5.4, 7.3, 4.6, 5.1, 5.1, 6.1, 5.2, 6.8, 5.2, 5.8, 4.8, 6.0, 3.3, 3.6, 1.8, 3.6, 3.8, 2.1, 2.8, 1.2, 3.6, 2.0, 2.8, 2.1, 3.0, 6.0, 2.6, 4.4, 4.0, 7.5, 3.5, 6.1, 5.7, 3.9, 5.0, 5.8, 4.9, 4.9, 5.3, 3.9, 4.2, 4.9, 6.9, 4.4, 5.7, 6.8, 5.2, 3.1, 6.5, 5.7], "std_returns_eval": [0.4000000000000001, 0.0, 0.0, 0.30000000000000004, 1.5, 0.9165151389911681, 2.022374841615669, 4.093897898091744, 8.487638069569178, 7.011419257183241, 7.365459931328117, 9.977975746613138, 3.6180105030251086, 4.608687448721165, 6.560487786742691, 7.059745037889116, 3.54400902933387, 4.242640687119285, 5.204805471869242, 5.268775948927796, 5.622277118748239, 3.352610922848042, 5.830951894845301, 4.543126676640219, 5.404627646748664, 1.7916472867168918, 1.91049731745428, 1.8867962264113207, 2.973213749463701, 1.8138357147217055, 3.52703841770968, 2.9597297173897483, 3.1240998703626617, 3.689173349139344, 2.2825424421026654, 2.1354156504062622, 6.036555309114628, 3.5510561809129406, 2.118962010041709, 2.0024984394500787, 4.686149805543993, 4.312771730569565, 4.3999999999999995, 2.968164415931166, 2.280350850198276, 3.682390527904394, 1.6278820596099706, 3.1320919526731648, 3.2924155266308657, 2.4515301344262523, 3.4698703145794947, 3.606937759374287, 2.973213749463701, 4.3920382511995495, 2.8442925306655784, 3.8845849199110063, 3.515679166249389, 4.044749683231338, 4.093897898091744, 3.7363083384538807, 2.5219040425836985, 3.9496835316262997, 4.050925820105819, 2.5768197453450252, 1.7776388834631178, 1.7435595774162693, 2.749545416973504, 2.1656407827707715, 2.6, 1.469693845669907, 3.168595903550972, 1.4832396974191326, 2.4, 2.3853720883753127, 3.22490309931942, 3.521363372331802, 1.8, 2.939387691339814, 3.1937438845342623, 5.352569476429054, 1.91049731745428, 1.9723082923316022, 3.4365680554879168, 2.7367864366808017, 2.8635642126552705, 4.445222154178573, 4.784349485562275, 3.590264614203248, 2.6851443164195103, 2.118962010041709, 2.227105745132009, 3.534119409414459, 3.6455452267116364, 3.4409301068170506, 2.9342801502242417, 4.467661580737735, 4.64327470649756, 3.1128764832546763, 4.6097722286464435, 3.7429934544425802], "timestamps_eval": [89.13712096214294, 175.02031826972961, 261.02356600761414, 346.98501420021057, 432.9276559352875, 519.0078649520874, 605.1332893371582, 691.3156015872955, 777.4987137317657, 864.4158194065094, 950.690817117691, 1036.9694311618805, 1123.0971398353577, 1209.3436963558197, 1295.378123998642, 1381.4663605690002, 1467.6388788223267, 1553.6428883075714, 1639.6872279644012, 1725.7019023895264, 1811.7842931747437, 1898.0030987262726, 1984.1585290431976, 2070.302823781967, 2156.387367248535, 2243.3109378814697, 2329.401128053665, 2415.4366748332977, 2501.2406001091003, 2587.332520723343, 2673.364995241165, 2759.300220489502, 2845.3676760196686, 2931.2474071979523, 3017.2089948654175, 3102.996323823929, 3188.9952170848846, 3275.0613701343536, 3361.152180671692, 3447.0706272125244, 3533.051480293274, 3619.1496019363403, 3705.2281873226166, 3791.41721701622, 3877.3287348747253, 3963.2987089157104, 4049.0855185985565, 4135.047910451889, 4220.962819576263, 4306.96674489975, 4392.915321826935, 4478.977589130402, 4565.058665513992, 4651.05357837677, 4737.068517446518, 4823.157078266144, 4908.9780423641205, 4995.006371498108, 5080.904505252838, 5166.855469942093, 5252.923091888428, 5338.975261688232, 5424.966109275818, 5510.905408620834, 5596.772135972977, 5682.812924385071, 5768.798202753067, 5854.649828195572, 5940.630536317825, 6026.495713472366, 6112.438488960266, 6198.470993041992, 6284.547676563263, 6370.491931438446, 6456.270238399506, 6542.1354920864105, 6627.873568058014, 6713.8457889556885, 6799.889101982117, 6885.780941963196, 6971.737101554871, 7057.753650188446, 7143.569526195526, 7229.435152769089, 7315.426970243454, 7401.499829530716, 7487.427956104279, 7573.3080859184265, 7659.385298252106, 7745.383114337921, 7831.269426584244, 7917.289480924606, 8003.295125484467, 8089.189338207245, 8175.071180820465, 8261.09285068512, 8347.030090808868, 8432.931149721146, 8518.989978790283, 8604.810256958008], "timesteps_eval": [8808, 17642, 26476, 35310, 44144, 52978, 61812, 70646, 79480, 88314, 97148, 105982, 114816, 123650, 132484, 141318, 150152, 158986, 167820, 176654, 185488, 194322, 203156, 211990, 220824, 229658, 238492, 247326, 256160, 264994, 273828, 282662, 291496, 300330, 309164, 317998, 326832, 335666, 344500, 353334, 362168, 371002, 379836, 388670, 397504, 406338, 415172, 424006, 432840, 441674, 450508, 459342, 468176, 477010, 485844, 494678, 503512, 512346, 521180, 530014, 538848, 547682, 556516, 565350, 574184, 583018, 591852, 600686, 609520, 618354, 627188, 636022, 644856, 653690, 662524, 671358, 680192, 689026, 697860, 706694, 715528, 724362, 733196, 742030, 750864, 759698, 768532, 777366, 786200, 795034, 803868, 812702, 821536, 830370, 839204, 848038, 856872, 865706, 874540, 883374],