{"gamma": [0.99, 0.99, 0.99], "learning_rate": [-3, -5, -5], "returns_eval": [0.0, 0.5, 0.0, 0.0, 0.3, 1.4, 0.7, 3.3, 1.9, 2.5, 4.3, 8.4, 3.0, 11.0, 4.2, 9.0, 15.1, 14.7, 14.4, 11.0, 11.2, 21.7, 19.1, 17.1, 22.5, 15.7, 18.9, 14.3, 15.7, 8.7, 9.7, 11.9, 9.7, 15.1, 11.7, 19.4, 15.8, 17.9, 17.5, 20.3, 21.2, 19.2, 25.9, 17.4, 22.8, 24.0, 25.9, 22.7, 26.9, 25.1, 30.7, 27.3, 24.7, 31.7, 33.0, 34.7, 27.9, 33.2, 31.4, 38.3, 36.1, 33.5, 45.7, 36.1, 36.3, 40.4, 46.7, 38.4, 46.1, 47.6, 48.8, 45.3, 50.5, 50.9, 51.8, 43.7, 53.2, 46.4, 59.1, 58.6, 54.1, 59.1, 54.4, 56.1, 51.5, 59.0, 68.2, 66.2, 67.3, 67.0, 68.1, 58.2, 63.8, 74.7, 69.0, 72.2, 72.7, 67.4, 78.4, 62.8], "std_returns_eval": [0.0, 1.5, 0.0, 0.0, 0.6403124237432849, 1.4966629547095767, 0.9, 3.7696153649941526, 2.6248809496813377, 2.7658633371878665, 4.196427051671457, 7.578918128598567, 1.9493588689617927, 9.327379053088816, 3.8418745424597094, 10.119288512538814, 6.977822009767805, 7.975587752636165, 10.258654882585729, 6.782329983125268, 8.328265125462805, 10.050373127401787, 12.128066622508303, 7.034912934784622, 8.488227141164401, 7.389857914736926, 4.1340053217188775, 6.634003316248793, 8.112336284942828, 5.710516614107694, 8.038034585643434, 7.4357245780085215, 9.706183596038146, 9.374966666607408, 6.986415389883427, 8.06473806146238, 8.657944328765346, 7.034912934784622, 9.841239759298622, 8.12465383877984, 10.80555412739208, 10.017983829094554, 9.115371632577578, 12.034949106664305, 5.287721626560914, 7.1693793315739685, 5.85576638878294, 10.040418317978588, 5.243090691567332, 7.272551134230684, 11.849472562101656, 14.339107364128354, 4.980963762164909, 12.247856955402442, 10.871982339941507, 14.986994361779148, 12.4213525833542, 8.840814442120138, 9.101648202386203, 12.915494570476191, 4.570557952810575, 10.49047186736612, 18.286880543165363, 5.503635162326805, 11.126994203287786, 11.385956261992227, 16.667633305301624, 14.60958589419974, 13.442098050527678, 15.58974021592406, 8.207313811473277, 14.450259513240583, 13.937359864766353, 9.853425800197614, 11.608617488745162, 6.827151675479314, 18.680471086136986, 11.892854997854805, 21.938322634148676, 16.41462762294655, 14.535817830449032, 15.378231367748374, 17.984437717093076, 15.089400253157843, 14.186260959111108, 16.229602582934678, 18.0321934328578, 13.242356285797479, 24.07093683262037, 17.509997144488633, 19.623710148695125, 13.998571355677694, 16.351146748775758, 21.4478437144623, 18.2208671582886, 24.19834705098677, 23.887444400772555, 17.229045243425418, 23.100649341522846, 29.085391522205782], "timestamps_eval": [87.75167560577393, 173.16672110557556, 258.714302778244, 344.244747877121, 429.87748742103577, 515.5650026798248, 601.3915915489197, 687.100510597229, 772.9135315418243, 858.754417181015, 945.5469772815704, 1031.5470201969147, 1117.4283113479614, 1203.3104963302612, 1290.1123700141907, 1376.3033728599548, 1462.4778084754944, 1548.526398897171, 1634.5365393161774, 1720.5973951816559, 1806.6613585948944, 1892.8209688663483, 1978.7745356559753, 2064.962154865265, 2151.2117981910706, 2237.33083152771, 2323.3593003749847, 2409.5245654582977, 2495.5803439617157, 2581.6613607406616, 2667.7227642536163, 2753.901715517044, 2840.0119774341583, 2926.085687160492, 3012.320754289627, 3098.3583941459656, 3184.540070772171, 3270.7027957439423, 3356.955560207367, 3443.7917387485504, 3530.065986394882, 3616.638223171234, 3704.1307022571564, 3790.3175196647644, 3876.2439348697662, 3962.339406967163, 4051.916501045227, 4140.527652025223, 4228.877626180649, 4318.839254140854, 4408.246251344681, 4497.2820365428925, 4585.42707824707, 5247.92361330986, 5334.777178525925, 5421.400674104691, 5507.410920858383, 5594.969537973404, 5683.620760202408, 5771.301267623901, 5860.266449213028, 5948.373667478561, 6193.086583375931, 6279.130491256714, 6365.054918527603, 6451.158296108246, 6537.340747356415, 6623.423623800278, 6709.608021020889, 6795.875839710236, 6883.574253082275, 6972.214317321777, 7059.924757242203, 7147.59260225296, 7237.877464532852, 7327.591514110565, 7417.029286623001, 7505.987688302994, 7596.976944923401, 7683.2312915325165, 7769.649786472321, 7855.862324476242, 7942.062200546265, 8028.265088319778, 8114.504638433456, 8200.660384178162, 8286.92145061493, 8373.131753206253, 8459.607506990433, 8545.962833404541, 8632.14601111412, 8718.374505758286, 8804.667885303497, 8890.821115255356, 8977.055340528488, 9063.340826749802, 9149.469283342361, 9235.869436264038, 9322.14482331276, 9408.244416475296], "timesteps_eval": [8805, 17638, 26471, 35304, 44137, 52970, 61803, 70636, 79469, 88302, 97135, 105968, 114801, 123634, 132467, 141300, 150133, 158966, 167799, 176632, 185465, 194298, 203131, 211964, 220797, 229630, 238463, 247296, 256129, 264962, 273795, 282628, 291461, 300294, 309127, 317960, 326793, 335626, 344459, 353292, 362125, 370958, 379791, 388624, 397457, 406290, 415123, 423956, 432789, 441622, 450455, 459288, 468121, 476954, 485787, 494620, 503453, 512286, 521119, 529952, 538785, 547618, 556451, 565284, 574117, 582950, 591783, 600616, 609449, 618282, 627115, 635948, 644781, 653614, 662447, 671280, 680113, 688946, 697779, 706612, 715445, 724278, 733111, 741944, 750777, 759610, 768443, 777276, 786109, 794942, 803775, 812608, 821441, 830274, 839107, 847940, 856773, 865606, 874439, 883272],