{"gamma": [0.99, 0.95, 0.98], "learning_rate": [-3, -3, -3], "returns_eval": [0.4, 0.0, 0.0, 0.0, 0.1, 0.0, 1.5, 0.5, 1.5, 0.2, 0.9, 2.0, 1.6, 3.3, 4.8, 1.6, 3.7, 6.0, 9.2, 10.2, 7.1, 9.7, 11.1, 12.9, 6.4, 6.1, 9.4, 7.6, 11.0, 7.8, 6.0, 8.0, 8.0, 13.0, 5.1, 6.4, 6.5, 7.4, 5.3, 7.9, 3.6, 7.2, 10.7, 4.1, 5.3, 3.4, 6.1, 4.9, 8.5, 5.3, 4.9, 6.9, 9.5, 10.0, 10.2, 11.3, 9.5, 14.2, 17.6, 19.2, 12.6, 22.5, 27.0, 15.8, 8.0, 6.8, 2.8, 4.7, 3.6, 4.3, 4.4, 4.9, 5.4, 2.0, 4.4, 3.7, 4.6, 5.9, 6.8, 9.0, 10.8, 11.2, 8.8, 11.4, 8.7, 12.0, 11.2, 9.8, 15.5, 7.6, 12.2, 15.5, 13.0, 10.3, 6.4, 6.6, 19.2, 10.7, 12.9, 14.8], "std_returns_eval": [0.9165151389911681, 0.0, 0.0, 0.0, 0.30000000000000004, 0.0, 3.2015621187164243, 1.02469507659596, 1.857417562100671, 0.4000000000000001, 2.118962010041709, 3.794733192202055, 3.2619012860600183, 3.4942810419312296, 5.81033561853358, 2.0591260281974, 2.451530134426253, 5.440588203494177, 3.682390527904394, 10.759182125050211, 6.410148204214938, 6.664082832618454, 6.456779382943171, 7.555792479945436, 5.257375771237966, 5.52177507691141, 8.627861844049198, 5.3516352641038605, 8.62554346113913, 4.237924020083418, 3.9496835316262997, 3.4351128074635335, 2.6832815729997477, 8.637129152675673, 3.448187929913334, 4.5431266766402185, 5.6964901474504455, 3.7202150475476548, 3.4655446902326914, 5.838664230798, 4.079215610874228, 12.18031198286809, 5.21632054229799, 3.2388269481403293, 4.290687590584987, 2.3748684174075834, 3.9357337308308855, 4.109744517606903, 5.181698563212646, 4.313930922024598, 3.7, 4.825971404805462, 5.481788029466299, 7.0992957397195395, 8.44748483277715, 7.389857914736928, 7.046275611981127, 12.576167937809991, 13.358143583597236, 11.556816170554933, 6.829348431585549, 4.6097722286464435, 13.206059215375342, 8.930845424706444, 7.113367697511496, 7.0398863627192165, 2.4413111231467406, 6.450581369148056, 3.411744421846396, 4.960846701924985, 5.40740233383831, 4.3920382511995495, 4.963869458396343, 2.756809750418044, 2.9393876913398134, 3.9000000000000004, 4.317406628984581, 4.369210454990696, 3.4871191548325386, 4.538722287164087, 7.068238818828917, 5.2687759489277965, 2.4413111231467406, 6.216108107168021, 6.618912297349165, 5.0, 8.23164625090267, 5.528109984434101, 8.879752248796134, 6.887670143089026, 6.794115100585212, 8.224962005991275, 5.422176684690384, 7.071774883294857, 8.593020423576334, 3.8522720568516444, 7.6000000000000005, 7.746612162745725, 8.859458222713169, 11.897898974188678], "timestamps_eval": [97.82638740539551, 196.6694438457489, 294.27668356895447, 391.3527524471283, 488.1896800994873, 586.6479740142822, 681.7360618114471, 776.9347882270813, 874.1896207332611, 969.7938032150269, 1064.9523429870605, 1159.711177110672, 1254.8186988830566, 1350.3265252113342, 1445.0574126243591, 1541.0146946907043, 1636.4872360229492, 1732.4672966003418, 1828.4881052970886, 1925.1084432601929, 2022.8014116287231, 2118.9693949222565, 2215.028643846512, 2310.603498697281, 2406.634390592575, 2502.041710615158, 2598.74946808815, 2694.523436307907, 2790.080783843994, 2885.463413476944, 2981.686322450638, 3078.6384212970734, 3175.1817393302917, 3271.857542514801, 3368.6249780654907, 3464.9246532917023, 3560.452649116516, 3656.4426624774933, 3752.9925634860992, 3849.2376396656036, 3945.8141164779663, 4043.1774682998657, 4139.934443473816, 4234.149211406708, 4330.205769300461, 4425.90465092659, 4521.468155860901, 4617.63064956665, 4713.285135507584, 4808.642978191376, 4902.998973608017, 4999.30041885376, 5094.96824836731, 5190.34220290184, 5286.610962152481, 5383.862353086472, 5481.240684509277, 5577.2450313568115, 5674.5900411605835, 5769.828828334808, 5866.681465148926, 5962.776869773865, 6059.335844278336, 6155.366274356842, 6252.7555248737335, 6350.618346214294, 6448.24963259697, 6565.080141067505, 6672.238147735596, 6794.095263004303, 6917.300175905228, 7050.544387102127, 7178.637344837189, 7275.570316314697, 7374.835891485214, 7472.994214057922, 7570.779544591904, 7666.723461389542, 7764.446280002594, 7861.556764602661, 7959.0757558345795, 8054.2427723407745, 8153.007462263107, 8255.854652404785, 8366.237371206284, 8463.16559457779, 8560.519025802612, 8658.81100988388, 8786.4439702034, 8886.819518089294, 8983.955313682556, 9091.727422714233, 9190.225145339966, 9287.79601931572, 9384.586558103561, 9483.762100458145, 9578.484428167343, 9672.971101760864, 9767.912660360336, 9861.944610118866], "timesteps_eval": [8804, 17635, 26466, 35297, 44128, 52959, 61790, 70621, 79452, 88283, 97114, 105945, 114776, 123607, 132438, 141269, 150100, 158931, 167762, 176593, 185424, 194255, 203086, 211917, 220748, 229579, 238410, 247241, 256072, 264903, 273734, 282565, 291396, 300227, 309058, 317889, 326720, 335551, 344382, 353213, 362044, 370875, 379706, 388537, 397368, 406199, 415030, 423861, 432692, 441523, 450354, 459185, 468016, 476847, 485678, 494509, 503340, 512171, 521002, 529833, 538664, 547495, 556326, 565157, 573988, 582819, 591650, 600481, 609312, 618143, 626974, 635805, 644636, 653467, 662298, 671129, 679960, 688791, 697622, 706453, 715284, 724115, 732946, 741777, 750608, 759439, 768270, 777101, 785932, 794763, 803594, 812425, 821256, 830087, 838918, 847749, 856580, 865411, 874242, 883073],