{"gamma": [0.99, 0.99, 0.95], "learning_rate": [-3, -4, -5], "returns_eval": [0.4, 0.0, 0.0, 0.0, 0.1, 0.0, 1.5, 0.5, 1.5, 0.2, 0.9, 2.0, 1.6, 3.3, 4.8, 1.6, 3.7, 6.0, 9.2, 10.2, 7.1, 9.7, 11.1, 12.9, 6.4, 6.1, 9.4, 7.6, 11.0, 7.8, 7.8, 4.7, 6.9, 9.8, 14.0, 8.2, 13.9, 12.8, 12.6, 14.1, 21.8, 15.4, 20.5, 22.7, 17.7, 20.6, 24.2, 24.1, 24.2, 23.0, 20.9, 24.0, 25.3, 26.7, 28.2, 29.2, 27.0, 25.2, 28.8, 39.7, 33.8, 36.4, 33.1, 37.0, 37.8, 27.8, 39.6, 37.2, 40.6, 41.5, 41.7, 42.2, 45.5, 50.5, 55.8, 48.5, 53.3, 51.5, 59.0, 62.2, 70.5, 60.8, 62.4, 68.6, 63.8, 68.1, 54.4, 69.5, 67.7, 72.0, 94.9, 74.7, 68.4, 71.6, 68.4, 81.9, 86.6, 74.0, 77.5, 65.9], "std_returns_eval": [0.9165151389911681, 0.0, 0.0, 0.0, 0.30000000000000004, 0.0, 3.2015621187164243, 1.02469507659596, 1.857417562100671, 0.4000000000000001, 2.118962010041709, 3.794733192202055, 3.2619012860600183, 3.4942810419312296, 5.81033561853358, 2.0591260281974, 2.451530134426253, 5.440588203494177, 3.682390527904394, 10.759182125050211, 6.410148204214938, 6.664082832618454, 6.456779382943171, 7.555792479945436, 5.257375771237966, 5.52177507691141, 8.627861844049198, 5.3516352641038605, 8.62554346113913, 4.237924020083418, 7.12460525222275, 3.0675723300355937, 4.437341546466758, 3.6000000000000005, 6.826419266350405, 3.944616584663204, 9.42814934120159, 11.391224692718515, 6.2960304954788775, 8.5492689745966, 14.709180806557516, 6.726068688320095, 11.534730165894649, 11.384638773364747, 9.066973034039531, 5.986651818838306, 8.399999999999999, 5.485435260760991, 10.02796090937734, 9.465727652959385, 8.83685464404615, 10.844353369380768, 8.161494961096281, 10.000499987500625, 9.4424573072903, 9.271461589199408, 10.059821071967434, 9.56869897112455, 15.124814048443705, 15.881120867243595, 15.4, 7.059745037889116, 6.7889616289974715, 13.394028520202577, 12.998461447417537, 10.17644338656684, 17.60795274868717, 10.552724766618336, 7.889233169326409, 13.566502865514016, 12.578155667664475, 16.666133324799727, 15.73689931339716, 12.05197079319395, 14.372195378577345, 11.430223094935636, 16.41980511455602, 13.879841497654072, 10.069756700139283, 18.755265927200284, 26.54147697472769, 19.620397549489155, 16.73439571660716, 19.688575367456124, 18.48675201326615, 19.689845098425735, 12.745195173083856, 16.119863522995473, 20.48438429633656, 15.594870951694341, 11.237882362794158, 25.9038607161172, 14.284257068535277, 17.78876049644831, 25.858074174230378, 15.597756248896825, 22.03270296627266, 17.894133116750865, 17.861970775925034, 20.593445559206454], "timestamps_eval": [89.71675109863281, 177.5095341205597, 265.2486960887909, 352.96312189102173, 440.55961632728577, 528.4288811683655, 616.0948989391327, 703.9857552051544, 791.9528057575226, 879.8899488449097, 967.9516212940216, 1056.0615808963776, 1144.2488005161285, 1232.425384759903, 1320.540866613388, 1408.8309240341187, 1497.1554944515228, 1585.5549666881561, 1674.2561340332031, 1762.8540296554565, 1851.3308703899384, 1939.7208411693573, 2028.0992703437805, 2116.2149636745453, 2204.408935546875, 2292.6661825180054, 2381.152414560318, 2469.4949717521667, 2557.9027285575867, 2645.808081150055, 2733.7178542613983, 2821.59339427948, 2909.778499364853, 2997.7035937309265, 3085.7658002376556, 3174.193699836731, 3262.533559322357, 3350.8909542560577, 3438.878734588623, 3526.6499259471893, 3614.5969727039337, 3702.785209417343, 3790.6194458007812, 3878.6758098602295, 3966.6251282691956, 4054.74045920372, 4142.864444255829, 4230.60782790184, 4318.36715054512, 4406.952024936676, 4494.560051202774, 4582.104575634003, 4669.53577041626, 4757.406295776367, 4845.070199966431, 4932.736616849899, 5020.461876630783, 5108.437346458435, 5196.108869791031, 5283.882075786591, 5371.499607801437, 5459.591882944107, 5547.460159301758, 5635.390287160873, 5723.247542381287, 5811.125306844711, 5898.955893039703, 5986.494153499603, 6074.023802995682, 6161.730664253235, 6249.573197603226, 6337.317481279373, 6425.063626766205, 6512.98495388031, 6600.792320966721, 6688.578248262405, 6776.300198316574, 6864.393581151962, 6952.183459997177, 7039.812392473221, 7127.40109705925, 7215.269802331924, 7302.872796535492, 7390.681692838669, 7478.483594179153, 7566.654863357544, 7654.388449907303, 7742.13103723526, 7829.830440282822, 7917.834094285965, 8005.552168130875, 8093.351505279541, 8181.091777801514, 8269.198213815689, 8356.959254264832, 8444.851371526718, 8532.53376340866, 8620.642709970474, 8708.482194423676, 8796.318765163422], "timesteps_eval": [8804, 17635, 26466, 35297, 44128, 52959, 61790, 70621, 79452, 88283, 97114, 105945, 114776, 123607, 132438, 141269, 150100, 158931, 167762, 176593, 185424, 194255, 203086, 211917, 220748, 229579, 238410, 247241, 256072, 264903, 273734, 282565, 291396, 300227, 309058, 317889, 326720, 335551, 344382, 353213, 362044, 370875, 379706, 388537, 397368, 406199, 415030, 423861, 432692, 441523, 450354, 459185, 468016, 476847, 485678, 494509, 503340, 512171, 521002, 529833, 538664, 547495, 556326, 565157, 573988, 582819, 591650, 600481, 609312, 618143, 626974, 635805, 644636, 653467, 662298, 671129, 679960, 688791, 697622, 706453, 715284, 724115, 732946, 741777, 750608, 759439, 768270, 777101, 785932, 794763, 803594, 812425, 821256, 830087, 838918, 847749, 856580, 865411, 874242, 883073],