{"gamma": [0.99, 0.95, 0.98], "learning_rate": [-4, -3, -3], "returns_eval": [0.6, 4.1, 7.1, 15.8, 5.2, 0.7, 2.9, 1.3, 3.0, 4.8, 6.9, 4.4, 8.1, 5.7, 10.4, 18.7, 19.2, 33.5, 50.4, 57.2, 65.2, 80.2, 84.0, 80.3, 80.9, 74.9, 82.5, 107.5, 109.3, 118.8, 110.5, 86.9, 83.9, 92.0, 95.4, 93.8, 94.7, 96.7, 104.4, 97.5, 110.1, 99.0, 98.6, 103.3, 104.3, 85.2, 77.7, 87.3, 82.4, 87.1, 67.2, 72.5, 50.3, 55.4, 47.7, 59.2, 37.6, 39.1, 31.8, 31.7, 23.7, 23.4, 15.2, 12.3, 4.3, 1.1, 6.3, 2.4, 2.9, 1.7, 2.8, 2.2, 1.3, 2.6, 2.0, 2.7, 3.8, 3.3, 6.4, 4.8, 4.7, 4.6, 10.2, 8.2, 9.9, 6.6, 12.1, 7.1, 6.3, 8.0, 4.0, 1.3, 3.1, 2.8, 1.2, 1.2, 1.4, 0.8, 1.2, 2.1], "std_returns_eval": [1.4966629547095764, 4.928488612140643, 9.883825170448938, 15.54863338046145, 4.894895300208167, 0.7810249675906655, 3.176476034853718, 2.002498439450079, 3.3763886032268267, 5.015974481593781, 7.841555968046138, 4.029888335921977, 10.14347080638575, 4.920365840057018, 9.830564581955606, 12.977287852244013, 13.60735095453924, 27.100737997331365, 21.280037593951754, 29.109448637856403, 23.21120419107979, 23.54485081711073, 20.847062143141418, 21.54089134646011, 19.87687098111773, 27.555217291830598, 24.800201612083722, 18.282505298782223, 13.498518437221176, 13.151425778218876, 22.45996438109375, 24.712142764236376, 14.187670703818863, 19.98999749874922, 15.047923444781343, 12.073110618229256, 12.930970574554719, 16.547205202087753, 16.37192719260625, 27.882790391207262, 15.089400253157844, 12.48198702130394, 14.458215657542254, 10.81711606667877, 13.704378862246914, 15.942396306703706, 21.156795598577776, 17.922332437492614, 18.051038751274124, 16.410057891427442, 23.237039398339885, 14.773286702694158, 23.36257691266098, 18.034411551253896, 16.62558269655533, 15.998749951168062, 22.145879978000423, 14.355835050598763, 12.039933554633928, 14.805742129322663, 8.854942122905152, 8.452218643646175, 7.573638491504595, 4.817675788178362, 3.9000000000000004, 1.5132745950421556, 5.441507144165116, 3.9293765408777004, 2.7367864366808017, 1.6155494421403511, 2.6, 1.9390719429665317, 1.5524174696260025, 3.32264954516723, 1.7888543819998317, 3.195309061734091, 1.32664991614216, 2.6095976701399777, 3.638681079732051, 3.3105890714493698, 2.6095976701399777, 3.8000000000000003, 2.85657137141714, 6.352952069707436, 7.2725511342306834, 5.29528091794949, 7.049113419430844, 3.269556544854363, 4.001249804748512, 6.06630035524124, 3.847076812334269, 1.3453624047073711, 3.3000000000000003, 4.377213725647858, 1.469693845669907, 1.077032961426901, 1.1135528725660044, 0.7483314773547883, 1.16619037896906, 1.9209372712298545], "timestamps_eval": [95.63008689880371, 188.1887092590332, 280.6546700000763, 373.33566761016846, 466.001416683197, 558.4619536399841, 650.9850761890411, 743.5894515514374, 836.3550391197205, 929.2211110591888, 1021.9044408798218, 1116.0138700008392, 1208.5805613994598, 1301.0928432941437, 1393.6417870521545, 1486.1393032073975, 1578.7438316345215, 1671.4472708702087, 1764.1544082164764, 1856.8348414897919, 1949.712054491043, 2042.5534207820892, 2136.1972637176514, 2229.1677198410034, 2321.9456000328064, 2414.7782034873962, 2507.534136533737, 2600.5967059135437, 2693.758697748184, 2787.4888458251953, 2880.459187746048, 2973.28555727005, 3066.489470243454, 3159.4989817142487, 3252.7311198711395, 3345.768205165863, 3438.6315569877625, 3531.66473531723, 3624.9705567359924, 3717.8565621376038, 3810.7620775699615, 3903.7162930965424, 3996.7787058353424, 4090.1861605644226, 4183.229032993317, 4276.270720243454, 4369.32172203064, 4462.7770364284515, 4556.4104261398315, 4650.141930341721, 4743.592891931534, 4837.003768920898, 4930.502569198608, 5023.863779067993, 5116.92147064209, 5210.032688617706, 5303.22040271759, 5396.887085914612, 5491.179999113083, 5584.613991260529, 5678.36324596405, 5771.558974742889, 5864.656641960144, 5957.8793795108795, 6051.4235236644745, 6145.014070272446, 6238.452846050262, 6331.792108774185, 6425.043524265289, 6518.261885166168, 6611.41826748848, 6704.581129074097, 6797.313170671463, 6890.075131893158, 6982.737754583359, 7075.412240982056, 7168.115700483322, 7260.684905290604, 7353.225839614868, 7445.790857791901, 7538.372815132141, 7631.0592720508575, 7723.727229356766, 7816.696647167206, 7910.07009267807, 8003.092334747314, 8096.055824518204, 8189.056148529053, 8282.635782957077, 8375.493603229523, 8468.10507774353, 8561.027173280716, 8653.823842048645, 8746.655052661896, 8839.37654542923, 8932.311522006989, 9025.282377958298, 9118.525217533112, 9211.581713199615, 9304.525663375854], "timesteps_eval": [8804, 17635, 26466, 35297, 44128, 52959, 61790, 70621, 79452, 88283, 97114, 105945, 114776, 123607, 132438, 141269, 150100, 158931, 167762, 176593, 185424, 194255, 203086, 211917, 220748, 229579, 238410, 247241, 256072, 264903, 273734, 282565, 291396, 300227, 309058, 317889, 326720, 335551, 344382, 353213, 362044, 370875, 379706, 388537, 397368, 406199, 415030, 423861, 432692, 441523, 450354, 459185, 468016, 476847, 485678, 494509, 503340, 512171, 521002, 529833, 538664, 547495, 556326, 565157, 573988, 582819, 591650, 600481, 609312, 618143, 626974, 635805, 644636, 653467, 662298, 671129, 679960, 688791, 697622, 706453, 715284, 724115, 732946, 741777, 750608, 759439, 768270, 777101, 785932, 794763, 803594, 812425, 821256, 830087, 838918, 847749, 856580, 865411, 874242, 883073],