{"gamma": [0.98, 0.98, 0.98], "learning_rate": [-5, -5, -4], "returns_eval": [0.3, 4.8, 11.8, 7.0, 4.6, 7.4, 5.7, 8.4, 20.6, 20.6, 10.5, 15.9, 20.6, 20.6, 20.6, 16.6, 30.5, 30.5, 30.5, 30.5, 30.5, 30.5, 30.5, 30.5, 30.5, 30.5, 30.5, 30.5, 30.5, 30.5, 30.5, 30.5, 30.5, 30.5, 30.7, 30.8, 30.6, 33.6, 32.4, 36.2, 34.2, 37.1, 63.6, 57.9, 68.0, 72.9, 57.5, 56.4, 52.4, 77.4, 71.1, 63.6, 75.2, 52.5, 80.7, 79.3, 67.5, 78.2, 76.8, 81.7, 72.8, 74.1, 87.1, 83.8, 77.1, 83.9, 85.1, 74.2, 74.8, 89.5, 98.0, 87.5, 98.3, 105.6, 111.3, 120.6, 116.5, 135.6, 162.6, 151.7, 151.1, 133.8, 149.0, 168.9, 150.8, 190.5, 179.7, 195.4, 206.2, 219.7, 261.5, 300.4, 302.3, 234.4, 231.5, 277.4, 296.4, 267.9, 271.0, 308.3], "std_returns_eval": [0.6403124237432849, 4.686149805543993, 7.769169839822013, 5.796550698475776, 3.2924155266308657, 3.8522720568516444, 4.627094120503711, 8.296987405076615, 9.728309205612248, 9.728309205612248, 8.80056816347672, 6.187891401761993, 9.728309205612248, 9.728309205612248, 9.728309205612248, 12.90891165048394, 23.55525419094432, 23.55525419094432, 23.55525419094432, 23.55525419094432, 23.55525419094432, 23.55525419094432, 23.55525419094432, 23.55525419094432, 23.55525419094432, 23.55525419094432, 23.55525419094432, 23.55525419094432, 23.55525419094432, 23.55525419094432, 23.55525419094432, 23.55525419094432, 23.55525419094432, 23.55525419094432, 23.541665191740364, 23.540603220818284, 23.538054295119636, 22.764885240211512, 17.61930759138962, 14.844527611210806, 12.584116973391499, 19.23772335802758, 24.585361498257456, 15.67450158697239, 29.448259710889538, 26.0286380742443, 24.7315587862957, 16.236994795835834, 21.152777595389214, 22.424094184604204, 22.831776102616285, 23.508296407864183, 24.530796970339143, 26.039393234098217, 23.887444400772555, 23.824567152416428, 25.0009999800008, 22.595574787997762, 30.449302126649798, 18.275940468276865, 25.945327132260253, 31.354266057428298, 28.86676289437387, 21.075103795711186, 28.222154418116276, 28.563788264164124, 24.760654272454108, 26.645074591751474, 27.639826338094093, 18.16727827716634, 18.75633226406485, 25.86986664055306, 20.876062847194152, 21.2235718011837, 15.336557632011168, 16.983521425193302, 12.603570922560003, 19.855477833585372, 45.354602853514216, 18.177183500201565, 23.3085821104588, 11.838918869558993, 22.516660498395403, 62.79084328148492, 16.35726138447387, 55.14752940975688, 55.688508688956645, 58.82550467271828, 73.35093728099184, 81.0136408267151, 96.14286244958593, 88.40158369622118, 79.12148886364564, 79.9127023695232, 83.37775482705204, 78.69205804908142, 90.03132788091042, 81.43027692449535, 90.54612084457291, 81.90366292175217], "timestamps_eval": [90.06397581100464, 178.2492184638977, 266.26216316223145, 354.38664388656616, 442.4199435710907, 530.5189480781555, 618.8224992752075, 707.0328748226166, 795.3074214458466, 883.6630725860596, 971.9602618217468, 1060.2551357746124, 1148.9069907665253, 1237.20605635643, 1326.1541357040405, 1414.4061467647552, 1502.6672530174255, 1590.956511259079, 1679.3119101524353, 1767.5562841892242, 1855.749121427536, 1944.022582769394, 2032.271586894989, 2120.4472143650055, 2208.608667373657, 2296.8299691677094, 2385.4237353801727, 2473.665434360504, 2562.6524691581726, 2650.930191516876, 2739.2241609096527, 2827.480123281479, 2915.7699053287506, 3004.388313293457, 3092.655838251114, 3181.2979481220245, 3269.7335121631622, 3358.043653011322, 3446.410258769989, 3534.8000462055206, 3623.2075934410095, 3711.4914236068726, 3799.8725111484528, 3888.2221841812134, 3976.518979549408, 4064.7959084510803, 4153.09459900856, 4241.420223712921, 4329.656975507736, 4417.924965381622, 4506.26757311821, 4594.566286802292, 4684.180976390839, 4772.545076608658, 4860.837103366852, 4949.15912604332, 5037.456917524338, 5125.783388853073, 5214.026214838028, 5302.382566690445, 5391.004199266434, 5479.209520578384, 5567.439492940903, 5656.710915803909, 5745.256337881088, 5833.493056535721, 5921.818745851517, 6010.274702310562, 6098.823221206665, 6187.237679719925, 6276.5186541080475, 6364.856696844101, 6453.137458086014, 6541.535422325134, 6629.919610500336, 6718.199437379837, 6806.634299278259, 6894.938956975937, 6997.454655885696, 7086.134830951691, 7174.695187807083, 7263.261564016342, 7351.874646902084, 7454.767060995102, 7543.408067941666, 7646.702979326248, 7749.516750335693, 7852.258637905121, 7956.199458122253, 8059.073013544083, 8175.911650419235, 8293.122942686081, 8410.331476449966, 8513.23079919815, 8616.154703855515, 8733.51379108429, 8850.741765737534, 8968.030508518219, 9085.00362253189, 9202.492792367935], "timesteps_eval": [8804, 17635, 26466, 35297, 44128, 52959, 61790, 70621, 79452, 88283, 97114, 105945, 114776, 123607, 132438, 141269, 150100, 158931, 167762, 176593, 185424, 194255, 203086, 211917, 220748, 229579, 238410, 247241, 256072, 264903, 273734, 282565, 291396, 300227, 309058, 317889, 326720, 335551, 344382, 353213, 362044, 370875, 379706, 388537, 397368, 406199, 415030, 423861, 432692, 441523, 450354, 459185, 468016, 476847, 485678, 494509, 503340, 512171, 521002, 529833, 538664, 547495, 556326, 565157, 573988, 582819, 591650, 600481, 609312, 618143, 626974, 635805, 644636, 653467, 662298, 671129, 679960, 688791, 697622, 706453, 715284, 724115, 732946, 741777, 750608, 759439, 768270, 777101, 785932, 794763, 803594, 812425, 821256, 830087, 838918, 848190, 858337, 867168, 875999, 884830],