{"gamma": [0.95, 0.99, 0.98], "learning_rate": [-5, -3, -3], "returns_eval": [0.0, 0.0, 0.1, 0.0, 0.0, 0.1, 7.6, 0.8, 19.4, 3.5, 18.5, 27.3, 18.7, 18.7, 18.7, 18.7, 16.5, 14.2, 18.5, 22.8, 22.8, 22.8, 22.8, 22.8, 22.6, 32.7, 33.7, 37.2, 43.6, 65.1, 45.0, 44.0, 15.8, 11.4, 6.2, 2.0, 2.2, 2.1, 2.2, 2.5, 3.2, 15.3, 4.4, 7.4, 6.3, 11.2, 13.8, 10.6, 10.0, 6.0, 7.9, 9.2, 6.0, 8.4, 7.0, 2.5, 7.3, 7.1, 6.0, 6.2, 4.5, 4.1, 9.3, 10.1, 12.1, 14.1, 11.9, 14.3, 14.9, 9.0, 10.0, 15.1, 6.7, 5.8, 3.4, 4.0, 3.7, 4.0, 3.2, 2.8, 6.9, 5.0, 4.8, 4.9, 3.6, 4.6, 2.9, 4.3, 3.9, 3.2, 5.0, 3.2, 4.2, 2.6, 4.5, 3.1, 5.5, 3.8, 6.0, 2.7], "std_returns_eval": [0.0, 0.0, 0.30000000000000004, 0.0, 0.0, 0.30000000000000004, 8.924124606929242, 1.4000000000000001, 12.43543324536785, 3.930648801406709, 19.252272593125205, 21.559452683219952, 9.940321926376429, 9.940321926376429, 9.940321926376429, 9.940321926376429, 10.613670430157514, 7.4269778510508555, 9.82089608946149, 10.283968105745954, 10.283968105745954, 10.283968105745954, 10.283968105745954, 10.283968105745954, 10.121264743103996, 10.507616285342742, 21.06205118216172, 15.759441614473527, 12.86234815265082, 18.70534682918229, 21.118712081942874, 17.412639087743134, 8.565045242145542, 6.248199740725323, 4.093897898091744, 2.3664319132398464, 1.4000000000000001, 1.445683229480096, 1.7776388834631176, 1.5652475842498528, 3.124099870362662, 9.920181449953423, 3.2619012860600183, 7.002856560004639, 6.768308503607087, 7.922120928135343, 8.68101376568428, 3.746998799039039, 5.513619500836088, 3.0983866769659336, 3.014962686336267, 7.743384273042376, 2.4083189157584592, 5.238320341483519, 3.03315017762062, 1.8027756377319946, 4.838388161361178, 4.763402145525822, 3.5777087639996634, 3.9949968710876362, 4.006245124802026, 2.9137604568666933, 5.797413216254298, 6.378871373526825, 8.960468737739115, 7.39526875779373, 4.2296571965113205, 7.523961722390672, 4.928488612140643, 5.079370039680118, 6.526867548832288, 8.904493247793498, 3.5227829907617076, 3.2496153618543846, 2.4979991993593593, 3.22490309931942, 2.3259406699226015, 2.449489742783178, 2.785677655436824, 1.6, 3.3, 2.4899799195977463, 1.7776388834631176, 1.8681541692269406, 2.2, 2.6907248094147422, 2.1656407827707715, 2.4515301344262523, 1.8138357147217055, 2.08806130178211, 3.6606010435446255, 2.1354156504062622, 3.5721142198983507, 2.8354893757515653, 2.9410882339705484, 3.1128764832546763, 6.5306967469022785, 2.8565713714171403, 7.37563556583431, 2.1470910553583886], "timestamps_eval": [89.7616925239563, 177.56229043006897, 265.35408997535706, 353.1489760875702, 441.02207684516907, 529.5160384178162, 617.4018359184265, 705.2253301143646, 793.726836681366, 881.7204465866089, 969.73157954216, 1058.5470418930054, 1146.4615123271942, 1235.052570104599, 1322.9188113212585, 1411.364001274109, 1500.4721941947937, 1589.524365901947, 1677.4070053100586, 1765.3437638282776, 1854.2402348518372, 1943.09383893013, 2031.1309096813202, 2119.029732465744, 2206.911720752716, 2295.523721933365, 2383.383749961853, 2471.319335460663, 2559.164792537689, 2647.0218765735626, 2734.9528098106384, 2822.87673664093, 2911.7438662052155, 3000.9872608184814, 3091.112955093384, 3182.4694356918335, 3272.118186712265, 3362.259534597397, 3451.7948768138885, 3541.196732521057, 3629.1539800167084, 3717.228308916092, 3805.796002626419, 3893.809997320175, 3981.7954585552216, 4069.726534128189, 4157.641979217529, 4246.350549936295, 4334.894840717316, 4422.808416604996, 4511.042999267578, 4599.467578887939, 4687.415567398071, 4775.356782913208, 4864.738088130951, 4952.777789115906, 5040.633676528931, 5129.2478103637695, 5217.245584964752, 5305.171230316162, 5393.154999732971, 5481.162226676941, 5569.297606468201, 5658.053516149521, 5746.689924955368, 5834.999333143234, 5922.987973690033, 6010.791074514389, 6098.811968803406, 6187.1250076293945, 6276.449210882187, 6365.527889251709, 6453.5208394527435, 6541.458170890808, 6629.493498086929, 6717.366583824158, 6805.256061792374, 6893.356646776199, 6981.279689788818, 7069.241032600403, 7157.152701616287, 7244.992935419083, 7332.905477046967, 7420.819883346558, 7509.774772405624, 7598.913725614548, 7689.175854682922, 7778.719837665558, 7867.819775819778, 7955.891692399979, 8043.97209239006, 8132.011670351028, 8219.810841083527, 8308.67854976654, 8396.676561117172, 8484.561992883682, 8572.646798372269, 8660.778304815292, 8748.710630893707, 8838.310417890549], "timesteps_eval": [8808, 17642, 26476, 35310, 44144, 52978, 61812, 70646, 79480, 88314, 97148, 105982, 114816, 123650, 132484, 141318, 150152, 158986, 167820, 176654, 185488, 194322, 203156, 211990, 220824, 229658, 238492, 247326, 256160, 264994, 273828, 282662, 291496, 300330, 309164, 317998, 326832, 335666, 344500, 353334, 362168, 371002, 379836, 388670, 397504, 406338, 415172, 424006, 432840, 441674, 450508, 459342, 468176, 477010, 485844, 494678, 503512, 512346, 521180, 530014, 538848, 547682, 556516, 565350, 574184, 583018, 591852, 600686, 609520, 618354, 627188, 636022, 644856, 653690, 662524, 671358, 680192, 689026, 697860, 706694, 715528, 724362, 733196, 742030, 750864, 759698, 768532, 777366, 786200, 795034, 803868, 812702, 821536, 830370, 839204, 848038, 856872, 865706, 874540, 883374],