{"gamma": [0.98, 0.99, 0.98], "learning_rate": [-4, -5, -5], "returns_eval": [0.1, 0.0, 0.0, 0.0, 0.0, 0.0, 0.0, 0.0, 0.4, 0.0, 1.1, 0.8, 0.6, 1.1, 7.5, 4.9, 7.7, 9.4, 13.9, 14.6, 22.2, 38.5, 45.1, 39.0, 61.1, 67.9, 79.4, 69.9, 82.3, 76.9, 81.7, 100.4, 96.3, 102.9, 105.8, 102.8, 106.6, 112.6, 110.8, 119.1, 122.9, 123.8, 129.3, 119.8, 132.7, 125.1, 128.4, 129.0, 132.9, 127.9, 141.0, 127.1, 129.3, 137.1, 126.7, 128.9, 139.0, 131.9, 131.6, 140.0, 132.1, 139.6, 140.5, 143.7, 139.7, 144.1, 145.4, 146.9, 144.9, 138.7, 147.9, 152.9, 142.9, 151.2, 157.4, 164.0, 153.9, 148.3, 163.8, 152.7, 159.1, 148.2, 160.4, 159.7, 157.0, 169.7, 162.8, 162.4, 152.5, 149.2, 178.8, 159.3, 176.8, 161.1, 188.2, 202.2, 172.4, 168.8, 207.3, 203.9], "std_returns_eval": [0.30000000000000004, 0.0, 0.0, 0.0, 0.0, 0.0, 0.0, 0.0, 1.2000000000000002, 0.0, 2.9816103031751147, 1.7776388834631178, 0.66332495807108, 2.022374841615669, 7.88986691902975, 5.107837115648853, 4.473253849269009, 7.445804187594515, 6.518435395092905, 13.492219980418346, 12.391932859727735, 13.850992744204294, 21.33752562974442, 9.143303560529969, 21.759825366946306, 18.4143965418365, 13.95850994913139, 17.346181135915767, 9.381364506296512, 14.088647912415158, 20.327567488511754, 12.240914998479484, 16.08135566424672, 13.981773850266638, 15.63841424185969, 14.246403054806501, 18.418468991748473, 20.18018830437417, 12.69488085804668, 11.475626344561764, 21.39369065869655, 17.16275036233995, 20.209156340629363, 13.151425778218876, 13.236691429507601, 16.275441622272496, 14.270248771482578, 15.251229458637097, 9.9443451267542, 7.034912934784622, 18.45535152740256, 15.99656213065795, 12.681088281373961, 10.406248123122953, 15.349592828475942, 7.077428911688198, 13.542525613784159, 22.708808863522542, 14.827002394280512, 8.306623862918075, 19.987245933344592, 12.955307792561317, 15.493547043850224, 11.489560478973946, 21.58263190623423, 13.284953895290716, 21.18584433059018, 17.963574254585303, 14.522052196573322, 11.45469336123844, 16.195369708654386, 17.265283084849784, 17.64341236836004, 18.8403821617291, 15.869467539901898, 14.401388821915754, 21.65848563496534, 13.000384609695207, 26.183200721073042, 15.375630068390695, 15.319595294915594, 19.73727438123106, 18.995789007040482, 17.612779451296152, 11.497825881443848, 15.608010763707206, 15.986244086714054, 14.987995196156154, 22.913969538253294, 19.301813386311657, 50.97411107611392, 19.173158320944413, 15.464798737778645, 19.47536905940424, 57.50269558898957, 59.288784774188116, 8.175573374387879, 22.116961816669125, 70.15988882545354, 70.10627646651902], "timestamps_eval": [89.33359336853027, 176.65700912475586, 265.02858805656433, 352.4597101211548, 439.87935638427734, 527.3135647773743, 614.7984981536865, 702.1559772491455, 790.0676982402802, 877.7144269943237, 965.2748923301697, 1052.9980373382568, 1140.5922956466675, 1228.0937707424164, 1315.6133892536163, 1403.1532113552094, 1490.711901664734, 1578.4523644447327, 1666.1529269218445, 1753.9017310142517, 1841.6571881771088, 1929.306390762329, 2017.0972805023193, 2104.7554626464844, 2193.1021201610565, 2280.792106151581, 2368.497753381729, 2456.1796641349792, 2543.8386385440826, 2632.2679262161255, 2719.9511601924896, 2807.731110095978, 2895.556181192398, 2983.2633607387543, 3071.0918841362, 3158.9818692207336, 3247.1292293071747, 3335.321024656296, 3423.5923631191254, 3511.7718019485474, 3599.941823244095, 3687.832731485367, 3776.054494380951, 3864.0736145973206, 3951.975374698639, 4039.805663585663, 4127.684771060944, 4215.6026928424835, 4303.310021877289, 4391.229038953781, 4479.021711111069, 4567.052862882614, 4655.158122062683, 4743.354636192322, 4831.528221845627, 4919.757657766342, 5007.74659371376, 5096.120447397232, 5184.549521207809, 5272.853180885315, 5361.075838088989, 5449.514813661575, 5537.910657405853, 5626.084375858307, 5714.6007170677185, 5802.861909151077, 5891.631529808044, 5980.118853807449, 6068.803809642792, 6157.443989038467, 6246.106004238129, 6334.968450307846, 6423.525509595871, 6511.945853233337, 6600.740070819855, 6689.613898038864, 6778.401615142822, 6866.984318971634, 6956.056848526001, 7044.994955301285, 7133.62424659729, 7222.3329203128815, 7311.1050362586975, 7400.010253667831, 7488.476647377014, 7576.944872140884, 7665.535152435303, 7754.287623643875, 7842.805159807205, 7931.291743516922, 8033.872469902039, 8122.538367509842, 8210.972621917725, 8299.514681339264, 8402.21806693077, 8505.249561071396, 8594.002197265625, 8682.276687383652, 8785.011142492294, 8902.70827960968], "timesteps_eval": [8808, 17642, 26476, 35310, 44144, 52978, 61812, 70646, 79480, 88314, 97148, 105982, 114816, 123650, 132484, 141318, 150152, 158986, 167820, 176654, 185488, 194322, 203156, 211990, 220824, 229658, 238492, 247326, 256160, 264994, 273828, 282662, 291496, 300330, 309164, 317998, 326832, 335666, 344500, 353334, 362168, 371002, 379836, 388670, 397504, 406338, 415172, 424006, 432840, 441674, 450508, 459342, 468176, 477010, 485844, 494678, 503512, 512346, 521180, 530014, 538848, 547682, 556516, 565350, 574184, 583018, 591852, 600686, 609520, 618354, 627188, 636022, 644856, 653690, 662524, 671358, 680192, 689026, 697860, 706694, 715528, 724362, 733196, 742030, 750864, 759698, 768532, 777366, 786200, 795034, 803868, 812702, 821536, 830807, 839641, 848475, 857309, 866143, 875416, 884250],