{"gamma": [0.95, 0.98, 0.98], "learning_rate": [-3, -3, -3], "returns_eval": [0.5, 0.3, 0.1, 0.7, 1.1, 0.2, 1.0, 2.0, 2.4, 6.4, 8.9, 16.2, 27.9, 29.0, 25.9, 25.3, 23.4, 39.1, 42.5, 41.8, 29.6, 36.4, 36.4, 46.6, 26.8, 42.2, 46.0, 45.1, 40.8, 37.2, 44.6, 37.6, 31.8, 24.9, 26.8, 15.5, 12.7, 10.5, 6.0, 2.8, 6.1, 6.3, 4.8, 6.3, 7.8, 4.0, 4.8, 4.5, 3.6, 2.5, 3.0, 3.0, 3.2, 2.6, 2.1, 2.4, 3.6, 3.2, 3.2, 3.1, 4.3, 4.0, 3.7, 2.3, 4.2, 4.2, 5.4, 5.8, 4.4, 5.1, 5.0, 8.5, 7.1, 3.4, 3.4, 2.7, 2.6, 3.1, 4.5, 4.7, 4.7, 7.3, 4.3, 3.5, 7.1, 4.4, 5.0, 5.3, 5.5, 8.1, 5.7, 6.6, 4.6, 4.7, 4.4, 4.5, 3.9, 4.3, 3.6, 3.9], "std_returns_eval": [1.02469507659596, 0.9000000000000001, 0.30000000000000004, 1.268857754044952, 1.9209372712298547, 0.4000000000000001, 2.6832815729997477, 2.1908902300206643, 3.006659275674582, 8.627861844049198, 6.876772498781678, 15.230233090796741, 16.00281225285106, 15.504837954651444, 14.962954253756175, 12.345444503945574, 10.190191362285598, 9.7, 19.298963702748395, 12.073110618229256, 15.951175505272332, 14.150618361046984, 12.595237195067032, 11.368377192897851, 13.422369388450015, 10.057832768544126, 15.80506248010428, 21.201179212487215, 21.27815781499893, 8.423775875461075, 15.666524822052914, 13.358143583597236, 7.769169839822013, 11.978731151503483, 13.227244611029162, 8.297590011563598, 9.716480844420989, 6.2809234989768825, 4.1952353926806065, 3.2186953878862163, 4.52658811910251, 4.172529209005013, 5.793099343184095, 5.532630477449221, 4.093897898091744, 2.280350850198276, 3.1874754901018454, 2.4186773244895647, 1.4966629547095767, 2.8372521918222215, 2.756809750418044, 2.4083189157584592, 2.1354156504062622, 1.2806248474865698, 1.3, 2.1540659228538015, 1.3564659966250536, 1.2489995996796797, 2.08806130178211, 1.6401219466856725, 2.4103941586387903, 2.1447610589527217, 1.7916472867168918, 1.4177446878757827, 1.6, 2.7856776554368237, 1.42828568570857, 1.7204650534085253, 2.727636339397171, 0.8306623862918076, 3.03315017762062, 4.387482193696061, 3.6180105030251086, 4.862098312457287, 2.835489375751565, 2.238302928559939, 2.90516780926679, 2.808914381037628, 3.383784863137726, 4.405678154382138, 4.124318125460256, 2.1, 1.6155494421403513, 4.080441152620633, 4.060788100849391, 3.0066592756745814, 3.4351128074635335, 3.3481338085566414, 1.6278820596099706, 3.269556544854363, 3.6891733491393435, 4.673328578219169, 2.65329983228432, 3.1, 2.4576411454889016, 2.3345235059857505, 2.071231517720798, 2.6095976701399777, 2.009975124224178, 2.5475478405713994], "timestamps_eval": [89.42264556884766, 177.36285972595215, 264.76947355270386, 352.08425092697144, 439.3910629749298, 527.0557134151459, 614.5781655311584, 702.083869934082, 789.8252391815186, 877.7002987861633, 965.6048953533173, 1053.475197315216, 1141.3205726146698, 1229.1666371822357, 1317.6744878292084, 1405.7319884300232, 1493.6813967227936, 1581.6015174388885, 1669.6515066623688, 1757.4859719276428, 1845.3686146736145, 1933.3162672519684, 2021.1714794635773, 2109.092049598694, 2197.032166957855, 2284.9361684322357, 2372.9040286540985, 2460.8223979473114, 2548.72172665596, 2636.650937318802, 2724.5529778003693, 2812.392904996872, 2900.321004152298, 2988.1532208919525, 3075.986765384674, 3163.7943239212036, 3251.542671918869, 3339.3089032173157, 3427.166186094284, 3514.8647594451904, 3602.7011346817017, 3690.428296804428, 3778.4191992282867, 3866.2002573013306, 3954.0155193805695, 4041.8954331874847, 4129.659265995026, 4217.413580656052, 4305.227845668793, 4393.027591943741, 4480.875602960587, 4568.808696269989, 4656.735438346863, 4744.566292047501, 4832.350013017654, 4920.194965839386, 5007.987374782562, 5095.780099630356, 5183.517340660095, 5271.238301277161, 5360.972767353058, 5448.933104753494, 5536.835138559341, 5624.883349657059, 5712.76451587677, 5800.727765083313, 5888.716261386871, 5976.719953775406, 6065.011730194092, 6152.89723443985, 6240.939291000366, 6329.981034994125, 6418.099753856659, 6505.983227491379, 6593.887538909912, 6681.959275722504, 6769.932037830353, 6857.896750450134, 6945.843022584915, 7033.627392292023, 7121.583637475967, 7209.483617544174, 7297.52942109108, 7385.411499738693, 7473.384781360626, 7561.209183454514, 7649.144667387009, 7736.977541685104, 7825.024042844772, 7912.936479330063, 8000.996418714523, 8088.786003351212, 8177.11901307106, 8265.161141395569, 8353.157701015472, 8440.947164535522, 8528.80679178238, 8616.711640119553, 8704.50795173645, 8792.300959348679], "timesteps_eval": [8804, 17635, 26466, 35297, 44128, 52959, 61790, 70621, 79452, 88283, 97114, 105945, 114776, 123607, 132438, 141269, 150100, 158931, 167762, 176593, 185424, 194255, 203086, 211917, 220748, 229579, 238410, 247241, 256072, 264903, 273734, 282565, 291396, 300227, 309058, 317889, 326720, 335551, 344382, 353213, 362044, 370875, 379706, 388537, 397368, 406199, 415030, 423861, 432692, 441523, 450354, 459185, 468016, 476847, 485678, 494509, 503340, 512171, 521002, 529833, 538664, 547495, 556326, 565157, 573988, 582819, 591650, 600481, 609312, 618143, 626974, 635805, 644636, 653467, 662298, 671129, 679960, 688791, 697622, 706453, 715284, 724115, 732946, 741777, 750608, 759439, 768270, 777101, 785932, 794763, 803594, 812425, 821256, 830087, 838918, 847749, 856580, 865411, 874242, 883073],