{"gamma": [0.95, 0.98, 0.95], "learning_rate": [-3, -3, -3], "returns_eval": [0.5, 0.3, 0.1, 0.7, 1.1, 0.2, 1.0, 2.0, 2.4, 6.4, 8.9, 16.2, 27.9, 29.0, 25.9, 25.3, 23.4, 39.1, 42.5, 41.8, 29.6, 36.4, 36.4, 46.6, 26.8, 42.2, 46.0, 45.1, 40.8, 37.2, 44.6, 37.6, 31.8, 24.9, 26.8, 15.5, 12.7, 10.5, 6.0, 2.8, 6.1, 6.3, 4.8, 6.3, 7.8, 4.0, 4.8, 4.5, 3.6, 2.5, 3.0, 3.0, 3.2, 2.6, 2.1, 2.4, 3.6, 3.2, 3.2, 3.1, 4.3, 3.6, 3.8, 4.0, 4.4, 4.2, 5.0, 4.5, 5.3, 3.9, 5.9, 5.0, 4.7, 5.8, 5.7, 6.4, 8.2, 5.7, 6.3, 7.1, 9.5, 8.0, 10.8, 15.0, 11.9, 15.8, 10.3, 9.9, 7.5, 5.2, 4.2, 5.7, 3.1, 2.9, 3.4, 4.9, 4.0, 8.2, 12.2, 8.0], "std_returns_eval": [1.02469507659596, 0.9000000000000001, 0.30000000000000004, 1.268857754044952, 1.9209372712298547, 0.4000000000000001, 2.6832815729997477, 2.1908902300206643, 3.006659275674582, 8.627861844049198, 6.876772498781678, 15.230233090796741, 16.00281225285106, 15.504837954651444, 14.962954253756175, 12.345444503945574, 10.190191362285598, 9.7, 19.298963702748395, 12.073110618229256, 15.951175505272332, 14.150618361046984, 12.595237195067032, 11.368377192897851, 13.422369388450015, 10.057832768544126, 15.80506248010428, 21.201179212487215, 21.27815781499893, 8.423775875461075, 15.666524822052914, 13.358143583597236, 7.769169839822013, 11.978731151503483, 13.227244611029162, 8.297590011563598, 9.716480844420989, 6.2809234989768825, 4.1952353926806065, 3.2186953878862163, 4.52658811910251, 4.172529209005013, 5.793099343184095, 5.532630477449221, 4.093897898091744, 2.280350850198276, 3.1874754901018454, 2.4186773244895647, 1.4966629547095767, 2.8372521918222215, 2.756809750418044, 2.4083189157584592, 2.1354156504062622, 1.2806248474865698, 1.3, 2.1540659228538015, 1.3564659966250536, 1.2489995996796797, 2.08806130178211, 1.6401219466856725, 2.4103941586387903, 2.2891046284519194, 1.9390719429665317, 2.0, 2.6532998322843198, 3.026549190084311, 1.9493588689617927, 2.539685019840059, 2.794637722496424, 2.7367864366808017, 1.8138357147217055, 3.40587727318528, 2.282542442102666, 2.181742422927143, 2.685144316419511, 2.5768197453450252, 3.4, 1.7916472867168918, 3.001666203960727, 2.5865034312755126, 2.539685019840059, 2.04939015319192, 5.30659966456864, 10.825894882179487, 5.204805471869242, 10.146920715172657, 1.8466185312619385, 8.141867107733951, 4.455333881989093, 4.874423042781577, 4.4, 7.057619995437556, 2.5475478405713994, 3.6728735344413916, 2.576819745345025, 8.466994744299775, 3.924283374069717, 4.445222154178574, 7.820485918406861, 6.884765791223402], "timestamps_eval": [88.55169105529785, 175.2092125415802, 261.8662865161896, 348.5637128353119, 435.50612115859985, 522.2432389259338, 609.1573886871338, 696.0813784599304, 783.1011281013489, 870.397513628006, 957.8685760498047, 1045.3500850200653, 1132.8450543880463, 1220.2832775115967, 1307.5226397514343, 1394.8209340572357, 1482.1821792125702, 1569.5867564678192, 1657.0432603359222, 1744.3059780597687, 1831.6106386184692, 1918.8934381008148, 2006.2815206050873, 2093.7113807201385, 2181.028247117996, 2268.4236574172974, 2355.6886641979218, 2443.0305235385895, 2530.379337787628, 2617.7895078659058, 2705.179703474045, 2792.425660610199, 2879.702812433243, 2966.9782218933105, 3054.17760014534, 3144.1060717105865, 3231.4403808116913, 3318.7068560123444, 3408.8612656593323, 3496.145055294037, 3583.2602479457855, 3670.4400265216827, 3757.8019726276398, 3845.059149980545, 3932.2401173114777, 4019.4404847621918, 4106.705616235733, 4194.013263463974, 4281.285690546036, 4368.460696697235, 4455.732933759689, 4542.873267889023, 4630.121079683304, 4717.41433930397, 4804.88863658905, 4892.080425739288, 4979.131580591202, 5066.368893861771, 5153.467616558075, 5240.491938114166, 5327.638483285904, 5414.768935680389, 5502.0554213523865, 5589.388356208801, 5676.733325481415, 5763.880239486694, 5851.179230213165, 5938.340359449387, 6025.718978881836, 6112.934292554855, 6200.143937110901, 6287.468268156052, 6374.671547412872, 6461.887896776199, 6549.000919342041, 6636.501945734024, 6723.595103502274, 6810.772609233856, 6898.075185060501, 6985.374296426773, 7072.673946380615, 7159.929326057434, 7247.295027971268, 7334.5810804367065, 7421.829404592514, 7509.09526848793, 7596.4031302928925, 7683.570027351379, 7770.77258348465, 7857.948021411896, 7945.111952781677, 8032.495202302933, 8119.654403209686, 8206.821519613266, 8294.081717967987, 8381.217262983322, 8468.486010074615, 8555.86970949173, 8643.135463237762, 8730.446895360947], "timesteps_eval": [8804, 17635, 26466, 35297, 44128, 52959, 61790, 70621, 79452, 88283, 97114, 105945, 114776, 123607, 132438, 141269, 150100, 158931, 167762, 176593, 185424, 194255, 203086, 211917, 220748, 229579, 238410, 247241, 256072, 264903, 273734, 282565, 291396, 300227, 309058, 317889, 326720, 335551, 344382, 353213, 362044, 370875, 379706, 388537, 397368, 406199, 415030, 423861, 432692, 441523, 450354, 459185, 468016, 476847, 485678, 494509, 503340, 512171, 521002, 529833, 538664, 547495, 556326, 565157, 573988, 582819, 591650, 600481, 609312, 618143, 626974, 635805, 644636, 653467, 662298, 671129, 679960, 688791, 697622, 706453, 715284, 724115, 732946, 741777, 750608, 759439, 768270, 777101, 785932, 794763, 803594, 812425, 821256, 830087, 838918, 847749, 856580, 865411, 874242, 883073],