{"gamma": [0.95, 0.99, 0.99], "learning_rate": [-5, -5, -4], "returns_eval": [0.0, 0.0, 0.1, 0.0, 0.0, 0.1, 7.6, 0.8, 19.4, 3.5, 18.5, 27.3, 18.7, 18.7, 18.7, 18.7, 16.5, 14.2, 18.5, 22.8, 22.8, 22.8, 22.8, 22.8, 22.6, 32.7, 33.7, 37.2, 43.6, 65.1, 56.7, 51.8, 58.2, 55.8, 57.6, 63.0, 66.7, 63.9, 77.4, 86.4, 94.9, 79.2, 85.9, 100.5, 90.6, 97.1, 89.5, 94.5, 91.1, 89.8, 98.6, 95.6, 98.2, 96.4, 100.1, 106.7, 98.7, 96.4, 100.1, 97.9, 94.9, 91.5, 27.1, 68.4, 75.7, 99.4, 103.3, 96.2, 113.6, 99.4, 108.4, 113.8, 111.2, 124.1, 129.7, 128.0, 133.4, 132.5, 132.2, 145.9, 158.2, 196.2, 138.8, 154.8, 154.9, 181.3, 199.8, 199.9, 210.5, 177.6, 210.1, 199.7, 174.9, 195.8, 172.6, 202.1, 238.7, 205.6, 206.0, 170.8], "std_returns_eval": [0.0, 0.0, 0.30000000000000004, 0.0, 0.0, 0.30000000000000004, 8.924124606929242, 1.4000000000000001, 12.43543324536785, 3.930648801406709, 19.252272593125205, 21.559452683219952, 9.940321926376429, 9.940321926376429, 9.940321926376429, 9.940321926376429, 10.613670430157514, 7.4269778510508555, 9.82089608946149, 10.283968105745954, 10.283968105745954, 10.283968105745954, 10.283968105745954, 10.283968105745954, 10.121264743103996, 10.507616285342742, 21.06205118216172, 15.759441614473527, 12.86234815265082, 18.70534682918229, 21.954726142678258, 19.06724940834414, 20.133554082675023, 22.894540834006698, 17.88407112488653, 21.099763031844695, 20.678733036624852, 21.672332592501437, 24.270146270675834, 24.377038376308143, 25.575183283800722, 21.278157814998927, 23.80945190465333, 14.47929556297543, 18.995789007040482, 23.7, 25.104780421266383, 21.143556938225885, 26.155114222652518, 19.69162258423617, 15.081114017207085, 23.022597594537416, 21.525798475317938, 12.63487237766967, 11.22007130102122, 11.118003417880388, 19.411594473406865, 15.499677415998052, 22.602875923209417, 16.201543136380558, 21.778200109283596, 18.885179374313605, 25.14537730876194, 26.180909075125715, 27.01129393420463, 24.446676665755614, 18.38504827298531, 25.713031715455106, 13.676256797823006, 23.039965277751612, 15.863164879682744, 15.151237573214937, 14.2884568795934, 22.362692145625047, 22.99152017592573, 21.803669415949233, 21.918941580286216, 20.881810266353824, 15.085091978506462, 13.471822445385778, 20.960916010518243, 77.317268446318, 14.749915253993834, 25.825568725586663, 20.378665314490053, 51.46076175106622, 61.42930896567208, 77.5350888307997, 84.39105402825587, 45.03154449938398, 69.59518661516758, 57.105253698762255, 40.81041533726409, 77.94202974005745, 21.67579294974004, 55.61195914549315, 86.4373183295271, 90.54855051297066, 78.07048097712733, 15.25647403563484], "timestamps_eval": [89.93595743179321, 177.6502707004547, 265.50616574287415, 353.4511728286743, 441.51592659950256, 529.1477603912354, 617.1955125331879, 705.08824634552, 793.2955963611603, 881.261714220047, 969.332870721817, 1057.2669863700867, 1145.3374407291412, 1233.3803968429565, 1321.2078568935394, 1409.3042113780975, 1497.6951849460602, 1585.7275304794312, 1673.6592574119568, 1761.599723815918, 1850.0034601688385, 1937.914371728897, 2026.3873708248138, 2114.443504333496, 2203.0511779785156, 2291.4877552986145, 2380.202391386032, 2468.9295608997345, 2557.8263063430786, 2647.8827805519104, 2736.9047679901123, 2826.758805990219, 2916.0261158943176, 3005.0325376987457, 3094.875510931015, 3183.5927443504333, 3272.410096645355, 3361.250329017639, 3450.1122426986694, 3538.995024204254, 3627.911461830139, 3716.753920316696, 3805.571447134018, 3894.189449071884, 3983.0678038597107, 4071.782979249954, 4160.629273891449, 4249.4853439331055, 4338.431799411774, 4427.514143943787, 4517.182520389557, 4607.675930738449, 4696.602188587189, 4786.198491811752, 4875.298628091812, 4964.510587453842, 5053.796521902084, 5142.759417295456, 5232.006415605545, 5321.508635759354, 5411.002512693405, 5500.217927932739, 5589.214876413345, 5678.350580215454, 5767.337868213654, 5856.665507316589, 5945.978697538376, 6034.881947040558, 6124.187875747681, 6213.338201761246, 6303.028922319412, 6392.060912132263, 6481.981959104538, 6571.452164411545, 6660.644256591797, 6749.702432632446, 6839.426075220108, 6928.777057886124, 7018.071707725525, 7107.670112133026, 7197.190394878387, 7301.8094844818115, 7391.899300098419, 7480.709048986435, 7569.855731964111, 7673.20592713356, 7790.975491285324, 7896.130339384079, 7999.759111166, 8103.48698925972, 8207.038580179214, 8310.169926404953, 8413.752186775208, 8517.268651723862, 8606.522188663483, 8710.511612653732, 8828.96789598465, 8932.807335615158, 9037.412295103073, 9126.723839998245], "timesteps_eval": [8808, 17642, 26476, 35310, 44144, 52978, 61812, 70646, 79480, 88314, 97148, 105982, 114816, 123650, 132484, 141318, 150152, 158986, 167820, 176654, 185488, 194322, 203156, 211990, 220824, 229658, 238492, 247326, 256160, 264994, 273828, 282662, 291496, 300330, 309164, 317998, 326832, 335666, 344500, 353334, 362168, 371002, 379836, 388670, 397504, 406338, 415172, 424006, 432840, 441674, 450508, 459342, 468176, 477010, 485844, 494678, 503512, 512346, 521180, 530014, 538848, 547682, 556516, 565350, 574184, 583018, 591852, 600686, 609520, 618354, 627188, 636022, 644856, 653690, 662524, 671358, 680192, 689026, 697860, 706694, 715528, 724362, 733196, 742030, 750864, 759698, 768532, 777366, 786200, 795034, 803868, 812702, 821536, 830370, 839204, 848038, 856872, 866148, 875866, 884700],