{"gamma": [0.99, 0.95, 0.98], "learning_rate": [-3, -3, -5], "returns_eval": [0.0, 0.5, 0.0, 0.0, 0.3, 1.4, 0.7, 3.3, 1.9, 2.5, 4.3, 8.4, 3.0, 11.0, 4.2, 9.0, 15.1, 14.7, 14.4, 11.0, 11.2, 21.7, 19.1, 17.1, 22.5, 15.7, 18.9, 14.3, 15.7, 8.7, 12.4, 6.4, 7.9, 11.7, 10.1, 6.2, 10.0, 10.2, 9.8, 11.7, 10.2, 13.2, 9.3, 9.4, 5.8, 7.9, 8.5, 7.8, 15.0, 7.8, 5.9, 8.0, 8.6, 12.8, 9.4, 8.8, 7.2, 4.2, 6.6, 5.0, 8.9, 5.5, 4.3, 6.9, 7.0, 8.7, 7.9, 11.6, 12.0, 8.3, 10.5, 9.2, 11.3, 10.1, 11.7, 12.3, 10.7, 10.9, 10.5, 8.5, 11.1, 10.6, 12.5, 15.0, 15.0, 14.3, 18.4, 13.2, 14.5, 16.9, 13.3, 15.7, 15.3, 15.2, 11.7, 16.5, 17.4, 17.5, 23.1, 17.3], "std_returns_eval": [0.0, 1.5, 0.0, 0.0, 0.6403124237432849, 1.4966629547095767, 0.9, 3.7696153649941526, 2.6248809496813377, 2.7658633371878665, 4.196427051671457, 7.578918128598567, 1.9493588689617927, 9.327379053088816, 3.8418745424597094, 10.119288512538814, 6.977822009767805, 7.975587752636165, 10.258654882585729, 6.782329983125268, 8.328265125462805, 10.050373127401787, 12.128066622508303, 7.034912934784622, 8.488227141164401, 7.389857914736926, 4.1340053217188775, 6.634003316248793, 8.112336284942828, 5.710516614107694, 9.318798205777396, 4.363484845854286, 4.570557952810575, 7.6557168181692825, 8.478797084492589, 6.337191807101944, 4.774934554525329, 5.706137047074842, 5.5641710972974225, 5.675385449465085, 7.45385806143369, 8.109253973085318, 6.753517601961218, 5.141984052872976, 3.3105890714493698, 3.3600595232822887, 8.40535543567314, 4.770744176750625, 8.888194417315589, 5.114684741017769, 3.080584360149872, 4.2895221179054435, 3.4698703145794942, 6.144916598294887, 8.511169132381287, 4.874423042781576, 3.655133376499413, 2.3579652245103193, 5.370288632839021, 2.9664793948382653, 5.107837115648853, 2.3769728648009427, 2.9, 5.08822169328342, 4.358898943540674, 6.649060083951716, 2.8442925306655784, 6.84397545290747, 5.674504383644443, 5.423098745182499, 2.539685019840059, 3.4583232931581165, 6.8854919940408035, 4.085339643163099, 4.859012245302537, 5.883026432033091, 3.5227829907617076, 4.699999999999999, 6.168468205316454, 5.333854141237834, 7.189575787207476, 3.6932370625238775, 5.518151864528558, 5.440588203494177, 8.48528137423857, 6.634003316248795, 5.219195340279955, 6.8527366796047255, 4.863126566315131, 6.579513659838392, 2.9, 7.267048919609664, 8.544588931013593, 6.029925372672534, 4.337049688440287, 8.709190547921201, 6.711184694225007, 6.469157595854347, 11.085576214162256, 5.386093203798093], "timestamps_eval": [88.95407319068909, 174.72360610961914, 260.3064181804657, 346.03696036338806, 431.8308312892914, 517.6216313838959, 603.4844455718994, 689.4651374816895, 775.219780921936, 861.3216786384583, 947.2541394233704, 1033.4205615520477, 1119.2767345905304, 1205.4023337364197, 1291.471566915512, 1377.4622120857239, 1463.3760116100311, 1549.3613650798798, 1635.1438779830933, 1721.0730285644531, 1807.162919998169, 1893.1203305721283, 1978.9528057575226, 2064.893365383148, 2150.7052867412567, 2236.849748849869, 2322.6157665252686, 2408.645137310028, 2494.4934730529785, 2580.4077343940735, 2666.055899620056, 2751.8195929527283, 2837.7850835323334, 2923.7968735694885, 3009.6445796489716, 3095.642596244812, 3181.490495443344, 3267.347578525543, 3353.0561327934265, 3439.6659128665924, 3525.520191192627, 3611.1708104610443, 3697.2062480449677, 3782.9888672828674, 3868.6335196495056, 3954.341670036316, 4040.041102409363, 4125.667816400528, 4211.4756326675415, 4297.257921695709, 4382.970149517059, 4468.578911781311, 4554.281297445297, 4640.024486064911, 4726.198711872101, 4811.997936487198, 4897.776015281677, 4983.59108877182, 5069.314346551895, 5155.351422071457, 5241.325640916824, 5327.325462579727, 5413.028044939041, 5498.856200456619, 5584.614956378937, 5670.4421854019165, 5756.288552522659, 5842.013140201569, 5927.873103141785, 6013.9485692977905, 6099.780343770981, 6185.526915550232, 6271.408843755722, 6357.137714385986, 6442.973023414612, 6528.828746557236, 6614.757875919342, 6700.547486782074, 6786.526767253876, 6872.236443042755, 6958.545394897461, 7044.246151685715, 7130.271240949631, 7216.018182039261, 7302.0953114032745, 7387.804088830948, 7473.64270734787, 7559.444171667099, 7645.447087526321, 7731.244589805603, 7817.035173416138, 7902.889533042908, 7988.86173248291, 8074.597105741501, 8160.367778539658, 8246.37060546875, 8332.323035478592, 8418.369429826736, 8504.48883318901, 8590.261186122894], "timesteps_eval": [8805, 17638, 26471, 35304, 44137, 52970, 61803, 70636, 79469, 88302, 97135, 105968, 114801, 123634, 132467, 141300, 150133, 158966, 167799, 176632, 185465, 194298, 203131, 211964, 220797, 229630, 238463, 247296, 256129, 264962, 273795, 282628, 291461, 300294, 309127, 317960, 326793, 335626, 344459, 353292, 362125, 370958, 379791, 388624, 397457, 406290, 415123, 423956, 432789, 441622, 450455, 459288, 468121, 476954, 485787, 494620, 503453, 512286, 521119, 529952, 538785, 547618, 556451, 565284, 574117, 582950, 591783, 600616, 609449, 618282, 627115, 635948, 644781, 653614, 662447, 671280, 680113, 688946, 697779, 706612, 715445, 724278, 733111, 741944, 750777, 759610, 768443, 777276, 786109, 794942, 803775, 812608, 821441, 830274, 839107, 847940, 856773, 865606, 874439, 883272],