{"gamma": [0.99, 0.95, 0.95], "learning_rate": [-4, -5, -3], "returns_eval": [0.6, 4.1, 7.1, 15.8, 5.2, 0.7, 2.9, 1.3, 3.0, 4.8, 6.9, 4.4, 8.1, 5.7, 10.4, 18.7, 19.2, 33.5, 50.4, 57.2, 65.2, 80.2, 84.0, 80.3, 80.9, 74.9, 82.5, 107.5, 109.3, 118.8, 119.9, 102.2, 124.4, 121.8, 127.5, 131.2, 127.5, 125.3, 131.7, 132.9, 154.7, 154.4, 140.0, 144.2, 155.0, 140.2, 150.0, 149.2, 154.6, 143.1, 163.7, 152.3, 156.9, 173.4, 159.6, 169.3, 172.8, 169.1, 162.3, 162.4, 156.5, 153.9, 147.6, 134.6, 140.7, 142.9, 141.9, 134.6, 139.6, 128.1, 130.3, 118.0, 125.2, 116.8, 117.4, 118.2, 122.4, 111.5, 99.4, 98.2, 80.0, 90.4, 80.0, 82.4, 63.7, 70.0, 75.1, 68.2, 67.1, 63.3, 53.0, 60.8, 49.8, 46.4, 51.9, 30.5, 25.5, 21.7, 23.9, 25.6], "std_returns_eval": [1.4966629547095764, 4.928488612140643, 9.883825170448938, 15.54863338046145, 4.894895300208167, 0.7810249675906655, 3.176476034853718, 2.002498439450079, 3.3763886032268267, 5.015974481593781, 7.841555968046138, 4.029888335921977, 10.14347080638575, 4.920365840057018, 9.830564581955606, 12.977287852244013, 13.60735095453924, 27.100737997331365, 21.280037593951754, 29.109448637856403, 23.21120419107979, 23.54485081711073, 20.847062143141418, 21.54089134646011, 19.87687098111773, 27.555217291830598, 24.800201612083722, 18.282505298782223, 13.498518437221176, 13.151425778218876, 16.410057891427442, 19.5386795869117, 14.60958589419974, 11.565465835840769, 15.989058759038945, 17.2441294358399, 10.471389592599447, 17.37843491226986, 14.798986451781081, 19.232524535276173, 18.31420213932346, 19.540726700918775, 17.23948955160796, 13.666016244685208, 51.73006862551025, 15.005332385522156, 18.734993995195193, 18.4, 12.63487237766967, 13.6194713553794, 21.72579112483594, 21.156795598577776, 21.70921463342237, 63.32645576692256, 17.861690849412884, 17.424408167854654, 14.253420642077467, 18.933832153053434, 19.859758306686413, 16.620469307453384, 25.31896522372113, 18.732058082335744, 13.92264342716569, 15.512575543732254, 12.923234889144437, 16.476953601925327, 16.996764397967045, 19.1373979422491, 16.936351437071682, 15.883639381451596, 16.905916124244794, 10.788883167408942, 14.133647795243803, 8.328265125462805, 17.10672382427448, 10.447966309287182, 17.8, 7.297259759663212, 21.401869077255842, 7.652450587883597, 17.123083834403193, 15.512575543732254, 24.470390270692455, 21.322288807724185, 23.169160537231384, 19.172897537930986, 24.209295735316218, 28.28709953317943, 21.101895649443442, 21.137880688470165, 18.10524785801067, 19.53356086329372, 19.312172327317295, 14.786480311419618, 9.523129737644027, 13.10915710486376, 11.5, 7.6164296097318465, 9.159148432032314, 7.1860976892886725], "timestamps_eval": [89.18137884140015, 176.52601718902588, 264.59876585006714, 352.1274609565735, 440.73105478286743, 529.3143663406372, 617.8381164073944, 706.4722211360931, 795.1364624500275, 883.0809376239777, 971.2494595050812, 1059.1319887638092, 1147.4018440246582, 1235.9385061264038, 1324.4000127315521, 1413.1654205322266, 1502.1158714294434, 1590.9133501052856, 1680.3546273708344, 1769.3836679458618, 1858.0588946342468, 1946.3252716064453, 2034.7778768539429, 2123.0738928318024, 2211.462227344513, 2300.1148614883423, 2388.477979660034, 2477.832920074463, 2566.813153028488, 2655.605835199356, 2744.426472902298, 2833.0120418071747, 2922.125680208206, 3010.8943457603455, 3099.716559648514, 3188.5333280563354, 3276.603229045868, 3364.5945439338684, 3452.9713382720947, 3541.775214910507, 3630.079805612564, 3718.350815296173, 3807.0449452400208, 3895.515256881714, 3999.0022463798523, 4088.1717648506165, 4176.833634138107, 4265.884077072144, 4355.476180315018, 4443.848049402237, 4532.740051746368, 4620.946521520615, 4709.146763086319, 4811.737169981003, 4899.972766160965, 4988.437007665634, 5077.3659927845, 5166.239617824554, 5255.31013417244, 5344.25691318512, 5432.8714146614075, 5521.292561531067, 5610.385105371475, 5699.39582824707, 5787.8776886463165, 5876.098722457886, 5964.274451494217, 6052.728309392929, 6141.477950334549, 6230.564984321594, 6319.564832687378, 6407.126661777496, 6495.817972660065, 6586.793702840805, 6675.863779067993, 6765.904952287674, 6854.52679848671, 6943.803587198257, 7031.58390879631, 7119.850822210312, 7207.740208864212, 7295.833559751511, 7384.324236154556, 7472.457886457443, 7560.64629983902, 7649.047757148743, 7737.58848118782, 7825.856973171234, 7914.185291290283, 8002.347646474838, 8090.4941918849945, 8179.083758831024, 8266.931408643723, 8354.546754598618, 8442.58547115326, 8531.139884233475, 8619.264382123947, 8708.197828531265, 8796.5012550354, 8884.856841802597], "timesteps_eval": [8804, 17635, 26466, 35297, 44128, 52959, 61790, 70621, 79452, 88283, 97114, 105945, 114776, 123607, 132438, 141269, 150100, 158931, 167762, 176593, 185424, 194255, 203086, 211917, 220748, 229579, 238410, 247241, 256072, 264903, 273734, 282565, 291396, 300227, 309058, 317889, 326720, 335551, 344382, 353213, 362044, 370875, 379706, 388537, 397368, 406199, 415030, 423861, 432692, 441523, 450354, 459185, 468016, 476847, 485678, 494509, 503340, 512171, 521002, 529833, 538664, 547495, 556326, 565157, 573988, 582819, 591650, 600481, 609312, 618143, 626974, 635805, 644636, 653467, 662298, 671129, 679960, 688791, 697622, 706453, 715284, 724115, 732946, 741777, 750608, 759439, 768270, 777101, 785932, 794763, 803594, 812425, 821256, 830087, 838918, 847749, 856580, 865411, 874242, 883073],