{"gamma": [0.99, 0.99, 0.99], "learning_rate": [-5, -5, -4], "returns_eval": [5.8, 5.3, 0.0, 0.0, 2.2, 8.4, 8.9, 20.2, 15.9, 13.8, 13.8, 16.2, 13.8, 20.6, 20.6, 13.8, 20.2, 16.9, 13.8, 30.5, 30.5, 30.5, 30.5, 30.5, 30.5, 30.5, 30.5, 30.5, 30.5, 30.5, 30.5, 30.5, 30.5, 30.5, 30.5, 30.5, 30.5, 30.5, 30.5, 30.5, 32.4, 31.9, 32.5, 31.6, 31.4, 50.2, 60.6, 42.9, 74.7, 78.9, 93.4, 82.3, 79.2, 62.8, 88.1, 75.2, 80.8, 89.6, 88.8, 89.3, 83.6, 80.8, 87.8, 79.4, 89.2, 98.2, 84.3, 101.3, 88.2, 102.0, 109.9, 123.5, 109.1, 135.1, 117.5, 125.6, 148.1, 131.6, 136.5, 131.7, 138.8, 148.3, 141.9, 131.7, 143.7, 157.1, 145.7, 179.0, 182.9, 173.7, 218.9, 175.8, 187.6, 221.3, 225.1, 185.6, 197.9, 160.3, 249.7, 192.3], "std_returns_eval": [6.241794613730893, 4.859012245302537, 0.0, 0.0, 4.166533331199932, 6.945502141674135, 7.119691004531025, 11.142710621747296, 8.466994744299774, 6.896375859826668, 6.896375859826668, 11.115754585272203, 6.896375859826668, 9.728309205612248, 9.728309205612248, 6.896375859826668, 13.325164164091937, 9.761659694949419, 6.896375859826668, 23.55525419094432, 23.55525419094432, 23.55525419094432, 23.55525419094432, 23.55525419094432, 23.55525419094432, 23.55525419094432, 23.55525419094432, 23.55525419094432, 23.55525419094432, 23.55525419094432, 23.55525419094432, 23.55525419094432, 23.55525419094432, 23.55525419094432, 23.55525419094432, 23.55525419094432, 23.55525419094432, 23.55525419094432, 23.55525419094432, 23.55525419094432, 24.05493712317702, 14.243946082459033, 26.081602711489953, 16.347476869535555, 8.522910301065007, 23.476797055816622, 24.74752512878813, 12.636850873536494, 19.758795509848266, 21.951993075800658, 9.372299611087985, 27.531981403451514, 29.99933332592576, 28.23402203016779, 23.11038727498957, 30.47556398165586, 23.098917723564455, 23.816800792717732, 21.292252111977255, 21.457166634949733, 18.43474979488466, 25.995384205662358, 20.68235963327202, 36.29380112360787, 22.62211307548435, 19.456618411224497, 29.816270725897294, 10.61178590059185, 28.568514137070554, 11.941524190822543, 15.757220567092409, 21.280272554645535, 17.784543851333385, 18.490267710338866, 14.108508071373103, 13.365627557282897, 16.63400132259223, 18.569868066305695, 11.577996372429904, 18.144145061148514, 9.907572861200668, 18.862926602200414, 12.949517365523706, 16.45630578228297, 9.121951545584968, 18.796010214936572, 22.82564347395271, 69.18670392495946, 58.33086661451208, 59.87662315127666, 91.32956804890736, 11.232096865679177, 55.25432109799196, 64.99238416922401, 78.12995584281359, 61.5438055371944, 77.27541653074411, 22.16325788326256, 100.3434601755391, 62.182071371095375], "timestamps_eval": [89.4676992893219, 176.90697026252747, 264.3631503582001, 352.0672347545624, 439.71045875549316, 527.3483872413635, 615.6985473632812, 704.733293056488, 792.5205817222595, 880.3578677177429, 968.1393423080444, 1055.9287281036377, 1143.754961013794, 1231.5934126377106, 1319.3865077495575, 1407.1392142772675, 1494.960704088211, 1582.7370030879974, 1670.5356421470642, 1758.3450293540955, 1846.1711258888245, 1933.9431524276733, 2021.748006105423, 2109.6910786628723, 2198.1655876636505, 2286.004231929779, 2373.7950689792633, 2461.605880498886, 2549.46320438385, 2637.1910803318024, 2724.9084265232086, 2812.697958946228, 2900.458378791809, 2988.272663831711, 3076.1044158935547, 3163.900280714035, 3251.6607389450073, 3339.4523541927338, 3427.213940382004, 3515.023606300354, 3602.810617208481, 3690.605465888977, 3778.335108280182, 3866.1197221279144, 3953.864287376404, 4041.622103214264, 4129.38641500473, 4217.263193368912, 4305.0404534339905, 4392.846726179123, 4480.613786458969, 4568.431503534317, 4656.16592168808, 4744.000862598419, 4831.832507133484, 4919.85116314888, 5007.797161817551, 5095.744631528854, 5183.530154943466, 5271.289521932602, 5359.1732976436615, 5446.951127767563, 5534.724702835083, 5622.6717784404755, 5710.565148353577, 5798.385214328766, 5886.281706094742, 5974.1691637039185, 6061.987372159958, 6149.915365934372, 6237.771415472031, 6325.639915943146, 6413.445197105408, 6501.222490787506, 6589.668900728226, 6677.489920139313, 6765.968341588974, 6853.739668369293, 6942.20419216156, 7030.098866939545, 7117.929402112961, 7205.802144050598, 7293.726609945297, 7381.656898498535, 7469.485117435455, 7557.34758067131, 7645.2531571388245, 7747.1579122543335, 7849.544768810272, 7951.508898258209, 8053.71787071228, 8141.660095691681, 8243.928010225296, 8347.796542167664, 8464.065360069275, 8566.34799194336, 8668.587824106216, 8756.531264066696, 8873.263298511505, 8975.48424911499], "timesteps_eval": [8804, 17635, 26466, 35297, 44128, 52959, 61790, 70621, 79452, 88283, 97114, 105945, 114776, 123607, 132438, 141269, 150100, 158931, 167762, 176593, 185424, 194255, 203086, 211917, 220748, 229579, 238410, 247241, 256072, 264903, 273734, 282565, 291396, 300227, 309058, 317889, 326720, 335551, 344382, 353213, 362044, 370875, 379706, 388537, 397368, 406199, 415030, 423861, 432692, 441523, 450354, 459185, 468016, 476847, 485678, 494509, 503340, 512171, 521002, 529833, 538664, 547495, 556326, 565157, 573988, 582819, 591650, 600481, 609312, 618143, 626974, 635805, 644636, 653467, 662298, 671129, 679960, 688791, 697622, 706453, 715284, 724115, 732946, 741777, 750608, 759439, 768270, 777101, 785932, 794763, 803594, 812425, 821256, 830087, 838918, 847749, 856580, 865411, 874242, 883073],