{"gamma": [0.95, 0.95, 0.95], "learning_rate": [-5, -5, -5], "returns_eval": [0.0, 0.0, 1.3, 2.6, 0.0, 1.1, 17.4, 15.2, 17.9, 18.5, 21.1, 22.9, 30.5, 30.5, 30.5, 30.5, 30.5, 30.5, 30.5, 30.5, 30.5, 30.5, 30.5, 30.5, 31.0, 28.0, 29.7, 44.4, 42.5, 57.4, 59.0, 65.0, 69.9, 81.8, 87.9, 87.2, 84.0, 100.2, 91.6, 91.8, 93.1, 95.9, 104.4, 93.1, 100.5, 99.1, 111.7, 101.0, 108.3, 99.3, 104.0, 101.7, 114.3, 103.9, 103.2, 101.8, 103.1, 115.1, 105.5, 113.4, 107.6, 113.9, 103.7, 112.4, 102.8, 112.0, 115.2, 100.2, 98.9, 110.0, 106.3, 106.1, 116.7, 110.1, 120.0, 115.4, 116.6, 112.6, 110.9, 108.0, 113.2, 114.7, 109.1, 110.0, 109.5, 108.5, 109.3, 116.7, 120.0, 111.8, 115.0, 110.6, 125.2, 116.2, 123.6, 114.9, 125.5, 124.0, 123.6, 130.3], "std_returns_eval": [0.0, 0.0, 2.9681644159311658, 3.0397368307141326, 0.0, 2.662705391138869, 15.239422561238992, 9.042123644365853, 7.462573282722254, 10.818964830333815, 11.57972365818805, 10.044401425669925, 23.55525419094432, 23.55525419094432, 23.55525419094432, 23.55525419094432, 23.55525419094432, 23.55525419094432, 23.55525419094432, 23.55525419094432, 23.55525419094432, 23.55525419094432, 23.55525419094432, 23.55525419094432, 23.25510696599781, 14.89966442575134, 15.046926596484745, 24.401639289195305, 19.60229578391266, 21.331666601557412, 24.551985663078252, 26.313494636782853, 25.579093025359597, 19.36388390793541, 28.129877354869503, 23.574562562219477, 21.762352813976708, 9.713907555664713, 22.249494376277408, 23.532105728132365, 21.63538767852335, 15.871042813879622, 14.74584687293341, 22.62498618784109, 14.001785600415399, 16.914195221765652, 10.733592129385205, 16.25423021862309, 11.118003417880388, 19.49897433200013, 18.41738309315414, 12.594046212397348, 21.99568139431011, 11.112605455067682, 18.642961138188323, 16.246845847733027, 14.942891286494726, 16.92010638264429, 15.945218719101975, 16.347476869535555, 12.90891165048394, 7.725930364687479, 16.970857373745147, 27.82516846310189, 13.804347141389918, 16.192590898309017, 14.489996549343964, 18.988417522268676, 25.101593574910737, 14.913081505845799, 18.61209284309532, 17.061359852016487, 25.1, 11.00409014866745, 11.74734012447073, 12.2, 8.392854103342914, 16.038703189472646, 13.217034463146414, 10.44030650891055, 10.571660229122008, 12.7283148923964, 7.993122043357027, 15.658863304850707, 16.001562423713505, 19.525624189766635, 11.899999999999999, 25.714003966710433, 16.413409152275463, 14.476187343358058, 14.553350129781116, 16.3413585726524, 11.754148203932091, 14.579437574886077, 19.46894963782073, 15.826875876179734, 17.042593699317013, 14.15627069534911, 13.46996659238619, 10.954907576059233], "timestamps_eval": [90.15045762062073, 178.09771966934204, 266.0699713230133, 354.07668590545654, 442.10481214523315, 530.2664813995361, 618.4350848197937, 706.5464060306549, 794.6468408107758, 883.7118535041809, 971.9038052558899, 1060.0841028690338, 1148.3781518936157, 1236.5955913066864, 1324.9241609573364, 1413.2177073955536, 1501.5072073936462, 1589.862018108368, 1678.0806276798248, 1766.3640944957733, 1854.6215767860413, 1942.8407459259033, 2031.1141469478607, 2119.4053077697754, 2207.700125694275, 2296.6694004535675, 2384.9763078689575, 2473.2894241809845, 2561.6223821640015, 2649.9561924934387, 2738.2375383377075, 2826.589804649353, 2914.9042570590973, 3003.2015664577484, 3091.5177779197693, 3179.801043510437, 3268.2014241218567, 3356.4676887989044, 3444.8250019550323, 3533.0736861228943, 3621.4003446102142, 3709.6704018115997, 3797.936753988266, 3886.3133935928345, 3974.6960260868073, 4063.262142896652, 4151.641295194626, 4241.15861415863, 4329.446494817734, 4417.988315105438, 4506.379474163055, 4594.762607097626, 4683.043524503708, 4771.320071220398, 4859.664109706879, 4947.953843355179, 5036.389875173569, 5124.754346132278, 5213.000944375992, 5301.278104543686, 5389.658639192581, 5477.825750350952, 5566.122468471527, 5654.316851615906, 5742.581320524216, 5830.862339496613, 5919.2874364852905, 6007.616781949997, 6096.063098669052, 6184.384726524353, 6272.6900045871735, 6361.010080814362, 6449.394826889038, 6537.756774425507, 6626.1274037361145, 6714.5274884700775, 6802.885466814041, 6891.332263708115, 6979.639111757278, 7068.026926517487, 7156.4327001571655, 7244.877369642258, 7333.338022708893, 7421.826761722565, 7510.285048246384, 7598.711131572723, 7687.196843147278, 7775.693747997284, 7864.130070209503, 7952.593480587006, 8041.023228883743, 8129.594325065613, 8218.039246797562, 8306.476054430008, 8395.063750267029, 8483.675795555115, 8572.50885295868, 8661.080308675766, 8749.606240034103, 8838.199155330658], "timesteps_eval": [8804, 17635, 26466, 35297, 44128, 52959, 61790, 70621, 79452, 88283, 97114, 105945, 114776, 123607, 132438, 141269, 150100, 158931, 167762, 176593, 185424, 194255, 203086, 211917, 220748, 229579, 238410, 247241, 256072, 264903, 273734, 282565, 291396, 300227, 309058, 317889, 326720, 335551, 344382, 353213, 362044, 370875, 379706, 388537, 397368, 406199, 415030, 423861, 432692, 441523, 450354, 459185, 468016, 476847, 485678, 494509, 503340, 512171, 521002, 529833, 538664, 547495, 556326, 565157, 573988, 582819, 591650, 600481, 609312, 618143, 626974, 635805, 644636, 653467, 662298, 671129, 679960, 688791, 697622, 706453, 715284, 724115, 732946, 741777, 750608, 759439, 768270, 777101, 785932, 794763, 803594, 812425, 821256, 830087, 838918, 847749, 856580, 865411, 874242, 883073],