{"gamma": [0.95, 0.99, 0.95], "learning_rate": [-4, -3, -3], "returns_eval": [0.0, 0.0, 0.0, 0.0, 0.0, 0.0, 0.1, 0.0, 1.1, 0.1, 0.0, 0.0, 0.2, 5.9, 6.7, 14.4, 47.5, 44.6, 66.2, 93.8, 113.8, 103.5, 121.6, 125.0, 119.4, 132.7, 129.3, 133.2, 136.7, 143.9, 128.6, 117.7, 95.4, 88.7, 94.6, 79.9, 85.0, 56.4, 71.6, 61.7, 51.0, 52.7, 34.3, 31.8, 28.1, 19.0, 32.3, 28.6, 22.8, 19.5, 20.8, 23.0, 13.6, 12.7, 10.8, 12.2, 17.1, 17.4, 13.0, 19.0, 8.3, 13.1, 8.0, 9.3, 3.5, 5.7, 9.8, 11.1, 11.5, 12.9, 5.7, 11.2, 12.1, 5.4, 11.8, 8.3, 5.3, 5.3, 5.9, 5.9, 5.6, 9.4, 7.8, 8.0, 9.9, 8.7, 8.4, 11.8, 9.6, 10.1, 19.0, 19.1, 21.7, 21.7, 21.3, 12.3, 13.7, 17.2, 15.7, 17.7], "std_returns_eval": [0.0, 0.0, 0.0, 0.0, 0.0, 0.0, 0.30000000000000004, 0.0, 3.3000000000000003, 0.30000000000000004, 0.0, 0.0, 0.4000000000000001, 7.529276193632426, 8.9, 12.760877712759417, 25.326863208853954, 22.073513539987243, 30.12573650551966, 23.852882425400917, 19.249935064825547, 20.100995000248123, 14.291256067959877, 19.57549488518745, 9.079647570252934, 20.154652068443156, 11.567627241573788, 13.43726162579266, 11.234322409473569, 15.833192981834081, 11.516944039110376, 19.13661412058047, 13.078226179417452, 21.194574777522668, 24.8, 24.71618902662787, 25.107767722360343, 20.87678136111982, 16.230834852218788, 18.30874108178932, 20.37154878746336, 19.78913843501025, 13.513326755466249, 8.942035562443264, 12.161003248087717, 13.906832852953976, 12.63368513142543, 21.312906887611554, 15.078461459976612, 9.604686356149273, 11.232096865679178, 5.059644256269407, 12.330450113438681, 3.551056180912941, 5.2115256883181535, 9.693296652842108, 7.777531742140304, 9.178235124467014, 6.260990336999411, 6.81175454637056, 5.060632371551998, 10.251341375644458, 9.869143833180262, 8.414867794564572, 4.341658669218482, 5.762811813689565, 6.128621378417825, 10.06429331846007, 7.990619500389191, 4.928488612140643, 2.758622844826744, 6.779380502671317, 7.4357245780085215, 2.1071307505705477, 7.782030583337487, 3.8742741255621036, 2.6095976701399777, 2.147091055358389, 3.6180105030251086, 4.27668095606862, 3.2310988842807027, 5.407402333838309, 5.878775382679627, 4.669047011971501, 4.437341546466758, 4.382921400162226, 4.983974317750845, 4.534313619501853, 3.6386810797320503, 5.752390807307862, 6.942621983083913, 5.4671747731346585, 4.583666654546335, 7.014983962918233, 9.53991614218909, 6.341135544995075, 6.797793759742936, 6.968500556073739, 9.990495483208027, 6.84178339323893], "timestamps_eval": [93.16509485244751, 182.65778350830078, 272.4029414653778, 361.69932556152344, 452.1896507740021, 541.6052858829498, 631.7665328979492, 722.6970551013947, 813.0266034603119, 901.4145658016205, 989.6513290405273, 1077.9424803256989, 1166.397902727127, 1254.8429775238037, 1343.801920413971, 1432.9918043613434, 1521.626165151596, 1611.689420223236, 1700.7787909507751, 1789.8733043670654, 1880.6409304141998, 1971.2937557697296, 2062.858929872513, 2154.3612418174744, 2245.044320344925, 2335.8223881721497, 2425.59974527359, 2520.231865167618, 2613.9708013534546, 2703.95792555809, 2793.8480036258698, 2883.6564157009125, 2977.2483751773834, 3070.9289062023163, 3165.1226320266724, 3260.021835565567, 3354.2627289295197, 3448.909811258316, 3543.524796962738, 3638.348473072052, 3732.4265043735504, 3825.686500310898, 3919.3091440200806, 4012.92022562027, 4106.29733133316, 4199.011369228363, 4292.446003675461, 4386.116201639175, 4479.172376871109, 4571.126292467117, 4665.092771291733, 4758.064398527145, 4849.679310798645, 4943.207921266556, 5035.014369010925, 5127.10354757309, 5218.94189953804, 5312.113137483597, 5404.930598258972, 5499.239154338837, 5591.157966852188, 5684.565450668335, 5777.384770870209, 5870.382087469101, 5963.954265117645, 6056.235290527344, 6149.121852874756, 6241.932859659195, 6334.313443899155, 6427.430689096451, 6521.909491300583, 6616.4703714847565, 6711.011435985565, 6804.970608949661, 6895.97142457962, 6986.768854141235, 7077.461069345474, 7170.911566495895, 7261.960584163666, 7352.864819765091, 7448.863841533661, 7542.495160579681, 7633.962939500809, 7726.37486243248, 7822.046122312546, 7914.718027591705, 8006.27062869072, 8102.521866798401, 8198.23695063591, 8292.84690785408, 8386.403097391129, 8481.488816976547, 8571.316267251968, 8661.118926048279, 8751.846879959106, 8842.142490386963, 8931.858082532883, 9021.695553302765, 9111.507922172546, 9200.465094089508], "timesteps_eval": [8808, 17642, 26476, 35310, 44144, 52978, 61812, 70646, 79480, 88314, 97148, 105982, 114816, 123650, 132484, 141318, 150152, 158986, 167820, 176654, 185488, 194322, 203156, 211990, 220824, 229658, 238492, 247326, 256160, 264994, 273828, 282662, 291496, 300330, 309164, 317998, 326832, 335666, 344500, 353334, 362168, 371002, 379836, 388670, 397504, 406338, 415172, 424006, 432840, 441674, 450508, 459342, 468176, 477010, 485844, 494678, 503512, 512346, 521180, 530014, 538848, 547682, 556516, 565350, 574184, 583018, 591852, 600686, 609520, 618354, 627188, 636022, 644856, 653690, 662524, 671358, 680192, 689026, 697860, 706694, 715528, 724362, 733196, 742030, 750864, 759698, 768532, 777366, 786200, 795034, 803868, 812702, 821536, 830370, 839204, 848038, 856872, 865706, 874540, 883374],