{"gamma": [0.95, 0.95, 0.99], "learning_rate": [-4, -5, -3], "returns_eval": [4.5, 11.3, 3.9, 7.8, 10.1, 12.4, 15.4, 30.0, 28.5, 48.0, 61.6, 68.1, 79.7, 87.6, 98.6, 86.0, 117.6, 121.7, 129.5, 138.8, 142.5, 138.4, 152.5, 160.3, 162.0, 157.5, 205.4, 183.4, 198.8, 188.7, 219.1, 214.0, 195.2, 234.7, 268.9, 312.2, 251.8, 294.5, 283.1, 294.3, 316.4, 278.0, 304.1, 288.8, 298.4, 283.7, 336.8, 284.5, 323.2, 304.4, 346.0, 355.3, 307.8, 334.0, 230.0, 352.1, 376.0, 292.5, 368.8, 409.0, 222.8, 164.2, 134.6, 129.1, 118.1, 107.3, 86.0, 96.1, 77.5, 89.1, 76.2, 70.5, 58.4, 57.4, 37.2, 46.1, 50.5, 43.1, 45.8, 40.3, 31.9, 43.1, 41.7, 36.4, 26.0, 13.8, 11.8, 14.0, 8.2, 8.2, 6.3, 8.3, 5.0, 2.9, 2.8, 3.4, 4.5, 5.1, 5.1, 2.7], "std_returns_eval": [6.264982043070834, 15.244999180059015, 4.635730794599704, 8.340263784797218, 7.462573282722254, 9.156418513807678, 14.97464523786791, 22.552161758909055, 13.74227055475186, 16.1245154965971, 24.303086223770016, 27.53343422096125, 22.40557966221807, 22.97912095794789, 13.61763562443936, 17.216271373325874, 18.932511719262184, 16.970857373745147, 24.5, 13.6, 15.698726062964472, 16.94815624190431, 16.00781059358212, 21.185136298829896, 15.639693091617879, 12.241323457861899, 77.64174135089965, 50.56520542823889, 73.60679316476164, 55.68671295740125, 83.81700304830757, 80.43631020876082, 61.90444249001843, 90.40027654824956, 85.96679591563246, 81.1798004432137, 93.23604453214433, 88.83383364461989, 97.01695728067335, 93.62804067158514, 88.71888186851771, 98.7289218010609, 100.12537141004772, 86.6288635502048, 92.20759187832638, 96.59301216961815, 83.6538104332373, 102.49902438560086, 93.87523635123377, 105.66380648074345, 57.68188623822907, 84.88233031673907, 102.74998783454916, 100.24669570614284, 84.7207176551285, 84.98052718123135, 68.9724582713999, 108.69705607789017, 59.64528480944659, 24.859605789312106, 75.17419770107293, 40.98487525905136, 19.147845831842286, 31.264836478062698, 22.708808863522545, 13.76263056250512, 23.336666428605437, 21.644629818964336, 24.83243846262384, 18.316386106434862, 22.842066456430775, 14.396180048887969, 22.307846153315655, 31.613920984275264, 16.83923988783342, 16.783622970026464, 11.4564392373896, 14.341896666759247, 17.24992753607968, 12.35354200219516, 12.381033882515627, 19.63389925613351, 14.1, 26.609021026711975, 9.643650760992955, 6.241794613730894, 8.146164741766519, 9.143303560529969, 2.7129319932501073, 5.455272678794342, 5.916924876994806, 5.478138369920935, 4.358898943540674, 2.6248809496813377, 1.9390719429665317, 3.0724582991474434, 4.05585995813465, 2.947880594596735, 4.22965719651132, 2.3685438564654024], "timestamps_eval": [89.17103505134583, 176.205641746521, 263.1219222545624, 350.12774682044983, 437.1390588283539, 524.2444136142731, 611.3157114982605, 698.4358410835266, 785.6062347888947, 872.9363145828247, 960.3018038272858, 1047.6708524227142, 1135.0161414146423, 1223.8948848247528, 1311.197454214096, 1398.6553180217743, 1486.0274832248688, 1573.5684764385223, 1661.0666389465332, 1749.1378355026245, 1836.555915594101, 1923.9915244579315, 2011.3634798526764, 2098.838591337204, 2186.1719827651978, 2273.6602835655212, 2375.399927854538, 2477.2555248737335, 2578.9562995433807, 2680.5230774879456, 2782.170637369156, 2884.083808898926, 2985.6925835609436, 3087.4958004951477, 3189.3499286174774, 3305.747922182083, 3421.7634387016296, 3538.0203051567078, 3654.0219926834106, 3770.179597377777, 3886.2346925735474, 4002.9647839069366, 4119.162076473236, 4235.377339839935, 4351.440490245819, 4467.747817516327, 4583.9211847782135, 4700.096500635147, 4816.311316728592, 4932.371010065079, 5048.573445558548, 5166.136942386627, 5282.181189537048, 5398.06338262558, 5499.966639518738, 5615.9740488529205, 5732.240663290024, 5848.177608728409, 5964.424018621445, 6080.488561868668, 6196.654127836227, 6298.237098455429, 6385.655228376389, 6472.824058771133, 6560.069006919861, 6647.454752922058, 6734.872625350952, 6822.181148052216, 6909.644616365433, 6997.000034570694, 7084.434874296188, 7171.758402347565, 7259.254417419434, 7346.496839523315, 7433.906859397888, 7521.233334779739, 7608.660612821579, 7696.02343416214, 7783.303318500519, 7870.592740774155, 7957.9585473537445, 8045.191745758057, 8132.493917942047, 8219.759316444397, 8307.121999263763, 8394.411786079407, 8481.713814496994, 8568.906876325607, 8656.188302516937, 8743.401246547699, 8830.710260868073, 8917.814400911331, 9005.108333349228, 9093.211488246918, 9180.386671304703, 9267.564190387726, 9354.823724985123, 9441.955092430115, 9529.69591164589, 9616.818061828613], "timesteps_eval": [8804, 17635, 26466, 35297, 44128, 52959, 61790, 70621, 79452, 88283, 97114, 105945, 114776, 123607, 132438, 141269, 150100, 158931, 167762, 176593, 185424, 194255, 203086, 211917, 220748, 229579, 238410, 247241, 256072, 264903, 273734, 282565, 291396, 300227, 309058, 317889, 327157, 336427, 345258, 354531, 363362, 373075, 382345, 391176, 400007, 409277, 418987, 427818, 437529, 447682, 457834, 468423, 480339, 487850, 497193, 507279, 517429, 529348, 537954, 549801, 560762, 569593, 578424, 587255, 596086, 604917, 613748, 622579, 631410, 640241, 649072, 657903, 666734, 675565, 684396, 693227, 702058, 710889, 719720, 728551, 737382, 746213, 755044, 763875, 772706, 781537, 790368, 799199, 808030, 816861, 825692, 834523, 843354, 852185, 861016, 869847, 878678, 887509, 896340, 905171],