{"gamma": [0.99, 0.99, 0.99], "learning_rate": [-4, -5, -3], "returns_eval": [0.6, 4.1, 7.1, 15.8, 5.2, 0.7, 2.9, 1.3, 3.0, 4.8, 6.9, 4.4, 8.1, 5.7, 10.4, 18.7, 19.2, 33.5, 50.4, 57.2, 65.2, 80.2, 84.0, 80.3, 80.9, 74.9, 82.5, 107.5, 109.3, 118.8, 119.9, 118.4, 121.7, 117.8, 117.5, 125.3, 133.2, 128.3, 127.3, 126.6, 130.1, 132.3, 136.1, 141.6, 138.5, 130.2, 141.5, 146.1, 139.6, 139.4, 139.7, 146.7, 142.1, 151.8, 148.4, 149.1, 154.1, 151.5, 163.8, 153.0, 126.3, 126.8, 122.9, 127.1, 104.1, 104.0, 90.6, 82.3, 88.5, 81.9, 80.9, 87.4, 44.4, 50.5, 45.5, 42.1, 58.0, 37.2, 39.5, 26.3, 28.8, 23.1, 22.9, 21.5, 23.8, 20.4, 15.3, 15.3, 8.6, 9.5, 7.5, 11.0, 6.0, 3.5, 4.1, 3.8, 4.5, 4.4, 2.0, 6.4], "std_returns_eval": [1.4966629547095764, 4.928488612140643, 9.883825170448938, 15.54863338046145, 4.894895300208167, 0.7810249675906655, 3.176476034853718, 2.002498439450079, 3.3763886032268267, 5.015974481593781, 7.841555968046138, 4.029888335921977, 10.14347080638575, 4.920365840057018, 9.830564581955606, 12.977287852244013, 13.60735095453924, 27.100737997331365, 21.280037593951754, 29.109448637856403, 23.21120419107979, 23.54485081711073, 20.847062143141418, 21.54089134646011, 19.87687098111773, 27.555217291830598, 24.800201612083722, 18.282505298782223, 13.498518437221176, 13.151425778218876, 16.410057891427442, 18.178008691823205, 19.406442229321684, 15.098344280085815, 24.88875247978492, 12.720455966670377, 12.647529403009901, 13.99321264041964, 15.767371372552878, 18.133946068079062, 11.827510304370909, 17.082447131485583, 21.82865089738713, 17.743731287415283, 15.894967757123636, 13.067516979135709, 18.618539147849383, 18.1463494951464, 15.409088227406578, 15.25909564816998, 14.879852149803103, 12.938701635017324, 16.152089648091977, 15.26302722267113, 16.48757107641996, 21.897260102579043, 21.39369065869655, 22.491109354587202, 38.1622850468889, 19.733220720399395, 29.631233521404404, 12.089665007765932, 21.88355546980426, 16.379560433662437, 10.549407566304376, 16.30950643030009, 22.48644035858055, 13.138112497615477, 17.40833133875846, 14.279005567615695, 25.734995628521098, 19.647900651214623, 17.906423428479513, 17.054324964653397, 16.96024763970149, 10.718675291284834, 13.971399357258385, 10.146920715172659, 10.974971526158964, 11.739250401963492, 14.154857823376396, 9.004998611882181, 12.210241602851273, 8.452810183601665, 16.17899873292535, 8.357032966310472, 11.627983488120371, 11.883181392203015, 8.822698000045111, 7.003570517957251, 7.269800547470337, 3.9496835316262997, 3.3466401061363023, 4.272001872658765, 2.981610303175115, 4.377213725647858, 2.6551836094703507, 3.7469987990390385, 1.7888543819998317, 5.388877434122992], "timestamps_eval": [89.49412441253662, 176.86346793174744, 264.4124994277954, 351.7827694416046, 439.3132231235504, 526.8722898960114, 614.3650832176208, 701.9898202419281, 789.7225394248962, 877.3969452381134, 965.0656740665436, 1052.8884491920471, 1140.8372416496277, 1228.640388250351, 1316.647848367691, 1404.7267425060272, 1493.0101206302643, 1580.720320224762, 1668.3492639064789, 1755.9508666992188, 1843.6287758350372, 1931.3174483776093, 2019.046336889267, 2106.716646671295, 2194.4350295066833, 2282.2196407318115, 2369.926467180252, 2457.738404273987, 2545.891236305237, 2634.553243160248, 2722.343596458435, 2810.1965098381042, 2897.9850742816925, 2985.7115728855133, 3073.45729136467, 3161.422962665558, 3250.337287425995, 3338.2549455165863, 3426.1105880737305, 3514.1222705841064, 3602.173901319504, 3690.7096738815308, 3778.5842168331146, 3866.336489200592, 3954.206249475479, 4042.0097575187683, 4129.893356084824, 4217.795768737793, 4306.841765880585, 4394.746342420578, 4482.822056531906, 4570.856456041336, 4658.9173102378845, 4746.962030410767, 4835.112111568451, 4923.130638122559, 5011.218989610672, 5099.663540840149, 5202.230031013489, 5290.640336990356, 5378.890642404556, 5467.104534864426, 5555.1947774887085, 5643.212783575058, 5731.3332533836365, 5819.340795755386, 5907.4192361831665, 5995.383985519409, 6083.391668796539, 6171.345589160919, 6259.325717926025, 6347.338179826736, 6435.347358942032, 6523.351681947708, 6611.42720246315, 6699.44614481926, 6787.573019504547, 6875.616911649704, 6963.689825057983, 7051.713204860687, 7139.737557888031, 7227.75662779808, 7315.834393978119, 7403.889212369919, 7492.123338699341, 7580.21139216423, 7668.304815769196, 7756.394461393356, 7844.778461933136, 7933.234356880188, 8021.536017656326, 8110.087366104126, 8198.641820430756, 8287.198864221573, 8375.888578653336, 8464.425909996033, 8552.892512083054, 8641.615394830704, 8730.153693199158, 8818.635469198227], "timesteps_eval": [8804, 17635, 26466, 35297, 44128, 52959, 61790, 70621, 79452, 88283, 97114, 105945, 114776, 123607, 132438, 141269, 150100, 158931, 167762, 176593, 185424, 194255, 203086, 211917, 220748, 229579, 238410, 247241, 256072, 264903, 273734, 282565, 291396, 300227, 309058, 317889, 326720, 335551, 344382, 353213, 362044, 370875, 379706, 388537, 397368, 406199, 415030, 423861, 432692, 441523, 450354, 459185, 468016, 476847, 485678, 494509, 503340, 512171, 521002, 529833, 538664, 547495, 556326, 565157, 573988, 582819, 591650, 600481, 609312, 618143, 626974, 635805, 644636, 653467, 662298, 671129, 679960, 688791, 697622, 706453, 715284, 724115, 732946, 741777, 750608, 759439, 768270, 777101, 785932, 794763, 803594, 812425, 821256, 830087, 838918, 847749, 856580, 865411, 874242, 883073],