{"gamma": [0.95, 0.98, 0.95], "learning_rate": [-4, -4, -3], "returns_eval": [0.0, 0.0, 0.0, 0.0, 0.0, 0.0, 0.1, 0.0, 1.1, 0.1, 0.0, 0.0, 0.2, 5.9, 6.7, 14.4, 47.5, 44.6, 66.2, 93.8, 113.8, 103.5, 121.6, 125.0, 119.4, 132.7, 129.3, 133.2, 136.7, 143.9, 155.4, 148.4, 149.1, 141.1, 158.5, 158.2, 164.5, 156.1, 162.2, 160.2, 162.7, 158.2, 151.7, 177.7, 179.6, 158.2, 186.3, 183.9, 196.9, 151.6, 175.2, 184.6, 170.9, 171.3, 188.3, 208.7, 196.8, 188.6, 196.8, 177.6, 145.3, 143.4, 146.5, 131.7, 120.1, 124.1, 114.5, 121.0, 115.9, 118.6, 110.6, 113.2, 117.8, 95.1, 105.0, 92.9, 90.8, 89.1, 93.4, 61.5, 78.3, 58.3, 46.8, 55.2, 59.4, 68.3, 51.2, 47.2, 37.2, 45.1, 35.4, 32.5, 31.3, 43.7, 42.8, 33.1, 29.6, 26.4, 28.4, 38.9], "std_returns_eval": [0.0, 0.0, 0.0, 0.0, 0.0, 0.0, 0.30000000000000004, 0.0, 3.3000000000000003, 0.30000000000000004, 0.0, 0.0, 0.4000000000000001, 7.529276193632426, 8.9, 12.760877712759417, 25.326863208853954, 22.073513539987243, 30.12573650551966, 23.852882425400917, 19.249935064825547, 20.100995000248123, 14.291256067959877, 19.57549488518745, 9.079647570252934, 20.154652068443156, 11.567627241573788, 13.43726162579266, 11.234322409473569, 15.833192981834081, 26.56388525799643, 20.972362766269327, 23.441203040799763, 17.218884981322105, 43.562024746331524, 16.240689640529432, 11.473883387938018, 20.9926177500568, 16.515447314559783, 16.539649331228276, 14.601712228365548, 21.660101569475614, 16.9413694841946, 41.658252483751646, 58.41266985851614, 17.497428382479523, 40.88043541842479, 54.09519387154463, 57.14096604013621, 17.327434893832383, 16.922174801130026, 42.15969639359373, 18.212358441453976, 43.89088743691565, 42.759911131806625, 63.59253100797294, 61.155212369838104, 39.12595046768832, 68.28294076854043, 21.698847895683308, 17.771043863543866, 27.011849251763568, 19.81035082980612, 17.458808664969094, 12.413299319681292, 10.202450685987166, 8.139410298049853, 13.62350909274112, 14.89597261007149, 7.200000000000001, 14.616429112474771, 21.549013898552296, 21.013329103214467, 14.313979181206042, 18.24828759089466, 22.563022847127556, 18.940960904874913, 26.789736840812754, 16.41462762294655, 21.509300314050197, 23.782556632961057, 18.193680221439532, 15.555063484280609, 26.891634386924125, 16.853486286225767, 25.6478069237898, 24.36719105682885, 22.520213142863458, 15.334927453366058, 13.545848072379965, 8.248636250920512, 9.790301323248432, 10.733592129385205, 9.434511116109833, 21.060864179800408, 10.415853301578322, 10.716342659695052, 6.118823416311342, 6.681317235396027, 11.361778029868388], "timestamps_eval": [89.47833919525146, 176.74632668495178, 264.2032563686371, 351.89321517944336, 439.3012065887451, 526.729419708252, 614.2881543636322, 702.0211367607117, 789.7314162254333, 877.3607602119446, 965.0166413784027, 1052.8771772384644, 1140.6680691242218, 1228.3883759975433, 1316.1996219158173, 1404.2346477508545, 1492.081326007843, 1579.823473930359, 1667.6958680152893, 1755.541932106018, 1843.3435966968536, 1931.2237439155579, 2019.1234240531921, 2107.0033559799194, 2194.8164801597595, 2282.8974578380585, 2370.9211602211, 2458.9987227916718, 2546.9777824878693, 2634.944010257721, 2722.9512042999268, 2810.9057881832123, 2899.00537109375, 2987.027450799942, 3089.168219089508, 3177.2535774707794, 3265.2224266529083, 3353.2524728775024, 3441.227497816086, 3529.2656095027924, 3617.260027885437, 3705.3598442077637, 3793.3992257118225, 3895.6157104969025, 3997.8119962215424, 4086.069352388382, 4188.130429983139, 4290.606414794922, 4393.125211715698, 4481.013618946075, 4568.948890686035, 4671.436436653137, 4759.370369434357, 4861.933584451675, 4964.316075325012, 5066.767925739288, 5169.44479393959, 5271.6548640728, 5374.001886844635, 5462.230886697769, 5550.282765865326, 5638.162302494049, 5726.1544733047485, 5814.112410068512, 5902.188325166702, 5990.431501865387, 6078.262506008148, 6166.138040065765, 6254.044820070267, 6341.95249414444, 6429.85285615921, 6517.684354066849, 6605.56747174263, 6693.39773440361, 6781.185057878494, 6869.12984752655, 6957.094731092453, 7044.961089372635, 7132.8639969825745, 7220.75818157196, 7308.622250080109, 7396.450706005096, 7484.395071983337, 7572.243453264236, 7660.1342306137085, 7748.00185918808, 7835.83669257164, 7923.638955354691, 8011.457486867905, 8099.261417150497, 8187.033645153046, 8274.930717468262, 8362.713332176208, 8450.639927864075, 8538.564486980438, 8626.459945678711, 8714.430391550064, 8802.422087430954, 8890.288151979446, 8978.22897720337], "timesteps_eval": [8808, 17642, 26476, 35310, 44144, 52978, 61812, 70646, 79480, 88314, 97148, 105982, 114816, 123650, 132484, 141318, 150152, 158986, 167820, 176654, 185488, 194322, 203156, 211990, 220824, 229658, 238492, 247326, 256160, 264994, 273828, 282662, 291496, 300330, 309164, 317998, 326832, 335666, 344500, 353334, 362168, 371002, 379836, 388670, 397504, 406338, 415172, 424006, 432840, 441674, 450950, 459784, 468618, 477452, 486286, 495120, 503954, 512788, 521622, 530456, 539727, 548561, 557395, 566229, 575063, 583897, 592731, 601565, 610399, 619233, 628067, 636901, 645735, 654569, 663403, 672237, 681071, 689905, 698739, 707573, 716407, 725241, 734075, 742909, 751743, 760577, 769411, 778245, 787079, 795913, 804747, 813581, 822415, 831249, 840083, 848917, 857751, 866585, 875419, 884253],