{"gamma": [0.98, 0.95, 0.95], "learning_rate": [-3, -4, -5], "returns_eval": [1.3, 0.2, 0.1, 1.4, 0.7, 1.1, 1.2, 2.7, 5.7, 7.6, 4.6, 6.9, 6.9, 14.0, 12.9, 12.1, 18.8, 19.7, 20.3, 22.6, 14.1, 23.7, 31.0, 18.7, 15.0, 23.9, 17.1, 13.3, 12.8, 7.9, 10.2, 13.7, 16.8, 19.7, 16.2, 25.9, 22.0, 24.3, 30.7, 35.3, 37.3, 35.7, 47.6, 38.0, 38.8, 55.4, 51.4, 53.4, 49.4, 54.4, 51.8, 66.7, 58.6, 64.3, 73.1, 69.7, 81.6, 86.1, 74.2, 68.1, 74.4, 85.2, 85.9, 83.0, 91.3, 98.3, 77.0, 98.1, 94.0, 94.1, 93.9, 98.1, 101.3, 94.3, 97.8, 96.9, 97.2, 110.2, 110.8, 106.1, 105.2, 107.9, 105.8, 109.2, 113.0, 102.3, 97.6, 118.9, 104.5, 106.0, 119.0, 126.9, 113.1, 105.6, 110.5, 118.4, 109.3, 108.3, 111.0, 113.6], "std_returns_eval": [1.8466185312619388, 0.4000000000000001, 0.30000000000000004, 3.2310988842807022, 1.4866068747318504, 1.5132745950421556, 1.5362291495737217, 3.0016662039607267, 5.197114584074513, 5.219195340279955, 3.52703841770968, 6.284106937345991, 6.876772498781678, 8.012490249604053, 11.894956914591999, 6.7889616289974715, 13.302631318652711, 10.714942836991712, 13.791664149043072, 13.741906709041508, 8.10493676718085, 10.705606008068855, 7.886697661252142, 7.389857914736926, 6.557438524302, 10.338762014864255, 8.178630692236935, 9.497894503520241, 5.5641710972974225, 5.223983154643591, 3.54400902933387, 7.483982896827063, 9.744742172063868, 7.280796659706958, 6.954135460285484, 10.034440691936945, 9.808159868191384, 11.1, 8.93364427319557, 13.251792331605563, 13.431678971744374, 10.04041831797859, 13.588230201170424, 10.178408519999577, 12.014990636700473, 15.576905982896603, 9.221713506718803, 21.07225664232476, 17.97887649437528, 16.764247671756703, 14.323407415835103, 14.332131732579072, 19.744366285095097, 14.30419518882485, 13.186735759845952, 13.289469515371936, 13.668942899873421, 20.359027481684873, 20.595145058969603, 8.525843066817497, 17.431006855600742, 10.824047302187846, 14.117011015083893, 13.914021704740868, 16.58945448168806, 12.482387592123551, 21.24617612654098, 10.173003489628812, 14.933184523068078, 16.28158468945821, 15.839507568103247, 13.866866985732573, 15.013660446406798, 10.91833320612629, 20.30172406471923, 19.29481795716145, 15.217095649301807, 7.068238818828917, 12.905812643921342, 18.474035834110534, 15.045265035884213, 16.306133815224257, 10.166612021711067, 19.4, 22.190087877248256, 7.576938695805846, 17.396551382386107, 9.689685237405806, 13.807606599262597, 15.165750888103101, 17.623847480048163, 12.934063553268942, 11.579723658188048, 19.8, 12.57179382586272, 13.514436725220921, 29.196061378206476, 14.825990692024597, 16.92926460304759, 11.235657524150511], "timestamps_eval": [89.24017119407654, 176.68257522583008, 264.1790556907654, 351.7460346221924, 439.2394063472748, 526.8160147666931, 614.3839840888977, 701.9586064815521, 789.5554368495941, 877.5314342975616, 965.3554396629333, 1053.0981521606445, 1140.7902398109436, 1228.4176473617554, 1316.0888042449951, 1403.7493162155151, 1491.5687155723572, 1579.1602761745453, 1666.749918937683, 1754.3224346637726, 1841.8777294158936, 1929.4631342887878, 2016.9935321807861, 2104.5739262104034, 2192.1845693588257, 2279.8792839050293, 2367.397783756256, 2455.128541469574, 2542.7567863464355, 2630.4049282073975, 2718.155168533325, 2806.1320881843567, 2893.840058326721, 2981.5556650161743, 3069.2946898937225, 3157.0229625701904, 3244.6571679115295, 3332.365697622299, 3420.027596473694, 3507.7198510169983, 3595.473153591156, 3683.2266676425934, 3770.95827126503, 3859.0949585437775, 3947.1510474681854, 4035.2299568653107, 4123.1435606479645, 4210.800133705139, 4298.5882914066315, 4386.545259475708, 4474.476989030838, 4562.617340326309, 4650.8532173633575, 4738.915838479996, 4827.085067272186, 4915.177458286285, 5003.099701881409, 5091.3748660087585, 5179.454367160797, 5267.529706954956, 5355.561435461044, 5444.0856347084045, 5532.37241768837, 5620.647580385208, 5708.695173025131, 5796.629422426224, 5884.701383590698, 5972.776280403137, 6060.655442237854, 6148.636081457138, 6237.000415086746, 6325.31716799736, 6413.140068292618, 6501.020008087158, 6588.993616104126, 6677.037363529205, 6764.909713983536, 6852.788417816162, 6940.675430774689, 7028.548042297363, 7116.429221391678, 7204.628202676773, 7292.5779910087585, 7380.502181768417, 7468.5800704956055, 7556.5063054561615, 7644.732337713242, 7732.772235870361, 7820.9001288414, 7909.019002437592, 7997.104469060898, 8085.247586965561, 8173.459824800491, 8261.721274852753, 8349.692390918732, 8437.604160547256, 8525.669421195984, 8613.549982309341, 8701.402951002121, 8789.297815561295], "timesteps_eval": [8804, 17635, 26466, 35297, 44128, 52959, 61790, 70621, 79452, 88283, 97114, 105945, 114776, 123607, 132438, 141269, 150100, 158931, 167762, 176593, 185424, 194255, 203086, 211917, 220748, 229579, 238410, 247241, 256072, 264903, 273734, 282565, 291396, 300227, 309058, 317889, 326720, 335551, 344382, 353213, 362044, 370875, 379706, 388537, 397368, 406199, 415030, 423861, 432692, 441523, 450354, 459185, 468016, 476847, 485678, 494509, 503340, 512171, 521002, 529833, 538664, 547495, 556326, 565157, 573988, 582819, 591650, 600481, 609312, 618143, 626974, 635805, 644636, 653467, 662298, 671129, 679960, 688791, 697622, 706453, 715284, 724115, 732946, 741777, 750608, 759439, 768270, 777101, 785932, 794763, 803594, 812425, 821256, 830087, 838918, 847749, 856580, 865411, 874242, 883073],