{"gamma": [0.95, 0.98, 0.99], "learning_rate": [-3, -4, -4], "returns_eval": [0.5, 0.3, 0.1, 0.7, 1.1, 0.2, 1.0, 2.0, 2.4, 6.4, 8.9, 16.2, 27.9, 29.0, 25.9, 25.3, 23.4, 39.1, 42.5, 41.8, 29.6, 36.4, 36.4, 46.6, 26.8, 42.2, 46.0, 45.1, 40.8, 37.2, 43.0, 57.2, 41.2, 50.2, 54.5, 64.0, 53.9, 58.1, 64.6, 63.2, 64.9, 68.3, 64.8, 71.5, 74.3, 74.5, 84.5, 82.7, 88.8, 81.8, 82.6, 82.6, 83.6, 91.1, 91.4, 91.2, 81.9, 95.2, 95.9, 91.1, 100.4, 89.2, 98.4, 100.9, 95.7, 91.9, 95.3, 92.3, 93.5, 102.1, 95.4, 102.4, 97.9, 97.5, 100.7, 102.2, 94.0, 97.0, 91.8, 99.1, 99.4, 92.5, 90.9, 99.7, 95.4, 98.2, 92.3, 98.5, 101.3, 95.8, 100.2, 98.3, 98.2, 95.7, 94.9, 95.1, 83.8, 91.2, 87.6, 84.0], "std_returns_eval": [1.02469507659596, 0.9000000000000001, 0.30000000000000004, 1.268857754044952, 1.9209372712298547, 0.4000000000000001, 2.6832815729997477, 2.1908902300206643, 3.006659275674582, 8.627861844049198, 6.876772498781678, 15.230233090796741, 16.00281225285106, 15.504837954651444, 14.962954253756175, 12.345444503945574, 10.190191362285598, 9.7, 19.298963702748395, 12.073110618229256, 15.951175505272332, 14.150618361046984, 12.595237195067032, 11.368377192897851, 13.422369388450015, 10.057832768544126, 15.80506248010428, 21.201179212487215, 21.27815781499893, 8.423775875461075, 12.814054783713077, 14.012851244482688, 16.767826334978544, 20.846102753272614, 12.419742348374221, 15.033296378372908, 12.77066952042844, 22.214634815814552, 14.967965793654127, 18.79255171603899, 19.557351558940695, 22.16325788326256, 16.76186147180557, 20.145719148245863, 14.946906034360422, 19.94116345652881, 15.46770829825802, 13.914381049834734, 16.375591592366977, 16.191355718407276, 12.043255373859678, 14.582180906846547, 16.150541786577936, 14.85563866011825, 23.31179958733345, 11.805083650698965, 15.53351215919954, 12.765578717786358, 8.848163651289457, 28.335313656284093, 11.385956261992227, 13.592645070036959, 7.5657121277510955, 16.33064603743526, 12.546314199795892, 15.016324450410625, 8.149233092751736, 10.03045362882457, 10.0024996875781, 10.084145972763386, 12.354756169184402, 10.827742146911332, 6.1065538563088095, 14.98165544924859, 15.881120867243595, 13.22724461102916, 9.591663046625438, 13.431306712304652, 17.127755252805315, 13.442098050527678, 6.636264009214824, 15.5, 11.962023240238251, 12.442266674525184, 7.255342858886822, 6.910861017268398, 18.346934348822423, 10.121758740456126, 6.512296062065975, 10.562196741208716, 12.163880959627974, 13.327040181525678, 15.942396306703706, 14.149558296992879, 6.024118192731613, 16.145897311701198, 23.676148335402868, 14.154857823376396, 21.10071088849852, 16.13071604114337], "timestamps_eval": [89.24062037467957, 176.37332701683044, 263.60209679603577, 351.6892228126526, 438.91306471824646, 526.2750935554504, 613.7092199325562, 701.1268610954285, 788.6246938705444, 876.1153428554535, 963.7448525428772, 1051.3176627159119, 1139.1010115146637, 1226.8490979671478, 1314.5889854431152, 1402.5257992744446, 1490.2318921089172, 1578.0214047431946, 1665.781281709671, 1753.4863455295563, 1841.2428193092346, 1928.8962440490723, 2016.5301146507263, 2104.2605793476105, 2192.022734642029, 2279.676514863968, 2367.3266327381134, 2454.943738222122, 2543.529152393341, 2631.583925008774, 2719.5096390247345, 2807.213258266449, 2894.9560861587524, 2982.6522676944733, 3070.4393362998962, 3158.1707015037537, 3246.1367361545563, 3333.9998273849487, 3421.739470243454, 3509.42587685585, 3597.198147058487, 3685.1059584617615, 3772.9705126285553, 3860.8556780815125, 3948.6794939041138, 4036.4031341075897, 4124.383505582809, 4212.350934505463, 4300.109426736832, 4387.912213802338, 4475.727691888809, 4563.553717851639, 4651.327193260193, 4739.145788192749, 4826.994973182678, 4914.831825971603, 5002.8104293346405, 5090.717146873474, 5178.661513805389, 5266.821184396744, 5354.922930955887, 5442.918293952942, 5531.109772205353, 5619.215638399124, 5707.121329545975, 5795.060730457306, 5883.000283718109, 5971.00535774231, 6059.253800868988, 6147.276209592819, 6235.514712810516, 6323.52419924736, 6411.519189119339, 6499.432834625244, 6587.261282205582, 6675.194295883179, 6763.044608592987, 6850.921389579773, 6938.770171165466, 7026.616477012634, 7114.467522382736, 7202.322213888168, 7290.394130945206, 7378.387941360474, 7466.16157078743, 7553.973898649216, 7642.22363615036, 7730.232456445694, 7818.19876742363, 7906.176629066467, 7993.927494287491, 8081.88312959671, 8169.9017198085785, 8257.724768161774, 8345.709211349487, 8433.676191568375, 8522.748306274414, 8610.88139295578, 8698.775884866714, 8786.713748455048], "timesteps_eval": [8804, 17635, 26466, 35297, 44128, 52959, 61790, 70621, 79452, 88283, 97114, 105945, 114776, 123607, 132438, 141269, 150100, 158931, 167762, 176593, 185424, 194255, 203086, 211917, 220748, 229579, 238410, 247241, 256072, 264903, 273734, 282565, 291396, 300227, 309058, 317889, 326720, 335551, 344382, 353213, 362044, 370875, 379706, 388537, 397368, 406199, 415030, 423861, 432692, 441523, 450354, 459185, 468016, 476847, 485678, 494509, 503340, 512171, 521002, 529833, 538664, 547495, 556326, 565157, 573988, 582819, 591650, 600481, 609312, 618143, 626974, 635805, 644636, 653467, 662298, 671129, 679960, 688791, 697622, 706453, 715284, 724115, 732946, 741777, 750608, 759439, 768270, 777101, 785932, 794763, 803594, 812425, 821256, 830087, 838918, 847749, 856580, 865411, 874242, 883073],