{"gamma": [0.98, 0.98, 0.98], "learning_rate": [-5, -3, -4], "returns_eval": [0.0, 0.0, 1.2, 0.5, 2.1, 4.7, 0.0, 0.1, 0.1, 14.6, 15.4, 18.2, 9.1, 8.7, 20.0, 27.4, 28.6, 22.8, 22.8, 22.8, 22.8, 22.8, 22.8, 22.8, 22.8, 25.7, 19.5, 22.6, 30.4, 31.0, 42.5, 20.3, 6.6, 5.4, 1.8, 3.3, 1.2, 3.8, 6.2, 9.4, 4.7, 4.6, 4.8, 18.8, 10.9, 22.2, 15.0, 10.9, 11.3, 8.3, 10.4, 16.1, 12.7, 16.9, 15.8, 9.9, 10.9, 9.6, 6.7, 7.6, 6.4, 7.0, 10.3, 6.6, 6.6, 12.4, 9.0, 12.8, 13.4, 14.7, 14.3, 11.5, 16.2, 21.0, 21.7, 18.4, 19.2, 29.9, 15.8, 30.3, 27.0, 28.7, 34.0, 28.7, 26.6, 27.5, 36.6, 32.7, 32.1, 34.5, 25.1, 39.4, 36.4, 47.1, 48.4, 41.7, 52.4, 49.4, 42.7, 51.2], "std_returns_eval": [0.0, 0.0, 1.32664991614216, 1.2041594578792296, 1.7578395831246947, 5.745432968889291, 0.0, 0.30000000000000004, 0.30000000000000004, 11.39473562659529, 13.972830779766856, 7.45385806143369, 5.503635162326805, 5.3113086899558, 8.809086218218097, 22.970415755923966, 6.3118935352238, 10.283968105745954, 10.283968105745954, 10.283968105745954, 10.283968105745954, 10.283968105745954, 10.283968105745954, 10.283968105745954, 10.283968105745954, 9.76780425684299, 12.322743201089601, 10.121264743103996, 22.734115333568624, 19.193748982416125, 18.916923639957954, 14.220056258679147, 6.829348431585549, 6.916646586316234, 1.0770329614269007, 4.1, 1.2489995996796797, 6.241794613730893, 7.743384273042377, 8.014985963805552, 3.1, 3.8781438859330635, 3.867815921162743, 10.166612021711067, 8.780091115700339, 12.056533498481228, 8.508818954473059, 6.007495318350236, 7.1000000000000005, 3.6345563690772495, 4.317406628984581, 6.9346953790343235, 8.509406559801922, 10.558882516630252, 12.188519188154071, 5.412023651093923, 5.664803615307418, 4.2708313008125245, 3.716180835212409, 3.6660605559646715, 3.6110940170535573, 4.516635916254486, 3.8223029707232787, 4.340506882842141, 3.903844259188627, 5.238320341483519, 2.792848008753788, 3.9698866482558417, 5.6956123463592565, 6.618912297349165, 4.605431575867782, 6.135959582656978, 7.359347797189639, 13.341664064126334, 10.13952661616902, 5.370288632839021, 7.180529228406497, 11.66576186967658, 6.584831053261731, 10.92748827498799, 13.145341380123988, 8.729833904490967, 6.6932802122726045, 6.84178339323893, 7.952358140828417, 8.73212459828649, 11.394735626595292, 9.165696918401787, 9.093404203047394, 12.10991329448729, 8.227393268830657, 11.825396399275586, 13.425349157470729, 19.22212267154697, 17.56245996436718, 12.174152947946727, 16.125755796240995, 17.001176429882726, 8.0876448982383, 20.20791923974361], "timestamps_eval": [89.36862373352051, 176.6822066307068, 263.7674698829651, 351.02023792266846, 438.1494598388672, 525.439501285553, 612.625165939331, 699.8946349620819, 787.1075830459595, 874.5204174518585, 961.8291873931885, 1049.2158722877502, 1136.4603016376495, 1223.8190200328827, 1311.0926513671875, 1398.5126638412476, 1485.8525578975677, 1573.2452902793884, 1660.724113702774, 1748.0952279567719, 1835.5223138332367, 1922.7935583591461, 2010.0947668552399, 2098.6060466766357, 2185.98442363739, 2273.9659428596497, 2361.3208906650543, 2448.7371747493744, 2536.110104560852, 2623.671660900116, 2711.269323825836, 2798.6828949451447, 2886.4150762557983, 2973.711962223053, 3061.221938610077, 3148.4590260982513, 3235.7270081043243, 3323.177519083023, 3410.7557623386383, 3498.374088048935, 3586.304646730423, 3674.0770711898804, 3761.755750656128, 3849.305119752884, 3936.848974466324, 4024.882183790207, 4114.146389245987, 4201.684252977371, 4289.119354486465, 4376.670469999313, 4464.361026763916, 4553.360788345337, 4641.007948875427, 4728.673888206482, 4816.1288776397705, 4903.622485637665, 4991.040307998657, 5078.821355104446, 5166.458945274353, 5255.118717670441, 5342.414102554321, 5430.6473734378815, 5518.148960590363, 5605.7941634655, 5693.27206659317, 5780.8354432582855, 5868.453934669495, 5956.056499004364, 6043.451192855835, 6130.981564998627, 6218.54990196228, 6305.870100975037, 6393.142851829529, 6480.440778017044, 6567.8328285217285, 6655.097585201263, 6742.505748033524, 6829.7923374176025, 6917.164742469788, 7004.77596616745, 7092.198657512665, 7179.575933218002, 7267.435191631317, 7354.873208999634, 7442.214518785477, 7529.588408946991, 7617.017991781235, 7704.531805276871, 7792.122478485107, 7879.691576242447, 7967.2967002391815, 8054.83623957634, 8142.300772190094, 8229.832665920258, 8317.438886642456, 8404.96537566185, 8492.467766046524, 8580.06931591034, 8667.572444915771, 8755.102946996689], "timesteps_eval": [8808, 17642, 26476, 35310, 44144, 52978, 61812, 70646, 79480, 88314, 97148, 105982, 114816, 123650, 132484, 141318, 150152, 158986, 167820, 176654, 185488, 194322, 203156, 211990, 220824, 229658, 238492, 247326, 256160, 264994, 273828, 282662, 291496, 300330, 309164, 317998, 326832, 335666, 344500, 353334, 362168, 371002, 379836, 388670, 397504, 406338, 415172, 424006, 432840, 441674, 450508, 459342, 468176, 477010, 485844, 494678, 503512, 512346, 521180, 530014, 538848, 547682, 556516, 565350, 574184, 583018, 591852, 600686, 609520, 618354, 627188, 636022, 644856, 653690, 662524, 671358, 680192, 689026, 697860, 706694, 715528, 724362, 733196, 742030, 750864, 759698, 768532, 777366, 786200, 795034, 803868, 812702, 821536, 830370, 839204, 848038, 856872, 865706, 874540, 883374],