{"gamma": [0.95, 0.99, 0.95], "learning_rate": [-3, -3, -5], "returns_eval": [0.5, 0.3, 0.1, 0.7, 1.1, 0.2, 1.0, 2.0, 2.4, 6.4, 8.9, 16.2, 27.9, 29.0, 25.9, 25.3, 23.4, 39.1, 42.5, 41.8, 29.6, 36.4, 36.4, 46.6, 26.8, 42.2, 46.0, 45.1, 40.8, 37.2, 44.6, 27.3, 33.8, 22.6, 18.8, 12.5, 11.0, 11.7, 10.4, 6.3, 4.5, 3.1, 2.1, 2.0, 2.3, 3.4, 3.4, 2.7, 2.9, 2.8, 2.3, 3.5, 3.5, 4.9, 3.9, 7.9, 4.2, 5.2, 1.6, 1.5, 1.3, 0.7, 1.0, 1.6, 1.8, 0.9, 1.0, 0.9, 1.5, 0.7, 1.1, 1.1, 2.0, 1.3, 1.1, 1.8, 1.2, 3.9, 4.2, 3.1, 3.6, 1.6, 3.9, 1.6, 4.0, 1.9, 1.4, 0.6, 2.5, 7.0, 4.9, 5.7, 3.9, 4.3, 4.9, 5.6, 1.7, 5.4, 6.3, 4.3], "std_returns_eval": [1.02469507659596, 0.9000000000000001, 0.30000000000000004, 1.268857754044952, 1.9209372712298547, 0.4000000000000001, 2.6832815729997477, 2.1908902300206643, 3.006659275674582, 8.627861844049198, 6.876772498781678, 15.230233090796741, 16.00281225285106, 15.504837954651444, 14.962954253756175, 12.345444503945574, 10.190191362285598, 9.7, 19.298963702748395, 12.073110618229256, 15.951175505272332, 14.150618361046984, 12.595237195067032, 11.368377192897851, 13.422369388450015, 10.057832768544126, 15.80506248010428, 21.201179212487215, 21.27815781499893, 8.423775875461075, 15.666524822052914, 10.178899744078434, 10.524257693538296, 5.219195340279955, 5.963220606350229, 6.296824596572466, 5.830951894845301, 7.184010022264724, 4.054626986542659, 4.313930922024598, 3.6124783736376886, 2.947880594596735, 1.2206555615733703, 1.7888543819998317, 2.3259406699226015, 2.0591260281974, 1.8, 1.7916472867168918, 1.8138357147217055, 1.9390719429665317, 1.5524174696260025, 1.9621416870348585, 2.29128784747792, 4.52658811910251, 3.4481879299133333, 2.9137604568666933, 3.4, 4.512205669071391, 1.6852299546352716, 0.806225774829855, 1.004987562112089, 1.004987562112089, 1.0, 1.019803902718557, 1.661324772583615, 1.5132745950421556, 1.2649110640673518, 0.8306623862918076, 1.284523257866513, 0.7810249675906655, 1.57797338380595, 1.445683229480096, 2.23606797749979, 1.4866068747318506, 1.3, 1.886796226411321, 1.2489995996796797, 4.825971404805461, 5.979966555090422, 3.9102429592034307, 4.521061822182927, 2.5377155080899043, 3.477067730142742, 2.3323807579381204, 3.687817782917155, 2.5079872407968904, 1.2806248474865698, 0.9165151389911681, 4.006245124802026, 8.473488065725943, 8.443340571124677, 5.916924876994806, 5.974110812497538, 5.197114584074513, 6.549045732013177, 8.089499366462674, 2.72213151776324, 7.459222479588607, 10.450358845513392, 4.450842616853577], "timestamps_eval": [91.15901207923889, 179.23049187660217, 267.48436427116394, 355.026802778244, 443.03323793411255, 530.9925653934479, 619.085369348526, 707.4407775402069, 796.0718309879303, 884.6062476634979, 972.8623542785645, 1061.4257385730743, 1150.884997844696, 1239.6588900089264, 1328.5785150527954, 1416.5347783565521, 1504.6769800186157, 1592.6948690414429, 1680.7750406265259, 1769.2823479175568, 1857.1956150531769, 1945.2151749134064, 2033.1686508655548, 2121.4230647087097, 2209.664425611496, 2297.930649995804, 2386.2723894119263, 2474.816257238388, 2563.2441396713257, 2652.251477241516, 2740.6648898124695, 2828.870658159256, 2917.2476918697357, 3005.8719992637634, 3094.7681720256805, 3183.4017746448517, 3271.4375872612, 3359.9434814453125, 3450.4167487621307, 3538.84969997406, 3627.3310973644257, 3716.6102182865143, 3805.2972605228424, 3893.4153442382812, 3981.5236780643463, 4070.63148522377, 4158.979225873947, 4248.068269968033, 4336.467945814133, 4425.525018215179, 4514.055965423584, 4603.047039985657, 4691.336544275284, 4779.718418836594, 4868.878973722458, 4957.744379520416, 5045.876907587051, 5133.939789056778, 5222.4729862213135, 5311.124500989914, 5400.691333055496, 5488.9972631931305, 5577.791037321091, 5666.186496734619, 5754.531897068024, 5843.848989486694, 5932.573693752289, 6020.808895587921, 6109.912817955017, 6198.193734169006, 6287.174125909805, 6376.311195611954, 6465.179131269455, 6554.861415863037, 6643.797217607498, 6732.517291069031, 6821.482808113098, 6909.896107196808, 6998.737071275711, 7087.702837944031, 7176.16327548027, 7264.784422159195, 7353.614733695984, 7442.0424172878265, 7531.068911075592, 7619.387056589127, 7707.747809171677, 7796.958721876144, 7885.371258974075, 7974.138378381729, 8062.439239501953, 8151.7089302539825, 8240.296944856644, 8329.399903297424, 8418.344756603241, 8507.868512630463, 8596.52480006218, 8684.94612288475, 8773.092512130737, 8861.311537742615], "timesteps_eval": [8804, 17635, 26466, 35297, 44128, 52959, 61790, 70621, 79452, 88283, 97114, 105945, 114776, 123607, 132438, 141269, 150100, 158931, 167762, 176593, 185424, 194255, 203086, 211917, 220748, 229579, 238410, 247241, 256072, 264903, 273734, 282565, 291396, 300227, 309058, 317889, 326720, 335551, 344382, 353213, 362044, 370875, 379706, 388537, 397368, 406199, 415030, 423861, 432692, 441523, 450354, 459185, 468016, 476847, 485678, 494509, 503340, 512171, 521002, 529833, 538664, 547495, 556326, 565157, 573988, 582819, 591650, 600481, 609312, 618143, 626974, 635805, 644636, 653467, 662298, 671129, 679960, 688791, 697622, 706453, 715284, 724115, 732946, 741777, 750608, 759439, 768270, 777101, 785932, 794763, 803594, 812425, 821256, 830087, 838918, 847749, 856580, 865411, 874242, 883073],