{"gamma": [0.98, 0.99, 0.99], "learning_rate": [-4, -3, -5], "returns_eval": [0.1, 0.0, 0.0, 0.0, 0.0, 0.0, 0.0, 0.0, 0.4, 0.0, 1.1, 0.8, 0.6, 1.1, 7.5, 4.9, 7.7, 9.4, 13.9, 14.6, 22.2, 38.5, 45.1, 39.0, 61.1, 67.9, 79.4, 69.9, 82.3, 76.9, 75.1, 71.6, 76.8, 54.2, 62.9, 63.5, 58.8, 59.7, 52.1, 52.8, 34.1, 32.2, 21.1, 22.2, 23.9, 19.4, 20.0, 11.6, 11.3, 10.5, 14.5, 9.5, 7.3, 7.6, 3.1, 0.5, 2.8, 4.3, 4.2, 6.2, 7.6, 6.1, 8.0, 3.6, 8.1, 6.9, 10.5, 10.8, 12.1, 24.5, 17.9, 11.9, 12.2, 20.7, 22.3, 16.6, 24.8, 30.0, 17.3, 23.4, 27.4, 36.4, 42.9, 33.3, 42.7, 30.5, 41.9, 38.2, 62.6, 34.6, 38.2, 51.3, 50.2, 40.3, 63.6, 47.7, 58.8, 54.1, 65.5, 52.1], "std_returns_eval": [0.30000000000000004, 0.0, 0.0, 0.0, 0.0, 0.0, 0.0, 0.0, 1.2000000000000002, 0.0, 2.9816103031751147, 1.7776388834631178, 0.66332495807108, 2.022374841615669, 7.88986691902975, 5.107837115648853, 4.473253849269009, 7.445804187594515, 6.518435395092905, 13.492219980418346, 12.391932859727735, 13.850992744204294, 21.33752562974442, 9.143303560529969, 21.759825366946306, 18.4143965418365, 13.95850994913139, 17.346181135915767, 9.381364506296512, 14.088647912415158, 16.949631264425786, 18.43474979488466, 16.4851448279959, 14.695577566057075, 13.3, 18.194779471046083, 16.054905792311583, 13.616534067081828, 16.183015788165072, 20.836506425022407, 12.453513560437472, 13.78259772321604, 7.313685801290619, 7.586830695356264, 3.986226285598949, 3.9547439866570375, 11.515207336387824, 3.1368774282716245, 5.080354318352215, 2.3345235059857505, 5.748912940721924, 3.556683848755748, 2.72213151776324, 4.2, 5.223983154643591, 1.5, 8.4, 7.225648759800049, 8.084553172563094, 7.909487973314077, 10.101485039339513, 6.774215821775979, 11.018166816671457, 5.571355310873647, 10.06429331846007, 8.2516664983505, 11.926860441876563, 10.215674231297706, 12.13630915888352, 12.862736878285274, 15.28037957643723, 10.539924098398432, 12.375782803523986, 15.843295111813074, 14.635914730552374, 7.512655988397178, 8.6, 23.332380932943813, 12.264175471673585, 10.537551897855593, 10.9288608738514, 22.974768769239006, 17.907819521091895, 14.825990692024597, 19.819434906172276, 15.40941270782245, 18.603494295427407, 26.114363863590476, 22.348154286204487, 9.38296328459192, 10.067770358922575, 23.130283180281214, 23.919866220361687, 15.053571004914415, 23.90899412355108, 20.885641000457706, 28.484381685407882, 16.92010638264429, 23.001086930838724, 16.884608375677537], "timestamps_eval": [89.70192408561707, 177.61371278762817, 265.7298991680145, 353.50134229660034, 441.44153332710266, 529.4645025730133, 617.5885288715363, 705.5737068653107, 793.6855676174164, 881.8038249015808, 970.0185551643372, 1058.0997304916382, 1146.2567946910858, 1234.6420321464539, 1323.0079278945923, 1411.4315350055695, 1499.8056321144104, 1588.1994986534119, 1676.5918922424316, 1764.997686624527, 1853.7855956554413, 1942.6232159137726, 2031.2663595676422, 2119.9400804042816, 2208.479625940323, 2297.123865842819, 2385.7292952537537, 2474.550589799881, 2563.2734472751617, 2651.847454071045, 2741.537576675415, 2830.1925892829895, 2918.8814735412598, 3007.5368359088898, 3096.068617105484, 3184.9313352108, 3273.5476083755493, 3362.8382852077484, 3451.4222490787506, 3539.9206733703613, 3628.2808425426483, 3716.6787991523743, 3805.2837669849396, 3893.781631708145, 3982.4372062683105, 4071.3923976421356, 4159.95076918602, 4248.609850645065, 4337.1526844501495, 4425.317072629929, 4513.405755996704, 4601.543902635574, 4689.926961660385, 4778.168686389923, 4866.779438495636, 4955.079712867737, 5043.335301160812, 5131.379900455475, 5219.456176280975, 5307.673931121826, 5395.916191339493, 5484.085574388504, 5572.566691875458, 5660.610659360886, 5748.793022155762, 5836.83371424675, 5924.9534521102905, 6013.150366306305, 6101.654951334, 6190.171490430832, 6278.310985803604, 6366.50732755661, 6454.670381784439, 6542.837771654129, 6631.386089086533, 6719.889799833298, 6808.096214056015, 6896.250099182129, 6984.46791601181, 7072.85236954689, 7161.378392457962, 7249.727445602417, 7338.102843761444, 7426.423530340195, 7514.850275278091, 7603.605933666229, 7692.024928331375, 7780.515256166458, 7869.079562902451, 7957.487666845322, 8046.25802063942, 8134.859490156174, 8223.618253231049, 8312.08427453041, 8400.899591684341, 8489.732539653778, 8578.30590558052, 8666.930748701096, 8755.450856208801, 8844.14292383194], "timesteps_eval": [8808, 17642, 26476, 35310, 44144, 52978, 61812, 70646, 79480, 88314, 97148, 105982, 114816, 123650, 132484, 141318, 150152, 158986, 167820, 176654, 185488, 194322, 203156, 211990, 220824, 229658, 238492, 247326, 256160, 264994, 273828, 282662, 291496, 300330, 309164, 317998, 326832, 335666, 344500, 353334, 362168, 371002, 379836, 388670, 397504, 406338, 415172, 424006, 432840, 441674, 450508, 459342, 468176, 477010, 485844, 494678, 503512, 512346, 521180, 530014, 538848, 547682, 556516, 565350, 574184, 583018, 591852, 600686, 609520, 618354, 627188, 636022, 644856, 653690, 662524, 671358, 680192, 689026, 697860, 706694, 715528, 724362, 733196, 742030, 750864, 759698, 768532, 777366, 786200, 795034, 803868, 812702, 821536, 830370, 839204, 848038, 856872, 865706, 874540, 883374],