{"gamma": 0.8, "learning_rate": -3, "clip": 0.4, "returns_eval": [0.0, 0.7, 0.2, 0.4, 0.7, 5.1, 8.4, 19.5, 26.5, 46.4, 46.6, 41.8, 46.7, 57.4, 76.9, 70.2, 44.9, 63.5, 75.3, 74.7, 72.6, 87.5, 68.2, 68.6, 74.8, 74.8, 78.6, 83.1, 76.2, 76.1, 71.0, 97.5, 91.6, 100.5, 104.3, 97.5, 91.3, 95.9, 85.5, 87.9, 95.8, 96.9, 104.0, 112.0, 100.8, 113.0, 104.7, 116.3, 114.4, 115.0, 121.0, 125.0, 116.6, 104.0, 112.2, 113.3, 114.9, 102.2, 110.0, 111.9, 106.6, 105.0, 102.7, 125.2, 111.0, 112.7, 101.4, 101.2, 106.3, 116.6, 114.6, 105.4, 121.1, 123.3, 116.4, 126.9, 112.4, 122.5, 118.8, 121.4, 127.2, 127.0, 140.5, 135.0, 134.1, 135.9, 127.8, 128.0, 133.5, 132.2, 144.6, 128.8, 124.0, 130.4, 133.5, 151.4, 133.3, 131.5, 139.4, 136.7], "std_returns_eval": [0.0, 1.7916472867168918, 0.6000000000000001, 0.66332495807108, 1.1874342087037917, 5.223983154643591, 7.735631842325487, 13.6106575888162, 10.39471019317037, 18.863721796082555, 20.065891457894416, 15.587174214718972, 21.656638705025305, 22.450835173774717, 22.941011311622688, 25.38030732674449, 18.624983221468952, 25.683652388241047, 24.568475736194948, 15.773712308775002, 25.718475849085614, 24.800201612083722, 22.444598459317557, 22.495332849282313, 27.447404248853843, 22.175662335091594, 24.034142381204287, 19.351744107444166, 23.78570999570961, 27.042374156127643, 18.281137820168635, 16.451443705644802, 22.93992153430347, 14.023195071024292, 22.360903380677627, 20.74728897952694, 21.69354742774911, 15.902515524281057, 25.326863208853954, 28.069378332980587, 24.198347050986765, 15.889933920567449, 13.784048752090222, 14.38054240979804, 16.827358675680504, 13.461054936371072, 26.892564027998517, 9.869650449737316, 20.04594722132132, 18.963122105813696, 16.3707055437449, 21.32135080148535, 12.90891165048394, 25.34561105990542, 16.16044553841261, 29.570424413592715, 28.96014502726117, 16.375591592366977, 17.504285189632853, 17.207265907168402, 20.43624231604235, 17.88295277631745, 25.310274593532167, 10.380751417888785, 13.475904422338413, 14.346079603849967, 27.052541470257466, 21.79357703544785, 24.91605907843373, 15.16047492659778, 23.135254483147577, 22.050850323740352, 12.747156545677157, 24.891966575584178, 13.395521639712282, 24.02685996962566, 8.224354077980836, 24.471411892246838, 15.17761509592334, 10.403845442911962, 9.239047569960878, 14.791889669680478, 19.54098257509074, 17.538529014715003, 20.235859260234044, 17.654744404833504, 11.77115117564973, 16.1245154965971, 16.602710622064098, 10.264501936285072, 21.54158768521949, 18.76592656918384, 19.76866206904251, 17.012936254509388, 16.384443841644426, 19.64281038955475, 18.22114156687226, 17.17701953192113, 22.204504047602597, 15.665567337316578], "timestamps_eval": [88.6317617893219, 174.69748950004578, 260.08085322380066, 345.45343923568726, 430.9400384426117, 516.4893689155579, 602.2233376502991, 687.9999780654907, 773.8999276161194, 859.5964453220367, 945.2495951652527, 1030.8997659683228, 1116.6295528411865, 1202.3897619247437, 1288.241944551468, 1373.8619244098663, 1459.6948835849762, 1545.5997695922852, 1631.4356806278229, 1717.1375029087067, 1802.856293439865, 1888.5784120559692, 1974.3345098495483, 2060.109545946121, 2145.937155485153, 2231.838000535965, 2317.5902807712555, 2403.3677129745483, 2489.2363953590393, 2575.0052378177643, 2660.75279045105, 2746.5983657836914, 2832.3990342617035, 2918.1573672294617, 3003.9581170082092, 3089.762885570526, 3175.4486451148987, 3261.2133271694183, 3346.961094856262, 3432.6103086471558, 3518.350322008133, 3604.137847185135, 3689.999326467514, 3775.764363050461, 3861.576539993286, 3947.3186802864075, 4033.0674645900726, 4119.551108121872, 4205.293196678162, 4291.115406751633, 4376.7727563381195, 4462.629240036011, 4548.350857019424, 4634.014709711075, 4719.796793460846, 4805.740884780884, 4891.576568365097, 4977.6756546497345, 5063.7189157009125, 5149.746893167496, 5236.003821134567, 5321.9891629219055, 5408.235149383545, 5494.105900287628, 5579.946966409683, 5666.318819999695, 5752.339816093445, 5838.478766679764, 5924.512682676315, 6010.579653739929, 6096.500237941742, 6182.505630016327, 6268.459117650986, 6354.350368261337, 6440.257042884827, 6526.220904350281, 6612.162331819534, 6698.088733434677, 6784.098094463348, 6870.146670341492, 6956.3295929431915, 7042.270003557205, 7128.247318506241, 7214.189354896545, 7300.171845912933, 7386.094987869263, 7472.002477169037, 7557.919134140015, 7643.82225227356, 7729.766026973724, 7815.589087486267, 7901.413631916046, 7987.219970941544, 8074.061684131622, 8160.057334184647, 8245.961493730545, 8331.928060770035, 8417.792160749435, 8503.612556934357, 8589.46970129013], "timesteps_eval": [8808, 17642, 26476, 35310, 44144, 52978, 61812, 70646, 79480, 88314, 97148, 105982, 114816, 123650, 132484, 141318, 150152, 158986, 167820, 176654, 185488, 194322, 203156, 211990, 220824, 229658, 238492, 247326, 256160, 264994, 273828, 282662, 291496, 300330, 309164, 317998, 326832, 335666, 344500, 353334, 362168, 371002, 379836, 388670, 397504, 406338, 415172, 424006, 432840, 441674, 450508, 459342, 468176, 477010, 485844, 494678, 503512, 512346, 521180, 530014, 538848, 547682, 556516, 565350, 574184, 583018, 591852, 600686, 609520, 618354, 627188, 636022, 644856, 653690, 662524, 671358, 680192, 689026, 697860, 706694, 715528, 724362, 733196, 742030, 750864, 759698, 768532, 777366, 786200, 795034, 803868, 812702, 821536, 830370, 839204, 848038, 857310, 866144, 874978, 883812],