{"gamma": [0.99, 0.99, 0.95], "learning_rate": [-5, -4, -3], "returns_eval": [5.8, 5.3, 0.0, 0.0, 2.2, 8.4, 8.9, 20.2, 15.9, 13.8, 13.8, 16.2, 13.8, 20.6, 20.6, 13.8, 20.2, 16.9, 13.8, 30.5, 30.5, 30.5, 30.5, 30.5, 30.5, 30.5, 30.5, 30.5, 30.5, 30.5, 30.5, 30.5, 32.2, 25.2, 30.6, 45.9, 73.3, 77.0, 91.5, 107.4, 107.8, 114.8, 115.5, 109.9, 119.6, 120.3, 119.4, 127.2, 126.0, 145.1, 144.8, 167.7, 147.7, 169.5, 183.2, 161.8, 161.0, 190.1, 167.8, 178.2, 175.2, 44.4, 15.3, 18.4, 8.4, 11.4, 13.8, 14.5, 29.0, 35.4, 27.0, 22.2, 38.2, 37.2, 42.3, 53.4, 63.8, 55.8, 72.4, 52.1, 50.7, 48.6, 56.8, 56.6, 51.5, 37.9, 37.8, 44.5, 48.2, 38.8, 41.6, 38.8, 31.0, 40.4, 43.9, 34.8, 22.0, 21.6, 32.6, 25.9], "std_returns_eval": [6.241794613730893, 4.859012245302537, 0.0, 0.0, 4.166533331199932, 6.945502141674135, 7.119691004531025, 11.142710621747296, 8.466994744299774, 6.896375859826668, 6.896375859826668, 11.115754585272203, 6.896375859826668, 9.728309205612248, 9.728309205612248, 6.896375859826668, 13.325164164091937, 9.761659694949419, 6.896375859826668, 23.55525419094432, 23.55525419094432, 23.55525419094432, 23.55525419094432, 23.55525419094432, 23.55525419094432, 23.55525419094432, 23.55525419094432, 23.55525419094432, 23.55525419094432, 23.55525419094432, 23.55525419094432, 23.55525419094432, 23.62964240101826, 17.6, 16.49969696691427, 20.520477577288496, 26.1, 21.386911885543455, 19.14810695604137, 31.784272840510287, 25.482543044209695, 13.5705563629499, 23.996874796522984, 17.739503938949365, 19.764614845728715, 14.980320423809365, 18.602150413325873, 16.809521111560557, 12.946041866145807, 20.087060511682637, 7.467261881037788, 49.39848175804596, 19.370338148829514, 57.89170925097997, 58.01344671711895, 21.507208094032105, 18.127327436773463, 64.25332676212183, 21.944475386757368, 59.309021236233534, 55.012362247044074, 17.833676009168723, 3.6345563690772495, 7.774316690230724, 6.2801273872430325, 7.964923100695952, 8.340263784797218, 8.333666660000267, 18.022208521710095, 31.187176852033268, 14.191546779685433, 8.63481325796916, 20.346006979257627, 20.073863604199367, 27.10737906917598, 18.423897524682445, 18.01554883982167, 16.94579593881621, 30.351935687860173, 23.471045992882377, 22.356430842153674, 18.48891559827131, 22.400000000000002, 20.708452380610193, 10.556988206870367, 21.12084278621476, 12.913558765886343, 14.136831328130077, 20.448960853794013, 16.454786537661317, 23.92989761783364, 21.720036832381293, 13.65283853270081, 11.217842929904126, 14.781407240178453, 10.989085494252924, 9.284395510748128, 10.3072789813801, 11.525623627379126, 7.712976079309464], "timestamps_eval": [88.97667980194092, 175.78552317619324, 262.72037386894226, 349.61813521385193, 436.74292397499084, 523.9104499816895, 611.4054930210114, 698.6246843338013, 785.854326248169, 873.0766746997833, 960.1248433589935, 1047.1292057037354, 1134.1833715438843, 1221.1434671878815, 1308.2388324737549, 1395.2399861812592, 1482.3233239650726, 1569.311865568161, 1656.3326213359833, 1743.3697712421417, 1830.5817546844482, 1917.79572057724, 2004.9485235214233, 2092.0630202293396, 2179.110424757004, 2266.221760749817, 2353.3466880321503, 2440.8199982643127, 2527.9046432971954, 2614.909588098526, 2702.0719451904297, 2789.314066171646, 2876.488781452179, 2963.6229014396667, 3050.756597518921, 3137.805285215378, 3225.0897250175476, 3313.338371038437, 3400.6757345199585, 3487.7736740112305, 3574.9742999076843, 3662.1169555187225, 3749.2975182533264, 3836.59850025177, 3923.737937927246, 4010.957675933838, 4098.0629205703735, 4185.18496632576, 4272.309537649155, 4359.6141657829285, 4446.890116453171, 4548.096237421036, 4635.32231760025, 4736.666971921921, 4837.9006197452545, 4925.110957860947, 5012.4219880104065, 5113.814747810364, 5201.224560260773, 5302.710909843445, 5404.1353595256805, 5491.663916349411, 5579.190616130829, 5666.3997921943665, 5753.593513011932, 5841.036805152893, 5928.346417188644, 6015.5616998672485, 6103.229934930801, 6190.832888841629, 6278.426783084869, 6365.885397434235, 6453.297766685486, 6540.704775810242, 6628.171214342117, 6715.644181251526, 6803.042107820511, 6890.5613396167755, 6978.011804819107, 7065.354539632797, 7152.697134256363, 7241.063122034073, 7328.24294757843, 7415.3932774066925, 7502.569150209427, 7589.937999486923, 7677.479273557663, 7764.924905538559, 7852.407639980316, 7939.800488233566, 8027.061639785767, 8114.381526470184, 8201.678958177567, 8288.946049451828, 8376.16781926155, 8463.389009475708, 8550.590599298477, 8637.785574436188, 8724.888407230377, 8811.967762708664], "timesteps_eval": [8804, 17635, 26466, 35297, 44128, 52959, 61790, 70621, 79452, 88283, 97114, 105945, 114776, 123607, 132438, 141269, 150100, 158931, 167762, 176593, 185424, 194255, 203086, 211917, 220748, 229579, 238410, 247241, 256072, 264903, 273734, 282565, 291396, 300227, 309058, 317889, 326720, 335551, 344382, 353213, 362044, 370875, 379706, 388537, 397368, 406199, 415030, 423861, 432692, 441523, 450354, 459185, 468016, 476847, 485678, 494509, 503340, 512171, 521002, 529833, 538664, 547495, 556326, 565157, 573988, 582819, 591650, 600481, 609312, 618143, 626974, 635805, 644636, 653467, 662298, 671129, 679960, 688791, 697622, 706453, 715284, 724115, 732946, 741777, 750608, 759439, 768270, 777101, 785932, 794763, 803594, 812425, 821256, 830087, 838918, 847749, 856580, 865411, 874242, 883073],