{"gamma": [0.99, 0.98, 0.95], "learning_rate": [-3, -5, -3], "returns_eval": [0.4, 0.0, 0.0, 0.0, 0.1, 0.0, 1.5, 0.5, 1.5, 0.2, 0.9, 2.0, 1.6, 3.3, 4.8, 1.6, 3.7, 6.0, 9.2, 10.2, 7.1, 9.7, 11.1, 12.9, 6.4, 6.1, 9.4, 7.6, 11.0, 7.8, 5.4, 6.4, 7.7, 7.5, 8.6, 9.5, 11.1, 8.3, 11.8, 15.1, 20.9, 18.7, 16.1, 12.9, 19.9, 21.5, 21.3, 23.9, 23.8, 31.1, 27.2, 32.0, 25.1, 40.8, 42.1, 37.0, 39.4, 46.1, 40.8, 60.1, 38.6, 29.3, 28.1, 29.1, 29.8, 34.3, 20.0, 17.7, 11.3, 7.4, 7.4, 7.4, 4.1, 5.0, 6.9, 3.4, 6.5, 5.2, 2.9, 4.0, 3.9, 1.4, 3.9, 4.8, 5.2, 3.1, 3.1, 3.6, 3.6, 4.0, 4.9, 5.4, 3.5, 4.0, 4.4, 4.2, 4.3, 4.9, 5.7, 6.9], "std_returns_eval": [0.9165151389911681, 0.0, 0.0, 0.0, 0.30000000000000004, 0.0, 3.2015621187164243, 1.02469507659596, 1.857417562100671, 0.4000000000000001, 2.118962010041709, 3.794733192202055, 3.2619012860600183, 3.4942810419312296, 5.81033561853358, 2.0591260281974, 2.451530134426253, 5.440588203494177, 3.682390527904394, 10.759182125050211, 6.410148204214938, 6.664082832618454, 6.456779382943171, 7.555792479945436, 5.257375771237966, 5.52177507691141, 8.627861844049198, 5.3516352641038605, 8.62554346113913, 4.237924020083418, 3.5832945734337835, 3.411744421846396, 5.586591089385369, 4.801041553663121, 5.8, 6.48459713474939, 6.378871373526825, 3.6891733491393435, 8.829496021857645, 9.396275858019495, 14.895972610071489, 6.738694235532579, 7.51598296964542, 6.876772498781678, 11.076551810017412, 11.800423721205947, 8.556284240252891, 12.778497564267875, 6.2257529665093525, 20.515603817582363, 14.770240350109406, 17.52141546793523, 12.226610323388899, 16.666133324799727, 26.7112335918804, 20.961870145576228, 15.18025032731674, 20.84442371474923, 18.153787483607932, 24.492651959312205, 17.44820907715173, 10.555093557141026, 12.934063553268942, 17.455371666051683, 11.813551540497887, 10.602358228243375, 12.280065146407, 13.520724832641186, 5.916924876994806, 6.726068688320094, 4.103656905736638, 6.069596362197408, 3.2388269481403293, 5.796550698475776, 3.505709628591621, 1.8, 6.2809234989768825, 5.1536394906900505, 4.27668095606862, 1.7888543819998317, 2.6248809496813372, 1.4966629547095764, 3.6180105030251086, 2.85657137141714, 4.261455150532504, 1.374772708486752, 2.4269322199023193, 2.0099751242241783, 2.615339366124404, 2.1908902300206643, 1.3, 2.870540018881465, 2.202271554554524, 1.8973665961010275, 2.1540659228538015, 1.6613247725836149, 2.325940669922601, 1.9209372712298547, 1.9000000000000001, 2.7], "timestamps_eval": [91.79919457435608, 179.32686185836792, 267.1805987358093, 355.26731276512146, 443.1149842739105, 530.9565017223358, 618.9081757068634, 706.9451687335968, 794.8648836612701, 882.9208352565765, 970.8265881538391, 1059.714055776596, 1147.7692637443542, 1236.2194230556488, 1324.3190851211548, 1412.4236562252045, 1500.6864063739777, 1589.1247568130493, 1677.3343205451965, 1765.65243268013, 1853.9844331741333, 1942.238335609436, 2030.2881727218628, 2118.342976331711, 2206.4939494132996, 2294.706377029419, 2382.9771876335144, 2471.1696286201477, 2559.345923423767, 2647.4834291934967, 2735.565132856369, 2823.758359670639, 2911.9015502929688, 3000.089255809784, 3088.1533744335175, 3176.630949497223, 3264.8924498558044, 3353.3731808662415, 3441.321606874466, 3529.4302926063538, 3617.512535095215, 3705.6223764419556, 3793.656332015991, 3882.015938282013, 3970.068388938904, 4058.35036444664, 4146.559984445572, 4234.790052175522, 4322.831559896469, 4410.829167366028, 4498.790343999863, 4586.916112661362, 4675.058548927307, 4763.218637466431, 4851.1677260398865, 4939.239580631256, 5027.085942268372, 5115.118469715118, 5203.0675411224365, 5291.152818202972, 5379.2320601940155, 5467.325226068497, 5555.30352139473, 5643.5433921813965, 5731.643824338913, 5819.702365875244, 5907.825377702713, 5995.808718919754, 6083.610326766968, 6171.711305379868, 6259.549995183945, 6347.448616743088, 6435.5372195243835, 6523.5079782009125, 6613.9669024944305, 6701.77639746666, 6789.525126695633, 6877.374117136002, 6965.126111268997, 7052.961784601212, 7140.762150764465, 7228.764952659607, 7316.4394409656525, 7404.228706121445, 7491.842360496521, 7579.755758523941, 7667.635429620743, 7755.407976865768, 7843.076502084732, 7930.967399120331, 8018.726242780685, 8106.711313009262, 8194.839962482452, 8282.660800457, 8370.358945846558, 8458.237679481506, 8546.042950868607, 8633.890691518784, 8721.651312828064, 8809.444046497345], "timesteps_eval": [8804, 17635, 26466, 35297, 44128, 52959, 61790, 70621, 79452, 88283, 97114, 105945, 114776, 123607, 132438, 141269, 150100, 158931, 167762, 176593, 185424, 194255, 203086, 211917, 220748, 229579, 238410, 247241, 256072, 264903, 273734, 282565, 291396, 300227, 309058, 317889, 326720, 335551, 344382, 353213, 362044, 370875, 379706, 388537, 397368, 406199, 415030, 423861, 432692, 441523, 450354, 459185, 468016, 476847, 485678, 494509, 503340, 512171, 521002, 529833, 538664, 547495, 556326, 565157, 573988, 582819, 591650, 600481, 609312, 618143, 626974, 635805, 644636, 653467, 662298, 671129, 679960, 688791, 697622, 706453, 715284, 724115, 732946, 741777, 750608, 759439, 768270, 777101, 785932, 794763, 803594, 812425, 821256, 830087, 838918, 847749, 856580, 865411, 874242, 883073],