{"gamma": [0.99, 0.95, 0.98], "learning_rate": [-3, -5, -4], "returns_eval": [0.1, 0.4, 0.1, 0.0, 0.0, 0.0, 0.3, 0.1, 0.1, 0.2, 0.8, 0.2, 1.3, 0.6, 1.2, 3.3, 0.1, 0.5, 1.4, 1.0, 2.7, 2.9, 2.3, 2.4, 2.0, 2.6, 2.0, 2.8, 6.8, 4.4, 5.9, 6.4, 5.6, 9.1, 9.2, 14.6, 10.9, 14.1, 16.6, 22.0, 19.1, 19.6, 24.6, 26.6, 24.0, 34.0, 34.1, 29.9, 36.2, 42.6, 34.6, 34.7, 39.5, 43.4, 45.4, 36.8, 37.8, 45.1, 42.4, 53.0, 56.6, 50.1, 51.9, 50.5, 46.6, 49.4, 55.6, 47.7, 63.9, 53.8, 52.2, 56.6, 58.9, 53.7, 66.3, 57.2, 51.9, 60.9, 60.0, 67.4, 60.9, 53.7, 63.0, 70.3, 57.9, 65.0, 67.3, 70.9, 76.1, 70.0, 79.2, 77.3, 59.3, 70.6, 70.1, 72.5, 77.7, 70.4, 72.4, 68.1], "std_returns_eval": [0.30000000000000004, 1.2000000000000002, 0.30000000000000004, 0.0, 0.0, 0.0, 0.9000000000000001, 0.30000000000000004, 0.30000000000000004, 0.4000000000000001, 1.077032961426901, 0.4000000000000001, 3.257299494980466, 1.0198039027185568, 1.5999999999999999, 6.649060083951715, 0.30000000000000004, 0.806225774829855, 1.9595917942265424, 1.5491933384829668, 2.9342801502242417, 2.9137604568666933, 2.193171219946131, 2.244994432064365, 1.5491933384829668, 2.154065922853802, 2.0, 2.08806130178211, 4.578209256903839, 4.24735211631906, 3.5902646142032486, 6.069596362197407, 5.043808085167397, 7.7259303646874775, 5.7236352085016735, 7.158212067269312, 5.3188344587888805, 6.3, 10.9288608738514, 11.532562594670797, 11.51911454930456, 12.411285187280164, 11.697863052711808, 7.3647810558087885, 13.046072205840346, 10.449880382090505, 14.432255540974877, 10.765221781273251, 7.249827584156743, 17.338973441354593, 13.61763562443936, 14.114177269681715, 15.318289721767245, 17.743731287415283, 19.990997974088238, 10.703270528207721, 9.119210492142399, 18.354563465252994, 11.262326580240869, 12.814054783713077, 20.504633622671733, 11.953660527219267, 21.097156206465364, 15.428869044748549, 11.056219968868204, 13.972830779766854, 22.348154286204487, 17.515992692394, 18.917980864775185, 10.768472500777444, 14.864723340849636, 14.284257068535277, 11.148542505637229, 12.066896867049126, 20.20420748260124, 19.182283492848292, 17.739503938949362, 13.412307780542466, 17.274258305351346, 9.871170143402454, 18.201373574541016, 12.190570126126177, 20.00999750124922, 20.755962998618013, 13.041855696180663, 18.601075237738275, 20.760780332155147, 12.32436610945975, 16.071403174583107, 12.00833044182246, 22.30156945149825, 18.450203250912985, 18.910579049833455, 24.04662138430262, 21.379663234017507, 19.29378138157474, 22.280260321638973, 23.499787233079367, 19.340113753543434, 20.56915165970634], "timestamps_eval": [89.21092128753662, 176.43449354171753, 263.64496088027954, 350.97317337989807, 438.0720338821411, 525.590930223465, 612.7508404254913, 700.2913320064545, 787.6988599300385, 875.0886175632477, 962.5298368930817, 1050.1643695831299, 1137.675986289978, 1225.2662646770477, 1312.8734393119812, 1400.7359385490417, 1488.4106097221375, 1576.004870891571, 1663.6154689788818, 1751.200325012207, 1838.7895274162292, 1926.4401352405548, 2013.9929628372192, 2101.52947473526, 2189.132131099701, 2276.6701748371124, 2364.2586858272552, 2451.906630039215, 2539.5139486789703, 2627.171548128128, 2714.8210694789886, 2802.4494009017944, 2890.0848965644836, 2977.7770054340363, 3065.6108582019806, 3153.2345340251923, 3240.8390457630157, 3328.585529088974, 3416.6013078689575, 3504.3164250850677, 3591.9270594120026, 3679.632025718689, 3767.337563276291, 3854.977469444275, 3942.6949672698975, 4030.29833817482, 4117.894255638123, 4205.424635410309, 4293.166198968887, 4380.8046317100525, 4468.436300754547, 4556.032057762146, 4643.707045078278, 4731.3962569236755, 4820.210376262665, 4907.943802833557, 4995.694318771362, 5083.468946695328, 5171.097309827805, 5258.828560352325, 5346.601131916046, 5434.426156759262, 5522.119611024857, 5609.87909245491, 5697.540630817413, 5785.253468036652, 5872.884734392166, 5960.720739126205, 6048.468599557877, 6136.194913864136, 6223.962383985519, 6311.6661558151245, 6399.366314649582, 6487.348096847534, 6575.095425128937, 6662.938478469849, 6750.676229476929, 6838.50733089447, 6926.35981965065, 7014.255943059921, 7102.075168132782, 7190.718433856964, 7278.797367572784, 7367.012118577957, 7455.278369903564, 7543.35386633873, 7631.628495693207, 7720.010082483292, 7808.924209594727, 7897.358974695206, 7986.1093282699585, 8074.21489906311, 8162.83505487442, 8250.866567850113, 8339.098450899124, 8427.340629816055, 8515.830250501633, 8603.724083185196, 8691.944612503052, 8780.598767280579], "timesteps_eval": [8808, 17642, 26476, 35310, 44144, 52978, 61812, 70646, 79480, 88314, 97148, 105982, 114816, 123650, 132484, 141318, 150152, 158986, 167820, 176654, 185488, 194322, 203156, 211990, 220824, 229658, 238492, 247326, 256160, 264994, 273828, 282662, 291496, 300330, 309164, 317998, 326832, 335666, 344500, 353334, 362168, 371002, 379836, 388670, 397504, 406338, 415172, 424006, 432840, 441674, 450508, 459342, 468176, 477010, 485844, 494678, 503512, 512346, 521180, 530014, 538848, 547682, 556516, 565350, 574184, 583018, 591852, 600686, 609520, 618354, 627188, 636022, 644856, 653690, 662524, 671358, 680192, 689026, 697860, 706694, 715528, 724362, 733196, 742030, 750864, 759698, 768532, 777366, 786200, 795034, 803868, 812702, 821536, 830370, 839204, 848038, 856872, 865706, 874540, 883374],