{"gamma": 0.9, "learning_rate": -5, "clip": 0.4, "returns_eval": [0.0, 0.0, 1.5, 2.0, 1.4, 3.1, 0.1, 1.5, 29.9, 31.5, 31.5, 31.5, 31.5, 31.5, 31.5, 31.5, 31.5, 31.5, 31.5, 31.5, 31.5, 31.5, 31.5, 31.5, 31.5, 31.5, 31.5, 31.5, 31.5, 31.5, 31.5, 31.5, 31.5, 31.5, 31.5, 31.5, 31.5, 31.5, 31.5, 31.5, 31.5, 31.5, 31.5, 31.5, 31.5, 31.5, 31.5, 31.5, 31.5, 31.5, 31.5, 31.5, 31.5, 31.5, 31.5, 31.5, 31.5, 31.5, 31.5, 31.5, 31.5, 31.5, 31.5, 31.5, 31.5, 31.5, 31.5, 31.5, 31.5, 31.5, 31.5, 31.5, 31.5, 31.5, 31.5, 31.5, 31.5, 31.5, 24.1, 31.5, 31.5, 31.5, 31.5, 31.5, 31.5, 31.5, 31.5, 31.5, 31.5, 31.5, 31.5, 31.5, 31.5, 31.5, 31.5, 31.5, 31.5, 31.5, 31.5, 31.5], "std_returns_eval": [0.0, 0.0, 3.383784863137726, 4.09878030638384, 2.835489375751565, 8.653900854527974, 0.30000000000000004, 3.383784863137726, 21.05920226409348, 23.64000846023537, 23.64000846023537, 23.64000846023537, 23.64000846023537, 23.64000846023537, 23.64000846023537, 23.64000846023537, 23.64000846023537, 23.64000846023537, 23.64000846023537, 23.64000846023537, 23.64000846023537, 23.64000846023537, 23.64000846023537, 23.64000846023537, 23.64000846023537, 23.64000846023537, 23.64000846023537, 23.64000846023537, 23.64000846023537, 23.64000846023537, 23.64000846023537, 23.64000846023537, 23.64000846023537, 23.64000846023537, 23.64000846023537, 23.64000846023537, 23.64000846023537, 23.64000846023537, 23.64000846023537, 23.64000846023537, 23.64000846023537, 23.64000846023537, 23.64000846023537, 23.64000846023537, 23.64000846023537, 23.64000846023537, 23.64000846023537, 23.64000846023537, 23.64000846023537, 23.64000846023537, 23.64000846023537, 23.64000846023537, 23.64000846023537, 23.64000846023537, 23.64000846023537, 23.64000846023537, 23.64000846023537, 23.64000846023537, 23.64000846023537, 23.64000846023537, 23.64000846023537, 23.64000846023537, 23.64000846023537, 23.64000846023537, 23.64000846023537, 23.64000846023537, 23.64000846023537, 23.64000846023537, 23.64000846023537, 23.64000846023537, 23.64000846023537, 23.64000846023537, 23.64000846023537, 23.64000846023537, 23.64000846023537, 23.64000846023537, 23.64000846023537, 23.64000846023537, 13.945967159003352, 23.64000846023537, 23.64000846023537, 23.64000846023537, 23.64000846023537, 23.64000846023537, 23.64000846023537, 23.64000846023537, 23.64000846023537, 23.64000846023537, 23.64000846023537, 23.64000846023537, 23.64000846023537, 23.64000846023537, 23.64000846023537, 23.64000846023537, 23.64000846023537, 23.64000846023537, 23.64000846023537, 23.64000846023537, 23.64000846023537, 23.64000846023537], "timestamps_eval": [87.98128032684326, 173.6900224685669, 259.2313916683197, 344.9423496723175, 430.67379117012024, 516.3486733436584, 602.141074180603, 687.8824553489685, 773.6023755073547, 859.3447287082672, 945.2484982013702, 1030.9218690395355, 1116.6616220474243, 1202.3978202342987, 1288.0487847328186, 1373.9599809646606, 1459.6327397823334, 1545.4999570846558, 1631.384619474411, 1717.3390572071075, 1803.3901765346527, 1889.3100147247314, 1975.1111109256744, 2060.9885728359222, 2146.766326904297, 2232.5724880695343, 2318.5068168640137, 2404.2118957042694, 2489.9826378822327, 2575.831876516342, 2661.725922346115, 2747.6998188495636, 2833.382436275482, 2919.231381416321, 3005.0353393554688, 3090.7726073265076, 3176.649190187454, 3262.389404296875, 3348.166306257248, 3434.0984313488007, 3519.890394926071, 3605.8581948280334, 3691.709862470627, 3777.523260831833, 3863.295958042145, 3949.163777112961, 4035.0197129249573, 4120.9532561302185, 4207.491470336914, 4293.257559537888, 4378.985297203064, 4464.984483242035, 4550.7345316410065, 4636.563014745712, 4722.356489658356, 4808.2341067790985, 4894.5318648815155, 4980.419363737106, 5066.307295560837, 5152.107204198837, 5237.921466350555, 5323.718427658081, 5409.474096536636, 5495.350104093552, 5581.163818120956, 5666.939680337906, 5752.728858470917, 5838.616111755371, 5924.553035259247, 6010.310145139694, 6096.123342990875, 6181.92262005806, 6267.729747533798, 6353.5271871089935, 6439.47829580307, 6525.180648803711, 6611.09148645401, 6696.899150133133, 6782.732516050339, 6868.624040842056, 6954.587643146515, 7040.382008314133, 7126.1688141822815, 7212.033413410187, 7297.888921260834, 7383.586048603058, 7469.301607608795, 7555.003944396973, 7641.019234657288, 7726.81639456749, 7812.643231391907, 7898.47978925705, 7984.34762430191, 8070.269230604172, 8156.0588092803955, 8241.883763551712, 8327.732918739319, 8413.45598745346, 8499.197766780853, 8584.92921590805], "timesteps_eval": [8805, 17638, 26471, 35304, 44137, 52970, 61803, 70636, 79469, 88302, 97135, 105968, 114801, 123634, 132467, 141300, 150133, 158966, 167799, 176632, 185465, 194298, 203131, 211964, 220797, 229630, 238463, 247296, 256129, 264962, 273795, 282628, 291461, 300294, 309127, 317960, 326793, 335626, 344459, 353292, 362125, 370958, 379791, 388624, 397457, 406290, 415123, 423956, 432789, 441622, 450455, 459288, 468121, 476954, 485787, 494620, 503453, 512286, 521119, 529952, 538785, 547618, 556451, 565284, 574117, 582950, 591783, 600616, 609449, 618282, 627115, 635948, 644781, 653614, 662447, 671280, 680113, 688946, 697779, 706612, 715445, 724278, 733111, 741944, 750777, 759610, 768443, 777276, 786109, 794942, 803775, 812608, 821441, 830274, 839107, 847940, 856773, 865606, 874439, 883272],