{"gamma": [0.99, 0.95, 0.99], "learning_rate": [-3, -4, -3], "returns_eval": [0.4, 0.0, 0.0, 0.0, 0.1, 0.0, 1.5, 0.5, 1.5, 0.2, 0.9, 2.0, 1.6, 3.3, 4.8, 1.6, 3.7, 6.0, 9.2, 10.2, 7.1, 9.7, 11.1, 12.9, 6.4, 6.1, 9.4, 7.6, 11.0, 7.8, 7.8, 4.4, 10.5, 7.5, 10.0, 13.3, 10.1, 18.0, 14.8, 20.3, 26.4, 23.5, 25.7, 41.4, 34.9, 43.3, 43.8, 41.5, 43.3, 50.7, 50.3, 53.6, 53.3, 55.6, 61.0, 66.1, 60.5, 63.5, 72.6, 70.9, 48.9, 26.8, 14.4, 6.7, 3.8, 2.0, 0.9, 0.0, 0.5, 1.2, 0.7, 1.0, 0.6, 0.3, 0.5, 0.4, 0.4, 1.1, 2.8, 1.5, 4.1, 3.6, 4.0, 2.3, 4.0, 4.8, 4.7, 5.3, 2.5, 5.5, 4.0, 4.2, 4.0, 4.2, 5.2, 3.3, 6.5, 5.9, 7.0, 5.9], "std_returns_eval": [0.9165151389911681, 0.0, 0.0, 0.0, 0.30000000000000004, 0.0, 3.2015621187164243, 1.02469507659596, 1.857417562100671, 0.4000000000000001, 2.118962010041709, 3.794733192202055, 3.2619012860600183, 3.4942810419312296, 5.81033561853358, 2.0591260281974, 2.451530134426253, 5.440588203494177, 3.682390527904394, 10.759182125050211, 6.410148204214938, 6.664082832618454, 6.456779382943171, 7.555792479945436, 5.257375771237966, 5.52177507691141, 8.627861844049198, 5.3516352641038605, 8.62554346113913, 4.237924020083418, 7.12460525222275, 3.006659275674582, 4.318564576337836, 8.114801291467339, 7.0710678118654755, 7.82368199762746, 5.300000000000001, 8.209750300709517, 7.858753081755401, 10.854031509075325, 12.955307792561317, 12.018735374406077, 6.603786792439623, 17.70423678106458, 14.152384958020328, 19.662400667263395, 14.3234074158351, 11.89327541092024, 11.67946916601949, 27.2288449993752, 16.95906837063876, 20.4215572373901, 21.19929244102265, 26.131207396521116, 24.39672109116305, 23.661994844053194, 10.259142264341596, 12.893796958227627, 21.643474767236427, 22.34479805234319, 21.814903162746333, 12.081390648431166, 12.043255373859678, 9.381364506296512, 4.621688003316537, 2.449489742783178, 1.3, 0.0, 0.9219544457292888, 1.2489995996796797, 0.7810249675906655, 1.3416407864998738, 0.8, 0.6403124237432849, 1.2041594578792296, 0.8000000000000002, 0.66332495807108, 0.9433981132056605, 3.7094473981982814, 1.284523257866513, 4.3920382511995495, 3.9293765408777004, 2.3664319132398464, 1.676305461424021, 2.8284271247461903, 1.6613247725836149, 1.4866068747318506, 3.63455636907725, 2.9410882339705484, 3.5, 3.714835124201342, 1.5362291495737217, 2.4899799195977463, 3.249615361854384, 3.1874754901018454, 2.193171219946131, 3.0413812651491097, 2.7367864366808017, 2.0, 2.662705391138869], "timestamps_eval": [88.86032676696777, 175.69072461128235, 262.6469738483429, 349.6908450126648, 436.8671820163727, 523.8473761081696, 611.648472070694, 698.9059762954712, 786.1762318611145, 873.4612262248993, 960.8687942028046, 1048.1348214149475, 1135.5459072589874, 1223.0877277851105, 1310.5592663288116, 1398.0978291034698, 1485.8161442279816, 1573.374005317688, 1660.9384417533875, 1748.486227273941, 1836.0627009868622, 1923.542180776596, 2011.1052522659302, 2098.5593740940094, 2186.0534093379974, 2273.618996620178, 2361.065726995468, 2448.6009488105774, 2536.0445148944855, 2623.5036537647247, 2711.659874200821, 2799.1973123550415, 2886.764335870743, 2974.216914176941, 3061.836321115494, 3149.5009927749634, 3237.0906150341034, 3324.957535982132, 3412.4892451763153, 3500.1057891845703, 3587.691023349762, 3675.3117246627808, 3764.397460460663, 3852.0349214076996, 3939.654720067978, 4027.3581120967865, 4115.11375784874, 4202.74839091301, 4290.611421585083, 4378.3062970638275, 4466.048575401306, 4553.857144117355, 4641.612448692322, 4729.26769900322, 4816.967193603516, 4904.561814546585, 4992.146724939346, 5079.880359172821, 5167.555501699448, 5255.191281080246, 5343.28977227211, 5430.899011850357, 5518.602806806564, 5606.235255241394, 5693.820743560791, 5781.418108224869, 5868.907777070999, 5956.519579648972, 6044.15487575531, 6131.666330814362, 6219.375765323639, 6306.957485675812, 6394.509695529938, 6482.171313524246, 6569.817811489105, 6657.482739210129, 6745.434854507446, 6833.056913137436, 6920.669954061508, 7008.357002735138, 7096.035070180893, 7183.6994795799255, 7271.372914552689, 7359.1161251068115, 7446.812441587448, 7534.520036697388, 7622.185817480087, 7710.281622171402, 7797.794796705246, 7885.2691831588745, 7972.891753911972, 8060.429431438446, 8147.947334289551, 8236.294674873352, 8323.872560501099, 8411.45697927475, 8499.833874464035, 8587.339031934738, 8674.874156713486, 8762.333018541336], "timesteps_eval": [8804, 17635, 26466, 35297, 44128, 52959, 61790, 70621, 79452, 88283, 97114, 105945, 114776, 123607, 132438, 141269, 150100, 158931, 167762, 176593, 185424, 194255, 203086, 211917, 220748, 229579, 238410, 247241, 256072, 264903, 273734, 282565, 291396, 300227, 309058, 317889, 326720, 335551, 344382, 353213, 362044, 370875, 379706, 388537, 397368, 406199, 415030, 423861, 432692, 441523, 450354, 459185, 468016, 476847, 485678, 494509, 503340, 512171, 521002, 529833, 538664, 547495, 556326, 565157, 573988, 582819, 591650, 600481, 609312, 618143, 626974, 635805, 644636, 653467, 662298, 671129, 679960, 688791, 697622, 706453, 715284, 724115, 732946, 741777, 750608, 759439, 768270, 777101, 785932, 794763, 803594, 812425, 821256, 830087, 838918, 847749, 856580, 865411, 874242, 883073],