{"gamma": [0.98, 0.95, 0.95], "learning_rate": [-3, -3, -3], "returns_eval": [1.3, 0.2, 0.1, 1.4, 0.7, 1.1, 1.2, 2.7, 5.7, 7.6, 4.6, 6.9, 6.9, 14.0, 12.9, 12.1, 18.8, 19.7, 20.3, 22.6, 14.1, 23.7, 31.0, 18.7, 15.0, 23.9, 17.1, 13.3, 12.8, 7.9, 8.6, 12.4, 11.9, 8.8, 10.0, 15.0, 13.5, 20.4, 16.2, 24.3, 28.2, 15.1, 15.1, 14.1, 12.1, 13.8, 13.0, 16.3, 13.0, 16.2, 15.4, 14.6, 7.7, 9.2, 11.1, 14.7, 15.4, 19.9, 11.1, 9.0, 7.3, 5.8, 3.0, 3.9, 3.0, 4.4, 4.9, 4.2, 4.7, 4.3, 3.4, 1.8, 4.2, 4.5, 2.9, 4.9, 6.4, 5.6, 6.0, 5.9, 5.4, 7.9, 8.8, 7.3, 6.7, 6.9, 7.0, 9.3, 7.0, 9.7, 12.3, 10.3, 9.8, 13.4, 9.8, 10.9, 8.9, 12.5, 11.2, 16.9], "std_returns_eval": [1.8466185312619388, 0.4000000000000001, 0.30000000000000004, 3.2310988842807022, 1.4866068747318504, 1.5132745950421556, 1.5362291495737217, 3.0016662039607267, 5.197114584074513, 5.219195340279955, 3.52703841770968, 6.284106937345991, 6.876772498781678, 8.012490249604053, 11.894956914591999, 6.7889616289974715, 13.302631318652711, 10.714942836991712, 13.791664149043072, 13.741906709041508, 8.10493676718085, 10.705606008068855, 7.886697661252142, 7.389857914736926, 6.557438524302, 10.338762014864255, 8.178630692236935, 9.497894503520241, 5.5641710972974225, 5.223983154643591, 6.651315659326356, 5.589275444992849, 4.825971404805461, 4.166533331199932, 5.477225575051661, 10.459445491994305, 12.451907484397722, 8.845337754998392, 7.4806416837060175, 11.35825690852254, 7.717512552629895, 9.38562730988185, 18.201373574541016, 8.06783738061198, 8.018104514160438, 5.81033561853358, 7.113367697511496, 7.59012516365837, 6.016643582596529, 7.9849859110708525, 7.364781055808788, 5.141984052872977, 4.473253849269008, 4.093897898091744, 3.935733730830886, 8.69540108333135, 9.112628599915613, 4.784349485562275, 6.624952830020754, 4.669047011971501, 3.4655446902326914, 3.2186953878862163, 1.9493588689617927, 2.8792360097775935, 2.32379000772445, 1.7435595774162693, 3.3301651610693423, 2.039607805437114, 1.345362404707371, 1.5524174696260025, 2.416609194718914, 1.661324772583615, 2.5612496949731396, 1.3601470508735443, 1.9209372712298547, 2.5079872407968904, 1.9595917942265424, 3.9799497484264803, 2.8635642126552705, 3.1128764832546763, 1.8547236990991407, 4.52658811910251, 3.919183588453085, 5.762811813689563, 4.267317658670374, 2.6248809496813377, 4.1952353926806065, 2.9681644159311658, 5.059644256269407, 5.532630477449222, 4.859012245302537, 5.848931526355904, 5.528109984434102, 5.5533773507659285, 6.6, 3.8845849199110063, 2.8442925306655784, 7.200694410957877, 5.582114294781145, 6.759437846448475], "timestamps_eval": [89.42248368263245, 176.55644536018372, 263.74758982658386, 350.97275829315186, 438.4264543056488, 525.6460292339325, 613.1029937267303, 701.2156443595886, 788.8107812404633, 877.0636117458344, 964.7505867481232, 1052.5851879119873, 1140.14218211174, 1227.6417384147644, 1315.238555431366, 1402.9195251464844, 1490.9196615219116, 1581.2871673107147, 1669.2232763767242, 1756.8308684825897, 1844.4344453811646, 1932.1662695407867, 2019.889012336731, 2107.5023510456085, 2195.216613292694, 2284.840790748596, 2372.5026943683624, 2460.137056350708, 2547.9900295734406, 2635.684181690216, 2723.3288118839264, 2811.427428483963, 2899.308035135269, 2987.193551301956, 3075.0722925662994, 3162.8477697372437, 3250.56059551239, 3338.4946432113647, 3426.2337806224823, 3513.9726157188416, 3601.6915798187256, 3689.694566488266, 3779.2905831336975, 3866.9727811813354, 3954.576664209366, 4042.233077287674, 4129.840854644775, 4217.407443761826, 4304.923316717148, 4392.602738380432, 4480.1689376831055, 4568.087535858154, 4655.702528715134, 4743.35276389122, 4830.917039394379, 4918.562236070633, 5006.098125457764, 5093.809646606445, 5182.852661848068, 5270.532104253769, 5358.104511976242, 5445.745824575424, 5533.384603977203, 5621.25301527977, 5708.888483285904, 5797.810594558716, 5885.393615961075, 5973.013698339462, 6062.147630691528, 6149.74981045723, 6237.227564573288, 6324.931072950363, 6412.488654613495, 6500.183509588242, 6587.971847295761, 6675.503657341003, 6763.252376079559, 6850.791332960129, 6938.462118148804, 7026.038681983948, 7113.582292795181, 7201.297526836395, 7289.138030529022, 7376.760967254639, 7464.379455804825, 7552.349766492844, 7640.038655042648, 7727.651997327805, 7815.218542575836, 7902.678889274597, 7990.313621759415, 8078.134543418884, 8166.130514621735, 8253.814331054688, 8341.5710105896, 8429.565012454987, 8517.245976924896, 8604.863294839859, 8692.523589611053, 8780.16097831726], "timesteps_eval": [8804, 17635, 26466, 35297, 44128, 52959, 61790, 70621, 79452, 88283, 97114, 105945, 114776, 123607, 132438, 141269, 150100, 158931, 167762, 176593, 185424, 194255, 203086, 211917, 220748, 229579, 238410, 247241, 256072, 264903, 273734, 282565, 291396, 300227, 309058, 317889, 326720, 335551, 344382, 353213, 362044, 370875, 379706, 388537, 397368, 406199, 415030, 423861, 432692, 441523, 450354, 459185, 468016, 476847, 485678, 494509, 503340, 512171, 521002, 529833, 538664, 547495, 556326, 565157, 573988, 582819, 591650, 600481, 609312, 618143, 626974, 635805, 644636, 653467, 662298, 671129, 679960, 688791, 697622, 706453, 715284, 724115, 732946, 741777, 750608, 759439, 768270, 777101, 785932, 794763, 803594, 812425, 821256, 830087, 838918, 847749, 856580, 865411, 874242, 883073],