{"gamma": [0.98, 0.98, 0.98], "learning_rate": [-4, -3, -3], "returns_eval": [0.1, 0.0, 0.0, 0.0, 0.0, 0.0, 0.0, 0.0, 0.4, 0.0, 1.1, 0.8, 0.6, 1.1, 7.5, 4.9, 7.7, 9.4, 13.9, 14.6, 22.2, 38.5, 45.1, 39.0, 61.1, 67.9, 79.4, 69.9, 82.3, 76.9, 75.1, 88.0, 70.9, 73.4, 73.4, 80.8, 75.5, 76.7, 59.8, 72.7, 65.1, 62.8, 53.2, 38.3, 39.4, 37.6, 35.2, 42.2, 34.6, 32.9, 33.8, 30.8, 26.7, 11.1, 12.4, 12.0, 9.1, 9.0, 8.8, 8.9, 15.1, 12.6, 9.6, 9.2, 1.4, 1.2, 0.7, 0.7, 0.3, 0.2, 2.2, 0.8, 2.2, 2.1, 4.4, 2.7, 3.4, 2.8, 5.0, 3.0, 2.9, 3.8, 5.3, 5.8, 4.9, 4.8, 5.5, 5.2, 4.2, 5.0, 5.0, 4.1, 4.6, 6.8, 7.2, 6.5, 3.6, 4.5, 3.2, 4.0], "std_returns_eval": [0.30000000000000004, 0.0, 0.0, 0.0, 0.0, 0.0, 0.0, 0.0, 1.2000000000000002, 0.0, 2.9816103031751147, 1.7776388834631178, 0.66332495807108, 2.022374841615669, 7.88986691902975, 5.107837115648853, 4.473253849269009, 7.445804187594515, 6.518435395092905, 13.492219980418346, 12.391932859727735, 13.850992744204294, 21.33752562974442, 9.143303560529969, 21.759825366946306, 18.4143965418365, 13.95850994913139, 17.346181135915767, 9.381364506296512, 14.088647912415158, 16.949631264425786, 15.8871016865884, 22.831776102616285, 25.271327626383226, 21.261232325526194, 10.49571341072154, 14.827339613025663, 16.19907404761149, 12.286578042726134, 13.424231821597838, 28.023026246285394, 13.347658970770867, 23.064258063072398, 13.587126259809319, 12.475576139000555, 13.192422067232386, 8.704022058795577, 9.119210492142399, 6.529931086925803, 8.93812060782355, 6.569627082262737, 11.513470371699404, 15.41460346554526, 5.262128846769148, 5.0635955604688645, 2.9664793948382653, 3.3301651610693423, 4.427188724235731, 4.621688003316537, 5.629387178015028, 6.670082458260917, 3.1368774282716245, 7.9145435749637505, 7.0823724838503095, 1.8547236990991407, 1.3266499161421599, 0.7810249675906654, 0.6403124237432849, 0.45825756949558405, 0.4000000000000001, 3.6000000000000005, 1.4000000000000001, 3.0919249667480613, 2.8442925306655784, 6.843975452907469, 4.050925820105819, 3.261901286060018, 2.5612496949731396, 4.1952353926806065, 3.605551275463989, 2.118962010041709, 4.812483766206386, 2.1, 3.1559467676119, 3.1128764832546763, 2.3151673805580453, 3.8275318418009276, 2.7129319932501073, 2.749545416973504, 2.1908902300206643, 2.4899799195977463, 1.2206555615733703, 2.2, 4.214261501141095, 4.48998886412873, 2.539685019840059, 1.9078784028338913, 2.4186773244895647, 2.4413111231467406, 1.6733200530681511], "timestamps_eval": [89.41365361213684, 177.14888095855713, 265.0248079299927, 352.9820075035095, 440.7704327106476, 528.9936525821686, 617.2080116271973, 705.4911155700684, 793.5004584789276, 881.5188043117523, 969.5791380405426, 1057.618989944458, 1145.6781771183014, 1233.6996335983276, 1321.7866497039795, 1410.3364980220795, 1498.3360197544098, 1586.3643386363983, 1674.5886335372925, 1763.3496761322021, 1851.509285211563, 1939.6724798679352, 2028.236273765564, 2116.688256263733, 2204.379601240158, 2294.0857152938843, 2381.776120901108, 2469.500496149063, 2557.544986009598, 2645.26846075058, 2732.9414710998535, 2820.705100297928, 2908.895246744156, 2996.6326591968536, 3084.591227531433, 3173.075837612152, 3261.6139709949493, 3350.0726323127747, 3438.6627402305603, 3527.2917561531067, 3615.991977930069, 3704.8324201107025, 3793.454111099243, 3882.0493364334106, 3971.1590373516083, 4059.696471452713, 4148.173410892487, 4236.728118896484, 4325.231050252914, 4413.749594211578, 4502.158009290695, 4590.619197130203, 4678.989763736725, 4767.281334638596, 4855.741008281708, 4944.808968782425, 5033.171010494232, 5121.220511436462, 5209.294804096222, 5297.271980047226, 5385.158705234528, 5473.205518245697, 5560.973131418228, 5648.841549873352, 5736.673540830612, 5824.668466567993, 5912.926846027374, 6001.0896916389465, 6089.520451545715, 6177.450529098511, 6265.393757343292, 6353.444873571396, 6441.501531600952, 6529.711318969727, 6618.276802539825, 6706.331136226654, 6794.510426998138, 6882.701820135117, 6971.006221294403, 7059.164344787598, 7147.153642416, 7235.303403377533, 7323.365451097488, 7411.337035655975, 7499.2879550457, 7587.270421504974, 7675.185684680939, 7763.354393482208, 7851.410836935043, 7939.601031064987, 8027.616476774216, 8115.6056571006775, 8203.752008199692, 8291.688824176788, 8379.90097117424, 8468.137506008148, 8556.338793992996, 8644.669473648071, 8733.032667636871, 8821.317348718643], "timesteps_eval": [8808, 17642, 26476, 35310, 44144, 52978, 61812, 70646, 79480, 88314, 97148, 105982, 114816, 123650, 132484, 141318, 150152, 158986, 167820, 176654, 185488, 194322, 203156, 211990, 220824, 229658, 238492, 247326, 256160, 264994, 273828, 282662, 291496, 300330, 309164, 317998, 326832, 335666, 344500, 353334, 362168, 371002, 379836, 388670, 397504, 406338, 415172, 424006, 432840, 441674, 450508, 459342, 468176, 477010, 485844, 494678, 503512, 512346, 521180, 530014, 538848, 547682, 556516, 565350, 574184, 583018, 591852, 600686, 609520, 618354, 627188, 636022, 644856, 653690, 662524, 671358, 680192, 689026, 697860, 706694, 715528, 724362, 733196, 742030, 750864, 759698, 768532, 777366, 786200, 795034, 803868, 812702, 821536, 830370, 839204, 848038, 856872, 865706, 874540, 883374],