{"gamma": [0.99, 0.95, 0.99], "learning_rate": [-5, -3, -3], "returns_eval": [0.0, 0.0, 0.0, 0.0, 0.1, 12.5, 2.6, 13.3, 12.7, 32.0, 20.2, 13.6, 13.0, 13.0, 13.0, 23.9, 22.8, 22.8, 22.8, 22.8, 22.8, 22.8, 22.8, 22.8, 22.8, 22.8, 22.8, 22.8, 22.8, 22.8, 23.0, 12.6, 6.7, 4.4, 9.4, 17.8, 16.6, 21.7, 28.3, 34.5, 37.8, 56.4, 66.2, 61.3, 54.6, 67.4, 54.9, 50.9, 64.2, 48.3, 52.4, 59.5, 64.6, 54.1, 58.1, 54.5, 44.2, 44.5, 25.9, 24.0, 31.0, 10.7, 6.8, 3.8, 5.5, 3.4, 2.7, 3.5, 1.7, 2.1, 2.0, 2.9, 3.0, 2.8, 3.4, 3.3, 4.0, 3.5, 3.3, 5.4, 6.2, 4.8, 6.3, 4.8, 5.9, 5.1, 5.7, 6.1, 6.6, 6.6, 6.3, 5.8, 7.0, 6.4, 6.5, 5.4, 9.2, 6.3, 7.2, 10.6], "std_returns_eval": [0.0, 0.0, 0.0, 0.0, 0.30000000000000004, 11.603878661895772, 5.660388679233963, 12.570202862324857, 11.627983488120371, 24.07072911234722, 10.665833300778706, 9.75909831900468, 6.648308055437865, 6.648308055437865, 6.648308055437865, 8.904493247793498, 10.283968105745954, 10.283968105745954, 10.283968105745954, 10.283968105745954, 10.283968105745954, 10.283968105745954, 10.283968105745954, 10.283968105745954, 10.283968105745954, 10.283968105745954, 10.283968105745954, 10.283968105745954, 10.283968105745954, 10.283968105745954, 10.89954127475097, 8.309031231136395, 6.768308503607087, 3.8, 10.565983153497832, 10.137060717979349, 12.893409169028956, 10.198529305738155, 12.58610344785073, 10.855873986004074, 14.005713120009277, 19.45353438324255, 21.99909089030726, 13.697079980784226, 10.121264743103996, 21.795412361320444, 12.895347998406248, 21.796559361513918, 22.40446384094027, 19.76891499298836, 7.964923100695951, 20.34821859524809, 13.937001112147477, 20.14174768981083, 16.71795442032308, 20.660348496576724, 14.365235814284429, 12.955693729013511, 11.928537211242627, 7.628892449104261, 17.216271373325874, 5.23545604508337, 3.6, 3.5156791662493894, 3.4713109915419564, 3.954743986657038, 1.6155494421403511, 1.746424919657298, 1.3453624047073711, 2.0223748416156684, 1.61245154965971, 2.118962010041709, 1.7888543819998317, 1.7204650534085253, 1.8547236990991407, 1.7916472867168918, 1.5491933384829668, 2.0615528128088303, 2.3259406699226015, 2.4576411454889016, 1.9390719429665317, 2.3151673805580453, 2.7586228448267445, 2.6, 2.947880594596735, 2.3430749027719964, 3.1, 3.0805843601498726, 3.4985711369071804, 1.624807680927192, 2.1, 1.98997487421324, 1.61245154965971, 3.0724582991474434, 3.52845575287547, 3.8, 6.4, 3.848376280978771, 4.975942121849892, 2.3323807579381204], "timestamps_eval": [89.6361870765686, 176.9188356399536, 264.2244222164154, 351.3189332485199, 438.2634162902832, 525.3391642570496, 612.6162400245667, 699.7742495536804, 787.095577955246, 874.2835760116577, 961.5066850185394, 1048.7353031635284, 1135.8191759586334, 1223.017783164978, 1310.0713834762573, 1397.2960314750671, 1484.3795442581177, 1571.7832298278809, 1659.2285256385803, 1747.2846009731293, 1834.6251373291016, 1921.928320646286, 2009.5448687076569, 2097.1676659584045, 2184.6517627239227, 2271.962501525879, 2359.5302653312683, 2446.789892911911, 2533.935479402542, 2621.1108276844025, 2708.2568044662476, 2795.3272902965546, 2882.5556378364563, 2969.9414935112, 3057.2816083431244, 3144.5048611164093, 3231.7831797599792, 3319.0269482135773, 3406.1829743385315, 3493.5235199928284, 3580.7451033592224, 3668.080072402954, 3755.7423186302185, 3843.0893216133118, 3930.288538455963, 4017.531763792038, 4104.959640741348, 4192.352076053619, 4279.667140960693, 4366.99432849884, 4454.247755765915, 4541.415948152542, 4628.694616556168, 4715.926053524017, 4803.239163398743, 4890.3887503147125, 4977.864346265793, 5065.320215463638, 5152.854368448257, 5240.174939155579, 5327.479537248611, 5414.618204593658, 5501.715691804886, 5588.800783872604, 5675.852428436279, 5763.160880804062, 5850.368131875992, 5937.515650987625, 6024.749478816986, 6112.186192989349, 6199.748909235001, 6287.261556148529, 6374.593495845795, 6461.8495490550995, 6549.069952726364, 6636.322753190994, 6723.455015897751, 6810.600746154785, 6897.729897260666, 6984.99714922905, 7072.555519580841, 7160.0029973983765, 7247.463447332382, 7334.853579759598, 7422.161261558533, 7509.5480427742, 7596.928351402283, 7684.405589342117, 7772.0011785030365, 7859.534554481506, 7946.95489525795, 8034.199290037155, 8121.425954580307, 8208.53964138031, 8295.707329034805, 8382.818772554398, 8470.706852197647, 8557.984544992447, 8645.078138589859, 8732.432487010956], "timesteps_eval": [8808, 17642, 26476, 35310, 44144, 52978, 61812, 70646, 79480, 88314, 97148, 105982, 114816, 123650, 132484, 141318, 150152, 158986, 167820, 176654, 185488, 194322, 203156, 211990, 220824, 229658, 238492, 247326, 256160, 264994, 273828, 282662, 291496, 300330, 309164, 317998, 326832, 335666, 344500, 353334, 362168, 371002, 379836, 388670, 397504, 406338, 415172, 424006, 432840, 441674, 450508, 459342, 468176, 477010, 485844, 494678, 503512, 512346, 521180, 530014, 538848, 547682, 556516, 565350, 574184, 583018, 591852, 600686, 609520, 618354, 627188, 636022, 644856, 653690, 662524, 671358, 680192, 689026, 697860, 706694, 715528, 724362, 733196, 742030, 750864, 759698, 768532, 777366, 786200, 795034, 803868, 812702, 821536, 830370, 839204, 848038, 856872, 865706, 874540, 883374],