{"gamma": [0.99, 0.98, 0.95], "learning_rate": [-4, -3, -4], "returns_eval": [3.7, 0.1, 0.0, 1.7, 2.1, 2.5, 0.5, 4.6, 3.2, 7.1, 2.9, 11.1, 26.9, 37.8, 44.8, 59.3, 57.2, 68.6, 68.3, 75.6, 83.0, 100.2, 92.5, 102.5, 118.5, 117.1, 113.8, 113.7, 113.4, 109.9, 108.2, 83.8, 106.6, 89.6, 105.9, 96.8, 90.5, 102.9, 104.2, 94.2, 76.0, 82.4, 77.2, 63.5, 62.5, 54.2, 51.9, 40.4, 58.5, 46.2, 34.5, 25.1, 26.3, 26.9, 14.2, 13.0, 14.1, 15.5, 12.8, 17.6, 19.8, 16.5, 28.5, 23.1, 38.5, 43.8, 39.9, 51.0, 49.2, 57.4, 65.5, 69.4, 72.6, 76.6, 83.8, 79.6, 79.7, 82.8, 94.9, 101.8, 106.2, 103.0, 114.2, 101.1, 104.5, 106.2, 116.0, 111.0, 118.4, 108.6, 113.6, 123.7, 120.2, 112.4, 125.4, 121.9, 118.4, 122.5, 123.8, 128.8], "std_returns_eval": [5.386093203798093, 0.30000000000000004, 0.0, 4.148493702538308, 2.6248809496813372, 2.9748949561287032, 0.6708203932499369, 6.086049621881176, 3.815756805667783, 8.166394553289718, 3.3600595232822887, 11.121600604229592, 14.272000560538105, 27.38174574419973, 23.15080992103732, 16.667633305301624, 21.724640388278008, 21.597222043586996, 22.21733557382613, 16.95405556201819, 18.72431574183687, 29.828845100003452, 19.085334683992315, 27.764185563419648, 10.461835403025608, 14.542695761102891, 11.443775600735973, 15.7419820861288, 15.736581585592216, 14.969635934116766, 9.836666101886351, 11.889491158161478, 12.58729518204765, 21.886982432487127, 14.693195704134618, 15.018655066283399, 15.512897859523218, 20.83482661314944, 8.588364221433556, 17.9655225362359, 18.547236990991408, 30.903721458749917, 19.716997743064233, 19.71927990571664, 12.932517156377562, 17.0926884953772, 28.12276657798802, 16.770211686201222, 19.71420807438128, 11.830469136936202, 8.333666660000267, 5.752390807307862, 8.149233092751734, 8.607554821202129, 6.910861017268399, 8.67179335547152, 9.104394543296111, 8.64002314811714, 11.702991070662236, 11.429785649783637, 8.97552226892675, 9.573400649716902, 13.283448347473632, 12.372954376380768, 9.404786015641186, 11.391224692718515, 13.442098050527678, 14.946571513226704, 21.641626556245722, 15.66014048468276, 21.119895833076452, 21.07225664232476, 25.413382301456842, 12.563439019631527, 14.945233353815523, 21.341040274550814, 19.935144845222467, 21.724640388278004, 15.845819637999165, 11.906300852909775, 11.329607230614837, 12.953763931769021, 12.294714311442947, 16.428329190760696, 19.744619520264248, 10.759182125050211, 12.86856635371633, 10.686440005914037, 10.394229168149026, 20.185143051264216, 15.602563891873668, 15.205591076969021, 17.365483005087995, 16.983521425193306, 20.170275159253528, 15.129111011556496, 13.358143583597236, 10.27861858422619, 14.274452704044384, 12.221292893961751], "timestamps_eval": [87.46702075004578, 172.75246262550354, 257.89143896102905, 343.2060692310333, 428.83239793777466, 514.0428397655487, 599.4762418270111, 684.8318815231323, 770.229326248169, 855.9499022960663, 941.2938876152039, 1026.671220779419, 1112.0183832645416, 1197.4041075706482, 1283.502333164215, 1369.0117120742798, 1454.4930033683777, 1539.9243595600128, 1625.5487260818481, 1710.9506418704987, 1796.4471817016602, 1881.9300673007965, 1967.4547514915466, 2052.9719336032867, 2138.515812397003, 2224.1496744155884, 2309.710347175598, 2395.217918395996, 2480.8131606578827, 2566.4198472499847, 2652.01989197731, 2737.6561217308044, 2823.1578783988953, 2908.7025611400604, 2994.239042043686, 3079.832264184952, 3165.4733068943024, 3251.205824613571, 3336.8139474391937, 3422.357745409012, 3508.051709651947, 3593.731884241104, 3679.2205905914307, 3764.741153717041, 3850.3631682395935, 3935.896895170212, 4021.4601130485535, 4107.046955108643, 4192.5838940143585, 4278.051288127899, 4363.4561376571655, 4449.035819768906, 4534.507296085358, 4620.032116174698, 4705.480882644653, 4791.05455493927, 4876.547926902771, 4961.957337856293, 5047.315918684006, 5132.845498800278, 5218.6083443164825, 5304.0573353767395, 5389.618601322174, 5475.029121160507, 5560.580501317978, 5646.051832914352, 5731.6225707530975, 5817.122802495956, 5902.629267692566, 5988.061723709106, 6073.5261216163635, 6159.117179632187, 6244.6498482227325, 6330.153071165085, 6415.679668426514, 6501.219960927963, 6586.676084518433, 6672.201686143875, 6757.742857933044, 6843.274394035339, 6928.902920246124, 7014.403034687042, 7099.964779376984, 7185.475751876831, 7271.055408239365, 7356.73766541481, 7442.332590579987, 7527.885234594345, 7613.385100603104, 7698.943637371063, 7784.492952823639, 7870.139401674271, 7955.689109325409, 8041.4151175022125, 8127.016396760941, 8212.775334358215, 8298.4527323246, 8384.174080133438, 8469.8329205513, 8555.47073340416], "timesteps_eval": [8805, 17638, 26471, 35304, 44137, 52970, 61803, 70636, 79469, 88302, 97135, 105968, 114801, 123634, 132467, 141300, 150133, 158966, 167799, 176632, 185465, 194298, 203131, 211964, 220797, 229630, 238463, 247296, 256129, 264962, 273795, 282628, 291461, 300294, 309127, 317960, 326793, 335626, 344459, 353292, 362125, 370958, 379791, 388624, 397457, 406290, 415123, 423956, 432789, 441622, 450455, 459288, 468121, 476954, 485787, 494620, 503453, 512286, 521119, 529952, 538785, 547618, 556451, 565284, 574117, 582950, 591783, 600616, 609449, 618282, 627115, 635948, 644781, 653614, 662447, 671280, 680113, 688946, 697779, 706612, 715445, 724278, 733111, 741944, 750777, 759610, 768443, 777276, 786109, 794942, 803775, 812608, 821441, 830274, 839107, 847940, 856773, 865606, 874439, 883272],