{"gamma": [0.95, 0.95, 0.95], "learning_rate": [-3, -4, -3], "returns_eval": [0.1, 0.0, 0.8, 0.0, 1.4, 1.7, 1.1, 2.1, 2.6, 2.2, 12.2, 19.3, 10.2, 13.3, 38.6, 25.9, 42.5, 39.2, 50.7, 51.2, 40.2, 34.8, 29.1, 24.6, 26.9, 29.0, 27.2, 38.8, 39.0, 33.4, 36.8, 38.6, 50.1, 49.2, 44.9, 56.4, 62.1, 61.5, 65.5, 71.1, 72.8, 70.7, 82.2, 74.4, 72.2, 80.5, 89.3, 89.2, 90.3, 92.8, 98.4, 109.1, 100.9, 101.7, 104.8, 108.5, 105.4, 112.6, 104.5, 110.0, 105.7, 86.6, 66.4, 59.0, 58.9, 39.4, 35.3, 37.8, 32.9, 22.8, 23.7, 22.6, 24.7, 16.9, 21.3, 25.9, 34.2, 26.2, 18.9, 23.9, 16.0, 19.0, 21.4, 24.1, 21.8, 17.5, 16.5, 17.0, 16.1, 15.3, 16.5, 17.5, 15.8, 19.9, 26.1, 23.6, 20.1, 22.6, 20.5, 19.5], "std_returns_eval": [0.30000000000000004, 0.0, 2.4000000000000004, 0.0, 2.576819745345025, 3.2572994949804666, 1.7000000000000002, 3.3600595232822887, 3.8000000000000003, 3.370459909270544, 7.922120928135344, 14.085808461000738, 6.4156059729381765, 9.767804256842988, 14.423591785682234, 11.103603018840326, 17.7214559221301, 14.59314907756376, 13.528118864054973, 17.19767426136453, 14.323407415835103, 9.130169768410664, 12.747156545677157, 13.944174410842686, 9.170059977993601, 7.429670248402684, 8.423775875461075, 11.855800268223145, 13.62350909274112, 8.946507698538017, 10.796295661012625, 13.380582946942186, 16.458736281987143, 6.384355879804947, 12.644761761298628, 14.887578715157144, 11.827510304370909, 18.006943105369107, 18.402445489662508, 16.658031096140984, 17.78651174345324, 18.215652609774924, 19.71699774306423, 19.8, 20.444070044880984, 14.03744991086344, 16.27298374607435, 11.574109036984229, 16.32207094703365, 22.094343167426363, 20.279053232338043, 13.456968455042169, 16.336768346279506, 13.453995689013729, 10.225458424931373, 11.10180165558726, 11.377170122662314, 17.539669324134934, 20.553588494469768, 11.260550608207398, 16.492725669215503, 17.889661819050687, 24.759644585494357, 17.60681686165901, 12.621014222319854, 10.919706955774958, 10.517128885774861, 6.128621378417825, 14.895972610071489, 9.431860898041277, 9.392017887546851, 6.216108107168021, 8.832326986700616, 7.408778576796583, 8.9, 8.91571646027396, 14.1124058898545, 11.391224692718515, 9.853425800197614, 8.882004278314664, 9.465727652959385, 6.54217089351845, 5.607138307550475, 6.441273166075167, 10.57166022912201, 11.84271928232701, 9.297849213662266, 4.147288270665544, 6.363175307973213, 8.136952746575341, 8.00312438988674, 10.641898326896381, 6.321392251711643, 4.5265881191025095, 4.036087214122113, 6.2960304954788775, 6.363175307973213, 6.003332407921453, 4.201190307520001, 5.554277630799526], "timestamps_eval": [87.7289092540741, 173.18926000595093, 258.5106077194214, 344.1201055049896, 429.5572199821472, 515.1020143032074, 600.6846699714661, 686.3932530879974, 772.4631659984589, 858.2968089580536, 944.1862375736237, 1030.1222040653229, 1116.0463981628418, 1201.8538165092468, 1287.7318186759949, 1373.4601027965546, 1459.3452973365784, 1545.3292603492737, 1631.2959389686584, 1717.4118254184723, 1803.4059722423553, 1889.4322230815887, 1975.298743724823, 2061.231591463089, 2147.234391927719, 2233.0376682281494, 2319.0729496479034, 2404.854479074478, 2490.7686920166016, 2576.6352953910828, 2662.6592633724213, 2748.536430835724, 2834.541625022888, 2920.5322592258453, 3006.738210916519, 3092.959790468216, 3179.0545394420624, 3265.24804019928, 3351.214499473572, 3437.2761054039, 3523.278896331787, 3609.341621160507, 3695.649426460266, 3782.004201889038, 3868.1084411144257, 3954.3337202072144, 4040.343674659729, 4126.515134334564, 4212.546934366226, 4298.798136949539, 4384.874987363815, 4470.842033624649, 4556.9321756362915, 4643.119658470154, 4729.338507413864, 4815.459230899811, 4901.514888763428, 4987.561307668686, 5073.635840892792, 5159.661612272263, 5245.870424032211, 5331.97297000885, 5418.004796028137, 5504.10666179657, 5590.09344291687, 5676.276240825653, 5762.204840660095, 5848.194197893143, 5934.044404029846, 6020.150899648666, 6106.261337518692, 6192.185938358307, 6278.18811917305, 6364.217516899109, 6450.280609369278, 6536.136387586594, 6621.926302909851, 6707.804272413254, 6794.115234851837, 6880.145911693573, 6966.233414173126, 7052.171343803406, 7138.074618339539, 7224.034278869629, 7309.993908882141, 7396.837079048157, 7482.808304786682, 7568.573452234268, 7654.442369937897, 7740.292558193207, 7826.521304368973, 7912.313111305237, 7998.51896238327, 8084.399599313736, 8170.37925696373, 8256.285677194595, 8342.388147115707, 8428.607513189316, 8514.900628089905, 8601.107491731644], "timesteps_eval": [8805, 17638, 26471, 35304, 44137, 52970, 61803, 70636, 79469, 88302, 97135, 105968, 114801, 123634, 132467, 141300, 150133, 158966, 167799, 176632, 185465, 194298, 203131, 211964, 220797, 229630, 238463, 247296, 256129, 264962, 273795, 282628, 291461, 300294, 309127, 317960, 326793, 335626, 344459, 353292, 362125, 370958, 379791, 388624, 397457, 406290, 415123, 423956, 432789, 441622, 450455, 459288, 468121, 476954, 485787, 494620, 503453, 512286, 521119, 529952, 538785, 547618, 556451, 565284, 574117, 582950, 591783, 600616, 609449, 618282, 627115, 635948, 644781, 653614, 662447, 671280, 680113, 688946, 697779, 706612, 715445, 724278, 733111, 741944, 750777, 759610, 768443, 777276, 786109, 794942, 803775, 812608, 821441, 830274, 839107, 847940, 856773, 865606, 874439, 883272],