{"gamma": [0.99, 0.95, 0.95], "learning_rate": [-4, -4, -3], "returns_eval": [0.6, 4.1, 7.1, 15.8, 5.2, 0.7, 2.9, 1.3, 3.0, 4.8, 6.9, 4.4, 8.1, 5.7, 10.4, 18.7, 19.2, 33.5, 50.4, 57.2, 65.2, 80.2, 84.0, 80.3, 80.9, 74.9, 82.5, 107.5, 109.3, 118.8, 109.3, 124.4, 116.6, 126.5, 128.5, 134.1, 132.6, 137.9, 133.7, 137.0, 139.5, 141.7, 160.4, 147.9, 149.6, 156.8, 176.6, 164.4, 163.6, 168.6, 202.3, 179.5, 193.3, 194.4, 178.8, 176.3, 179.4, 227.4, 241.6, 182.3, 169.9, 163.5, 154.2, 165.9, 151.3, 150.4, 146.3, 140.3, 141.2, 133.4, 126.1, 116.2, 129.5, 116.6, 119.1, 114.1, 110.5, 112.9, 123.2, 117.9, 118.0, 105.1, 92.0, 84.9, 88.8, 77.4, 70.6, 48.7, 88.7, 74.9, 74.4, 49.9, 52.1, 58.8, 48.3, 31.8, 34.5, 33.1, 41.8, 47.9], "std_returns_eval": [1.4966629547095764, 4.928488612140643, 9.883825170448938, 15.54863338046145, 4.894895300208167, 0.7810249675906655, 3.176476034853718, 2.002498439450079, 3.3763886032268267, 5.015974481593781, 7.841555968046138, 4.029888335921977, 10.14347080638575, 4.920365840057018, 9.830564581955606, 12.977287852244013, 13.60735095453924, 27.100737997331365, 21.280037593951754, 29.109448637856403, 23.21120419107979, 23.54485081711073, 20.847062143141418, 21.54089134646011, 19.87687098111773, 27.555217291830598, 24.800201612083722, 18.282505298782223, 13.498518437221176, 13.151425778218876, 18.406792224611, 20.470466531078376, 11.288932633336067, 15.538661461013943, 10.141498903022176, 15.807909412695912, 18.238420984284797, 17.705648816126452, 15.684705926475, 19.621416870348583, 14.752965803525743, 11.82412787481597, 24.335981591051553, 18.811964278086432, 17.783138080777533, 21.729242968865712, 46.8277695390246, 19.44839324982915, 18.396738841435997, 17.22324011328879, 68.68486004935878, 15.717824276915684, 55.208785532739256, 58.54605025106304, 20.75475849052453, 13.89280389266328, 22.190989162270345, 76.03315066469362, 76.15930671953363, 10.060318086422516, 44.726837581031816, 20.269435117930644, 16.4304595188327, 43.57166510474439, 19.48358283273382, 15.094369811290566, 17.5331115321839, 14.6972786596703, 20.163333057805698, 12.705904139414873, 15.38473269186046, 17.741476826916074, 17.49428478103635, 14.178857499812882, 15.826875876179734, 11.80211845390479, 9.2655275079188, 22.079175709251466, 17.069270634681494, 19.20650931325107, 12.680693987317888, 17.941293152947477, 19.70786644972002, 24.78083937238608, 25.091034255287287, 32.49984615348202, 17.613631085043195, 18.8257801963159, 23.664530420018902, 14.229898102235307, 22.79561361314935, 15.089400253157844, 19.007630046904847, 20.2869416127715, 26.256618213319097, 10.73126274023705, 9.687620966986684, 10.034440691936945, 14.531345429794174, 17.609372504436383], "timestamps_eval": [89.20557713508606, 176.35649991035461, 263.5196862220764, 350.7143392562866, 438.0172309875488, 525.3702812194824, 612.7977447509766, 700.2226026058197, 787.7033407688141, 875.1460063457489, 962.4796757698059, 1049.8495078086853, 1137.2467999458313, 1224.6937754154205, 1312.156017780304, 1399.6608412265778, 1487.2578115463257, 1574.825299024582, 1662.2699790000916, 1749.7176578044891, 1837.1765739917755, 1924.7317864894867, 2012.2124495506287, 2099.758412361145, 2187.31493973732, 2274.851268053055, 2362.5540738105774, 2450.198361158371, 2537.7802340984344, 2625.406145811081, 2713.054525613785, 2800.6663002967834, 2888.3262860774994, 2975.938751220703, 3063.5083150863647, 3151.198242664337, 3238.844178915024, 3326.4558053016663, 3414.1335747241974, 3501.8163850307465, 3589.5287890434265, 3677.1675097942352, 3764.8796577453613, 3852.6840527057648, 3940.3901426792145, 4028.07471036911, 4129.982870817184, 4217.67272734642, 4305.319782495499, 4393.066764593124, 4495.051806211472, 4582.718478679657, 4684.697737455368, 4786.428072452545, 4874.2107129096985, 4961.901832580566, 5049.600317001343, 5151.509574174881, 5267.5821125507355, 5355.215533256531, 5456.935342311859, 5544.686260461807, 5632.304316282272, 5734.066590309143, 5821.682948350906, 5910.012987375259, 5997.632908821106, 6085.344461917877, 6173.096766471863, 6260.736613035202, 6349.29651093483, 6436.994777679443, 6524.639679431915, 6612.293028831482, 6699.910989046097, 6787.590357542038, 6877.5156943798065, 6965.138658046722, 7052.796023607254, 7140.442834615707, 7228.133852720261, 7315.859526395798, 7403.51704287529, 7491.209759950638, 7578.825725317001, 7666.487041711807, 7754.133633852005, 7841.801210403442, 7929.395139932632, 8017.127325534821, 8104.707086086273, 8192.39109826088, 8280.117860078812, 8367.800034284592, 8455.310400247574, 8542.906785726547, 8630.398949623108, 8718.036508083344, 8805.63839173317, 8893.254530668259], "timesteps_eval": [8804, 17635, 26466, 35297, 44128, 52959, 61790, 70621, 79452, 88283, 97114, 105945, 114776, 123607, 132438, 141269, 150100, 158931, 167762, 176593, 185424, 194255, 203086, 211917, 220748, 229579, 238410, 247241, 256072, 264903, 273734, 282565, 291396, 300227, 309058, 317889, 326720, 335551, 344382, 353213, 362044, 370875, 379706, 388537, 397368, 406199, 415030, 423861, 432692, 441964, 450795, 459626, 468457, 477288, 486119, 494950, 503781, 512612, 521443, 530274, 539105, 547936, 556767, 565598, 574429, 583260, 592091, 600922, 609753, 618584, 627415, 636246, 645077, 653908, 662739, 671570, 680401, 689232, 698063, 706894, 715725, 724556, 733387, 742218, 751049, 759880, 768711, 777542, 786373, 795204, 804035, 812866, 821697, 830528, 839359, 848190, 857021, 865852, 874683, 883514],