{"gamma": 1.0, "learning_rate": -3, "clip": 0.4, "returns_eval": [0.0, 0.0, 0.0, 0.0, 0.4, 0.5, 0.0, 0.0, 3.1, 1.7, 0.5, 0.0, 0.6, 3.6, 2.2, 1.6, 0.9, 0.6, 1.1, 0.6, 1.1, 0.2, 1.3, 1.8, 0.1, 0.4, 0.2, 1.0, 1.1, 1.0, 1.1, 0.7, 1.7, 1.1, 2.4, 3.6, 2.3, 0.6, 0.1, 0.6, 0.6, 0.8, 1.0, 0.3, 0.2, 0.1, 0.0, 0.1, 0.0, 0.0, 0.0, 0.0, 0.4, 0.4, 0.0, 0.0, 0.0, 0.0, 0.0, 0.0, 1.2, 0.0, 0.0, 0.0, 0.0, 0.0, 0.0, 0.0, 0.0, 0.0, 0.0, 0.0, 0.0, 0.0, 0.0, 0.0, 0.0, 0.0, 0.0, 0.0, 0.0, 0.0, 0.0, 0.0, 0.0, 0.0, 0.0, 0.0, 0.0, 0.0, 0.0, 0.0, 0.0, 0.0, 0.0, 0.0, 0.0, 0.0, 0.0, 0.0], "std_returns_eval": [0.0, 0.0, 0.0, 0.0, 0.66332495807108, 0.6708203932499369, 0.0, 0.0, 3.8327535793473606, 3.4073450074801643, 1.2041594578792296, 0.0, 1.2806248474865698, 6.359245238233857, 3.4292856398964497, 3.2310988842807027, 2.7, 1.4966629547095767, 1.9209372712298547, 1.0198039027185568, 1.9209372712298547, 0.6000000000000001, 1.4866068747318506, 2.749545416973504, 0.30000000000000004, 0.9165151389911681, 0.4000000000000001, 1.3416407864998738, 1.2206555615733703, 1.8439088914585775, 1.445683229480096, 0.7810249675906655, 1.7916472867168916, 0.8306623862918074, 3.352610922848042, 2.537715508089904, 1.7349351572897471, 0.9165151389911679, 0.30000000000000004, 1.0198039027185568, 0.66332495807108, 0.8717797887081348, 1.6733200530681511, 0.45825756949558405, 0.6000000000000001, 0.30000000000000004, 0.0, 0.30000000000000004, 0.0, 0.0, 0.0, 0.0, 1.2000000000000002, 0.66332495807108, 0.0, 0.0, 0.0, 0.0, 0.0, 0.0, 3.6000000000000005, 0.0, 0.0, 0.0, 0.0, 0.0, 0.0, 0.0, 0.0, 0.0, 0.0, 0.0, 0.0, 0.0, 0.0, 0.0, 0.0, 0.0, 0.0, 0.0, 0.0, 0.0, 0.0, 0.0, 0.0, 0.0, 0.0, 0.0, 0.0, 0.0, 0.0, 0.0, 0.0, 0.0, 0.0, 0.0, 0.0, 0.0, 0.0, 0.0], "timestamps_eval": [88.1689624786377, 174.16440081596375, 260.13958835601807, 346.1939446926117, 432.3216087818146, 518.5251808166504, 604.7376353740692, 690.7714002132416, 777.0997047424316, 863.3636553287506, 949.5194535255432, 1035.6059656143188, 1121.7723727226257, 1207.794905424118, 1294.1079981327057, 1380.3900587558746, 1466.5796291828156, 1552.701860666275, 1638.8004133701324, 1724.7441842556, 1810.7982640266418, 1896.821384191513, 1982.8349633216858, 2068.7517635822296, 2154.8167593479156, 2240.862517595291, 2326.877696275711, 2412.848082304001, 2498.891018152237, 2584.958735704422, 2670.9523088932037, 2757.168479681015, 2843.31813287735, 2929.3579692840576, 3015.4802536964417, 3101.494884490967, 3187.2653753757477, 3273.1913738250732, 3358.9856901168823, 3445.026347398758, 3530.821881055832, 3616.749490261078, 3702.5772354602814, 3788.3956038951874, 3874.3765709400177, 3960.9617459774017, 4046.8966915607452, 4132.74281001091, 4218.452872276306, 4304.200403213501, 4389.970706939697, 4476.605764627457, 4563.019409656525, 4649.000488996506, 4734.991028308868, 4821.4397695064545, 4907.411002159119, 4993.988214015961, 5080.123771905899, 5166.458252429962, 5252.877906322479, 5338.928054332733, 5425.20815372467, 5511.571613788605, 5597.6988780498505, 5683.773944377899, 5770.129804611206, 5856.038567066193, 5942.089266777039, 6028.4223392009735, 6114.407109737396, 6200.220236778259, 6285.975746393204, 6371.851876735687, 6457.441114902496, 6543.162759065628, 6628.920513868332, 6714.637006759644, 6800.319098711014, 6886.265029668808, 6972.052828073502, 7057.830293893814, 7143.66166639328, 7229.41393828392, 7315.240423440933, 7401.448426246643, 7487.459167718887, 7573.566905736923, 7659.861288309097, 7746.032558917999, 7832.3556661605835, 7918.494593143463, 8004.2861087322235, 8090.673836231232, 8176.3181483745575, 8262.223354816437, 8348.063994407654, 8433.674504756927, 8519.247641563416, 8605.447032690048], "timesteps_eval": [8808, 17642, 26476, 35310, 44144, 52978, 61812, 70646, 79480, 88314, 97148, 105982, 114816, 123650, 132484, 141318, 150152, 158986, 167820, 176654, 185488, 194322, 203156, 211990, 220824, 229658, 238492, 247326, 256160, 264994, 273828, 282662, 291496, 300330, 309164, 317998, 326832, 335666, 344500, 353334, 362168, 371002, 379836, 388670, 397504, 406338, 415172, 424006, 432840, 441674, 450508, 459342, 468176, 477010, 485844, 494678, 503512, 512346, 521180, 530014, 538848, 547682, 556516, 565350, 574184, 583018, 591852, 600686, 609520, 618354, 627188, 636022, 644856, 653690, 662524, 671358, 680192, 689026, 697860, 706694, 715528, 724362, 733196, 742030, 750864, 759698, 768532, 777366, 786200, 795034, 803868, 812702, 821536, 830370, 839204, 848038, 856872, 865706, 874540, 883374],