{"gamma": [0.98, 0.99, 0.95], "learning_rate": [-5, -4, -4], "returns_eval": [0.0, 0.0, 1.2, 0.5, 2.1, 4.7, 0.0, 0.1, 0.1, 14.6, 15.4, 18.2, 9.1, 8.7, 20.0, 27.4, 28.6, 22.8, 22.8, 22.8, 22.8, 22.8, 22.8, 22.8, 22.8, 25.7, 19.5, 22.6, 30.4, 31.0, 60.3, 61.8, 57.3, 54.8, 80.3, 63.2, 61.1, 97.5, 90.0, 99.8, 96.7, 95.1, 93.2, 97.5, 111.0, 115.9, 119.3, 111.9, 106.4, 112.8, 116.3, 123.6, 134.7, 134.2, 128.4, 147.7, 141.5, 141.2, 128.1, 145.3, 162.4, 151.1, 159.3, 165.9, 189.8, 173.9, 167.0, 187.6, 224.3, 186.0, 229.3, 203.8, 225.6, 202.4, 264.0, 205.9, 322.0, 324.1, 301.1, 359.0, 345.5, 333.8, 356.5, 297.2, 346.4, 263.5, 352.8, 343.1, 372.0, 378.5, 333.3, 367.8, 369.0, 319.6, 363.8, 340.2, 323.2, 401.6, 394.9, 351.4], "std_returns_eval": [0.0, 0.0, 1.32664991614216, 1.2041594578792296, 1.7578395831246947, 5.745432968889291, 0.0, 0.30000000000000004, 0.30000000000000004, 11.39473562659529, 13.972830779766856, 7.45385806143369, 5.503635162326805, 5.3113086899558, 8.809086218218097, 22.970415755923966, 6.3118935352238, 10.283968105745954, 10.283968105745954, 10.283968105745954, 10.283968105745954, 10.283968105745954, 10.283968105745954, 10.283968105745954, 10.283968105745954, 9.76780425684299, 12.322743201089601, 10.121264743103996, 22.734115333568624, 19.193748982416125, 31.815247916682967, 23.094588110637524, 27.29487131312401, 17.37124060048677, 26.5971803016786, 26.308933843848557, 29.874571126628748, 22.06920931977401, 20.079840636817814, 12.245815611873306, 21.647401691658054, 16.201543136380558, 26.828343221302354, 25.21606630701942, 18.867962264113206, 20.36884876471913, 19.068560512005096, 11.361778029868388, 10.725670142233538, 15.99874995116806, 14.683664392786971, 26.004614975038564, 23.987705184114635, 23.077261535979524, 16.00124995117569, 41.17292799886839, 24.597764126033894, 18.513778652668396, 13.397387805090961, 21.038298410280238, 38.11351466343664, 17.569575976670578, 14.220056258679149, 53.19671042461179, 85.94509875496101, 51.19267525730611, 13.1224997618594, 64.84782186010568, 81.47275618266514, 52.66687763670826, 99.35798911008617, 74.2102418807539, 91.54474315874177, 54.01148026114448, 121.01156969480232, 82.60199755453858, 102.12247548899312, 100.73772878122675, 100.66523729669542, 90.98791128496136, 84.54259281569261, 84.64726811894168, 89.28745712584718, 109.32776408579845, 93.59187998966576, 110.2354298762426, 89.0750245579534, 83.67012609049898, 64.79197481170026, 44.070965498840614, 96.87626128211183, 96.11950894589506, 95.10625636623492, 111.79821107692197, 63.4315378971691, 86.15311950243009, 113.84357689391176, 41.804784415183875, 78.72286834205167, 83.73673029202897], "timestamps_eval": [90.20051860809326, 178.16505694389343, 266.1489939689636, 354.13587951660156, 442.27395033836365, 530.6353216171265, 618.8619244098663, 707.1021635532379, 795.221798658371, 883.5579259395599, 971.9968371391296, 1060.5146825313568, 1149.0561854839325, 1237.5310208797455, 1326.0770223140717, 1414.672119140625, 1503.356149673462, 1591.9075469970703, 1680.54962682724, 1769.2233006954193, 1857.7554318904877, 1946.3192110061646, 2034.8372242450714, 2124.1659772396088, 2212.688034772873, 2301.3262038230896, 2390.581725358963, 2479.1348440647125, 2568.527831554413, 2657.2105424404144, 2745.891319990158, 2834.4979498386383, 2923.038165330887, 3012.2373073101044, 3100.8510658740997, 3189.389741897583, 3278.0377094745636, 3366.677459001541, 3455.2351262569427, 3543.8033831119537, 3632.293557167053, 3720.948070526123, 3809.5829722881317, 3897.9076342582703, 3986.0825979709625, 4074.1716651916504, 4162.463383436203, 4250.706949234009, 4338.799955129623, 4426.721005439758, 4514.647956371307, 4602.791383743286, 4690.772547960281, 4778.916413784027, 4867.02357673645, 4969.684604167938, 5057.806577920914, 5145.975241661072, 5234.106617689133, 5322.382040262222, 5424.863657712936, 5513.038008928299, 5601.3804314136505, 5704.227846860886, 5806.901829481125, 5909.027672767639, 5997.4020454883575, 6099.838893651962, 6202.481970071793, 6304.772077798843, 6407.46183013916, 6510.259816408157, 6613.004504919052, 6715.6531727313995, 6833.051102399826, 6935.955034971237, 7053.3593735694885, 7171.00719332695, 7288.396538734436, 7406.012991189957, 7523.772528171539, 7641.212935686111, 7758.522369861603, 7876.603515863419, 7994.1778173446655, 8111.506094932556, 8229.589453935623, 8347.36264705658, 8465.450581550598, 8583.812894105911, 8701.58427786827, 8819.266282081604, 8937.69725060463, 9055.348432779312, 9173.350229740143, 9291.387825012207, 9408.55798625946, 9526.415658950806, 9644.542710065842, 9762.330766916275], "timesteps_eval": [8808, 17642, 26476, 35310, 44144, 52978, 61812, 70646, 79480, 88314, 97148, 105982, 114816, 123650, 132484, 141318, 150152, 158986, 167820, 176654, 185488, 194322, 203156, 211990, 220824, 229658, 238492, 247326, 256160, 264994, 273828, 282662, 291496, 300330, 309164, 317998, 326832, 335666, 344500, 353334, 362168, 371002, 379836, 388670, 397504, 406338, 415172, 424006, 432840, 441674, 450508, 459342, 468176, 477010, 485844, 494678, 503512, 512346, 521180, 530014, 538848, 547682, 556516, 565350, 574184, 583018, 591852, 600686, 609520, 618796, 627630, 636464, 645298, 654571, 663405, 672678, 682394, 692109, 701822, 713294, 723230, 731766, 742666, 752298, 764435, 772605, 781580, 793411, 804452, 814808, 825116, 836450, 847630, 856386, 864857, 875913, 884375, 894978, 906018, 913899],