{"gamma": [0.95, 0.95, 0.95], "learning_rate": [-5, -5, -4], "returns_eval": [0.0, 0.0, 0.1, 0.0, 0.0, 0.1, 7.6, 0.8, 19.4, 3.5, 18.5, 27.3, 18.7, 18.7, 18.7, 18.7, 16.5, 14.2, 18.5, 22.8, 22.8, 22.8, 22.8, 22.8, 22.6, 32.7, 33.7, 37.2, 43.6, 65.1, 56.7, 56.6, 68.1, 65.7, 58.1, 63.4, 85.7, 72.1, 75.0, 84.3, 92.1, 85.6, 92.3, 88.8, 89.9, 89.9, 101.7, 105.4, 105.9, 96.6, 108.6, 104.3, 108.0, 97.8, 99.8, 94.2, 117.2, 113.7, 111.5, 114.2, 111.6, 113.9, 117.5, 129.3, 118.0, 138.6, 130.2, 125.9, 137.5, 139.5, 151.2, 161.9, 157.0, 171.9, 216.1, 214.6, 228.0, 236.9, 251.6, 241.4, 302.7, 288.7, 299.4, 266.0, 280.6, 301.6, 280.1, 366.1, 362.9, 330.4, 408.9, 361.9, 313.3, 394.0, 407.3, 375.6, 399.0, 303.6, 379.4, 362.6], "std_returns_eval": [0.0, 0.0, 0.30000000000000004, 0.0, 0.0, 0.30000000000000004, 8.924124606929242, 1.4000000000000001, 12.43543324536785, 3.930648801406709, 19.252272593125205, 21.559452683219952, 9.940321926376429, 9.940321926376429, 9.940321926376429, 9.940321926376429, 10.613670430157514, 7.4269778510508555, 9.82089608946149, 10.283968105745954, 10.283968105745954, 10.283968105745954, 10.283968105745954, 10.283968105745954, 10.121264743103996, 10.507616285342742, 21.06205118216172, 15.759441614473527, 12.86234815265082, 18.70534682918229, 21.954726142678258, 20.972362766269327, 27.80089926603095, 28.393837359539834, 14.355835050598763, 22.334726324716854, 30.91941137861457, 25.03377718203947, 26.283074401599215, 26.29847904347322, 27.624083695210597, 18.666547618668, 23.000217390276987, 23.87802336877992, 26.86428856307198, 19.9972498109115, 21.07154479386834, 10.248902380255165, 8.227393268830657, 21.818340908510894, 19.298704619740676, 10.237675517420934, 13.053735097664577, 15.522886329545804, 21.876014262200506, 27.84169535067863, 10.303397497913007, 15.569521508382973, 12.816005617976296, 16.4851448279959, 18.778711350888802, 13.787313008704778, 22.879029699705363, 25.7489805623446, 11.233877335986895, 19.586730201848393, 18.78190618654028, 19.102094126037596, 20.929644048573785, 18.922209173349714, 25.75189313429209, 21.318771071522864, 17.549928774784245, 11.255665240224587, 88.65827654539649, 82.18661691540782, 89.46172365878046, 87.63155824245054, 88.53948271816365, 87.32720080249909, 89.28387312387385, 86.13483615820024, 99.02949055710626, 95.01473569925878, 87.65067027695795, 97.25965247727342, 99.14378447487266, 70.89774326450737, 63.255750726712584, 97.82964785789633, 25.812593825495338, 63.608883027451434, 105.59266072980641, 36.6333181680284, 28.941492705111116, 62.30922885094953, 19.9949993748437, 79.93272171019827, 29.42176065431843, 61.472270171191816], "timestamps_eval": [89.57045865058899, 177.1999397277832, 264.68116188049316, 352.2079088687897, 439.9423043727875, 527.7844920158386, 616.2817585468292, 703.7967238426208, 791.5987343788147, 879.2149059772491, 966.7429738044739, 1054.4031953811646, 1142.151049375534, 1229.832127571106, 1317.6829540729523, 1405.402336359024, 1493.38929605484, 1581.0815975666046, 1668.912141084671, 1756.5361020565033, 1844.208514213562, 1932.191195487976, 2019.9093129634857, 2107.6750631332397, 2195.4763865470886, 2283.1126868724823, 2370.7887105941772, 2458.432980775833, 2546.1422147750854, 2633.784759759903, 2721.4774763584137, 2809.202741384506, 2896.9425387382507, 2984.8058726787567, 3072.7139234542847, 3160.5479662418365, 3248.3385214805603, 3336.0782890319824, 3423.8604114055634, 3511.625019311905, 3599.45454788208, 3687.1752133369446, 3774.9175803661346, 3863.4387254714966, 3951.196576833725, 4038.8866279125214, 4126.535179853439, 4214.5657777786255, 4302.314457893372, 4390.151296377182, 4478.068630218506, 4565.8580486774445, 4653.624538183212, 4741.479856729507, 4829.372235536575, 4917.221289634705, 5005.023381233215, 5092.794187784195, 5180.488116502762, 5268.237701177597, 5356.029649734497, 5443.8840544223785, 5531.6439073085785, 5619.340799808502, 5707.106467723846, 5794.83126950264, 5882.629880666733, 5970.648904085159, 6058.4026346206665, 6146.047280788422, 6233.844887495041, 6321.645539999008, 6409.350981712341, 6497.020838737488, 6599.054000139236, 6701.143646240234, 6803.420281648636, 6905.475854873657, 7022.177374362946, 7138.67015337944, 7255.5008046627045, 7371.961970806122, 7488.530768156052, 7605.188017845154, 7722.028857469559, 7838.468642950058, 7955.0308792591095, 8071.598633766174, 8188.19652056694, 8304.878124952316, 8421.472987174988, 8538.270879268646, 8655.013328075409, 8771.912841796875, 8888.880962610245, 9005.80690908432, 9122.476236581802, 9238.992326259613, 9355.782586097717, 9472.642071962357], "timesteps_eval": [8808, 17642, 26476, 35310, 44144, 52978, 61812, 70646, 79480, 88314, 97148, 105982, 114816, 123650, 132484, 141318, 150152, 158986, 167820, 176654, 185488, 194322, 203156, 211990, 220824, 229658, 238492, 247326, 256160, 264994, 273828, 282662, 291496, 300330, 309164, 317998, 326832, 335666, 344500, 353334, 362168, 371002, 379836, 388670, 397504, 406338, 415172, 424006, 432840, 441674, 450508, 459342, 468176, 477010, 485844, 494678, 503512, 512346, 521180, 530014, 538848, 547682, 556516, 565350, 574184, 583018, 591852, 600686, 609520, 618354, 627188, 636022, 644856, 653690, 662524, 671358, 680634, 689907, 698741, 708017, 716851, 725685, 734958, 743792, 753506, 764096, 774253, 785730, 794783, 803328, 812976, 823124, 834597, 846076, 857326, 866085, 876766, 887733, 896347, 907747],