{"gamma": [0.98, 0.98, 0.99], "learning_rate": [-4, -3, -3], "returns_eval": [1.8, 7.4, 0.8, 2.0, 3.2, 0.6, 3.6, 2.8, 3.8, 4.3, 23.6, 19.6, 40.7, 54.6, 62.0, 68.8, 75.9, 95.0, 95.0, 102.4, 116.1, 106.6, 120.5, 112.5, 108.9, 113.0, 114.6, 124.9, 124.8, 139.5, 120.6, 127.3, 115.1, 122.5, 90.4, 108.4, 100.1, 88.6, 83.1, 81.3, 74.8, 79.3, 90.3, 65.6, 67.5, 53.7, 71.4, 55.9, 49.3, 36.3, 28.0, 21.4, 27.8, 27.0, 22.0, 21.3, 30.7, 19.7, 21.6, 15.3, 5.1, 8.9, 12.0, 4.9, 4.2, 5.4, 6.5, 5.3, 7.0, 6.0, 5.3, 3.3, 4.2, 2.8, 4.4, 4.1, 4.1, 3.5, 4.4, 5.1, 5.0, 5.4, 7.8, 5.2, 5.3, 6.1, 6.7, 5.9, 7.2, 6.6, 8.4, 5.5, 8.8, 6.5, 7.0, 8.3, 8.0, 7.2, 6.2, 8.3], "std_returns_eval": [2.2715633383201097, 6.6663333249995835, 1.6000000000000003, 3.1937438845342623, 2.9933259094191533, 1.2, 4.963869458396343, 3.3704599092705436, 3.994996871087636, 3.551056180912941, 15.994999218505765, 11.79152237838694, 23.061006049173137, 27.521627858831316, 32.22111109195336, 23.70147674724088, 26.37593600234881, 21.475567512873788, 17.070442290696512, 13.055267136294072, 10.387011119662866, 21.331666601557412, 8.163945124754331, 12.159358535712318, 17.276863141207087, 13.076696830622021, 14.847221962373972, 8.63075894692929, 13.89820132247335, 16.560495161679196, 13.462540622037135, 9.869650449737316, 31.62419959461425, 16.58463143998081, 23.954957733212552, 11.73200750084997, 14.794931564559532, 9.509994742374992, 20.55456153752738, 21.429185705481206, 19.31734971469948, 25.94629067901614, 13.623876100434854, 17.573844200970942, 17.901117283566407, 13.89280389266328, 17.135927170713583, 17.50685579994306, 21.033544637079125, 10.080178569846865, 8.763560920082657, 6.529931086925803, 11.651609330903607, 7.681145747868608, 7.362064927722384, 3.579106033634656, 15.537374295549425, 6.573431371817918, 9.0575934993794, 5.967411499134277, 5.593746508378798, 5.6471231613982, 8.024961059095553, 5.48543526076099, 3.7363083384538807, 2.244994432064365, 3.138470965295043, 3.4655446902326914, 3.3763886032268267, 4.147288270665544, 3.3778691508109073, 2.9, 2.9597297173897483, 2.2715633383201097, 2.939387691339814, 2.662705391138869, 1.9723082923316022, 1.118033988749895, 1.9078784028338913, 1.3, 2.6457513110645907, 2.4979991993593593, 3.1559467676119, 2.4, 2.0024984394500787, 3.2388269481403293, 3.163858403911275, 3.144837038703278, 3.026549190084311, 2.4979991993593593, 1.6852299546352716, 3.721558813185679, 2.481934729198171, 2.29128784747792, 1.8439088914585775, 2.193171219946131, 1.5491933384829668, 1.5999999999999999, 2.9933259094191533, 2.0024984394500787], "timestamps_eval": [88.11285710334778, 173.65707111358643, 259.1075384616852, 344.55182456970215, 430.0148026943207, 515.5796384811401, 601.1978974342346, 686.9476172924042, 772.6525921821594, 858.4745621681213, 944.2555749416351, 1030.187040567398, 1115.9056859016418, 1201.8408634662628, 1287.7202961444855, 1373.602490901947, 1459.5762038230896, 1545.3805680274963, 1631.424209356308, 1717.3085227012634, 1803.2014214992523, 1889.1759355068207, 1974.9464755058289, 2060.834985971451, 2146.896439552307, 2232.922324180603, 2318.8408331871033, 2404.8097355365753, 2490.766544818878, 2576.735415697098, 2662.5947325229645, 2749.3049569129944, 2835.224606513977, 2921.819396018982, 3007.8236253261566, 3094.6010961532593, 3180.4223186969757, 3266.210330247879, 3352.698513031006, 3438.541561603546, 3524.3143293857574, 3610.296947002411, 3696.1807827949524, 3782.7057569026947, 3868.731344461441, 3954.598237514496, 4040.3794786930084, 4126.302840948105, 4212.118563890457, 4297.936218261719, 4384.385113477707, 4471.0395402908325, 4557.500097751617, 4644.262511014938, 4731.098597764969, 4817.72233748436, 4903.706110239029, 4989.531507253647, 5075.184823274612, 5161.818124294281, 5247.530115365982, 5333.357520103455, 5419.143634557724, 5504.877338409424, 5590.686562776566, 5676.417027950287, 5762.205883979797, 5847.922760486603, 5933.767953157425, 6019.7091953754425, 6105.432989597321, 6191.302799463272, 6277.028924703598, 6362.885727643967, 6448.656161785126, 6534.443032503128, 6620.196149110794, 6705.902483701706, 6791.557576179504, 6877.185338020325, 6963.021580696106, 7049.0248873233795, 7134.798490047455, 7220.558549642563, 7306.293263912201, 7392.206066131592, 7477.857159852982, 7563.723810195923, 7649.294751167297, 7734.987462043762, 7820.754317522049, 7906.55704832077, 7992.189677476883, 8077.860326290131, 8163.514043331146, 8249.387797117233, 8335.07809972763, 8420.765086650848, 8506.490468740463, 8592.267383098602], "timesteps_eval": [8805, 17638, 26471, 35304, 44137, 52970, 61803, 70636, 79469, 88302, 97135, 105968, 114801, 123634, 132467, 141300, 150133, 158966, 167799, 176632, 185465, 194298, 203131, 211964, 220797, 229630, 238463, 247296, 256129, 264962, 273795, 282628, 291461, 300294, 309127, 317960, 326793, 335626, 344459, 353292, 362125, 370958, 379791, 388624, 397457, 406290, 415123, 423956, 432789, 441622, 450455, 459288, 468121, 476954, 485787, 494620, 503453, 512286, 521119, 529952, 538785, 547618, 556451, 565284, 574117, 582950, 591783, 600616, 609449, 618282, 627115, 635948, 644781, 653614, 662447, 671280, 680113, 688946, 697779, 706612, 715445, 724278, 733111, 741944, 750777, 759610, 768443, 777276, 786109, 794942, 803775, 812608, 821441, 830274, 839107, 847940, 856773, 865606, 874439, 883272],