{"gamma": [0.99, 0.99, 0.98], "learning_rate": [-3, -4, -5], "returns_eval": [0.4, 0.0, 0.0, 0.0, 0.1, 0.0, 1.5, 0.5, 1.5, 0.2, 0.9, 2.0, 1.6, 3.3, 4.8, 1.6, 3.7, 6.0, 9.2, 10.2, 7.1, 9.7, 11.1, 12.9, 6.4, 6.1, 9.4, 7.6, 11.0, 7.8, 7.8, 4.7, 6.9, 9.8, 14.0, 8.2, 13.9, 12.8, 12.6, 14.1, 21.8, 15.4, 20.5, 22.7, 17.7, 20.6, 24.2, 24.1, 24.2, 23.0, 20.9, 24.0, 25.3, 26.7, 28.2, 29.2, 27.0, 25.2, 28.8, 39.7, 33.8, 24.6, 30.1, 45.8, 37.1, 34.2, 43.2, 38.1, 38.3, 46.6, 46.9, 47.7, 55.3, 46.8, 47.9, 51.2, 54.0, 49.9, 57.8, 62.8, 53.5, 50.3, 54.9, 68.9, 68.7, 55.7, 55.4, 67.0, 66.9, 69.8, 61.6, 65.9, 73.0, 61.4, 63.0, 77.7, 74.5, 67.9, 72.8, 79.5], "std_returns_eval": [0.9165151389911681, 0.0, 0.0, 0.0, 0.30000000000000004, 0.0, 3.2015621187164243, 1.02469507659596, 1.857417562100671, 0.4000000000000001, 2.118962010041709, 3.794733192202055, 3.2619012860600183, 3.4942810419312296, 5.81033561853358, 2.0591260281974, 2.451530134426253, 5.440588203494177, 3.682390527904394, 10.759182125050211, 6.410148204214938, 6.664082832618454, 6.456779382943171, 7.555792479945436, 5.257375771237966, 5.52177507691141, 8.627861844049198, 5.3516352641038605, 8.62554346113913, 4.237924020083418, 7.12460525222275, 3.0675723300355937, 4.437341546466758, 3.6000000000000005, 6.826419266350405, 3.944616584663204, 9.42814934120159, 11.391224692718515, 6.2960304954788775, 8.5492689745966, 14.709180806557516, 6.726068688320095, 11.534730165894649, 11.384638773364747, 9.066973034039531, 5.986651818838306, 8.399999999999999, 5.485435260760991, 10.02796090937734, 9.465727652959385, 8.83685464404615, 10.844353369380768, 8.161494961096281, 10.000499987500625, 9.4424573072903, 9.271461589199408, 10.059821071967434, 9.56869897112455, 15.124814048443705, 15.881120867243595, 15.4, 10.697663296253065, 17.76766726388132, 20.08880285133985, 11.26454615153225, 7.30479294709987, 15.625619987699688, 14.969635934116768, 14.710880327159215, 16.267759526130202, 16.379560433662437, 11.3758516164725, 13.878400484205661, 13.385066305401702, 11.431972708154966, 18.578482176970216, 12.696456198483101, 15.87734234687909, 15.302287410710857, 18.76592656918384, 12.151131634543344, 17.251376756653364, 17.288435441068692, 17.77329457360115, 19.261619869574833, 17.1058469536004, 15.25909564816998, 16.284962388657824, 16.93782748760891, 20.960916010518243, 11.324310133513652, 13.003461077728499, 13.769531582446804, 21.74028518672191, 15.033296378372908, 11.243220179290274, 17.431293698403454, 14.754321400864223, 20.31157305577291, 14.03744991086344], "timestamps_eval": [89.6834831237793, 176.3819453716278, 263.2120862007141, 350.0026071071625, 436.80472230911255, 523.626547574997, 610.5155568122864, 697.5551688671112, 784.589741230011, 871.6182644367218, 958.8401882648468, 1045.9014003276825, 1132.9412100315094, 1220.4182994365692, 1307.7972841262817, 1395.0711207389832, 1482.4719724655151, 1569.776990890503, 1657.0825765132904, 1744.5583505630493, 1831.8447530269623, 1919.0827724933624, 2006.5003533363342, 2093.7012708187103, 2180.987191438675, 2268.303314447403, 2355.716732740402, 2443.013454914093, 2530.328088760376, 2617.5836935043335, 2704.995820045471, 2793.8107736110687, 2881.10160279274, 2968.524405479431, 3055.8349738121033, 3143.299218893051, 3230.6415593624115, 3318.043358564377, 3405.358857154846, 3492.7404103279114, 3580.0324409008026, 3667.4744079113007, 3754.8586444854736, 3842.269772529602, 3929.575975894928, 4016.910519361496, 4104.467165708542, 4191.8006801605225, 4279.1933381557465, 4366.609157085419, 4453.96097445488, 4541.322638273239, 4628.702064752579, 4716.091868162155, 4803.448575973511, 4890.897767782211, 4978.161324977875, 5065.482720851898, 5152.839015007019, 5240.124391555786, 5327.710726261139, 5415.141058921814, 5502.5544419288635, 5590.06951880455, 5677.605701446533, 5765.022429943085, 5852.461403846741, 5939.885513782501, 6027.30969452858, 6114.845333814621, 6202.354843139648, 6289.787919282913, 6377.234456539154, 6465.4000499248505, 6552.74528503418, 6640.105134963989, 6727.514247179031, 6814.970667123795, 6902.441897153854, 6989.927988529205, 7077.50613284111, 7165.039241313934, 7252.535377502441, 7339.963458299637, 7427.526793003082, 7515.046223163605, 7602.601457118988, 7690.213386297226, 7777.623765945435, 7865.105051755905, 7952.630099058151, 8040.133925914764, 8127.665456056595, 8215.234812736511, 8302.694165706635, 8390.129972934723, 8477.550949573517, 8565.041816234589, 8652.620711565018, 8740.132743120193], "timesteps_eval": [8804, 17635, 26466, 35297, 44128, 52959, 61790, 70621, 79452, 88283, 97114, 105945, 114776, 123607, 132438, 141269, 150100, 158931, 167762, 176593, 185424, 194255, 203086, 211917, 220748, 229579, 238410, 247241, 256072, 264903, 273734, 282565, 291396, 300227, 309058, 317889, 326720, 335551, 344382, 353213, 362044, 370875, 379706, 388537, 397368, 406199, 415030, 423861, 432692, 441523, 450354, 459185, 468016, 476847, 485678, 494509, 503340, 512171, 521002, 529833, 538664, 547495, 556326, 565157, 573988, 582819, 591650, 600481, 609312, 618143, 626974, 635805, 644636, 653467, 662298, 671129, 679960, 688791, 697622, 706453, 715284, 724115, 732946, 741777, 750608, 759439, 768270, 777101, 785932, 794763, 803594, 812425, 821256, 830087, 838918, 847749, 856580, 865411, 874242, 883073],