{"gamma": [0.98, 0.99, 0.98], "learning_rate": [-5, -3, -5], "returns_eval": [4.5, 6.8, 13.0, 6.1, 7.5, 12.2, 12.2, 12.2, 12.2, 13.5, 12.2, 19.6, 19.6, 15.2, 12.2, 19.6, 12.2, 12.2, 12.2, 12.2, 12.2, 12.2, 12.2, 15.6, 12.2, 12.2, 29.7, 13.3, 24.2, 14.5, 21.3, 10.7, 10.0, 2.5, 3.5, 1.2, 1.0, 3.6, 7.1, 8.2, 8.4, 9.2, 7.4, 4.8, 10.9, 15.0, 11.5, 12.5, 12.4, 12.4, 16.0, 12.5, 8.2, 13.3, 10.8, 10.3, 7.2, 10.4, 4.0, 8.4, 4.0, 6.9, 6.0, 8.4, 11.6, 11.2, 13.3, 11.8, 13.0, 16.0, 17.8, 13.9, 15.0, 21.9, 21.9, 20.6, 17.8, 21.3, 22.7, 24.2, 25.5, 23.9, 36.4, 36.4, 28.0, 38.9, 34.4, 31.0, 33.4, 34.7, 41.6, 44.6, 45.8, 41.5, 58.5, 57.4, 45.6, 58.2, 58.1, 53.2], "std_returns_eval": [4.031128874149275, 6.337191807101943, 10.648943609579309, 4.0853396431631, 5.6964901474504455, 7.56042326857432, 7.56042326857432, 7.56042326857432, 7.56042326857432, 7.283543093852058, 7.56042326857432, 9.8812954616285, 9.8812954616285, 9.785703858180055, 7.56042326857432, 9.8812954616285, 7.56042326857432, 7.56042326857432, 7.56042326857432, 7.56042326857432, 7.56042326857432, 7.56042326857432, 7.56042326857432, 10.910545357588685, 7.56042326857432, 7.56042326857432, 22.383252668010517, 9.466255859631094, 15.516442891333051, 7.710382610480495, 14.366976021418008, 6.388270501473775, 6.511528238439882, 2.29128784747792, 2.7658633371878665, 1.9390719429665315, 1.0, 3.2, 7.660939890117921, 7.586830695356263, 7.29657453878188, 5.99666574022598, 5.40740233383831, 2.85657137141714, 6.441273166075167, 8.17312669668102, 7.57957782465488, 5.9707620954112715, 7.045565981523415, 7.901898506055364, 5.813776741499453, 6.545991139621257, 5.192301994298868, 9.940321926376429, 5.670978751503131, 5.550675634551167, 4.5563142999578075, 4.340506882842141, 2.9664793948382653, 5.122499389946279, 2.6076809620810595, 5.068530358989675, 2.04939015319192, 4.24735211631906, 6.887670143089027, 4.686149805543993, 7.08590149522275, 4.812483766206386, 5.347896782848375, 5.458937625582473, 5.491812087098393, 5.485435260760991, 4.69041575982343, 8.104936767180853, 6.7149087856798175, 5.9194594347794975, 6.241794613730894, 4.627094120503711, 7.849203781276162, 6.079473661428265, 15.034959261667456, 11.527792503337317, 21.928064210048273, 20.929405151604286, 6.276941930590086, 20.4765719787273, 16.150541786577936, 12.181953866272849, 9.73858305915188, 10.770793842609745, 17.828067758453244, 11.155267813907473, 15.509996776273036, 15.305227865013967, 22.446603306513882, 30.903721458749917, 20.66978471102203, 23.21551205552012, 23.577319610167738, 18.69652374105946], "timestamps_eval": [89.53096461296082, 175.58305668830872, 261.60528779029846, 347.7175440788269, 433.82167077064514, 519.9046216011047, 605.9080672264099, 692.1851706504822, 778.2500505447388, 864.2474937438965, 950.3564007282257, 1036.6003935337067, 1122.7846374511719, 1208.8976185321808, 1295.163244485855, 1381.4305691719055, 1467.605016708374, 1553.637806892395, 1639.8124408721924, 1726.0395250320435, 1812.446756362915, 1898.6653492450714, 1984.7671687602997, 2070.8004372119904, 2157.0289783477783, 2243.1562733650208, 2329.4454476833344, 2415.5238285064697, 2501.593099832535, 2587.657994747162, 2673.7951152324677, 2759.8237521648407, 2845.8499228954315, 2931.9547135829926, 3018.0359954833984, 3104.0658016204834, 3189.981274843216, 3275.9698050022125, 3362.1570377349854, 3448.161780357361, 3534.238471031189, 3620.3484179973602, 3706.5448591709137, 3792.7227759361267, 3878.9110491275787, 3964.9867050647736, 4050.9227206707, 4136.9028215408325, 4222.845150709152, 4308.7499940395355, 4394.75016784668, 4480.750000715256, 4566.659143209457, 4652.665630102158, 4738.688475370407, 4824.908840417862, 4910.983671665192, 4997.158656597137, 5083.060655832291, 5169.025369167328, 5254.946390390396, 5340.900192499161, 5426.7955713272095, 5512.671533584595, 5598.505370855331, 5684.4042501449585, 5770.41327214241, 5856.626991510391, 5942.758419513702, 6028.651524305344, 6114.713133096695, 6200.660445213318, 6286.685544967651, 6372.608699798584, 6458.517228126526, 6544.595415592194, 6630.592046022415, 6716.6191465854645, 6802.656171798706, 6888.738764047623, 6974.965112686157, 7061.158344507217, 7147.273035526276, 7233.297239780426, 7319.399538755417, 7405.445611000061, 7491.655721187592, 7577.880204677582, 7663.927726984024, 7750.093587398529, 7836.349328041077, 7922.369306564331, 8008.561285018921, 8094.7627902030945, 8180.867230415344, 8267.012895822525, 8353.126953840256, 8439.297058582306, 8525.449567556381, 8611.676882743835], "timesteps_eval": [8805, 17638, 26471, 35304, 44137, 52970, 61803, 70636, 79469, 88302, 97135, 105968, 114801, 123634, 132467, 141300, 150133, 158966, 167799, 176632, 185465, 194298, 203131, 211964, 220797, 229630, 238463, 247296, 256129, 264962, 273795, 282628, 291461, 300294, 309127, 317960, 326793, 335626, 344459, 353292, 362125, 370958, 379791, 388624, 397457, 406290, 415123, 423956, 432789, 441622, 450455, 459288, 468121, 476954, 485787, 494620, 503453, 512286, 521119, 529952, 538785, 547618, 556451, 565284, 574117, 582950, 591783, 600616, 609449, 618282, 627115, 635948, 644781, 653614, 662447, 671280, 680113, 688946, 697779, 706612, 715445, 724278, 733111, 741944, 750777, 759610, 768443, 777276, 786109, 794942, 803775, 812608, 821441, 830274, 839107, 847940, 856773, 865606, 874439, 883272],