{"gamma": 0.8, "learning_rate": -5, "clip": 0.2, "returns_eval": [0.0, 0.0, 0.0, 0.0, 3.5, 0.8, 13.2, 22.3, 12.5, 36.6, 38.7, 27.0, 47.8, 67.8, 60.5, 67.6, 84.4, 70.3, 81.6, 95.8, 78.9, 77.2, 89.9, 91.1, 81.7, 95.2, 94.0, 96.2, 84.7, 103.8, 88.0, 101.3, 103.5, 90.0, 97.7, 102.3, 105.2, 96.6, 97.1, 99.6, 99.7, 100.0, 110.0, 102.9, 106.4, 109.8, 104.8, 94.0, 110.6, 98.7, 106.0, 102.5, 121.1, 112.1, 109.0, 118.9, 114.2, 115.0, 120.8, 133.9, 146.0, 130.8, 149.7, 140.2, 139.9, 127.4, 134.5, 139.8, 148.1, 136.0, 141.2, 144.6, 149.6, 146.5, 151.1, 146.7, 153.6, 144.8, 164.5, 160.0, 167.4, 155.9, 144.8, 154.9, 150.2, 153.9, 155.3, 145.5, 152.8, 164.4, 153.0, 155.3, 168.0, 160.4, 170.5, 160.2, 159.1, 174.1, 155.6, 177.7], "std_returns_eval": [0.0, 0.0, 0.0, 0.0, 2.539685019840059, 1.5362291495737217, 10.137060717979349, 22.764226321138175, 11.421471008587291, 24.536503418376466, 12.938701635017324, 10.08959860450355, 26.293725487271672, 19.77776529337933, 21.951081977888926, 27.203676222157917, 19.226024029944412, 25.02418829852429, 21.886982432487127, 11.53082824431966, 23.218311738797894, 21.207545826898503, 12.91859125446734, 22.246123257772354, 21.945614596087303, 9.765244492586962, 15.093044755780724, 18.416297130530882, 31.799528298388328, 19.430903221415107, 21.822007240398396, 8.283115355951528, 10.39471019317037, 16.52876280911551, 18.27046797430214, 16.118622769951536, 15.879546593023367, 22.513107293308046, 20.786774641584007, 19.257206443303243, 21.156795598577776, 12.336936410632909, 13.949910393977447, 13.322537295875737, 16.734395716607157, 23.735205918634875, 13.151425778218877, 23.575410919006266, 13.639648089302012, 15.7165517846632, 14.310835055998654, 21.905478766737787, 22.380571931923456, 11.103603018840326, 11.497825881443848, 18.997105042611096, 13.63671514698463, 14.933184523068078, 24.4491308638978, 23.88493248891443, 12.798437404620925, 22.52465316048174, 37.767843465043114, 15.393505123915087, 24.24644303810355, 15.034626699722212, 11.800423721205947, 12.812493902437573, 19.90703393275854, 12.641202474448386, 15.425952158618928, 11.146299834474219, 20.489997559785117, 18.309833423600555, 15.195064988344077, 19.46817916498613, 15.389606882568508, 21.2122606056026, 55.844874429082566, 43.36819110823046, 57.34840887069143, 18.387223825254317, 12.859237924542807, 18.92326610286924, 15.085091978506462, 18.859745491389855, 19.25123372669918, 25.679758565843255, 17.808986495586996, 48.613166940655084, 13.957077057894322, 21.255822731665788, 43.87482193696061, 18.81595068020747, 17.153716798408443, 19.868568141665367, 21.842389979120874, 57.52295194094267, 22.5619148123558, 56.764513562612336], "timestamps_eval": [87.34748816490173, 172.67825984954834, 257.89461874961853, 343.02036142349243, 428.1284513473511, 514.1271080970764, 599.4502506256104, 684.7115511894226, 769.9311637878418, 855.2656862735748, 940.5771193504333, 1026.8890640735626, 1113.0474169254303, 1199.2190477848053, 1285.4194145202637, 1372.358821630478, 1458.4896278381348, 1544.529308795929, 1629.9604978561401, 1715.4840240478516, 1801.2196199893951, 1886.5927402973175, 1972.0229897499084, 2057.3588683605194, 2142.6614003181458, 2228.7838599681854, 2314.5000319480896, 2399.888521194458, 2485.2294597625732, 2570.6304411888123, 2656.127447128296, 2741.89933013916, 2827.526863336563, 2912.964968919754, 2998.479352712631, 3083.99405503273, 3169.6878411769867, 3255.2267866134644, 3341.0122423171997, 3426.739467859268, 3512.4025921821594, 3597.9661762714386, 3683.668877363205, 3769.1765518188477, 3854.737336874008, 3940.362110376358, 4025.839884996414, 4111.308898448944, 4196.704231739044, 4282.1984050273895, 4367.722851276398, 4453.164058685303, 4538.70419883728, 4624.1106288433075, 4709.680448770523, 4795.138825416565, 4880.999298095703, 4966.532074213028, 5052.134386062622, 5137.764672756195, 5223.4925899505615, 5309.027839183807, 5408.6042857170105, 5493.999273777008, 5579.40314245224, 5664.96720290184, 5750.449484348297, 5835.891497135162, 5921.322088956833, 6006.745281457901, 6092.04579782486, 6177.528636455536, 6262.867190122604, 6348.228974342346, 6434.006761789322, 6519.562096595764, 6605.048767328262, 6690.54178071022, 6790.081189870834, 6889.547545909882, 6989.094989061356, 7074.484493970871, 7160.120516777039, 7245.680897474289, 7331.0239815711975, 7416.479892253876, 7501.986945390701, 7587.4675579071045, 7673.052323818207, 7773.028726816177, 7858.7852435112, 7944.411093473434, 8043.920491695404, 8129.665443897247, 8215.465112924576, 8301.170624732971, 8386.933833122253, 8486.970419168472, 8572.552683353424, 8672.304953098297], "timesteps_eval": [8802, 17640, 26478, 35316, 44154, 52992, 61830, 70668, 79506, 88344, 97182, 106020, 114858, 123696, 132534, 141372, 150210, 159048, 167886, 176724, 185562, 194400, 203238, 212076, 220914, 229752, 238590, 247428, 256266, 265104, 273942, 282780, 291618, 300456, 309294, 318132, 326970, 335808, 344646, 353484, 362322, 371160, 379998, 388836, 397674, 406512, 415350, 424188, 433026, 441864, 450702, 459540, 468378, 477216, 486054, 494892, 503730, 512568, 521406, 530244, 539082, 547920, 556758, 565596, 574434, 583272, 592110, 600948, 609786, 618624, 627462, 636300, 645138, 653976, 662814, 671652, 680490, 689328, 698166, 707004, 715842, 724680, 733518, 742356, 751194, 760032, 768870, 777708, 786985, 795823, 804661, 813499, 822337, 831614, 840452, 849290, 858566, 867404, 876242, 885080],