{"gamma": 1.0, "learning_rate": -3, "clip": 0.2, "returns_eval": [0.0, 0.0, 1.0, 0.5, 0.6, 0.3, 0.9, 1.0, 1.4, 1.9, 2.0, 1.7, 1.0, 2.0, 0.8, 1.2, 1.9, 1.8, 4.7, 0.9, 1.8, 2.4, 0.4, 1.1, 1.2, 3.4, 3.0, 1.9, 1.9, 1.7, 3.0, 2.7, 1.6, 2.4, 8.3, 3.4, 4.9, 4.3, 4.5, 2.9, 2.3, 1.0, 3.3, 2.1, 4.4, 3.2, 4.3, 1.8, 3.8, 3.4, 4.2, 3.8, 6.2, 3.3, 5.6, 3.2, 5.0, 1.3, 5.4, 2.2, 4.3, 0.1, 2.4, 3.6, 5.0, 2.9, 3.5, 1.5, 2.5, 2.0, 3.7, 1.0, 3.2, 2.5, 2.1, 4.4, 5.6, 3.0, 2.6, 2.5, 4.6, 3.1, 4.1, 2.8, 2.3, 3.8, 3.4, 3.7, 8.3, 5.3, 3.0, 6.1, 4.2, 4.0, 2.3, 3.5, 1.9, 1.6, 3.4, 4.3], "std_returns_eval": [0.0, 0.0, 3.0, 1.02469507659596, 1.2, 0.6403124237432849, 1.374772708486752, 1.4142135623730951, 1.2806248474865698, 2.5475478405713994, 3.794733192202055, 2.9000000000000004, 1.3416407864998738, 2.23606797749979, 1.2489995996796797, 2.9933259094191533, 3.448187929913333, 2.181742422927143, 5.1000000000000005, 1.2206555615733703, 2.1354156504062622, 2.8705400188814645, 0.9165151389911681, 1.6401219466856725, 1.469693845669907, 3.2619012860600183, 3.1304951684997055, 2.118962010041709, 2.6627053911388696, 2.147091055358389, 2.569046515733026, 2.72213151776324, 2.28910462845192, 2.9393876913398134, 4.561797891182818, 5.314132102234569, 6.171709649683789, 5.622277118748238, 5.953990258641679, 2.3853720883753127, 3.287856444554719, 1.1832159566199232, 3.6619666847201113, 3.3600595232822883, 5.462600113499065, 6.462197768561405, 4.473253849269008, 3.249615361854384, 3.944616584663204, 2.6532998322843198, 3.4583232931581165, 4.874423042781576, 4.284857057125709, 3.318132004607412, 3.954743986657038, 2.7856776554368237, 4.123105625617661, 1.9519221295943134, 4.841487374764082, 2.993325909419153, 5.423098745182499, 0.30000000000000004, 3.4698703145794942, 3.7202150475476548, 4.58257569495584, 4.27668095606862, 3.7483329627982624, 2.1563858652847827, 3.8275318418009276, 3.5496478698597698, 3.195309061734091, 1.4142135623730951, 3.0919249667480613, 2.539685019840059, 3.144837038703278, 4.565084884205331, 5.2, 3.1937438845342623, 3.0066592756745822, 3.383784863137726, 5.499090833947008, 4.134005321718878, 4.763402145525822, 3.4292856398964497, 2.7946377224964243, 4.1182520563948, 5.660388679233963, 4.405678154382138, 4.405678154382138, 2.6476404589747453, 2.756809750418044, 5.8898217290508885, 4.166533331199932, 4.604345773288535, 2.4515301344262523, 3.905124837953327, 2.913760456866693, 2.6153393661244047, 4.127953488110059, 3.606937759374287], "timestamps_eval": [93.72337198257446, 184.27961945533752, 274.7412941455841, 365.26504349708557, 455.97079968452454, 547.0173051357269, 637.8328170776367, 728.8257381916046, 819.9581351280212, 910.8649442195892, 1001.6099765300751, 1092.514841079712, 1183.524509191513, 1274.5453505516052, 1365.4391469955444, 1456.4774820804596, 1547.4268805980682, 1638.6213738918304, 1729.4976229667664, 1820.4233748912811, 1911.4345610141754, 2002.311814069748, 2093.3104119300842, 2184.134886741638, 2274.9429063796997, 2365.722697496414, 2456.5336668491364, 2547.2579247951508, 2638.6044297218323, 2729.112995147705, 2819.6257169246674, 2910.283374786377, 3000.7994170188904, 3091.4385285377502, 3181.9299557209015, 3272.7857010364532, 3364.4041514396667, 3455.0423357486725, 3545.4852526187897, 3636.1066858768463, 3726.791987657547, 3817.556045293808, 3908.2833490371704, 3998.858191728592, 4089.475933074951, 4180.257907152176, 4270.904605388641, 4361.559917926788, 4452.127549409866, 4542.878291130066, 4633.730905056, 4724.48876786232, 4815.311143875122, 4906.110607147217, 4996.910086154938, 5088.114256620407, 5179.159163713455, 5270.069277763367, 5361.3157522678375, 5452.455072641373, 5543.7157735824585, 5635.029861211777, 5726.290551900864, 5817.423752069473, 5908.495318651199, 5999.65636920929, 6090.888201475143, 6182.060918807983, 6273.19898724556, 6364.305730819702, 6455.306650400162, 6546.326317548752, 6637.57323217392, 6728.641232728958, 6819.996698856354, 6911.113238096237, 7002.294344186783, 7093.345303535461, 7184.430175304413, 7275.48800110817, 7366.369517087936, 7457.423398733139, 7548.777489900589, 7640.090846776962, 7731.449099302292, 7823.1284556388855, 7914.182899475098, 8005.142175197601, 8096.468111753464, 8187.639226436615, 8278.615643978119, 8369.638830661774, 8460.86326265335, 8551.74575805664, 8642.842581987381, 8733.814280033112, 8824.837557792664, 8915.742787599564, 9006.849011421204, 9097.836448192596], "timesteps_eval": [8800, 17634, 26468, 35302, 44136, 52970, 61804, 70638, 79472, 88306, 97140, 105974, 114808, 123642, 132476, 141310, 150144, 158978, 167812, 176646, 185480, 194314, 203148, 211982, 220816, 229650, 238484, 247318, 256152, 264986, 273820, 282654, 291488, 300322, 309156, 317990, 326824, 335658, 344492, 353326, 362160, 370994, 379828, 388662, 397496, 406330, 415164, 423998, 432832, 441666, 450500, 459334, 468168, 477002, 485836, 494670, 503504, 512338, 521172, 530006, 538840, 547674, 556508, 565342, 574176, 583010, 591844, 600678, 609512, 618346, 627180, 636014, 644848, 653682, 662516, 671350, 680184, 689018, 697852, 706686, 715520, 724354, 733188, 742022, 750856, 759690, 768524, 777358, 786192, 795026, 803860, 812694, 821528, 830362, 839196, 848030, 856864, 865698, 874532, 883366],