{"gamma": [0.98, 0.98, 0.98], "learning_rate": [-4, -5, -3], "returns_eval": [0.1, 0.0, 0.0, 0.0, 0.0, 0.0, 0.0, 0.0, 0.4, 0.0, 1.1, 0.8, 0.6, 1.1, 7.5, 4.9, 7.7, 9.4, 13.9, 14.6, 22.2, 38.5, 45.1, 39.0, 61.1, 67.9, 79.4, 69.9, 82.3, 76.9, 81.7, 89.2, 96.4, 123.0, 103.6, 104.9, 116.0, 113.2, 114.6, 115.3, 119.4, 130.6, 119.9, 121.8, 125.8, 132.1, 126.4, 124.3, 130.2, 139.1, 136.0, 131.4, 129.7, 134.1, 145.9, 138.9, 139.3, 142.3, 144.6, 150.1, 120.6, 98.2, 124.6, 100.3, 103.4, 92.5, 89.1, 87.3, 86.5, 84.4, 93.6, 84.4, 96.6, 82.4, 91.5, 66.3, 62.1, 66.1, 48.8, 44.0, 32.8, 32.9, 37.0, 28.5, 21.8, 19.5, 8.6, 18.7, 25.3, 13.7, 15.8, 11.8, 11.5, 10.3, 7.5, 4.7, 4.5, 2.7, 1.4, 0.8], "std_returns_eval": [0.30000000000000004, 0.0, 0.0, 0.0, 0.0, 0.0, 0.0, 0.0, 1.2000000000000002, 0.0, 2.9816103031751147, 1.7776388834631178, 0.66332495807108, 2.022374841615669, 7.88986691902975, 5.107837115648853, 4.473253849269009, 7.445804187594515, 6.518435395092905, 13.492219980418346, 12.391932859727735, 13.850992744204294, 21.33752562974442, 9.143303560529969, 21.759825366946306, 18.4143965418365, 13.95850994913139, 17.346181135915767, 9.381364506296512, 14.088647912415158, 20.327567488511754, 13.151425778218877, 21.010473578670236, 15.84929020492716, 18.309560344257314, 17.137386031714406, 15.066519173319364, 20.6, 12.117755567760886, 11.815667564721005, 13.402984742213206, 14.242190842703941, 11.022250223978768, 12.998461447417537, 19.57447317298731, 16.31839452887446, 6.858571279792899, 11.576268828944844, 18.626862323000083, 11.431972708154966, 10.667708282475669, 15.16047492659778, 7.925276020429825, 15.214795430764095, 19.434248120264392, 13.590069904161641, 15.640012787718558, 11.445959985951378, 20.11566553708825, 24.15553766737557, 13.63964808930201, 30.83763933896368, 12.026637102698325, 22.212834128044083, 17.362027531368565, 15.331340450201997, 19.00236827345476, 24.06262662304346, 17.13038236584344, 23.753736548172796, 16.566230711903057, 20.40196069009055, 18.661189672687, 18.916659324521333, 22.655021518418383, 22.050170067371365, 19.42395428330699, 20.26548790431654, 14.58629493737186, 10.334408546211051, 8.829496021857647, 7.529276193632426, 12.633289357883005, 9.297849213662266, 13.098091464026353, 12.06855418018248, 8.039900496896712, 12.05860688471102, 8.497646733066748, 6.9, 8.292164976651152, 4.237924020083418, 5.937171043518958, 6.017474553332153, 5.5, 3.9000000000000004, 2.9068883707497264, 3.2264531609803355, 2.9051678092667896, 1.2489995996796797], "timestamps_eval": [89.91799330711365, 177.8810589313507, 265.9741382598877, 353.90192341804504, 441.8396010398865, 529.9808459281921, 618.4768300056458, 706.9106557369232, 795.4487318992615, 883.8852157592773, 972.1581037044525, 1060.3743922710419, 1148.5658814907074, 1237.0559132099152, 1325.436531305313, 1413.7768907546997, 1502.223549604416, 1590.6754603385925, 1679.08540558815, 1768.0589437484741, 1857.1101043224335, 1945.4882395267487, 2034.9696598052979, 2123.3964505195618, 2211.9304394721985, 2300.4625935554504, 2388.900792121887, 2477.797336578369, 2566.5617587566376, 2655.3981404304504, 2744.0277259349823, 2832.77010512352, 2921.121406316757, 3009.861501455307, 3098.446854352951, 3186.9330592155457, 3275.364092350006, 3363.887987136841, 3452.3602340221405, 3540.626626253128, 3629.060633659363, 3717.7989790439606, 3806.4814400672913, 3895.2283387184143, 3983.8531239032745, 4072.5021200180054, 4160.984776973724, 4249.57342171669, 4338.113315820694, 4426.738479375839, 4515.24497461319, 4603.855608463287, 4692.672949552536, 4781.354068279266, 4869.841089725494, 4958.497545480728, 5047.123336553574, 5135.838356018066, 5224.566445112228, 5313.306480407715, 5401.877707481384, 5490.43652510643, 5579.007097959518, 5667.616674900055, 5756.171591520309, 5844.651104927063, 5933.1626765728, 6021.906626939774, 6110.336799621582, 6198.942136287689, 6287.404532194138, 6375.841314315796, 6464.274582862854, 6552.8080534935, 6641.187220811844, 6729.626267910004, 6818.131995439529, 6906.522501945496, 6995.02213716507, 7083.382197380066, 7171.649208068848, 7260.012264251709, 7348.346883058548, 7436.655267238617, 7524.7525181770325, 7613.095016956329, 7701.380313634872, 7789.968748807907, 7878.5101754665375, 7966.956653833389, 8055.433499336243, 8143.861552238464, 8232.223383665085, 8320.64324426651, 8409.686665296555, 8497.921917200089, 8586.835641145706, 8675.430516719818, 8764.165287971497, 8853.027844190598], "timesteps_eval": [8808, 17642, 26476, 35310, 44144, 52978, 61812, 70646, 79480, 88314, 97148, 105982, 114816, 123650, 132484, 141318, 150152, 158986, 167820, 176654, 185488, 194322, 203156, 211990, 220824, 229658, 238492, 247326, 256160, 264994, 273828, 282662, 291496, 300330, 309164, 317998, 326832, 335666, 344500, 353334, 362168, 371002, 379836, 388670, 397504, 406338, 415172, 424006, 432840, 441674, 450508, 459342, 468176, 477010, 485844, 494678, 503512, 512346, 521180, 530014, 538848, 547682, 556516, 565350, 574184, 583018, 591852, 600686, 609520, 618354, 627188, 636022, 644856, 653690, 662524, 671358, 680192, 689026, 697860, 706694, 715528, 724362, 733196, 742030, 750864, 759698, 768532, 777366, 786200, 795034, 803868, 812702, 821536, 830370, 839204, 848038, 856872, 865706, 874540, 883374],