{"gamma": [0.95, 0.99, 0.95], "learning_rate": [-3, -4, -5], "returns_eval": [0.1, 0.0, 0.8, 0.0, 1.4, 1.7, 1.1, 2.1, 2.6, 2.2, 12.2, 19.3, 10.2, 13.3, 38.6, 25.9, 42.5, 39.2, 50.7, 51.2, 40.2, 34.8, 29.1, 24.6, 26.9, 29.0, 27.2, 38.8, 39.0, 33.4, 36.8, 47.3, 37.8, 38.6, 38.9, 54.4, 45.9, 54.9, 60.7, 49.8, 42.9, 55.4, 55.7, 54.5, 55.4, 50.0, 64.9, 54.1, 61.1, 53.6, 54.9, 58.9, 52.6, 54.1, 58.4, 63.3, 58.5, 66.7, 68.2, 56.4, 68.9, 58.8, 65.4, 60.8, 69.8, 63.8, 77.5, 83.5, 76.7, 69.8, 82.2, 74.7, 87.6, 86.2, 83.3, 85.2, 89.1, 93.6, 94.6, 91.2, 88.3, 97.7, 97.4, 87.0, 93.8, 100.8, 98.3, 101.3, 100.9, 107.5, 105.5, 106.6, 103.9, 109.0, 102.8, 108.9, 110.8, 114.7, 115.6, 122.7], "std_returns_eval": [0.30000000000000004, 0.0, 2.4000000000000004, 0.0, 2.576819745345025, 3.2572994949804666, 1.7000000000000002, 3.3600595232822887, 3.8000000000000003, 3.370459909270544, 7.922120928135344, 14.085808461000738, 6.4156059729381765, 9.767804256842988, 14.423591785682234, 11.103603018840326, 17.7214559221301, 14.59314907756376, 13.528118864054973, 17.19767426136453, 14.323407415835103, 9.130169768410664, 12.747156545677157, 13.944174410842686, 9.170059977993601, 7.429670248402684, 8.423775875461075, 11.855800268223145, 13.62350909274112, 8.946507698538017, 10.796295661012625, 11.126994203287786, 11.356055653262713, 7.696752561957543, 13.50148140020198, 18.607525359380812, 15.096025967121282, 14.794931564559532, 17.748521065147937, 14.337363774418225, 13.011149065320865, 18.045498053531247, 15.11985449665439, 17.321951391226104, 17.252246230563717, 13.30413469565007, 12.676355943251199, 13.538463723776049, 13.292479076530457, 18.2, 17.05549764738631, 13.888484438555562, 12.167168939404105, 14.473769377739858, 17.135927170713583, 15.710187777362815, 14.12267680009707, 16.988525539316235, 15.702229141112417, 12.265398485169571, 15.984054554461455, 14.2464030548065, 16.475436261295176, 14.161920773680384, 22.40446384094027, 16.16044553841261, 20.602184350209082, 15.370426148939398, 19.0370691021491, 15.36098955145794, 14.668333238647122, 20.53801353588024, 15.672906558772052, 24.040798655618744, 15.026975743641833, 13.090454537562858, 10.530432089900206, 9.77957054271812, 13.712767773137559, 17.497428382479523, 17.076592165886026, 17.612779451296152, 25.211901951261037, 25.444056280396804, 19.75753021002372, 11.702991070662236, 14.594862109660372, 19.141838992113584, 17.21307642462555, 22.0873266829646, 7.074602462329597, 6.636264009214824, 18.113254815189897, 15.899685531481433, 17.60568090134545, 12.731457104353765, 14.971973817770321, 24.580683473003756, 11.909659944767524, 13.32704018152568], "timestamps_eval": [88.611647605896, 177.08645057678223, 263.44105792045593, 349.5263934135437, 435.33887243270874, 521.0366399288177, 606.7496976852417, 692.5801227092743, 778.5149817466736, 864.45134806633, 950.4696140289307, 1036.502221107483, 1122.50927400589, 1208.5051929950714, 1294.6681995391846, 1381.0029537677765, 1467.5687494277954, 1554.1737408638, 1640.5647144317627, 1727.0871150493622, 1813.3707966804504, 1899.4743223190308, 1985.3960556983948, 2071.3832602500916, 2157.6224529743195, 2243.9716382026672, 2330.3900480270386, 2416.7573611736298, 2503.2299745082855, 2589.795336961746, 2676.111163377762, 2762.591744661331, 2848.8544795513153, 2935.1417207717896, 3021.5424933433533, 3107.5879616737366, 3193.663524389267, 3279.7796165943146, 3365.8377084732056, 3453.017334461212, 3539.24530005455, 3625.4552998542786, 3711.5503606796265, 3797.713159561157, 3883.8936727046967, 3970.2050874233246, 4056.3974599838257, 4142.617572307587, 4228.87890124321, 4315.034020185471, 4402.00804066658, 4488.117614269257, 4574.274258852005, 4660.453316450119, 4746.545168161392, 4832.88881444931, 4919.086042404175, 5005.150903701782, 5091.321167707443, 5177.598197460175, 5263.677125692368, 5349.925842523575, 5436.189939260483, 5522.342898845673, 5608.554769992828, 5694.823675394058, 5781.1657037734985, 5867.421531200409, 5953.70946598053, 6040.005746126175, 6126.180181503296, 6212.42799282074, 6298.649853467941, 6384.894771814346, 6470.995478153229, 6557.251289367676, 6643.393863916397, 6729.76113653183, 6815.887674808502, 6902.245800495148, 6988.4817135334015, 7075.082275390625, 7161.726222276688, 7248.206680059433, 7334.632660865784, 7421.171848297119, 7507.6526510715485, 7594.24230670929, 7680.480169773102, 7766.773312568665, 7853.048896312714, 7939.249525785446, 8025.508855342865, 8111.731839179993, 8198.01929140091, 8284.424545049667, 8370.72738623619, 8457.114690065384, 8543.314935684204, 8629.595100402832], "timesteps_eval": [8805, 17638, 26471, 35304, 44137, 52970, 61803, 70636, 79469, 88302, 97135, 105968, 114801, 123634, 132467, 141300, 150133, 158966, 167799, 176632, 185465, 194298, 203131, 211964, 220797, 229630, 238463, 247296, 256129, 264962, 273795, 282628, 291461, 300294, 309127, 317960, 326793, 335626, 344459, 353292, 362125, 370958, 379791, 388624, 397457, 406290, 415123, 423956, 432789, 441622, 450455, 459288, 468121, 476954, 485787, 494620, 503453, 512286, 521119, 529952, 538785, 547618, 556451, 565284, 574117, 582950, 591783, 600616, 609449, 618282, 627115, 635948, 644781, 653614, 662447, 671280, 680113, 688946, 697779, 706612, 715445, 724278, 733111, 741944, 750777, 759610, 768443, 777276, 786109, 794942, 803775, 812608, 821441, 830274, 839107, 847940, 856773, 865606, 874439, 883272],