{"gamma": [0.98, 0.98, 0.95], "learning_rate": [-3, -5, -5], "returns_eval": [0.0, 0.0, 0.0, 0.0, 0.0, 0.0, 0.4, 0.0, 0.9, 3.1, 4.0, 1.9, 6.1, 9.0, 7.5, 7.6, 8.0, 13.9, 16.3, 11.6, 21.5, 28.4, 20.8, 20.1, 16.6, 22.4, 19.6, 21.9, 14.1, 11.1, 15.0, 14.4, 14.0, 21.7, 23.9, 19.9, 20.7, 22.1, 34.8, 30.2, 34.2, 27.6, 35.0, 35.3, 48.5, 39.9, 39.3, 51.1, 39.4, 44.8, 50.2, 48.8, 49.2, 62.4, 54.6, 46.6, 59.3, 61.3, 50.2, 69.1, 58.9, 57.4, 56.7, 62.6, 63.6, 57.9, 62.5, 71.3, 72.0, 59.2, 68.7, 69.4, 65.4, 70.1, 70.3, 69.0, 78.2, 73.7, 74.6, 77.5, 84.5, 80.9, 83.6, 88.1, 73.8, 75.5, 94.7, 82.0, 88.5, 81.2, 88.2, 90.5, 96.2, 94.2, 85.7, 81.1, 95.1, 78.8, 97.9, 91.8], "std_returns_eval": [0.0, 0.0, 0.0, 0.0, 0.0, 0.0, 0.9165151389911681, 0.0, 1.2206555615733703, 7.6609398901179215, 6.196773353931867, 2.947880594596735, 7.034912934784624, 8.78635305459552, 9.5, 7.939773296511683, 5.848076606885378, 8.14186710773395, 9.066973034039531, 8.368990381163071, 10.613670430157514, 10.809255293497328, 11.034491379306976, 9.438749917229504, 7.952358140828417, 4.386342439892262, 9.531002045955084, 7.175653280364095, 6.729784543356496, 5.629387178015028, 9.20869154657707, 7.323933369440222, 5.709640969448079, 9.960421677820674, 8.676981041814026, 9.782126558167196, 6.293647591023825, 7.8287930104199335, 8.852118390532292, 12.12270596855339, 8.885943956609225, 8.368990381163071, 14.463747785411636, 9.685556256612214, 19.845654436173174, 14.68638825579659, 19.915069670980316, 16.33064603743526, 10.901376059929316, 18.70721785835617, 16.18517840494815, 17.825823964125753, 19.223943403994927, 17.54536975956905, 16.25546062097288, 14.164744967700619, 26.657269177468272, 22.83002409109548, 9.526804291051644, 16.990879906585178, 16.627988453207443, 15.97623234683322, 16.09378762131525, 18.96417675513493, 17.77751388693031, 20.471687766278578, 14.83408237809134, 18.31420213932346, 17.378147196982766, 16.89260193102294, 24.108297326854085, 24.331872102244827, 21.47649878355408, 16.777663722938303, 22.113570494155844, 13.394028520202577, 18.208789086592223, 17.13505179449423, 15.100993344810137, 22.966279629056164, 15.021651041080672, 15.845819637999167, 19.04835950941708, 22.61614467587259, 19.913814300630605, 23.367712767834167, 21.99568139431011, 18.788294228055936, 17.17701953192113, 18.669761648183943, 17.434448657758008, 14.582523787054146, 9.765244492586962, 10.166612021711067, 18.80452073305778, 19.102094126037596, 14.38367129769031, 18.06543661249293, 16.62197340871414, 17.19767426136453], "timestamps_eval": [92.8084487915039, 181.5380699634552, 270.5210325717926, 359.5995650291443, 448.5879502296448, 537.3085012435913, 626.0497999191284, 715.823903799057, 804.8795564174652, 893.8616545200348, 982.7162179946899, 1071.622792005539, 1160.4018082618713, 1249.3819603919983, 1338.3830745220184, 1427.4525759220123, 1516.4997017383575, 1605.497231245041, 1694.395921945572, 1783.3300006389618, 1872.4504816532135, 1961.4337902069092, 2050.519093990326, 2139.281896829605, 2228.0230672359467, 2316.730783224106, 2405.489377260208, 2494.247849702835, 2583.1367588043213, 2671.845179796219, 2760.640394926071, 2849.5244538784027, 2938.308693885803, 3027.0511832237244, 3115.6322894096375, 3204.12833404541, 3292.7346382141113, 3381.309578180313, 3469.814747571945, 3558.3837773799896, 3646.7564544677734, 3735.2534923553467, 3823.5868830680847, 3912.03199839592, 4000.4974303245544, 4088.7003066539764, 4176.989150524139, 4265.296590328217, 4353.565363645554, 4441.970650672913, 4530.653298854828, 4619.327892303467, 4708.051293373108, 4796.718338012695, 4885.181480884552, 4973.5079917907715, 5061.960849285126, 5150.204079866409, 5238.509890317917, 5326.626149177551, 5414.725444793701, 5502.837892770767, 5590.795068979263, 5678.9362597465515, 5766.942610740662, 5855.207001686096, 5943.462033033371, 6031.747098445892, 6120.012744426727, 6208.089644432068, 6296.004694223404, 6384.159210443497, 6472.099490404129, 6559.973384141922, 6648.0698318481445, 6736.19589471817, 6824.263268470764, 6912.258229732513, 7000.058417081833, 7088.396250486374, 7176.284743309021, 7264.720447063446, 7352.871481657028, 7440.852883815765, 7528.796287536621, 7616.704386949539, 7704.781875133514, 7793.2351722717285, 7881.466030359268, 7969.350682973862, 8057.263086557388, 8145.115878343582, 8233.486021280289, 8321.48189330101, 8409.658439397812, 8497.498063325882, 8585.419663667679, 8673.583143234253, 8761.663588285446, 8849.85224866867], "timesteps_eval": [8808, 17642, 26476, 35310, 44144, 52978, 61812, 70646, 79480, 88314, 97148, 105982, 114816, 123650, 132484, 141318, 150152, 158986, 167820, 176654, 185488, 194322, 203156, 211990, 220824, 229658, 238492, 247326, 256160, 264994, 273828, 282662, 291496, 300330, 309164, 317998, 326832, 335666, 344500, 353334, 362168, 371002, 379836, 388670, 397504, 406338, 415172, 424006, 432840, 441674, 450508, 459342, 468176, 477010, 485844, 494678, 503512, 512346, 521180, 530014, 538848, 547682, 556516, 565350, 574184, 583018, 591852, 600686, 609520, 618354, 627188, 636022, 644856, 653690, 662524, 671358, 680192, 689026, 697860, 706694, 715528, 724362, 733196, 742030, 750864, 759698, 768532, 777366, 786200, 795034, 803868, 812702, 821536, 830370, 839204, 848038, 856872, 865706, 874540, 883374],