{"gamma": [0.99, 0.98, 0.98], "learning_rate": [-5, -5, -5], "returns_eval": [0.0, 0.0, 0.0, 0.0, 0.1, 12.5, 2.6, 13.3, 12.7, 32.0, 20.2, 13.6, 13.0, 13.0, 13.0, 23.9, 22.8, 22.8, 22.8, 22.8, 22.8, 22.8, 22.8, 22.8, 22.8, 22.8, 22.8, 22.8, 22.8, 22.8, 22.8, 22.8, 22.8, 22.8, 22.8, 22.8, 22.8, 22.6, 23.4, 23.3, 26.0, 29.6, 42.3, 42.9, 42.2, 38.5, 58.5, 58.2, 56.2, 57.3, 78.2, 82.1, 76.3, 82.1, 80.1, 82.3, 69.7, 80.6, 83.3, 78.1, 101.4, 80.2, 78.9, 92.1, 81.4, 79.2, 91.1, 61.6, 85.2, 89.1, 77.5, 82.4, 86.5, 96.0, 88.9, 91.2, 79.9, 92.2, 92.5, 94.1, 81.0, 90.5, 86.7, 89.5, 95.6, 105.0, 85.9, 104.3, 103.9, 102.9, 97.9, 109.0, 104.4, 115.1, 110.0, 117.4, 101.8, 114.4, 104.0, 104.9], "std_returns_eval": [0.0, 0.0, 0.0, 0.0, 0.30000000000000004, 11.603878661895772, 5.660388679233963, 12.570202862324857, 11.627983488120371, 24.07072911234722, 10.665833300778706, 9.75909831900468, 6.648308055437865, 6.648308055437865, 6.648308055437865, 8.904493247793498, 10.283968105745954, 10.283968105745954, 10.283968105745954, 10.283968105745954, 10.283968105745954, 10.283968105745954, 10.283968105745954, 10.283968105745954, 10.283968105745954, 10.283968105745954, 10.283968105745954, 10.283968105745954, 10.283968105745954, 10.283968105745954, 10.283968105745954, 10.283968105745954, 10.283968105745954, 10.283968105745954, 10.283968105745954, 10.283968105745954, 10.283968105745954, 10.121264743103996, 9.123595782365635, 9.033825324855467, 13.007690033207279, 9.00222194794152, 17.57868026900768, 23.95182665267933, 19.004210059878837, 15.121177202850312, 14.437797615980077, 28.361241157608035, 24.6487322189195, 22.8387828046943, 23.27573844156185, 28.405809265007747, 27.788666754632185, 27.18988782617538, 26.80093281958671, 27.925078334715554, 24.633513756668982, 21.987269043698902, 25.45604054050826, 30.930405752269078, 20.742227459942676, 28.049242414011825, 20.363938715287865, 18.827904822364065, 25.98538050519946, 25.344821956368126, 27.68916755700684, 20.819221887476967, 18.717905865774622, 24.45996729351861, 16.9130127416732, 24.727312834192073, 20.752108326625514, 6.276941930590086, 21.421717951648976, 18.164801127455263, 28.225697511310507, 13.489254983133797, 8.464632301523794, 18.976037521042162, 24.384421256203723, 26.204007327124604, 11.498260738042081, 18.227726133558185, 11.119352499134111, 18.022208521710095, 23.914221710103803, 17.41866814656046, 26.44787326043438, 9.093404203047394, 13.787313008704777, 11.941524190822543, 20.538743875904387, 13.560604706280618, 11.322543883774529, 16.125755796240995, 14.925146565444509, 20.387250918159612, 16.792855623746664, 23.157936004747917], "timestamps_eval": [93.69177913665771, 182.9195511341095, 271.9555983543396, 361.08822321891785, 450.22869205474854, 539.3261785507202, 628.5076167583466, 718.3177783489227, 807.4956798553467, 896.6715865135193, 985.9747047424316, 1075.1782712936401, 1164.2765078544617, 1253.4229679107666, 1342.5285065174103, 1431.6131377220154, 1520.6181740760803, 1609.7102694511414, 1699.144000530243, 1788.7865138053894, 1878.8315467834473, 1967.9478597640991, 2057.853479862213, 2147.05526971817, 2236.2049384117126, 2325.3849880695343, 2414.452559232712, 2503.6887917518616, 2592.76247215271, 2681.699172973633, 2770.660360097885, 2859.5711767673492, 2948.7495501041412, 3037.4924194812775, 3126.3386528491974, 3215.4251704216003, 3303.9689259529114, 3392.4340002536774, 3481.008915901184, 3569.4115600585938, 3657.7808558940887, 3746.183599472046, 3834.601630926132, 3922.8909788131714, 4011.3123829364777, 4099.938131809235, 4188.825761079788, 4277.458828210831, 4365.931996107101, 4454.315841436386, 4542.7096428871155, 4630.848092556, 4719.165957450867, 4807.725993394852, 4896.272453069687, 4984.850223779678, 5073.024812936783, 5161.938768148422, 5250.057539224625, 5338.19021487236, 5426.407799243927, 5514.554924726486, 5603.0878529548645, 5691.324352025986, 5779.529601573944, 5867.589819431305, 5955.511549949646, 6043.442332267761, 6131.568172454834, 6219.61611032486, 6307.6413769721985, 6395.606598138809, 6483.553191423416, 6571.643606424332, 6659.79850935936, 6748.015301942825, 6836.144198894501, 6924.21399974823, 7012.72078704834, 7101.2834548950195, 7189.81113743782, 7277.855178833008, 7365.725998401642, 7453.661666631699, 7541.6360285282135, 7629.963687181473, 7717.929039001465, 7805.8447098731995, 7893.737288475037, 7981.873403787613, 8069.673822879791, 8157.570192337036, 8245.819522619247, 8333.766226291656, 8421.700073242188, 8509.885784864426, 8597.792527198792, 8685.527313232422, 8773.46826839447, 8861.252904176712], "timesteps_eval": [8808, 17642, 26476, 35310, 44144, 52978, 61812, 70646, 79480, 88314, 97148, 105982, 114816, 123650, 132484, 141318, 150152, 158986, 167820, 176654, 185488, 194322, 203156, 211990, 220824, 229658, 238492, 247326, 256160, 264994, 273828, 282662, 291496, 300330, 309164, 317998, 326832, 335666, 344500, 353334, 362168, 371002, 379836, 388670, 397504, 406338, 415172, 424006, 432840, 441674, 450508, 459342, 468176, 477010, 485844, 494678, 503512, 512346, 521180, 530014, 538848, 547682, 556516, 565350, 574184, 583018, 591852, 600686, 609520, 618354, 627188, 636022, 644856, 653690, 662524, 671358, 680192, 689026, 697860, 706694, 715528, 724362, 733196, 742030, 750864, 759698, 768532, 777366, 786200, 795034, 803868, 812702, 821536, 830370, 839204, 848038, 856872, 865706, 874540, 883374],