{"gamma": [0.98, 0.98, 0.98], "learning_rate": [-3, -3, -3], "returns_eval": [0.0, 0.0, 0.0, 0.0, 0.0, 0.0, 0.4, 0.0, 0.9, 3.1, 4.0, 1.9, 6.1, 9.0, 7.5, 7.6, 8.0, 13.9, 16.3, 11.6, 21.5, 28.4, 20.8, 20.1, 16.6, 22.4, 19.6, 21.9, 14.1, 11.1, 14.6, 8.2, 9.8, 10.2, 9.1, 9.9, 7.7, 9.3, 5.9, 4.3, 3.8, 4.8, 2.4, 8.7, 5.4, 5.2, 3.9, 4.5, 4.2, 2.9, 5.0, 4.4, 4.2, 5.4, 4.2, 4.1, 4.3, 5.2, 5.5, 5.2, 4.7, 5.8, 4.5, 5.8, 6.3, 7.5, 5.3, 8.2, 7.6, 7.4, 6.6, 9.1, 6.4, 3.9, 6.3, 4.7, 4.8, 5.1, 3.9, 6.2, 5.7, 4.7, 4.0, 5.1, 5.2, 6.0, 6.2, 7.1, 6.4, 5.9, 6.6, 8.7, 6.1, 7.2, 5.0, 8.8, 4.8, 8.1, 6.5, 10.6], "std_returns_eval": [0.0, 0.0, 0.0, 0.0, 0.0, 0.0, 0.9165151389911681, 0.0, 1.2206555615733703, 7.6609398901179215, 6.196773353931867, 2.947880594596735, 7.034912934784624, 8.78635305459552, 9.5, 7.939773296511683, 5.848076606885378, 8.14186710773395, 9.066973034039531, 8.368990381163071, 10.613670430157514, 10.809255293497328, 11.034491379306976, 9.438749917229504, 7.952358140828417, 4.386342439892262, 9.531002045955084, 7.175653280364095, 6.729784543356496, 5.629387178015028, 4.862098312457287, 5.035871324805669, 4.578209256903839, 4.044749683231338, 3.8845849199110063, 4.592385001282013, 4.428317965096905, 3.287856444554719, 3.014962686336267, 2.3259406699226015, 2.7856776554368237, 2.9933259094191533, 1.4966629547095767, 4.001249804748511, 3.104834939252005, 2.3579652245103193, 2.947880594596735, 2.1563858652847827, 3.7094473981982814, 1.5132745950421556, 2.23606797749979, 2.537715508089904, 2.2271057451320084, 1.9595917942265424, 2.2271057451320084, 2.947880594596735, 3.3481338085566414, 1.9390719429665315, 1.857417562100671, 2.7495454169735045, 2.0024984394500787, 2.1354156504062622, 3.556683848755748, 1.5999999999999999, 2.4103941586387903, 3.0740852297878796, 1.7349351572897473, 2.521904042583698, 3.0397368307141326, 2.727636339397171, 4.029888335921977, 3.8327535793473597, 2.33238075793812, 1.9723082923316022, 4.075536774462966, 3.1, 3.4, 4.72122865364515, 2.808914381037628, 3.627671429443411, 3.661966684720111, 2.9, 2.6832815729997477, 2.808914381037628, 1.7204650534085253, 3.4351128074635335, 2.181742422927143, 3.9357337308308855, 2.90516780926679, 3.8587562763149474, 3.6660605559646715, 7.950471684120383, 3.645545226711637, 5.1146847410177685, 2.7202941017470885, 6.554387843269576, 3.893584466786357, 6.624952830020754, 3.138470965295043, 8.089499366462674], "timestamps_eval": [89.80814337730408, 177.52038311958313, 265.5311026573181, 353.39435386657715, 441.4410254955292, 529.4556014537811, 617.4927699565887, 705.6291229724884, 794.8121085166931, 883.5343189239502, 971.8754177093506, 1060.2965099811554, 1148.59792470932, 1237.5511345863342, 1325.954622745514, 1414.590698003769, 1502.935210943222, 1591.7200241088867, 1680.1656322479248, 1768.5938913822174, 1856.97642827034, 1945.333517074585, 2033.9239304065704, 2121.6364827156067, 2209.2859029769897, 2296.787657737732, 2384.4067058563232, 2472.102528810501, 2559.793520927429, 2647.4638843536377, 2735.1544823646545, 2822.960098028183, 2910.654906988144, 2998.741730451584, 3087.2069940567017, 3175.611047267914, 3264.9477591514587, 3353.407021522522, 3441.997606277466, 3530.677502155304, 3619.312103033066, 3707.980052947998, 3796.5546505451202, 3885.169253349304, 3973.741627216339, 4062.2524070739746, 4151.001025915146, 4239.6777901649475, 4329.446516275406, 4417.9744374752045, 4506.4676649570465, 4594.932258605957, 4683.216972112656, 4771.629767894745, 4859.789984703064, 4948.13950920105, 5036.5267107486725, 5124.913484096527, 5213.403558969498, 5301.868146896362, 5390.107878923416, 5478.377591848373, 5566.405060529709, 5654.618766307831, 5742.920903921127, 5831.273470163345, 5919.740238189697, 6008.3727469444275, 6096.732570171356, 6185.017920732498, 6273.329148054123, 6361.848859548569, 6450.503507375717, 6538.934201717377, 6627.525003671646, 6715.82396197319, 6804.322785139084, 6892.9084351062775, 6981.534373760223, 7070.005855798721, 7158.5396201610565, 7246.999615192413, 7335.412777423859, 7423.792418003082, 7512.107410669327, 7600.768148422241, 7689.250836133957, 7777.755829572678, 7866.179296970367, 7954.595392227173, 8043.063043355942, 8131.546517133713, 8220.012495040894, 8308.841537237167, 8397.413291692734, 8486.056198835373, 8574.657917261124, 8663.264801979065, 8751.938080072403, 8840.474434375763], "timesteps_eval": [8808, 17642, 26476, 35310, 44144, 52978, 61812, 70646, 79480, 88314, 97148, 105982, 114816, 123650, 132484, 141318, 150152, 158986, 167820, 176654, 185488, 194322, 203156, 211990, 220824, 229658, 238492, 247326, 256160, 264994, 273828, 282662, 291496, 300330, 309164, 317998, 326832, 335666, 344500, 353334, 362168, 371002, 379836, 388670, 397504, 406338, 415172, 424006, 432840, 441674, 450508, 459342, 468176, 477010, 485844, 494678, 503512, 512346, 521180, 530014, 538848, 547682, 556516, 565350, 574184, 583018, 591852, 600686, 609520, 618354, 627188, 636022, 644856, 653690, 662524, 671358, 680192, 689026, 697860, 706694, 715528, 724362, 733196, 742030, 750864, 759698, 768532, 777366, 786200, 795034, 803868, 812702, 821536, 830370, 839204, 848038, 856872, 865706, 874540, 883374],