{"gamma": 0.95, "learning_rate": -5, "clip": 0.2, "returns_eval": [0.0, 0.0, 0.0, 0.0, 0.0, 0.1, 0.1, 10.1, 17.6, 18.7, 18.7, 18.7, 18.7, 13.0, 18.7, 18.7, 13.0, 18.7, 16.1, 18.7, 21.4, 19.3, 13.0, 23.3, 13.0, 17.7, 21.1, 22.8, 22.6, 24.1, 27.6, 51.9, 49.0, 59.2, 68.9, 63.7, 61.6, 76.4, 64.1, 66.8, 75.4, 76.9, 59.3, 73.9, 73.0, 73.8, 73.2, 80.5, 76.3, 59.1, 67.9, 72.0, 65.0, 73.2, 89.1, 85.5, 85.0, 99.7, 86.9, 88.3, 85.2, 107.1, 104.4, 95.9, 86.3, 104.9, 92.5, 101.3, 106.3, 102.4, 115.0, 108.6, 101.8, 107.9, 109.5, 105.9, 125.6, 103.6, 110.5, 105.4, 109.5, 116.0, 115.3, 104.5, 118.1, 101.5, 102.7, 110.9, 100.8, 109.8, 100.9, 109.5, 100.5, 115.6, 113.3, 115.8, 114.7, 107.1, 115.4, 113.2], "std_returns_eval": [0.0, 0.0, 0.0, 0.0, 0.0, 0.30000000000000004, 0.30000000000000004, 8.768694315575154, 11.297787393998881, 9.940321926376429, 9.940321926376429, 9.940321926376429, 9.940321926376429, 6.648308055437865, 9.940321926376429, 9.940321926376429, 6.648308055437865, 9.940321926376429, 7.98060148109151, 9.940321926376429, 9.830564581955606, 11.849472562101658, 6.648308055437865, 10.714942836991712, 6.648308055437865, 6.512296062065975, 11.810588469674151, 10.283968105745954, 10.121264743103996, 12.11981848048889, 12.167168939404105, 21.191743675309024, 12.625371281669304, 15.516442891333053, 26.04400122868988, 24.795362469623225, 18.37498299318941, 19.048359509417075, 28.00874863323958, 29.30460714631745, 21.209431864149497, 22.23713110992513, 27.767066823847276, 23.788442571971796, 17.435595774162696, 21.14615804348393, 31.102411482070004, 30.21340761979688, 35.151244643682254, 28.786976221895898, 25.828085488475526, 22.387496510329154, 24.551985663078252, 24.37539743265738, 19.765879692034957, 24.487752040561013, 26.884940022250372, 16.775279431353745, 28.7, 23.430962421548116, 21.14142852316276, 16.00905993492435, 22.830681111171433, 13.758270240113763, 27.37900655611887, 15.539948519863252, 21.717504460687927, 18.915866356051474, 16.02529250903084, 21.560148422494684, 8.79772697916911, 13.402984742213205, 17.045820602130014, 15.744522857171633, 15.298692754611421, 26.931208662070855, 14.458215657542254, 14.312232530251874, 15.724185193516387, 13.566134305689296, 11.918473056562238, 16.291101865742537, 14.40867794074113, 24.69109151090733, 11.40570032922135, 27.767787092240532, 14.205984654363105, 16.807438829280326, 20.448960853794013, 20.409801566894277, 20.820422666218857, 11.020435563080072, 22.21823575354263, 15.344054223053305, 17.9502089124333, 18.340119955987202, 13.55027674994131, 18.742731924668828, 19.71395444856257, 12.081390648431166], "timestamps_eval": [92.32404327392578, 178.33224034309387, 264.46245217323303, 350.301052570343, 436.1185555458069, 521.8675796985626, 608.2264950275421, 694.821624994278, 780.7383282184601, 867.521023273468, 953.8409533500671, 1040.467464208603, 1126.8810367584229, 1212.8704421520233, 1298.686326265335, 1384.9114048480988, 1470.9281017780304, 1557.1543562412262, 1643.0636024475098, 1728.9874374866486, 1815.2529928684235, 1901.573387145996, 1987.6004474163055, 2073.3489713668823, 2159.354952812195, 2245.962384700775, 2331.9227628707886, 2418.0275118350983, 2503.972989320755, 2590.150878429413, 2676.4584369659424, 2762.488049507141, 2848.3454842567444, 2934.3800082206726, 3020.759226322174, 3106.9187726974487, 3192.8264548778534, 3278.7335941791534, 3364.4618878364563, 3450.471855401993, 3536.5254139900208, 3622.991288661957, 3709.7448115348816, 3795.7569856643677, 3881.7165310382843, 3968.011160850525, 4054.642340183258, 4140.7866468429565, 4226.654594898224, 4312.734087467194, 4398.7817006111145, 4485.549070596695, 4571.477690219879, 4657.617681503296, 4743.536276817322, 4829.897884845734, 4916.246675014496, 5002.296430587769, 5088.180546283722, 5174.039016723633, 5260.402529716492, 5346.936018943787, 5433.324241399765, 5519.9060208797455, 5606.346303701401, 5692.7351014614105, 5779.066192150116, 5865.346424818039, 5951.790408849716, 6038.318143367767, 6124.616252422333, 6211.02136516571, 6297.227411031723, 6383.630481481552, 6469.865717172623, 6556.306430101395, 6642.62313079834, 6728.9280042648315, 6815.174339532852, 6901.5899403095245, 6987.885063648224, 7074.275179386139, 7160.627220153809, 7246.960005521774, 7333.2873730659485, 7419.674392223358, 7506.084763288498, 7592.537338018417, 7678.933825492859, 7765.202527284622, 7851.671431779861, 7937.81005358696, 8023.99560546875, 8110.073621511459, 8195.973515748978, 8281.970212936401, 8368.034989118576, 8453.913667201996, 8539.817880630493, 8625.801934719086], "timesteps_eval": [8808, 17642, 26476, 35310, 44144, 52978, 61812, 70646, 79480, 88314, 97148, 105982, 114816, 123650, 132484, 141318, 150152, 158986, 167820, 176654, 185488, 194322, 203156, 211990, 220824, 229658, 238492, 247326, 256160, 264994, 273828, 282662, 291496, 300330, 309164, 317998, 326832, 335666, 344500, 353334, 362168, 371002, 379836, 388670, 397504, 406338, 415172, 424006, 432840, 441674, 450508, 459342, 468176, 477010, 485844, 494678, 503512, 512346, 521180, 530014, 538848, 547682, 556516, 565350, 574184, 583018, 591852, 600686, 609520, 618354, 627188, 636022, 644856, 653690, 662524, 671358, 680192, 689026, 697860, 706694, 715528, 724362, 733196, 742030, 750864, 759698, 768532, 777366, 786200, 795034, 803868, 812702, 821536, 830370, 839204, 848038, 856872, 865706, 874540, 883374],