{"gamma": [0.95, 0.98, 0.99], "learning_rate": [-3, -5, -4], "returns_eval": [0.5, 0.3, 0.1, 0.7, 1.1, 0.2, 1.0, 2.0, 2.4, 6.4, 8.9, 16.2, 27.9, 29.0, 25.9, 25.3, 23.4, 39.1, 42.5, 41.8, 29.6, 36.4, 36.4, 46.6, 26.8, 42.2, 46.0, 45.1, 40.8, 37.2, 45.1, 46.4, 50.9, 46.5, 55.6, 66.5, 66.7, 60.7, 63.7, 79.7, 69.2, 77.4, 70.1, 88.3, 89.1, 87.1, 84.1, 87.5, 98.5, 96.0, 82.7, 94.4, 93.9, 91.6, 84.4, 95.5, 97.5, 87.9, 102.4, 92.2, 96.9, 108.7, 98.0, 99.8, 92.8, 91.3, 100.6, 105.3, 103.1, 94.0, 98.8, 88.7, 94.2, 87.8, 97.4, 91.5, 93.4, 89.7, 92.8, 96.0, 92.5, 92.0, 90.7, 93.1, 83.9, 90.8, 91.9, 92.5, 86.0, 83.1, 90.1, 89.1, 92.1, 88.1, 93.0, 91.3, 89.8, 91.3, 84.3, 89.7], "std_returns_eval": [1.02469507659596, 0.9000000000000001, 0.30000000000000004, 1.268857754044952, 1.9209372712298547, 0.4000000000000001, 2.6832815729997477, 2.1908902300206643, 3.006659275674582, 8.627861844049198, 6.876772498781678, 15.230233090796741, 16.00281225285106, 15.504837954651444, 14.962954253756175, 12.345444503945574, 10.190191362285598, 9.7, 19.298963702748395, 12.073110618229256, 15.951175505272332, 14.150618361046984, 12.595237195067032, 11.368377192897851, 13.422369388450015, 10.057832768544126, 15.80506248010428, 21.201179212487215, 21.27815781499893, 8.423775875461075, 15.60416611036937, 13.432795688165587, 13.902877400020472, 15.081445554057476, 15.66014048468276, 23.290556025994743, 16.395426191471817, 20.72221030681814, 17.447349368886954, 12.89224573144648, 17.24992753607968, 13.116401945655676, 22.402901597784158, 15.741982086128797, 9.7205966895042, 26.04784060147789, 10.830050784737807, 20.896171898220974, 10.423531071570709, 12.312595177297109, 16.60150595578606, 13.57350360076572, 12.348684140425652, 17.8, 12.68227108999015, 18.331666590902202, 18.298907071188705, 17.090640713560155, 9.189124006128115, 21.655484293822663, 11.237882362794158, 6.957729514719582, 10.363397126425292, 17.336666346215466, 16.33278910657944, 21.748793069961376, 20.352886773133683, 14.560563175921459, 9.470480452437458, 10.862780491200215, 7.846018098373213, 13.468852957843145, 11.04355015382282, 16.539649331228276, 9.941830817309254, 9.08019823572151, 11.119352499134111, 16.970857373745147, 13.592645070036959, 2.9664793948382653, 6.697014260101288, 7.155417527999327, 7.836453279386026, 3.477067730142742, 8.83685464404615, 8.364209466530594, 6.441273166075166, 4.410215414239989, 13.863621460498695, 7.980601481091511, 4.3920382511995495, 5.838664230798, 6.472248450113762, 5.028916384272063, 3.63318042491699, 7.443789357578572, 6.063002556489648, 4.495553358597805, 14.97364351118324, 3.6891733491393435], "timestamps_eval": [88.5971827507019, 175.3105022907257, 262.06968665122986, 348.9262704849243, 435.76131439208984, 522.6390960216522, 609.6203036308289, 696.734372138977, 783.9653284549713, 871.277334690094, 958.6534471511841, 1046.1023678779602, 1133.5859208106995, 1221.1763010025024, 1308.644472360611, 1396.2656879425049, 1483.8122215270996, 1571.2599840164185, 1658.8379380702972, 1746.4718549251556, 1833.9356491565704, 1921.29692029953, 2008.6832950115204, 2096.7884442806244, 2184.2400488853455, 2271.5596013069153, 2358.8240084648132, 2446.1629071235657, 2533.4428358078003, 2620.7130949497223, 2708.0448067188263, 2795.3188524246216, 2882.5580751895905, 2969.8917577266693, 3057.2938737869263, 3144.7977726459503, 3232.230961084366, 3319.5434341430664, 3406.8546261787415, 3494.3941266536713, 3581.831159353256, 3669.322339773178, 3756.617550611496, 3844.1247527599335, 3931.4786763191223, 4019.0091586112976, 4106.467096328735, 4193.843058586121, 4281.228182792664, 4368.629925966263, 4456.011704444885, 4543.5540289878845, 4630.903631210327, 4718.382076025009, 4805.674991130829, 4893.263439178467, 4980.740252494812, 5068.332225084305, 5155.750836849213, 5243.302706480026, 5330.671052694321, 5418.141461610794, 5505.703499794006, 5593.2294998168945, 5680.68027472496, 5768.184444189072, 5855.597313404083, 5943.340870380402, 6031.677269697189, 6119.105384588242, 6206.505504131317, 6293.864979505539, 6381.483686208725, 6468.964036941528, 6556.353994369507, 6643.719031333923, 6731.185657978058, 6818.55556344986, 6906.023049354553, 6994.249305963516, 7081.710216522217, 7169.005598068237, 7256.474314451218, 7343.804806947708, 7431.267335176468, 7518.755984067917, 7606.258418083191, 7693.7417159080505, 7781.132796764374, 7868.578973054886, 7955.980382204056, 8043.332963705063, 8130.732759237289, 8218.244465351105, 8305.658863306046, 8393.38887476921, 8480.94266819954, 8568.511239051819, 8656.213838338852, 8743.65035367012], "timesteps_eval": [8804, 17635, 26466, 35297, 44128, 52959, 61790, 70621, 79452, 88283, 97114, 105945, 114776, 123607, 132438, 141269, 150100, 158931, 167762, 176593, 185424, 194255, 203086, 211917, 220748, 229579, 238410, 247241, 256072, 264903, 273734, 282565, 291396, 300227, 309058, 317889, 326720, 335551, 344382, 353213, 362044, 370875, 379706, 388537, 397368, 406199, 415030, 423861, 432692, 441523, 450354, 459185, 468016, 476847, 485678, 494509, 503340, 512171, 521002, 529833, 538664, 547495, 556326, 565157, 573988, 582819, 591650, 600481, 609312, 618143, 626974, 635805, 644636, 653467, 662298, 671129, 679960, 688791, 697622, 706453, 715284, 724115, 732946, 741777, 750608, 759439, 768270, 777101, 785932, 794763, 803594, 812425, 821256, 830087, 838918, 847749, 856580, 865411, 874242, 883073],