{"gamma": 0.8, "learning_rate": -5, "clip": 0.4, "returns_eval": [0.0, 4.7, 0.1, 5.5, 4.4, 0.5, 8.3, 16.1, 26.9, 28.4, 28.7, 18.2, 31.3, 58.1, 42.8, 57.7, 42.7, 65.3, 86.9, 93.5, 88.8, 95.0, 80.9, 69.1, 70.1, 67.2, 77.0, 76.6, 81.5, 83.3, 80.1, 87.1, 88.2, 84.9, 85.9, 99.5, 88.2, 78.3, 93.7, 93.2, 70.9, 93.2, 73.6, 94.7, 87.9, 80.3, 84.2, 97.0, 87.6, 99.7, 92.3, 103.4, 93.3, 105.6, 95.4, 106.1, 87.9, 81.1, 95.4, 91.8, 93.2, 93.9, 109.1, 100.8, 85.4, 103.3, 95.3, 98.8, 100.0, 97.1, 103.0, 104.4, 94.9, 95.3, 96.8, 100.9, 92.9, 99.3, 93.3, 88.9, 91.3, 102.5, 102.2, 99.3, 107.0, 114.2, 122.5, 115.9, 109.9, 116.7, 121.7, 121.5, 124.7, 121.4, 120.3, 129.4, 129.7, 128.2, 122.9, 118.7], "std_returns_eval": [0.0, 5.060632371551998, 0.30000000000000004, 5.315072906367325, 5.885575587824865, 0.9219544457292888, 8.602906485601249, 8.94930164873215, 22.30896680709351, 11.403508232118746, 24.281886252925243, 13.013838787997953, 19.93514484522247, 21.304694318389082, 21.939917957914062, 21.601157376399996, 16.24222891108237, 23.5968218198977, 18.587361297397756, 16.07638018958248, 22.56014184352572, 23.082460874005612, 23.402777612924496, 31.740982971546426, 23.47956558371556, 16.666133324799727, 14.879516121164693, 19.345283662949996, 18.26061335223984, 18.729922583929707, 24.33289953951234, 13.721880337621371, 16.886681142249355, 16.464810961562844, 19.947180251855148, 14.03744991086344, 21.36726468221892, 26.818090908936824, 27.550136115816198, 16.630093204789922, 18.630351580150062, 9.14111590562115, 29.823480682173905, 19.687813489567603, 24.869459181896175, 25.27864711569826, 24.778216239269526, 19.115438786488788, 25.472337937456786, 17.05315220127939, 6.885491994040804, 18.95362762111781, 16.799107119129875, 15.067846561469892, 27.97927804644001, 20.839625716408634, 22.527538702663456, 19.796211758818906, 15.4220621189256, 26.74995327098722, 19.76765034089788, 13.156367279762298, 19.05492062434268, 22.33741256278354, 21.518364250100422, 22.239829136034295, 13.601838111078958, 26.83952309561405, 22.342784070030305, 18.305463665255793, 19.078784028338912, 11.46472851837321, 19.871839371331482, 24.302469010370118, 23.03822909860912, 21.938322634148673, 24.508977946866736, 11.393419153177856, 13.334541611919024, 14.71359915180511, 18.868227261722282, 19.6837496427891, 16.252999723128035, 19.1, 9.664367542679656, 11.872657663724663, 21.317832910500073, 10.7, 7.98060148109151, 11.967038062946068, 10.139526616169022, 12.36325199937298, 17.692088627406317, 17.962182495454165, 14.588008774332431, 22.01454064930722, 16.613548687742785, 14.406942770761603, 18.77471704180918, 16.02529250903084], "timestamps_eval": [87.47327136993408, 172.67886233329773, 258.0347330570221, 343.4044978618622, 429.22011399269104, 514.9196031093597, 600.3640775680542, 685.9661581516266, 771.5409133434296, 857.0669801235199, 943.1176273822784, 1028.6171810626984, 1114.0963797569275, 1199.4044604301453, 1285.0224883556366, 1370.6477584838867, 1456.273122549057, 1541.8610513210297, 1627.2995266914368, 1712.923481464386, 1798.4763507843018, 1883.9578609466553, 1969.4466173648834, 2055.0492930412292, 2140.6592955589294, 2226.1986451148987, 2311.7465913295746, 2397.135948419571, 2482.5905561447144, 2568.2202343940735, 2653.6994817256927, 2739.3463566303253, 2824.9219534397125, 2910.497159719467, 2995.936825990677, 3081.6657848358154, 3167.2657041549683, 3253.0669066905975, 3338.5789155960083, 3424.2157270908356, 3509.7694840431213, 3596.2785544395447, 3681.946653366089, 3767.503273487091, 3853.0100045204163, 3938.5184457302094, 4024.1742391586304, 4109.725464344025, 4195.4535167217255, 4281.203572034836, 4367.035016536713, 4452.632323265076, 4538.355852603912, 4624.011639118195, 4709.660409927368, 4795.334858417511, 4880.971282243729, 4966.734886646271, 5052.334963560104, 5138.254764318466, 5223.905128479004, 5309.518454551697, 5395.286383390427, 5480.839646100998, 5566.509188652039, 5652.095167160034, 5737.802241563797, 5823.444288492203, 5909.178113460541, 5994.861475467682, 6080.530652523041, 6166.077702283859, 6251.969944238663, 6337.605506896973, 6423.305483818054, 6509.086104393005, 6594.698716163635, 6680.3949382305145, 6765.9376912117, 6851.775623559952, 6937.48868560791, 7023.337465763092, 7109.135281562805, 7194.941908121109, 7280.64662194252, 7366.562414884567, 7452.254677295685, 7538.208226919174, 7623.8877902030945, 7709.498784542084, 7795.13764333725, 7880.695711135864, 7966.499956846237, 8052.271438121796, 8138.039304733276, 8223.621726036072, 8309.316613197327, 8394.94713973999, 8480.61056637764, 8566.227674484253], "timesteps_eval": [8802, 17640, 26478, 35316, 44154, 52992, 61830, 70668, 79506, 88344, 97182, 106020, 114858, 123696, 132534, 141372, 150210, 159048, 167886, 176724, 185562, 194400, 203238, 212076, 220914, 229752, 238590, 247428, 256266, 265104, 273942, 282780, 291618, 300456, 309294, 318132, 326970, 335808, 344646, 353484, 362322, 371160, 379998, 388836, 397674, 406512, 415350, 424188, 433026, 441864, 450702, 459540, 468378, 477216, 486054, 494892, 503730, 512568, 521406, 530244, 539082, 547920, 556758, 565596, 574434, 583272, 592110, 600948, 609786, 618624, 627462, 636300, 645138, 653976, 662814, 671652, 680490, 689328, 698166, 707004, 715842, 724680, 733518, 742356, 751194, 760032, 768870, 777708, 786546, 795384, 804222, 813060, 821898, 830736, 839574, 848412, 857250, 866088, 874926, 883764],