{"gamma": [0.99, 0.95, 0.95], "learning_rate": [-5, -3, -5], "returns_eval": [3.4, 9.5, 9.2, 7.6, 13.7, 16.7, 12.2, 12.2, 12.2, 12.2, 12.5, 19.6, 19.6, 19.6, 19.6, 19.6, 19.6, 19.6, 17.2, 12.2, 12.2, 12.2, 12.2, 12.2, 12.2, 25.7, 12.2, 19.0, 12.2, 12.2, 13.8, 12.6, 13.6, 24.4, 23.3, 26.8, 65.1, 77.9, 69.2, 80.0, 54.9, 88.1, 90.0, 91.7, 77.5, 79.7, 80.6, 81.0, 81.0, 86.4, 58.3, 82.8, 73.9, 55.8, 66.4, 52.3, 60.5, 53.6, 40.8, 34.6, 36.5, 48.1, 49.7, 47.9, 64.4, 64.5, 66.6, 75.2, 76.7, 80.1, 90.7, 93.3, 93.8, 102.4, 101.1, 96.0, 100.7, 111.3, 110.9, 111.0, 112.5, 116.2, 116.0, 133.9, 125.5, 124.8, 129.8, 121.8, 118.7, 129.5, 133.5, 133.6, 134.3, 144.8, 141.7, 136.7, 142.5, 141.9, 137.2, 147.7], "std_returns_eval": [2.3748684174075834, 7.242237223399963, 7.180529228406497, 5.257375771237966, 11.144954015158609, 11.419719786404569, 7.56042326857432, 7.56042326857432, 7.56042326857432, 7.56042326857432, 7.486654793697917, 9.8812954616285, 9.8812954616285, 9.8812954616285, 9.8812954616285, 9.8812954616285, 9.8812954616285, 9.8812954616285, 11.496086290559932, 7.56042326857432, 7.56042326857432, 7.56042326857432, 7.56042326857432, 7.56042326857432, 7.56042326857432, 15.855913723276876, 7.56042326857432, 8.933084573650918, 7.56042326857432, 7.56042326857432, 10.077698149875298, 7.977468270071653, 8.799999999999999, 12.41933975700802, 11.463420083029323, 12.424169992397884, 20.56915165970634, 31.564061842544916, 17.853851125177446, 20.518284528683193, 20.3, 14.942891286494726, 12.712198865656562, 12.696850003051937, 14.486200329969208, 19.328993765843062, 17.00117642988273, 17.15225932639779, 16.425589791541732, 10.678951259369995, 13.711673858431727, 25.11095378515121, 19.90703393275854, 12.188519188154071, 20.397058611476314, 11.645170672858342, 21.850629281556174, 23.950782868207042, 6.779380502671317, 10.947145746723207, 6.917369442208505, 18.880942773071475, 14.064494303031303, 18.217848391069676, 16.68652150689292, 19.069609330030858, 15.054567413247051, 22.36872817126624, 21.817653402692052, 19.75575865412412, 18.952836199366043, 9.685556256612212, 19.87863174365882, 12.563439019631527, 22.31344885937627, 23.443549219348167, 10.696261028976433, 14.676852523616908, 15.591343752223539, 12.953763931769021, 18.82684253931073, 10.313098467482991, 17.314733610425545, 20.363938715287865, 18.101104938649463, 13.854963009694396, 14.6, 21.590738755308955, 17.877639665235453, 21.341274563624356, 20.00124996093994, 13.373107342723305, 19.010786411929413, 28.829845646482394, 18.050207755037057, 23.744683615495912, 8.309632964216892, 13.125928538583471, 12.843675486401857, 16.075136080294936], "timestamps_eval": [89.11570620536804, 178.89900469779968, 266.6126272678375, 352.8168637752533, 438.7528250217438, 524.8355338573456, 610.8002707958221, 696.8474748134613, 783.6770181655884, 869.6042244434357, 955.6210298538208, 1041.6421482563019, 1127.7286171913147, 1213.7098541259766, 1299.7784905433655, 1385.8605151176453, 1471.8520157337189, 1558.0631716251373, 1644.0828247070312, 1730.0778985023499, 1816.004738330841, 1902.0181767940521, 1987.8904025554657, 2073.9510588645935, 2159.8827345371246, 2245.8534412384033, 2331.8624124526978, 2417.8997530937195, 2504.6543624401093, 2590.6714565753937, 2678.2272894382477, 2764.3117396831512, 2850.9127497673035, 2936.907573223114, 3023.690747022629, 3109.5549342632294, 3195.65461230278, 3281.67498254776, 3367.7496359348297, 3453.8588361740112, 3539.890200853348, 3626.699385404587, 3712.7975006103516, 3798.7354459762573, 3884.8270242214203, 3970.8934123516083, 4057.0972635746, 4143.194638967514, 4229.41174030304, 4315.668087482452, 4401.950900793076, 4488.094655513763, 4574.220988750458, 4660.386930704117, 4746.555891990662, 4832.8279395103455, 4918.869539260864, 5005.035082101822, 5091.091636896133, 5177.328102827072, 5263.264230489731, 5349.261209487915, 5435.2002947330475, 5521.360928058624, 5607.490672588348, 5693.628775835037, 5780.360020875931, 5866.4797439575195, 5952.765228271484, 6038.812155723572, 6124.978087902069, 6211.1265115737915, 6297.252345323563, 6383.437395811081, 6469.686139345169, 6555.817902088165, 6641.911417245865, 6728.197241306305, 6814.654246330261, 6900.808692932129, 6986.996727466583, 7073.340003490448, 7159.722712993622, 7245.98611164093, 7332.1993453502655, 7418.330146074295, 7504.741792201996, 7591.006767749786, 7677.282389640808, 7763.551451444626, 7849.676610469818, 7935.884016275406, 8022.011368751526, 8108.263276100159, 8195.163003921509, 8281.319101333618, 8367.503826379776, 8453.724389076233, 8539.936805725098, 8625.98484134674], "timesteps_eval": [8805, 17638, 26471, 35304, 44137, 52970, 61803, 70636, 79469, 88302, 97135, 105968, 114801, 123634, 132467, 141300, 150133, 158966, 167799, 176632, 185465, 194298, 203131, 211964, 220797, 229630, 238463, 247296, 256129, 264962, 273795, 282628, 291461, 300294, 309127, 317960, 326793, 335626, 344459, 353292, 362125, 370958, 379791, 388624, 397457, 406290, 415123, 423956, 432789, 441622, 450455, 459288, 468121, 476954, 485787, 494620, 503453, 512286, 521119, 529952, 538785, 547618, 556451, 565284, 574117, 582950, 591783, 600616, 609449, 618282, 627115, 635948, 644781, 653614, 662447, 671280, 680113, 688946, 697779, 706612, 715445, 724278, 733111, 741944, 750777, 759610, 768443, 777276, 786109, 794942, 803775, 812608, 821441, 830274, 839107, 847940, 856773, 865606, 874439, 883272],