{"gamma": [0.99, 0.99, 0.99], "learning_rate": [-3, -3, -3], "returns_eval": [0.4, 0.0, 0.0, 0.0, 0.1, 0.0, 1.5, 0.5, 1.5, 0.2, 0.9, 2.0, 1.6, 3.3, 4.8, 1.6, 3.7, 6.0, 9.2, 10.2, 7.1, 9.7, 11.1, 12.9, 6.4, 6.1, 9.4, 7.6, 11.0, 7.8, 6.0, 3.9, 7.3, 5.5, 4.3, 2.9, 4.0, 3.2, 4.9, 4.5, 4.1, 4.3, 3.3, 3.8, 6.2, 5.3, 3.9, 4.4, 4.3, 6.3, 3.9, 3.6, 4.3, 4.9, 4.6, 5.8, 5.7, 7.3, 6.3, 8.1, 6.5, 5.8, 5.2, 4.6, 5.2, 3.7, 3.9, 5.5, 5.7, 5.1, 3.4, 3.4, 5.9, 6.5, 6.6, 4.3, 7.7, 1.4, 2.6, 1.5, 1.6, 2.4, 2.5, 3.8, 2.4, 3.9, 4.1, 6.9, 6.7, 6.2, 8.0, 5.2, 6.4, 5.8, 4.0, 3.8, 4.3, 2.9, 5.6, 6.6], "std_returns_eval": [0.9165151389911681, 0.0, 0.0, 0.0, 0.30000000000000004, 0.0, 3.2015621187164243, 1.02469507659596, 1.857417562100671, 0.4000000000000001, 2.118962010041709, 3.794733192202055, 3.2619012860600183, 3.4942810419312296, 5.81033561853358, 2.0591260281974, 2.451530134426253, 5.440588203494177, 3.682390527904394, 10.759182125050211, 6.410148204214938, 6.664082832618454, 6.456779382943171, 7.555792479945436, 5.257375771237966, 5.52177507691141, 8.627861844049198, 5.3516352641038605, 8.62554346113913, 4.237924020083418, 3.9496835316262997, 3.269556544854363, 4.605431575867782, 6.216912416947821, 3.034798181098704, 2.662705391138869, 2.569046515733026, 2.08806130178211, 3.0805843601498726, 2.9748949561287032, 3.047950130825634, 2.193171219946131, 2.0999999999999996, 1.9390719429665317, 3.6823905279043943, 2.794637722496424, 3.562302626111375, 4.24735211631906, 3.7429934544425802, 2.794637722496424, 2.1656407827707715, 2.009975124224178, 2.8301943396169813, 4.346262762420146, 3.4409301068170506, 3.1559467676119, 3.716180835212409, 3.716180835212409, 2.9, 4.968903299521938, 4.295346318982906, 3.867815921162743, 3.0594117081556713, 3.5832945734337835, 4.069397989875161, 3.950949253027682, 3.8845849199110063, 4.924428900898052, 4.583666654546336, 5.127377497317708, 4.31740662898458, 4.317406628984581, 3.645545226711637, 5.5362442142665635, 5.351635264103861, 4.796873982084583, 7.62954782408499, 2.3748684174075834, 3.7735924528226414, 1.6881943016134133, 2.374868417407584, 2.244994432064365, 3.442382895611701, 3.9446165846632035, 2.416609194718914, 4.592385001282013, 3.7, 5.467174773134658, 5.866003750424986, 6.161168720299745, 4.024922359499621, 2.9597297173897488, 4.1036569057366385, 4.1182520563948, 1.9493588689617927, 2.315167380558045, 3.2264531609803355, 1.8138357147217055, 1.3564659966250536, 2.244994432064365], "timestamps_eval": [95.0720465183258, 186.9605987071991, 279.1846647262573, 371.26126408576965, 463.1360366344452, 555.162002325058, 647.134613275528, 739.3082520961761, 831.6818201541901, 923.6439940929413, 1015.6056597232819, 1107.5372002124786, 1199.460601091385, 1291.6991114616394, 1383.7692086696625, 1475.9843888282776, 1568.1467666625977, 1660.4014999866486, 1752.7659690380096, 1845.078593492508, 1937.3276987075806, 2029.4750709533691, 2121.7023310661316, 2213.7736699581146, 2305.8833792209625, 2398.052954673767, 2490.248665332794, 2582.434703350067, 2674.531655073166, 2766.8716061115265, 2859.2142763137817, 2951.647409915924, 3044.0763387680054, 3136.7066192626953, 3229.0120408535004, 3321.324903011322, 3413.6115443706512, 3505.915214776993, 3598.3110406398773, 3690.603786945343, 3782.8624172210693, 3875.0721139907837, 3967.3400926589966, 4059.5064935684204, 4151.831560373306, 4244.146080732346, 4336.922735929489, 4429.235332250595, 4521.5249099731445, 4613.761093616486, 4705.936698675156, 4798.2641632556915, 4890.592088222504, 4982.847164392471, 5075.046458005905, 5167.281152486801, 5259.448611736298, 5351.667110443115, 5443.840804576874, 5537.091640949249, 5629.299736499786, 5721.635130643845, 5813.933180093765, 5906.328469753265, 5998.674582719803, 6091.003264427185, 6183.470818042755, 6275.845801591873, 6368.28048992157, 6460.697664022446, 6553.245178937912, 6645.5007584095, 6737.904295682907, 6832.531069755554, 6924.89524769783, 7017.34627366066, 7109.806391716003, 7202.253158569336, 7294.543101072311, 7386.877192258835, 7479.104386806488, 7571.426307678223, 7663.723046541214, 7756.037915468216, 7848.3042345047, 7940.570317268372, 8032.783807277679, 8124.988913536072, 8217.199357509613, 8309.437607049942, 8401.651734828949, 8493.806136369705, 8586.021312475204, 8678.135537862778, 8770.311161279678, 8862.42780327797, 8954.633781194687, 9046.884416818619, 9139.066231489182, 9231.137180566788], "timesteps_eval": [8804, 17635, 26466, 35297, 44128, 52959, 61790, 70621, 79452, 88283, 97114, 105945, 114776, 123607, 132438, 141269, 150100, 158931, 167762, 176593, 185424, 194255, 203086, 211917, 220748, 229579, 238410, 247241, 256072, 264903, 273734, 282565, 291396, 300227, 309058, 317889, 326720, 335551, 344382, 353213, 362044, 370875, 379706, 388537, 397368, 406199, 415030, 423861, 432692, 441523, 450354, 459185, 468016, 476847, 485678, 494509, 503340, 512171, 521002, 529833, 538664, 547495, 556326, 565157, 573988, 582819, 591650, 600481, 609312, 618143, 626974, 635805, 644636, 653467, 662298, 671129, 679960, 688791, 697622, 706453, 715284, 724115, 732946, 741777, 750608, 759439, 768270, 777101, 785932, 794763, 803594, 812425, 821256, 830087, 838918, 847749, 856580, 865411, 874242, 883073],