{"gamma": 0.9, "learning_rate": -5, "clip": 0.3, "returns_eval": [0.0, 0.0, 0.1, 0.1, 0.0, 4.4, 6.6, 13.0, 13.0, 13.0, 18.7, 13.0, 13.0, 13.0, 13.0, 13.0, 18.7, 13.0, 13.0, 13.0, 13.0, 13.0, 13.0, 12.9, 18.7, 13.0, 18.7, 18.7, 16.9, 19.2, 32.9, 41.9, 52.2, 52.4, 68.1, 77.0, 79.8, 64.7, 90.5, 76.8, 82.4, 80.2, 79.5, 80.3, 78.0, 87.1, 86.7, 79.4, 90.0, 82.6, 76.6, 76.0, 75.7, 70.4, 75.6, 76.0, 69.7, 68.6, 83.7, 73.4, 70.2, 90.5, 75.4, 86.4, 95.2, 85.0, 86.7, 83.5, 86.8, 89.3, 83.1, 78.3, 103.9, 84.2, 84.1, 87.5, 92.9, 79.5, 84.6, 84.7, 87.1, 96.8, 88.5, 90.8, 95.6, 94.0, 85.1, 84.3, 72.0, 78.7, 84.8, 75.5, 79.5, 85.9, 80.6, 67.0, 90.5, 85.5, 86.4, 89.9], "std_returns_eval": [0.0, 0.0, 0.30000000000000004, 0.30000000000000004, 0.0, 4.294182110716778, 5.388877434122992, 6.648308055437865, 8.613942186943213, 6.648308055437865, 9.940321926376429, 6.648308055437865, 6.648308055437865, 6.648308055437865, 6.648308055437865, 6.648308055437865, 9.940321926376429, 6.648308055437865, 6.648308055437865, 6.648308055437865, 6.648308055437865, 6.648308055437865, 6.648308055437865, 6.949100661236676, 9.940321926376429, 6.648308055437865, 9.940321926376429, 9.940321926376429, 12.493598360760602, 13.287588193498472, 13.397387805090961, 19.57779354268504, 24.770143318115867, 19.749430371532238, 21.39369065869655, 34.81953474703532, 21.59536987411885, 27.546506130542216, 17.867568385205637, 23.92822601030005, 29.14858487131065, 29.43399395257123, 32.93098844553561, 24.38052501485561, 23.099783548769455, 20.00224987345174, 25.28260271411945, 25.51156600446158, 17.504285189632853, 25.761211151652013, 28.274370019507067, 19.778776504121787, 22.145202640752693, 23.37177785278647, 28.524375540929903, 19.276929216034386, 25.215273149422753, 23.169807940507404, 31.51523441131289, 29.863690327888143, 23.137847782367313, 21.091467469097545, 23.88388578100306, 20.81441807978306, 15.367498169838838, 27.477263328068172, 27.561023203067045, 21.83231549790356, 31.67901513620649, 25.04016773106762, 24.582310713193745, 23.375414434828745, 12.283729075488438, 31.06058595712579, 28.637213551601, 18.714967272212903, 12.90310040261642, 29.84375981675231, 16.674531477675767, 24.9, 26.54223050159877, 28.145337091603647, 27.86485241303101, 23.020860105565127, 21.157504578754082, 18.69759342803239, 22.620565863832848, 22.275771591574557, 31.499206339207976, 28.67071676815911, 27.63258945520669, 20.21509337104333, 24.892770034690795, 24.78083937238608, 21.218859535799748, 28.579713084634, 24.66272491027705, 21.233228675827895, 30.003999733368882, 26.79720134640929], "timestamps_eval": [92.40070509910583, 178.31795716285706, 264.2879867553711, 350.0610284805298, 436.006468296051, 522.2360990047455, 608.2234373092651, 694.4008293151855, 780.4658734798431, 866.6290698051453, 952.6873021125793, 1038.6840932369232, 1124.741340637207, 1210.81933426857, 1296.884558916092, 1382.819650888443, 1468.9106369018555, 1555.0098474025726, 1640.9140260219574, 1726.9535796642303, 1813.134243965149, 1899.2090153694153, 1985.273129940033, 2071.140874862671, 2157.0688791275024, 2243.1516366004944, 2329.0996613502502, 2415.17657327652, 2501.0615344047546, 2587.096637248993, 2672.8671844005585, 2758.868330717087, 2844.8731651306152, 2930.836279153824, 3016.815324306488, 3103.0891354084015, 3189.2420194149017, 3275.7407805919647, 3362.037947177887, 3448.3698964118958, 3534.51256608963, 3620.691113471985, 3706.8251700401306, 3793.0483634471893, 3879.0990512371063, 3965.3300230503082, 4051.1706743240356, 4137.126091957092, 4223.07293510437, 4309.23214840889, 4395.28954577446, 4481.174538612366, 4567.21946644783, 4653.319256782532, 4739.447378873825, 4825.449036359787, 4911.357098579407, 4997.501926422119, 5083.46901845932, 5169.461996793747, 5255.522169113159, 5341.548353910446, 5427.740416765213, 5513.975567817688, 5600.148111104965, 5686.307117938995, 5772.535481214523, 5858.658450126648, 5944.834518194199, 6030.880448579788, 6116.940705537796, 6202.973087310791, 6288.933977842331, 6374.985282421112, 6460.768403291702, 6546.782394647598, 6632.813608646393, 6718.975878000259, 6805.0674414634705, 6891.144105911255, 6977.404564857483, 7063.351142406464, 7149.358912944794, 7235.488754272461, 7321.495653867722, 7407.489854097366, 7493.800602674484, 7579.9545545578, 7665.9241502285, 7751.752976179123, 7837.659813404083, 7923.779442310333, 8009.7601437568665, 8095.6575756073, 8181.632559537888, 8267.789594173431, 8353.653644323349, 8439.464917421341, 8525.389901638031, 8611.326457977295], "timesteps_eval": [8808, 17642, 26476, 35310, 44144, 52978, 61812, 70646, 79480, 88314, 97148, 105982, 114816, 123650, 132484, 141318, 150152, 158986, 167820, 176654, 185488, 194322, 203156, 211990, 220824, 229658, 238492, 247326, 256160, 264994, 273828, 282662, 291496, 300330, 309164, 317998, 326832, 335666, 344500, 353334, 362168, 371002, 379836, 388670, 397504, 406338, 415172, 424006, 432840, 441674, 450508, 459342, 468176, 477010, 485844, 494678, 503512, 512346, 521180, 530014, 538848, 547682, 556516, 565350, 574184, 583018, 591852, 600686, 609520, 618354, 627188, 636022, 644856, 653690, 662524, 671358, 680192, 689026, 697860, 706694, 715528, 724362, 733196, 742030, 750864, 759698, 768532, 777366, 786200, 795034, 803868, 812702, 821536, 830370, 839204, 848038, 856872, 865706, 874540, 883374],