{"gamma": [0.95, 0.95, 0.99], "learning_rate": [-3, -4, -4], "returns_eval": [0.1, 0.0, 0.8, 0.0, 1.4, 1.7, 1.1, 2.1, 2.6, 2.2, 12.2, 19.3, 10.2, 13.3, 38.6, 25.9, 42.5, 39.2, 50.7, 51.2, 40.2, 34.8, 29.1, 24.6, 26.9, 29.0, 27.2, 38.8, 39.0, 33.4, 36.8, 38.6, 50.1, 49.2, 44.9, 56.4, 62.1, 61.5, 65.5, 71.1, 72.8, 70.7, 82.2, 74.4, 72.2, 80.5, 89.3, 89.2, 90.3, 92.8, 98.4, 109.1, 100.9, 101.7, 104.8, 108.5, 105.4, 112.6, 104.5, 110.0, 112.6, 111.7, 114.2, 115.9, 110.2, 108.3, 104.1, 98.3, 101.3, 82.8, 89.6, 79.4, 73.4, 66.5, 69.5, 57.2, 69.2, 55.3, 56.9, 49.0, 44.9, 40.8, 36.1, 40.0, 32.7, 33.5, 28.9, 27.5, 30.1, 22.0, 15.7, 23.8, 19.0, 17.9, 17.3, 25.4, 20.1, 9.8, 12.3, 7.2], "std_returns_eval": [0.30000000000000004, 0.0, 2.4000000000000004, 0.0, 2.576819745345025, 3.2572994949804666, 1.7000000000000002, 3.3600595232822887, 3.8000000000000003, 3.370459909270544, 7.922120928135344, 14.085808461000738, 6.4156059729381765, 9.767804256842988, 14.423591785682234, 11.103603018840326, 17.7214559221301, 14.59314907756376, 13.528118864054973, 17.19767426136453, 14.323407415835103, 9.130169768410664, 12.747156545677157, 13.944174410842686, 9.170059977993601, 7.429670248402684, 8.423775875461075, 11.855800268223145, 13.62350909274112, 8.946507698538017, 10.796295661012625, 13.380582946942186, 16.458736281987143, 6.384355879804947, 12.644761761298628, 14.887578715157144, 11.827510304370909, 18.006943105369107, 18.402445489662508, 16.658031096140984, 17.78651174345324, 18.215652609774924, 19.71699774306423, 19.8, 20.444070044880984, 14.03744991086344, 16.27298374607435, 11.574109036984229, 16.32207094703365, 22.094343167426363, 20.279053232338043, 13.456968455042169, 16.336768346279506, 13.453995689013729, 10.225458424931373, 11.10180165558726, 11.377170122662314, 17.539669324134934, 20.553588494469768, 11.260550608207398, 17.573844200970942, 6.067124524847006, 11.115754585272203, 8.74585616163449, 9.162968951164247, 8.013114251026252, 13.148764200486674, 7.430343195303969, 12.977287852244013, 23.476797055816622, 10.00199980003999, 7.102112361825881, 14.616429112474771, 14.603081866510234, 8.80056816347672, 17.485994395515515, 7.236021006050217, 10.247438704378768, 9.071383576941281, 16.06237840420901, 15.965274817553253, 12.944496900227525, 12.565428763078481, 11.242775458044157, 13.023440405668541, 8.99166280506559, 14.4183910336764, 12.451907484397722, 15.241062955056645, 10.392304845413264, 15.614416415607725, 14.864723340849636, 17.81010948871455, 15.423683088030563, 13.364505228402583, 15.311433636338565, 12.848735346328837, 11.98999582985749, 11.95031380341119, 8.109253973085318], "timestamps_eval": [87.95713996887207, 173.51391625404358, 259.0079333782196, 344.7406611442566, 430.42111897468567, 516.0894646644592, 601.7566516399384, 687.6711537837982, 773.4526700973511, 859.3699054718018, 945.4066808223724, 1031.34636759758, 1117.1775562763214, 1203.08593916893, 1288.874521970749, 1374.771291255951, 1460.6943497657776, 1546.736650943756, 1632.7344336509705, 1718.7631859779358, 1804.7525272369385, 1890.7208468914032, 1976.6586446762085, 2062.661992073059, 2148.600963115692, 2234.5150022506714, 2320.369835138321, 2406.4198343753815, 2492.5985612869263, 2578.841741323471, 2665.3680646419525, 2751.431650161743, 2837.5990018844604, 2923.730925321579, 3009.837626218796, 3095.9779188632965, 3182.146896123886, 3268.153578042984, 3354.276682138443, 3440.4623708724976, 3526.5977685451508, 3612.7316749095917, 3699.044904232025, 3785.1184878349304, 3871.1736545562744, 3957.2164409160614, 4043.327328681946, 4129.357435464859, 4215.710941791534, 4301.904478549957, 4388.361072301865, 4474.504864931107, 4560.584924221039, 4646.643797159195, 4732.817770719528, 4818.950378656387, 4905.144348859787, 4991.3807554244995, 5077.606123685837, 5163.745239019394, 5249.99124956131, 5336.06475186348, 5422.334414482117, 5508.632632493973, 5595.530814647675, 5681.60867357254, 5767.833429574966, 5853.980354309082, 5940.130256414413, 6027.146609306335, 6113.194221496582, 6199.356257200241, 6285.550664901733, 6371.812917232513, 6458.224411010742, 6544.524515628815, 6630.693358182907, 6716.779033660889, 6802.803391218185, 6888.981365680695, 6975.124869823456, 7061.145460605621, 7147.176916837692, 7233.150847673416, 7319.321185827255, 7405.289286136627, 7491.337282180786, 7577.399565219879, 7663.49072265625, 7749.4779279232025, 7835.503161907196, 7921.553004980087, 8007.729167938232, 8093.857568264008, 8179.914444923401, 8266.257704257965, 8352.450783014297, 8438.405301809311, 8524.43491435051, 8610.343817949295], "timesteps_eval": [8805, 17638, 26471, 35304, 44137, 52970, 61803, 70636, 79469, 88302, 97135, 105968, 114801, 123634, 132467, 141300, 150133, 158966, 167799, 176632, 185465, 194298, 203131, 211964, 220797, 229630, 238463, 247296, 256129, 264962, 273795, 282628, 291461, 300294, 309127, 317960, 326793, 335626, 344459, 353292, 362125, 370958, 379791, 388624, 397457, 406290, 415123, 423956, 432789, 441622, 450455, 459288, 468121, 476954, 485787, 494620, 503453, 512286, 521119, 529952, 538785, 547618, 556451, 565284, 574117, 582950, 591783, 600616, 609449, 618282, 627115, 635948, 644781, 653614, 662447, 671280, 680113, 688946, 697779, 706612, 715445, 724278, 733111, 741944, 750777, 759610, 768443, 777276, 786109, 794942, 803775, 812608, 821441, 830274, 839107, 847940, 856773, 865606, 874439, 883272],