{"gamma": [0.98, 0.99, 0.95], "learning_rate": [-3, -4, -4], "returns_eval": [0.0, 0.0, 0.0, 0.2, 0.4, 0.7, 3.9, 7.7, 9.7, 7.4, 6.7, 8.1, 9.6, 9.9, 12.7, 11.5, 21.6, 14.5, 14.6, 13.4, 9.2, 12.4, 10.2, 8.3, 11.3, 7.0, 16.5, 14.9, 16.6, 20.5, 19.0, 11.9, 18.7, 27.6, 26.3, 21.1, 24.9, 25.4, 23.4, 21.2, 22.8, 22.0, 22.3, 30.0, 32.6, 35.3, 30.9, 31.8, 36.9, 29.2, 25.6, 32.7, 37.1, 38.1, 31.6, 37.6, 39.0, 33.2, 34.0, 37.8, 37.1, 43.6, 41.2, 52.5, 59.2, 53.9, 48.0, 61.6, 51.6, 74.3, 67.9, 72.1, 66.5, 62.5, 69.8, 66.9, 82.5, 69.3, 80.1, 77.3, 70.8, 84.7, 82.3, 90.5, 96.0, 97.2, 102.6, 98.7, 100.3, 101.7, 100.3, 100.8, 105.5, 106.5, 106.2, 114.3, 119.4, 127.4, 116.9, 119.9], "std_returns_eval": [0.0, 0.0, 0.0, 0.4000000000000001, 0.9165151389911681, 1.552417469626002, 5.61159513863928, 6.797793759742936, 8.1, 4.5431266766402185, 4.001249804748512, 9.093404203047392, 4.862098312457287, 6.549045732013177, 7.975587752636166, 6.232976816898969, 9.254188241007421, 9.372833082905082, 9.58331884056875, 6.053098380168622, 5.173006862551025, 6.770524351924303, 6.539113089708726, 4.290687590584986, 6.000833275471, 4.449719092257398, 9.297849213662266, 11.605602095539895, 10.864621484432856, 10.052362906302179, 7.3484692283495345, 5.262128846769148, 12.133012816279393, 9.728309205612248, 9.560857702110203, 8.870738413458037, 12.316249429107872, 9.28654941299512, 9.112628599915615, 10.244998779892558, 9.14111590562115, 10.237187113655782, 9.737042672187487, 11.764352935882194, 11.385956261992227, 8.1, 8.722958213817146, 9.260669522232181, 10.783784122468328, 10.303397497913007, 9.92169340384997, 10.30582359639442, 9.38562730988185, 10.280564186852782, 10.919706955774958, 14.53409783921933, 12.915107432770352, 18.054362353736007, 10.315037566582102, 15.651198037211081, 15.87734234687909, 11.48216007552586, 11.93984924527944, 15.094701056993477, 14.232357499725756, 21.23887944313447, 9.16515138991168, 17.978876494375278, 14.705101155721438, 18.831091311976586, 23.72108766477625, 18.069034285207387, 13.551752654177244, 14.136831328130077, 13.059862173851606, 23.817850448770564, 13.97318861248212, 11.419719786404569, 20.092038224132462, 18.937000818503442, 18.318296864064628, 15.918856742869446, 15.7165517846632, 8.834591105421914, 10.526157893552615, 11.267652816802618, 12.674383614203888, 14.121260566960727, 16.468454693747073, 27.051986988019937, 14.886571129712845, 10.934349546269317, 17.258331321422705, 9.73909646733207, 10.979981785048645, 6.827151675479314, 19.556073225471415, 8.2365041127896, 18.223336686787082, 16.747835681066373], "timestamps_eval": [88.16638159751892, 173.6118175983429, 259.0391194820404, 344.6904377937317, 430.34402441978455, 515.8631756305695, 601.4262499809265, 687.2258479595184, 773.1022169589996, 858.9996507167816, 944.9009470939636, 1030.8309321403503, 1117.0526130199432, 1202.9603102207184, 1289.0462427139282, 1375.09672665596, 1461.1576781272888, 1547.2069146633148, 1634.0470020771027, 1720.052963733673, 1806.2116940021515, 1892.2394258975983, 1978.4010672569275, 2064.3874752521515, 2150.217097043991, 2236.0149397850037, 2321.826590538025, 2407.677141189575, 2493.718396425247, 2579.6651709079742, 2665.592295885086, 2751.621822118759, 2837.7862632274628, 2923.999559879303, 3009.902168273926, 3095.8021483421326, 3181.731349468231, 3267.772723674774, 3353.6689999103546, 3439.563935995102, 3525.5496501922607, 3611.5887322425842, 3697.4269013404846, 3783.421282052994, 3869.422792673111, 3955.325657606125, 4041.2520010471344, 4127.1431341171265, 4213.055939435959, 4299.083406925201, 4385.919970989227, 4471.836377859116, 4557.863598108292, 4643.910983085632, 4729.995913267136, 4815.962754487991, 4902.026850700378, 4987.971572160721, 5073.850672006607, 5159.852374792099, 5246.076354265213, 5332.246915578842, 5418.3452298641205, 5504.408014535904, 5590.359136343002, 5676.37765955925, 5762.54745054245, 5848.504033565521, 5934.576852083206, 6020.821088075638, 6106.861074209213, 6192.869699954987, 6278.952246665955, 6365.097340583801, 6451.262322187424, 6537.505407333374, 6623.561432361603, 6709.667089939117, 6795.7906885147095, 6881.946635246277, 6968.05655670166, 7054.2303767204285, 7140.403970003128, 7226.487174749374, 7312.645718574524, 7398.979768753052, 7485.031637907028, 7571.257311582565, 7657.408951282501, 7743.64599943161, 7829.724261522293, 7916.65349149704, 8002.824747562408, 8088.915350437164, 8175.865533828735, 8261.954116344452, 8348.22268295288, 8434.415870666504, 8520.561691761017, 8606.648060560226], "timesteps_eval": [8805, 17638, 26471, 35304, 44137, 52970, 61803, 70636, 79469, 88302, 97135, 105968, 114801, 123634, 132467, 141300, 150133, 158966, 167799, 176632, 185465, 194298, 203131, 211964, 220797, 229630, 238463, 247296, 256129, 264962, 273795, 282628, 291461, 300294, 309127, 317960, 326793, 335626, 344459, 353292, 362125, 370958, 379791, 388624, 397457, 406290, 415123, 423956, 432789, 441622, 450455, 459288, 468121, 476954, 485787, 494620, 503453, 512286, 521119, 529952, 538785, 547618, 556451, 565284, 574117, 582950, 591783, 600616, 609449, 618282, 627115, 635948, 644781, 653614, 662447, 671280, 680113, 688946, 697779, 706612, 715445, 724278, 733111, 741944, 750777, 759610, 768443, 777276, 786109, 794942, 803775, 812608, 821441, 830274, 839107, 847940, 856773, 865606, 874439, 883272],