{"gamma": [0.95, 0.95, 0.98], "learning_rate": [-4, -5, -3], "returns_eval": [5.1, 1.2, 1.2, 3.8, 1.9, 3.0, 4.5, 4.9, 6.7, 17.4, 27.8, 39.7, 57.1, 58.3, 96.2, 91.6, 96.1, 105.0, 113.2, 124.0, 116.5, 133.9, 133.8, 135.1, 136.8, 138.0, 140.1, 143.4, 156.7, 136.5, 146.7, 152.9, 171.3, 153.5, 158.8, 180.9, 160.2, 161.9, 178.6, 216.5, 185.5, 222.9, 206.1, 212.1, 203.1, 208.5, 184.1, 245.3, 273.5, 287.4, 249.9, 234.6, 243.2, 273.9, 277.4, 273.3, 281.3, 321.2, 268.1, 295.1, 198.4, 188.8, 144.7, 132.7, 125.0, 125.9, 117.8, 108.2, 92.0, 72.0, 78.2, 75.1, 75.7, 66.3, 73.7, 56.6, 42.7, 49.8, 41.3, 33.5, 34.3, 37.3, 40.2, 37.4, 29.4, 22.5, 29.1, 27.2, 19.2, 21.2, 19.5, 10.8, 14.3, 15.4, 7.2, 7.8, 9.8, 5.7, 5.5, 3.1], "std_returns_eval": [4.6141087980237305, 0.6000000000000001, 2.749545416973504, 3.8418745424597094, 4.784349485562275, 2.6457513110645907, 5.748912940721924, 5.629387178015028, 5.622277118748239, 13.093509842666327, 17.758378304338493, 20.513653989477348, 28.158302505655417, 27.23986049890858, 18.37280599146467, 27.416053691222597, 10.903669107231748, 25.17141235608364, 16.86297719858507, 17.140595088852663, 7.774959806970066, 15.78892016573648, 12.6237870704476, 16.71795442032308, 14.455448799674121, 11.764352935882194, 17.728226081590904, 18.559094805512473, 24.450153373752077, 11.447707194019246, 17.02967997350508, 12.86429166336025, 44.375781683256015, 19.03286631067428, 19.229144546755062, 73.59544822881372, 14.857994481086605, 14.71359915180511, 50.29751484914538, 77.36439749652291, 66.05035957509996, 80.251417432965, 75.77921878721105, 76.01769530839513, 68.74801815325297, 68.3684868927198, 68.60094751532226, 87.3098505324571, 95.23996010078963, 90.64678703627614, 96.38822542198814, 85.80815812030927, 84.46987628734874, 110.76231308527282, 96.94967766836567, 95.23555008503915, 94.75341682493567, 91.33104620007371, 98.45653863507492, 93.84929408365306, 82.0916560924434, 54.05515701577418, 25.096015620014263, 17.1583798768998, 14.035668847618199, 10.3, 8.8068155425216, 12.4, 15.658863304850707, 29.752310834622577, 23.472537144501445, 18.408965207202712, 19.61147623204332, 26.72844926291086, 27.928659115682585, 29.672209220076624, 21.419850606388458, 18.389127222356148, 19.7790292987295, 9.276313923105448, 8.521150157109073, 5.657738063926255, 15.4, 6.151422599691879, 9.820386957752733, 7.723341245859851, 18.517289218457435, 19.4, 9.713907555664711, 11.872657663724663, 11.360017605620161, 3.8418745424597094, 6.1163714733492105, 8.151073548925932, 5.436910887627275, 2.85657137141714, 5.861740355901138, 2.8301943396169813, 2.692582403567252, 2.5865034312755126], "timestamps_eval": [88.20513319969177, 174.21069598197937, 260.0789737701416, 345.9016201496124, 431.5491850376129, 517.3233001232147, 603.2923278808594, 689.1711373329163, 775.2376005649567, 861.2159326076508, 947.5927658081055, 1033.647476196289, 1119.8350636959076, 1206.058745622635, 1292.172087430954, 1378.4138672351837, 1464.7182505130768, 1551.0790038108826, 1637.4839210510254, 1723.7692649364471, 1811.436002254486, 1897.6531009674072, 1983.9346125125885, 2070.1211700439453, 2156.276531457901, 2242.6215929985046, 2329.028778076172, 2415.239828824997, 2501.4465837478638, 2587.7426233291626, 2674.6953361034393, 2761.0050332546234, 2861.1079971790314, 2947.3245601654053, 3034.316705226898, 3134.8533766269684, 3221.2479631900787, 3307.64639210701, 3408.2489829063416, 3508.589122772217, 3608.9119527339935, 3709.328532934189, 3824.009856700897, 3938.3396117687225, 4038.714967727661, 4139.027051925659, 4239.352548122406, 4339.726985692978, 4454.2177298069, 4568.624296665192, 4668.995144367218, 4769.707233667374, 4870.387320280075, 4985.345949649811, 5085.9293694496155, 5186.719646215439, 5301.364307641983, 5416.091262102127, 5530.688798427582, 5645.193130493164, 5745.516020059586, 5845.871329069138, 5932.284085273743, 6018.435901403427, 6104.73101067543, 6191.137299776077, 6277.398240804672, 6363.620997905731, 6450.042723894119, 6536.479314565659, 6622.785413265228, 6709.216703176498, 6795.60190486908, 6881.688379526138, 6967.9344363212585, 7054.242741107941, 7140.3244869709015, 7226.54043841362, 7312.76770067215, 7398.9981734752655, 7485.335970878601, 7571.501743793488, 7657.7231867313385, 7745.119219303131, 7831.1967170238495, 7917.333192586899, 8003.37602519989, 8089.485723018646, 8175.60062289238, 8261.684262275696, 8347.812117099762, 8433.811521291733, 8519.756110906601, 8606.675079107285, 8692.81731057167, 8778.94921374321, 8864.980250835419, 8951.019223928452, 9037.202533006668, 9123.116727590561], "timesteps_eval": [8805, 17638, 26471, 35304, 44137, 52970, 61803, 70636, 79469, 88302, 97135, 105968, 114801, 123634, 132467, 141300, 150133, 158966, 167799, 176632, 185465, 194298, 203131, 211964, 220797, 229630, 238463, 247296, 256129, 264962, 273795, 282628, 291461, 300294, 309127, 317960, 326793, 335626, 344459, 353292, 362125, 370958, 379791, 388624, 397457, 406290, 415560, 424393, 433226, 442059, 450892, 460164, 468997, 478271, 487104, 496815, 506529, 515801, 525075, 534349, 543619, 552452, 561285, 570118, 578951, 587784, 596617, 605450, 614283, 623116, 631949, 640782, 649615, 658448, 667281, 676114, 684947, 693780, 702613, 711446, 720279, 729112, 737945, 746778, 755611, 764444, 773277, 782110, 790943, 799776, 808609, 817442, 826275, 835108, 843941, 852774, 861607, 870440, 879273, 888106],