{"gamma": [0.99, 0.99, 0.99], "learning_rate": [-3, -5, -4], "returns_eval": [0.1, 0.4, 0.1, 0.0, 0.0, 0.0, 0.3, 0.1, 0.1, 0.2, 0.8, 0.2, 1.3, 0.6, 1.2, 3.3, 0.1, 0.5, 1.4, 1.0, 2.7, 2.9, 2.3, 2.4, 2.0, 2.6, 2.0, 2.8, 6.8, 4.4, 5.9, 5.4, 4.9, 8.0, 9.4, 7.5, 10.5, 11.3, 12.2, 20.1, 12.6, 14.4, 26.6, 19.8, 17.1, 20.3, 25.7, 20.3, 31.6, 25.2, 32.7, 27.2, 32.0, 37.6, 24.1, 28.3, 30.6, 34.9, 40.3, 32.2, 40.0, 38.4, 38.1, 31.9, 36.0, 33.1, 51.1, 39.1, 37.6, 47.7, 47.7, 43.8, 50.1, 41.6, 45.1, 42.2, 45.4, 51.0, 43.2, 44.2, 41.5, 40.4, 40.0, 34.0, 39.5, 44.0, 47.5, 42.5, 45.3, 43.2, 50.0, 43.4, 46.2, 43.5, 48.5, 46.4, 45.6, 44.5, 45.3, 42.0], "std_returns_eval": [0.30000000000000004, 1.2000000000000002, 0.30000000000000004, 0.0, 0.0, 0.0, 0.9000000000000001, 0.30000000000000004, 0.30000000000000004, 0.4000000000000001, 1.077032961426901, 0.4000000000000001, 3.257299494980466, 1.0198039027185568, 1.5999999999999999, 6.649060083951715, 0.30000000000000004, 0.806225774829855, 1.9595917942265424, 1.5491933384829668, 2.9342801502242417, 2.9137604568666933, 2.193171219946131, 2.244994432064365, 1.5491933384829668, 2.154065922853802, 2.0, 2.08806130178211, 4.578209256903839, 4.24735211631906, 3.5902646142032486, 4.029888335921977, 2.5475478405713994, 7.429670248402684, 5.748043145279966, 4.6097722286464435, 6.902897942168926, 6.649060083951716, 5.929586832149438, 9.32148056909416, 7.565712127751095, 8.616263691415208, 11.48216007552586, 10.759182125050211, 7.608547824650905, 9.34933152690608, 11.11800341788039, 10.863240768757727, 12.571396103854177, 7.6131465242697125, 15.1, 10.11731189595339, 6.148170459575759, 11.46472851837321, 16.908281994336384, 14.050266901379489, 12.59523719506703, 15.51418705572419, 19.49897433200013, 11.998333217576516, 8.1117199162693, 19.001052602421794, 8.971621926942753, 10.59669759878048, 14.127986409959489, 7.917701686727027, 16.990879906585178, 13.471822445385778, 12.690153663372245, 18.973929482318628, 14.262187770464951, 14.844527611210806, 10.319399207318224, 12.776541002947551, 16.244691440590678, 11.889491158161478, 16.273905493150682, 11.0, 9.987992791347018, 14.076931483814219, 12.20860352374505, 7.964923100695951, 10.344080432788601, 14.669696656713798, 14.23551895787435, 14.53272169966796, 12.241323457861899, 14.001785600415399, 15.258112596255149, 9.907572861200668, 11.436782764396638, 12.7216351150314, 12.351518125315609, 12.200409829181968, 10.200490184299968, 9.666436778875658, 6.681317235396027, 11.543396380615196, 13.031116606031885, 11.349008767288886], "timestamps_eval": [89.80067157745361, 177.64227843284607, 265.31061482429504, 353.1265947818756, 440.822096824646, 528.588006734848, 616.2550632953644, 704.2585020065308, 792.2451350688934, 880.4477627277374, 969.1777257919312, 1057.3347899913788, 1145.3906984329224, 1233.4745593070984, 1321.7274651527405, 1409.9859192371368, 1498.3105132579803, 1586.5308241844177, 1674.6757328510284, 1762.9373667240143, 1851.1369605064392, 1939.4336154460907, 2027.6714267730713, 2115.9219722747803, 2204.241483926773, 2292.5193152427673, 2380.8200113773346, 2469.140535593033, 2557.4740750789642, 2646.5628345012665, 2734.8807456493378, 2823.3207755088806, 2911.685673713684, 3000.711429834366, 3089.0670998096466, 3177.5623416900635, 3265.945810317993, 3354.3271622657776, 3442.4867601394653, 3530.6055331230164, 3618.701065301895, 3706.845980644226, 3795.1415116786957, 3883.4495561122894, 3971.7797751426697, 4060.2342240810394, 4148.497447252274, 4236.92250418663, 4325.46808886528, 4413.657922267914, 4501.81422162056, 4589.972390174866, 4678.336260557175, 4767.193313121796, 4855.611785173416, 4944.078133821487, 5032.5728640556335, 5121.060857534409, 5209.566385984421, 5297.889895200729, 5386.13787984848, 5474.407729387283, 5562.65349650383, 5650.652905464172, 5739.052792549133, 5827.247199058533, 5915.359606266022, 6004.1958730220795, 6092.239878177643, 6180.321091890335, 6268.41387796402, 6356.700256347656, 6444.970077514648, 6533.369736433029, 6621.9706428050995, 6710.093718528748, 6798.149595975876, 6886.285378217697, 6974.6165652275085, 7062.87469124794, 7151.463359117508, 7239.62983083725, 7327.952975034714, 7416.350991725922, 7504.547384977341, 7593.115005016327, 7681.494128704071, 7770.5654973983765, 7858.732667684555, 7947.129722118378, 8035.30165719986, 8123.684543609619, 8211.967441558838, 8300.235639810562, 8388.73735165596, 8476.94087934494, 8565.231774568558, 8653.32566189766, 8741.48994064331, 8829.795919895172], "timesteps_eval": [8808, 17642, 26476, 35310, 44144, 52978, 61812, 70646, 79480, 88314, 97148, 105982, 114816, 123650, 132484, 141318, 150152, 158986, 167820, 176654, 185488, 194322, 203156, 211990, 220824, 229658, 238492, 247326, 256160, 264994, 273828, 282662, 291496, 300330, 309164, 317998, 326832, 335666, 344500, 353334, 362168, 371002, 379836, 388670, 397504, 406338, 415172, 424006, 432840, 441674, 450508, 459342, 468176, 477010, 485844, 494678, 503512, 512346, 521180, 530014, 538848, 547682, 556516, 565350, 574184, 583018, 591852, 600686, 609520, 618354, 627188, 636022, 644856, 653690, 662524, 671358, 680192, 689026, 697860, 706694, 715528, 724362, 733196, 742030, 750864, 759698, 768532, 777366, 786200, 795034, 803868, 812702, 821536, 830370, 839204, 848038, 856872, 865706, 874540, 883374],