{"gamma": 0.9, "learning_rate": -5, "clip": 0.2, "returns_eval": [0.0, 0.0, 0.0, 0.0, 0.4, 0.0, 14.2, 5.8, 22.6, 10.1, 31.5, 31.5, 31.5, 31.5, 31.5, 31.5, 31.5, 31.5, 31.5, 31.5, 31.5, 31.5, 31.5, 31.5, 31.5, 31.5, 29.2, 42.8, 41.7, 48.9, 36.2, 57.3, 68.1, 57.1, 87.3, 95.0, 85.4, 108.5, 97.8, 101.6, 95.6, 97.6, 102.8, 109.8, 112.3, 105.9, 108.8, 105.3, 109.3, 113.3, 100.6, 109.1, 110.4, 107.0, 111.9, 104.9, 109.5, 101.5, 110.7, 109.0, 119.4, 111.8, 117.2, 101.5, 120.3, 122.1, 125.2, 118.8, 117.3, 123.6, 122.4, 123.7, 122.7, 125.7, 117.6, 123.3, 120.7, 123.5, 122.8, 120.9, 131.4, 132.0, 136.2, 130.4, 137.5, 140.3, 136.1, 147.6, 132.5, 155.5, 133.8, 141.9, 137.6, 158.3, 139.2, 153.5, 145.8, 145.7, 157.0, 140.2], "std_returns_eval": [0.0, 0.0, 0.0, 0.0, 1.2000000000000002, 0.0, 14.756693396557374, 8.611620056644394, 8.685620300243384, 13.382451195502265, 23.64000846023537, 23.64000846023537, 23.64000846023537, 23.64000846023537, 23.64000846023537, 23.64000846023537, 23.64000846023537, 23.64000846023537, 23.64000846023537, 23.64000846023537, 23.64000846023537, 23.64000846023537, 23.64000846023537, 23.64000846023537, 23.64000846023537, 23.64000846023537, 13.789851340750559, 25.142792207708354, 24.779225169484214, 15.38473269186046, 11.52215257666726, 25.17955519861302, 24.039342753078753, 22.151523649627354, 16.64361739526597, 26.563132345414388, 14.745846872933408, 13.937359864766353, 20.590288973202878, 9.891410415102591, 16.889049706836673, 19.309065228539676, 15.954936540143304, 21.027600909281116, 14.028898745090435, 17.812635964393365, 18.9356806056714, 17.349639765712716, 7.746612162745725, 8.729833904490967, 23.009563229231446, 20.40318602571667, 21.996363335788033, 28.53769437077915, 12.589281155014373, 23.166570743206684, 17.551353224181888, 20.800240383226342, 22.645308564910305, 18.226354544998845, 7.3375745311376575, 12.48839461259933, 16.18517840494815, 16.03901493234544, 14.304195188824849, 16.170652429633137, 14.777009169652702, 15.663971399361019, 14.852945835759316, 12.15894732285653, 18.8902091041894, 21.84055860091495, 17.251376756653364, 16.715561611863357, 21.661948204166677, 8.087644898238299, 8.485870609430714, 21.16719159454083, 22.635370551417974, 17.98026696131067, 16.408534364774937, 12.02497401244593, 25.592186307543166, 19.022092419079453, 21.735914979590806, 55.9715106103096, 37.1172466651286, 15.900943368240766, 26.29923953273174, 45.93745748297352, 27.09169614475993, 16.51938255504727, 17.077470538695124, 64.99853844510659, 18.443427013437606, 17.912286286233815, 24.090662091358134, 17.1058469536004, 21.203773249117717, 15.829087149927503], "timestamps_eval": [88.47105169296265, 174.33718395233154, 260.2063593864441, 346.0493133068085, 431.9387767314911, 517.9340324401855, 604.1659755706787, 690.4813094139099, 776.65380692482, 862.8747599124908, 949.1303954124451, 1035.290158033371, 1121.3759729862213, 1207.632952928543, 1293.8043358325958, 1379.941482782364, 1466.1241807937622, 1552.4287045001984, 1638.605394601822, 1724.7294838428497, 1810.9546220302582, 1897.1647338867188, 1983.3213076591492, 2069.4942100048065, 2156.412470817566, 2242.6295676231384, 2328.7536606788635, 2414.9568524360657, 2501.208516359329, 2587.5183622837067, 2673.884346485138, 2760.046691417694, 2847.0555226802826, 2933.5125653743744, 3019.7715265750885, 3105.977554798126, 3192.089997291565, 3278.322531938553, 3364.555118560791, 3450.7765045166016, 3537.7154669761658, 3623.958770275116, 3710.2201669216156, 3796.606138944626, 3882.8403327465057, 3969.0701830387115, 4055.2740366458893, 4141.62872004509, 4227.839695453644, 4314.060958147049, 4400.301148414612, 4486.609370708466, 4572.7909915447235, 4659.002413988113, 4745.2767922878265, 4831.534556388855, 4917.797084093094, 5004.093145847321, 5090.319648742676, 5176.404719829559, 5262.585339784622, 5348.753121614456, 5434.870535612106, 5520.970326900482, 5607.16926240921, 5693.543524265289, 5779.845228433609, 5866.212598800659, 5952.488797426224, 6038.858138561249, 6125.198143005371, 6211.432363986969, 6298.357758283615, 6384.433226585388, 6470.739365577698, 6557.185896158218, 6643.511148452759, 6730.5114686489105, 6816.9673063755035, 6903.353707075119, 6989.686961174011, 7076.019647598267, 7162.2904641628265, 7248.656025886536, 7335.051103591919, 7435.624392271042, 7521.925927639008, 7608.226916313171, 7694.485371351242, 7794.733142852783, 7880.958359241486, 7967.2282972335815, 8053.527243614197, 8153.953144073486, 8240.307924509048, 8326.630920648575, 8412.98295879364, 8499.326217412949, 8586.489936113358, 8672.698160648346], "timesteps_eval": [8805, 17638, 26471, 35304, 44137, 52970, 61803, 70636, 79469, 88302, 97135, 105968, 114801, 123634, 132467, 141300, 150133, 158966, 167799, 176632, 185465, 194298, 203131, 211964, 220797, 229630, 238463, 247296, 256129, 264962, 273795, 282628, 291461, 300294, 309127, 317960, 326793, 335626, 344459, 353292, 362125, 370958, 379791, 388624, 397457, 406290, 415123, 423956, 432789, 441622, 450455, 459288, 468121, 476954, 485787, 494620, 503453, 512286, 521119, 529952, 538785, 547618, 556451, 565284, 574117, 582950, 591783, 600616, 609449, 618282, 627115, 635948, 644781, 653614, 662447, 671280, 680113, 688946, 697779, 706612, 715445, 724278, 733111, 741944, 750777, 759610, 768443, 777276, 786109, 794942, 803775, 812608, 821441, 830274, 839107, 847940, 856773, 865606, 874439, 883272],