{"gamma": [0.98, 0.98, 0.99], "learning_rate": [-3, -3, -4], "returns_eval": [1.3, 0.2, 0.1, 1.4, 0.7, 1.1, 1.2, 2.7, 5.7, 7.6, 4.6, 6.9, 6.9, 14.0, 12.9, 12.1, 18.8, 19.7, 20.3, 22.6, 14.1, 23.7, 31.0, 18.7, 15.0, 23.9, 17.1, 13.3, 12.8, 7.9, 8.6, 11.1, 12.2, 7.3, 7.8, 11.7, 7.0, 5.1, 5.8, 4.7, 3.8, 4.0, 5.1, 3.2, 2.1, 3.4, 5.4, 4.0, 5.0, 6.9, 4.6, 6.9, 5.7, 6.6, 8.7, 4.5, 5.1, 5.8, 6.1, 4.9, 5.0, 6.7, 6.9, 7.6, 4.9, 5.9, 7.8, 6.5, 7.6, 7.7, 8.2, 9.3, 8.8, 8.4, 9.0, 10.3, 10.0, 9.4, 9.1, 10.7, 8.3, 9.7, 10.5, 11.2, 11.2, 11.1, 10.9, 12.4, 12.3, 10.1, 11.2, 12.2, 10.8, 13.9, 13.9, 12.7, 16.2, 12.8, 12.2, 12.0], "std_returns_eval": [1.8466185312619388, 0.4000000000000001, 0.30000000000000004, 3.2310988842807022, 1.4866068747318504, 1.5132745950421556, 1.5362291495737217, 3.0016662039607267, 5.197114584074513, 5.219195340279955, 3.52703841770968, 6.284106937345991, 6.876772498781678, 8.012490249604053, 11.894956914591999, 6.7889616289974715, 13.302631318652711, 10.714942836991712, 13.791664149043072, 13.741906709041508, 8.10493676718085, 10.705606008068855, 7.886697661252142, 7.389857914736926, 6.557438524302, 10.338762014864255, 8.178630692236935, 9.497894503520241, 5.5641710972974225, 5.223983154643591, 6.651315659326356, 5.629387178015028, 7.573638491504596, 6.229767250869008, 4.48998886412873, 8.391066678319271, 4.09878030638384, 4.369210454990696, 3.6551333764994136, 3.4655446902326914, 3.2186953878862163, 2.756809750418044, 3.2388269481403293, 2.4819347291981715, 1.7, 4.223742416388575, 2.690724809414742, 3.63318042491699, 2.569046515733026, 3.6728735344413916, 2.4979991993593593, 3.5341194094144583, 4.1000000000000005, 3.168595903550972, 6.16522505671934, 2.247220505424423, 1.972308292331602, 2.891366458960192, 1.374772708486752, 2.6627053911388696, 3.7416573867739413, 2.8653097563788803, 1.6401219466856725, 2.4166091947189146, 3.047950130825634, 3.9862262855989496, 2.481934729198171, 2.9068883707497264, 2.4979991993593593, 3.3778691508109073, 3.0919249667480613, 3.5227829907617076, 3.789459064299283, 3.52703841770968, 3.3466401061363023, 3.4942810419312296, 2.932575659723036, 3.8781438859330635, 4.085339643163099, 2.4103941586387903, 2.968164415931166, 2.5317977802344327, 3.0740852297878796, 5.192301994298868, 3.4871191548325386, 2.981610303175115, 2.6248809496813372, 2.4979991993593593, 2.72213151776324, 3.8327535793473597, 5.114684741017769, 5.688585061331158, 3.4871191548325386, 2.5475478405713994, 1.8138357147217055, 3.0347981810987035, 6.881860213634101, 4.556314299957807, 4.534313619501853, 4.381780460041329], "timestamps_eval": [89.33314037322998, 176.5459098815918, 263.76665687561035, 351.1986439228058, 438.6453492641449, 526.0655999183655, 613.601321220398, 701.1886038780212, 788.8966138362885, 876.6899316310883, 964.4659836292267, 1052.4285695552826, 1140.2465772628784, 1227.9839458465576, 1315.7994270324707, 1403.5932602882385, 1491.393187046051, 1579.3539309501648, 1667.2803173065186, 1755.0897288322449, 1843.4208459854126, 1931.6832339763641, 2019.84947514534, 2107.9758920669556, 2196.4449515342712, 2284.731652736664, 2372.9510445594788, 2461.7159729003906, 2550.022280693054, 2638.1780874729156, 2726.492560863495, 2814.8256556987762, 2903.10262131691, 2991.303831100464, 3079.372236728668, 3167.7134759426117, 3256.000298500061, 3344.435165643692, 3432.8615112304688, 3521.0389065742493, 3609.242164373398, 3697.5607373714447, 3785.9909768104553, 3874.188689470291, 3962.8119683265686, 4050.9460303783417, 4139.242552995682, 4227.39740395546, 4315.51246213913, 4403.576953172684, 4491.727712631226, 4580.025948762894, 4668.087670326233, 4756.098984241486, 4844.315402746201, 4932.530541419983, 5020.878747463226, 5109.002927303314, 5197.473184108734, 5285.741908788681, 5374.028783559799, 5462.218816041946, 5550.371277093887, 5638.778252363205, 5726.943004131317, 5815.057734489441, 5903.193665742874, 5991.268816709518, 6079.484972476959, 6167.776738166809, 6256.086344957352, 6344.4333617687225, 6432.574614524841, 6521.031725883484, 6609.416811943054, 6697.799723625183, 6786.053565263748, 6874.210472345352, 6962.45708155632, 7050.894273281097, 7139.105703115463, 7227.319848060608, 7315.535412073135, 7403.697246789932, 7491.994518995285, 7580.19643330574, 7668.415815353394, 7756.586744785309, 7844.770247220993, 7933.087908267975, 8021.3825607299805, 8109.682375907898, 8197.698325634003, 8285.546516180038, 8373.56505036354, 8461.482406616211, 8549.465406417847, 8637.395654201508, 8725.596798181534, 8813.532790184021], "timesteps_eval": [8804, 17635, 26466, 35297, 44128, 52959, 61790, 70621, 79452, 88283, 97114, 105945, 114776, 123607, 132438, 141269, 150100, 158931, 167762, 176593, 185424, 194255, 203086, 211917, 220748, 229579, 238410, 247241, 256072, 264903, 273734, 282565, 291396, 300227, 309058, 317889, 326720, 335551, 344382, 353213, 362044, 370875, 379706, 388537, 397368, 406199, 415030, 423861, 432692, 441523, 450354, 459185, 468016, 476847, 485678, 494509, 503340, 512171, 521002, 529833, 538664, 547495, 556326, 565157, 573988, 582819, 591650, 600481, 609312, 618143, 626974, 635805, 644636, 653467, 662298, 671129, 679960, 688791, 697622, 706453, 715284, 724115, 732946, 741777, 750608, 759439, 768270, 777101, 785932, 794763, 803594, 812425, 821256, 830087, 838918, 847749, 856580, 865411, 874242, 883073],