{"gamma": [0.95, 0.95, 0.95], "learning_rate": [-5, -5, -3], "returns_eval": [0.0, 4.6, 15.2, 31.5, 31.5, 31.5, 31.5, 31.5, 31.5, 31.5, 31.5, 31.5, 31.5, 31.5, 31.5, 31.5, 31.5, 31.5, 31.5, 31.5, 31.5, 31.5, 31.5, 31.5, 31.5, 31.5, 31.5, 31.5, 31.5, 31.5, 31.5, 32.5, 33.2, 27.7, 57.4, 67.0, 67.0, 80.1, 69.8, 72.0, 59.4, 69.9, 71.4, 68.4, 78.7, 77.1, 77.0, 86.7, 74.5, 78.6, 86.1, 82.9, 93.3, 98.7, 94.1, 87.1, 93.3, 84.7, 89.9, 69.0, 74.5, 60.2, 74.4, 73.6, 83.6, 95.4, 114.6, 116.1, 117.6, 105.5, 113.0, 115.4, 99.9, 116.7, 105.6, 89.3, 106.0, 98.5, 84.3, 92.7, 82.3, 92.6, 83.8, 82.0, 67.8, 68.0, 74.8, 80.6, 45.8, 47.1, 53.2, 53.0, 45.4, 68.6, 39.9, 46.9, 44.6, 45.9, 39.6, 44.4], "std_returns_eval": [0.0, 4.1521078984053394, 5.670978751503131, 23.64000846023537, 23.64000846023537, 23.64000846023537, 23.64000846023537, 23.64000846023537, 23.64000846023537, 23.64000846023537, 23.64000846023537, 23.64000846023537, 23.64000846023537, 23.64000846023537, 23.64000846023537, 23.64000846023537, 23.64000846023537, 23.64000846023537, 23.64000846023537, 23.64000846023537, 23.64000846023537, 23.64000846023537, 23.64000846023537, 23.64000846023537, 23.64000846023537, 23.64000846023537, 23.64000846023537, 23.64000846023537, 23.64000846023537, 23.64000846023537, 23.64000846023537, 22.756317804073664, 20.41470058560742, 12.969579792730372, 28.85896741049478, 22.117866081518805, 29.295050776539032, 19.720294115453754, 20.975223479143196, 32.984845004941285, 30.725233929133882, 24.582310713193745, 27.539789396435115, 24.99679979517378, 20.411026431808864, 29.64607899874788, 31.51190251317746, 24.924084737458262, 24.896786941290237, 31.331134674633155, 29.01878701806814, 20.275354497517423, 21.08103413023185, 11.670903992407787, 18.997105042611096, 11.869709347747316, 12.280472303620899, 29.267900505502613, 21.810318658836696, 30.476220238080707, 22.879029699705363, 26.217551373078305, 24.868453912537465, 30.689411854905266, 23.87132170618125, 26.818650227034173, 9.593747964169165, 23.670445707675213, 18.57525235360209, 10.956733089748969, 17.59545395833822, 16.674531477675767, 12.210241602851273, 13.726252219743014, 23.76636278440603, 26.518107021429717, 15.830350596243912, 11.723907198540937, 17.504570831642802, 20.717384004743458, 21.854290196663904, 23.087659041141443, 25.533507397143854, 18.45535152740256, 24.07820591323199, 23.31951972061174, 23.944936834328878, 19.47921969689751, 14.4, 21.34689672996991, 17.057549648176316, 21.517434791350013, 11.993331480451959, 23.732677893571136, 14.57703673590761, 7.489325737341113, 12.387090053761618, 10.671925786848409, 12.475576139000555, 18.445595680270127], "timestamps_eval": [88.61367058753967, 174.79590725898743, 261.70230627059937, 347.7982759475708, 434.5235068798065, 520.7448654174805, 607.0105535984039, 693.1618106365204, 779.3765466213226, 865.579083442688, 951.8216948509216, 1038.0566556453705, 1124.2061862945557, 1210.4371058940887, 1296.8151142597198, 1383.0145876407623, 1469.547553062439, 1555.762808561325, 1642.0849130153656, 1728.3852438926697, 1814.6422777175903, 1900.9414920806885, 1987.121510028839, 2073.344428539276, 2159.5052609443665, 2245.724175930023, 2332.051335811615, 2418.3464181423187, 2504.659442424774, 2590.9371213912964, 2677.1605293750763, 2763.3684108257294, 2849.7499611377716, 2936.0207817554474, 3023.1951973438263, 3109.4709544181824, 3195.717996120453, 3281.9625062942505, 3368.1848220825195, 3454.4009730815887, 3540.665456533432, 3626.948313474655, 3713.260205745697, 3799.681966304779, 3885.9677426815033, 3972.595728635788, 4059.0860166549683, 4145.793863296509, 4232.500079154968, 4318.853052616119, 4405.171692609787, 4492.1476838588715, 4578.531651496887, 4665.574874162674, 4752.53084897995, 4839.550570726395, 4925.908261299133, 5012.268193483353, 5098.722591876984, 5185.176698446274, 5271.612032413483, 5357.900753259659, 5444.3201377391815, 5530.701174497604, 5616.985739707947, 5703.226836681366, 5789.554982185364, 5875.897839784622, 5962.269120931625, 6048.633620500565, 6135.004217386246, 6222.153203487396, 6308.5904109478, 6394.990840911865, 6481.374396800995, 6567.964712381363, 6654.304745912552, 6740.84495306015, 6827.262474060059, 6913.67537355423, 7000.0454795360565, 7086.527582406998, 7172.784663200378, 7259.185442209244, 7345.550068616867, 7432.078151226044, 7518.438812494278, 7604.76434469223, 7691.316098451614, 7777.685168504715, 7864.012885570526, 7950.322091341019, 8036.590173482895, 8123.171335935593, 8209.636088132858, 8296.972397565842, 8383.333365440369, 8469.750210762024, 8556.144572496414, 8642.559490680695], "timesteps_eval": [8805, 17638, 26471, 35304, 44137, 52970, 61803, 70636, 79469, 88302, 97135, 105968, 114801, 123634, 132467, 141300, 150133, 158966, 167799, 176632, 185465, 194298, 203131, 211964, 220797, 229630, 238463, 247296, 256129, 264962, 273795, 282628, 291461, 300294, 309127, 317960, 326793, 335626, 344459, 353292, 362125, 370958, 379791, 388624, 397457, 406290, 415123, 423956, 432789, 441622, 450455, 459288, 468121, 476954, 485787, 494620, 503453, 512286, 521119, 529952, 538785, 547618, 556451, 565284, 574117, 582950, 591783, 600616, 609449, 618282, 627115, 635948, 644781, 653614, 662447, 671280, 680113, 688946, 697779, 706612, 715445, 724278, 733111, 741944, 750777, 759610, 768443, 777276, 786109, 794942, 803775, 812608, 821441, 830274, 839107, 847940, 856773, 865606, 874439, 883272],