{"gamma": [0.95, 0.99, 0.98], "learning_rate": [-3, -4, -4], "returns_eval": [0.2, 0.0, 0.0, 0.0, 0.0, 0.2, 0.5, 1.7, 2.3, 2.5, 4.6, 3.0, 5.5, 4.5, 7.7, 26.5, 25.4, 31.2, 25.7, 22.9, 29.9, 26.4, 29.3, 33.7, 26.3, 28.9, 28.1, 24.0, 21.6, 29.5, 28.4, 26.2, 33.3, 33.3, 25.8, 30.5, 30.2, 35.2, 36.1, 33.1, 35.1, 37.6, 35.1, 40.3, 43.2, 37.0, 33.8, 36.7, 35.5, 43.8, 38.2, 38.3, 39.0, 37.4, 38.3, 36.0, 42.1, 43.1, 40.9, 40.0, 37.8, 38.6, 38.9, 45.9, 46.3, 37.7, 50.6, 53.7, 42.7, 55.2, 51.7, 59.4, 60.0, 61.8, 64.7, 62.8, 68.1, 64.6, 74.5, 74.4, 61.9, 71.4, 73.3, 67.2, 68.8, 70.1, 82.5, 70.5, 69.7, 75.9, 78.6, 83.1, 80.4, 73.8, 78.4, 63.6, 85.6, 91.9, 79.4, 77.0], "std_returns_eval": [0.4000000000000001, 0.0, 0.0, 0.0, 0.0, 0.6000000000000001, 1.02469507659596, 3.195309061734091, 3.0675723300355937, 2.8722813232690143, 4.431703961232068, 2.4899799195977463, 7.762087348130012, 3.6124783736376886, 5.586591089385369, 18.287974190707946, 12.183595528414426, 17.848249213858484, 12.625767303415662, 8.383913167489272, 19.403350226185168, 11.403508232118746, 7.029224708315989, 7.642643521714199, 10.863240768757727, 11.631422956801115, 11.175419455215094, 12.876334882255899, 12.043255373859678, 10.111874208078342, 10.883014288330232, 11.408768557561329, 19.621671692289624, 8.775534171775528, 11.461239025515521, 11.18257573191436, 10.007996802557443, 14.211263138792415, 7.529276193632425, 11.475626344561764, 13.6194713553794, 10.678951259369995, 8.688498144098322, 7.0576199954375545, 13.174217244299564, 10.99090533122727, 9.05317623820502, 12.41007655093231, 9.687620966986684, 9.856977224281286, 12.3596116443843, 10.325211862233143, 8.966604708583958, 15.167069591717446, 11.063905277974861, 10.620734437881403, 13.284953895290716, 16.22621335986927, 12.980369794424194, 9.465727652959385, 9.431860898041277, 9.024411338142782, 14.7, 10.329085148259743, 12.223338332877807, 6.783067152844648, 16.119553343687908, 12.681088281373961, 14.213022197970423, 14.413882197381803, 9.274157643689264, 19.001052602421794, 20.58640327983497, 14.871449156017043, 17.170032032585144, 21.590738755308955, 18.294534703019917, 18.232937229091753, 10.58536725862641, 17.805617091243988, 13.397387805090961, 9.76933979345585, 16.131026005806326, 20.148449071826843, 23.27573844156185, 21.52417245795991, 11.672617529928752, 16.924833824885845, 15.754681843820268, 19.75575865412412, 17.545369759569045, 21.05920226409348, 15.027973915335362, 21.37662274541982, 20.785571919001892, 14.214077528985129, 18.693314312876673, 10.231813133555557, 19.48948434412773, 20.21385663350762], "timestamps_eval": [90.05976128578186, 176.56459999084473, 263.2299098968506, 349.9887180328369, 436.96586871147156, 524.0324256420135, 611.124264717102, 698.3436143398285, 785.3834037780762, 872.5404694080353, 959.619886636734, 1046.80504155159, 1134.0236036777496, 1221.3290011882782, 1308.5831534862518, 1395.8664290904999, 1483.07049202919, 1570.2996737957, 1657.5996482372284, 1744.8716390132904, 1832.184145450592, 1919.6060769557953, 2006.9759275913239, 2094.157926082611, 2181.3787846565247, 2268.474311351776, 2355.726657152176, 2443.2491805553436, 2530.6721901893616, 2617.843944787979, 2705.1890869140625, 2792.56435751915, 2879.8803470134735, 2967.1930639743805, 3054.4192616939545, 3141.54603600502, 3228.704977750778, 3315.966908454895, 3402.986950159073, 3490.235151052475, 3577.445273399353, 3664.3132956027985, 3751.3143105506897, 3838.3376183509827, 3925.2459049224854, 4012.1861822605133, 4099.145171880722, 4186.256781101227, 4273.38653755188, 4360.2991416454315, 4447.328403234482, 4534.215858697891, 4621.431042671204, 4708.367842674255, 4795.305149078369, 4882.369917154312, 4969.479216337204, 5056.417700052261, 5143.367748498917, 5230.397387266159, 5317.483022212982, 5404.6526844501495, 5493.526722192764, 5580.767292022705, 5668.22231054306, 5756.147527456284, 5843.446723461151, 5931.120882511139, 6018.521347999573, 6106.4625453948975, 6193.756708860397, 6281.925760507584, 6369.285996675491, 6456.707534074783, 6543.57253074646, 6630.625423908234, 6717.631044387817, 6804.6179122924805, 6891.637024641037, 6978.608749866486, 7065.633818149567, 7152.946606636047, 7240.484511375427, 7327.896599531174, 7415.349893093109, 7503.274197340012, 7591.018257379532, 7679.09002161026, 7766.881531000137, 7854.602242708206, 7942.287904262543, 8030.040799617767, 8117.527152299881, 8204.797714948654, 8291.98046875, 8379.160735607147, 8466.370948553085, 8553.563588380814, 8640.757629156113, 8729.105550289154], "timesteps_eval": [8808, 17642, 26476, 35310, 44144, 52978, 61812, 70646, 79480, 88314, 97148, 105982, 114816, 123650, 132484, 141318, 150152, 158986, 167820, 176654, 185488, 194322, 203156, 211990, 220824, 229658, 238492, 247326, 256160, 264994, 273828, 282662, 291496, 300330, 309164, 317998, 326832, 335666, 344500, 353334, 362168, 371002, 379836, 388670, 397504, 406338, 415172, 424006, 432840, 441674, 450508, 459342, 468176, 477010, 485844, 494678, 503512, 512346, 521180, 530014, 538848, 547682, 556516, 565350, 574184, 583018, 591852, 600686, 609520, 618354, 627188, 636022, 644856, 653690, 662524, 671358, 680192, 689026, 697860, 706694, 715528, 724362, 733196, 742030, 750864, 759698, 768532, 777366, 786200, 795034, 803868, 812702, 821536, 830370, 839204, 848038, 856872, 865706, 874540, 883374],