{"gamma": [0.98, 0.99, 0.95], "learning_rate": [-5, -5, -4], "returns_eval": [0.0, 0.0, 1.2, 0.5, 2.1, 4.7, 0.0, 0.1, 0.1, 14.6, 15.4, 18.2, 9.1, 8.7, 20.0, 27.4, 28.6, 22.8, 22.8, 22.8, 22.8, 22.8, 22.8, 22.8, 22.8, 25.7, 19.5, 22.6, 30.4, 31.0, 33.6, 33.2, 40.8, 69.5, 63.0, 72.8, 56.6, 68.4, 74.3, 90.2, 88.5, 86.6, 93.1, 99.7, 95.3, 98.8, 98.3, 103.5, 107.7, 100.2, 96.4, 107.2, 102.6, 93.9, 104.8, 103.8, 101.2, 114.1, 110.6, 101.2, 98.2, 92.7, 37.2, 73.0, 102.5, 108.0, 116.1, 120.1, 119.8, 123.7, 129.1, 129.9, 132.1, 153.9, 145.9, 165.7, 194.0, 171.8, 234.0, 275.8, 184.9, 280.0, 190.6, 328.2, 276.7, 317.6, 235.8, 346.7, 314.4, 324.5, 305.4, 318.5, 288.1, 336.6, 317.2, 324.2, 327.3, 273.6, 369.6, 339.4], "std_returns_eval": [0.0, 0.0, 1.32664991614216, 1.2041594578792296, 1.7578395831246947, 5.745432968889291, 0.0, 0.30000000000000004, 0.30000000000000004, 11.39473562659529, 13.972830779766856, 7.45385806143369, 5.503635162326805, 5.3113086899558, 8.809086218218097, 22.970415755923966, 6.3118935352238, 10.283968105745954, 10.283968105745954, 10.283968105745954, 10.283968105745954, 10.283968105745954, 10.283968105745954, 10.283968105745954, 10.283968105745954, 9.76780425684299, 12.322743201089601, 10.121264743103996, 22.734115333568624, 19.193748982416125, 10.011992808627062, 14.702380759591286, 11.178550889985695, 19.21067411623028, 25.408659941051596, 29.35915530120034, 16.80595132683657, 32.336357246913266, 20.174488841108218, 25.285569006846572, 17.681911661356075, 17.124251808473268, 19.866806487203725, 18.42851052038661, 16.661632573070385, 14.551975810864999, 16.613548687742785, 17.368074159215233, 15.185848675658532, 17.325126262166172, 20.49487740875754, 19.742340286804904, 13.850631754544628, 32.85254936835192, 18.637596411554792, 17.497428382479523, 12.967652061957864, 8.711486669908874, 15.16047492659778, 19.249935064825543, 15.542200616386342, 32.065713776555796, 30.655505215213793, 24.507141816213494, 21.823152842795196, 10.945318634009702, 10.866922287382017, 6.7, 21.141428523162762, 16.964963896218585, 12.557467897629682, 13.967462188959022, 19.495897004241687, 19.086382580258626, 16.269296235547497, 31.68611683371757, 79.0, 61.73783280938844, 91.63732863849754, 87.16168883173385, 65.62537618939795, 99.91796635240331, 53.77211173089634, 82.34415583391453, 83.66964802125082, 95.68510855927374, 97.03999175597657, 95.1714768194757, 84.62647339928564, 69.86880562883553, 90.09683679242019, 86.57511189712665, 104.45424835783368, 57.31701318107914, 71.84121379820917, 88.82544680439273, 93.74118625236189, 96.50927416575051, 66.96148146509304, 81.32060009616261], "timestamps_eval": [88.78507041931152, 175.8044261932373, 262.819673538208, 349.7819948196411, 436.64845514297485, 523.6848990917206, 610.7749135494232, 697.7956068515778, 784.8137004375458, 872.388965845108, 959.4668085575104, 1046.5970089435577, 1133.613651752472, 1220.9796667099, 1308.2355148792267, 1396.1167664527893, 1484.4188776016235, 1571.5445575714111, 1659.43749833107, 1746.7698628902435, 1833.933230638504, 1921.1658720970154, 2009.0949342250824, 2096.360949754715, 2183.5047109127045, 2270.5562012195587, 2357.791656970978, 2444.9847824573517, 2532.1190111637115, 2619.202173471451, 2706.4909353256226, 2793.7846562862396, 2880.9028310775757, 2968.0911338329315, 3055.1858026981354, 3142.51144695282, 3229.646727323532, 3316.8790719509125, 3403.9954771995544, 3491.1055929660797, 3578.4324691295624, 3665.723204135895, 3752.9079468250275, 3840.0781235694885, 3927.2198202610016, 4014.3872742652893, 4101.528018712997, 4188.996442317963, 4276.192159175873, 4363.413768529892, 4450.651769161224, 4537.8937747478485, 4625.127926826477, 4712.48420214653, 4799.911826372147, 4887.448967933655, 4974.767081975937, 5062.234054803848, 5149.54310297966, 5236.89396238327, 5324.156012296677, 5411.548966169357, 5498.790107011795, 5586.343911647797, 5673.89315366745, 5761.065243005753, 5848.167148113251, 5935.3733603954315, 6022.691030025482, 6109.943518400192, 6197.371346950531, 6284.852424860001, 6372.129522323608, 6459.793183803558, 6547.363636493683, 6648.752154111862, 6750.654413223267, 6852.213401317596, 6967.858333349228, 7084.060092687607, 7185.917439460754, 7301.930597543716, 7403.859662055969, 7520.343488931656, 7636.079961538315, 7752.107450008392, 7868.459102153778, 7985.002282857895, 8101.125700950623, 8217.493101358414, 8333.42710518837, 8449.140691518784, 8564.98750948906, 8680.957378387451, 8796.971316337585, 8913.086260795593, 9029.32019996643, 9145.268834590912, 9261.341384649277, 9377.435152292252], "timesteps_eval": [8808, 17642, 26476, 35310, 44144, 52978, 61812, 70646, 79480, 88314, 97148, 105982, 114816, 123650, 132484, 141318, 150152, 158986, 167820, 176654, 185488, 194322, 203156, 211990, 220824, 229658, 238492, 247326, 256160, 264994, 273828, 282662, 291496, 300330, 309164, 317998, 326832, 335666, 344500, 353334, 362168, 371002, 379836, 388670, 397504, 406338, 415172, 424006, 432840, 441674, 450508, 459342, 468176, 477010, 485844, 494678, 503512, 512346, 521180, 530014, 538848, 547682, 556516, 565350, 574184, 583018, 591852, 600686, 609520, 618354, 627188, 636022, 644856, 653690, 662524, 671358, 680192, 689026, 697860, 707135, 715969, 724803, 733637, 743352, 752628, 762788, 773385, 781555, 792084, 801359, 811953, 820787, 830940, 840654, 849698, 859118, 870971, 878035, 888924, 899163],