{"gamma": [0.95, 0.95, 0.98], "learning_rate": [-3, -5, -3], "returns_eval": [0.2, 0.0, 0.0, 0.0, 0.0, 0.2, 0.5, 1.7, 2.3, 2.5, 4.6, 3.0, 5.5, 4.5, 7.7, 26.5, 25.4, 31.2, 25.7, 22.9, 29.9, 26.4, 29.3, 33.7, 26.3, 28.9, 28.1, 24.0, 21.6, 29.5, 22.5, 20.1, 29.0, 28.4, 26.7, 30.1, 36.1, 33.1, 33.9, 32.0, 34.8, 40.2, 38.8, 51.5, 47.3, 65.0, 60.1, 58.5, 55.4, 49.8, 66.3, 61.0, 72.8, 62.0, 66.0, 81.1, 69.6, 76.8, 63.3, 67.2, 79.8, 60.0, 54.4, 32.7, 33.9, 21.5, 13.3, 5.6, 4.3, 3.9, 2.6, 2.5, 4.9, 1.2, 4.2, 2.3, 3.2, 3.9, 3.5, 3.9, 5.3, 5.6, 4.2, 2.3, 5.3, 4.4, 7.2, 8.2, 5.4, 6.2, 5.5, 5.9, 8.4, 5.2, 12.3, 9.4, 12.3, 6.3, 6.8, 6.4], "std_returns_eval": [0.4000000000000001, 0.0, 0.0, 0.0, 0.0, 0.6000000000000001, 1.02469507659596, 3.195309061734091, 3.0675723300355937, 2.8722813232690143, 4.431703961232068, 2.4899799195977463, 7.762087348130012, 3.6124783736376886, 5.586591089385369, 18.287974190707946, 12.183595528414426, 17.848249213858484, 12.625767303415662, 8.383913167489272, 19.403350226185168, 11.403508232118746, 7.029224708315989, 7.642643521714199, 10.863240768757727, 11.631422956801115, 11.175419455215094, 12.876334882255899, 12.043255373859678, 10.111874208078342, 12.800390619039717, 9.533624704172071, 12.884098726725126, 14.312232530251874, 9.747307320486001, 15.946472964263917, 10.280564186852782, 19.075901027212318, 9.491575211733824, 11.713240371477058, 7.730459236035076, 18.882796403075474, 12.749901960407382, 21.490695661146013, 12.296747537458838, 18.76166303929372, 16.825278600962303, 17.89553016817328, 13.57350360076572, 7.984985911070852, 24.57254565567027, 22.947766775876037, 21.64162655624572, 21.60555484129024, 22.26656686604381, 23.205387305537478, 23.774776549948896, 14.58629493737186, 24.15802144216285, 19.58979326077741, 23.61694307060082, 23.924882444852262, 24.90461804565571, 12.594046212397348, 8.676981041814024, 8.17618492941543, 8.944830909525344, 4.476605857119878, 5.933801479658719, 4.0853396431631, 3.9293765408777, 3.6674241641784495, 6.472248450113763, 1.0770329614269007, 4.445222154178574, 3.195309061734091, 2.6758176320519307, 3.080584360149872, 2.0615528128088303, 2.2561028345356955, 4.124318125460256, 5.535341001239219, 2.4000000000000004, 1.9519221295943137, 3.0675723300355937, 3.8781438859330635, 4.707440918375928, 3.1559467676119, 3.2310988842807027, 3.4292856398964497, 3.9812058474788765, 3.080584360149873, 5.141984052872977, 5.878775382679628, 7.707788269017255, 5.257375771237966, 7.267048919609665, 4.050925820105819, 6.079473661428265, 3.746998799039039], "timestamps_eval": [89.80817866325378, 177.65443396568298, 265.4592640399933, 353.633670091629, 441.68015599250793, 529.596492767334, 617.7461757659912, 706.2366511821747, 794.7516868114471, 882.9511914253235, 971.3819434642792, 1059.6690909862518, 1148.3517017364502, 1237.219572544098, 1325.771602153778, 1414.2329761981964, 1504.9667975902557, 1593.5864295959473, 1682.304179906845, 1771.1482751369476, 1859.8358993530273, 1948.4069209098816, 2037.2352616786957, 2125.5948672294617, 2214.2130842208862, 2302.960939645767, 2391.927398443222, 2480.409274816513, 2568.955921649933, 2657.3689346313477, 2746.480453491211, 2835.0390288829803, 2923.7942955493927, 3012.276138782501, 3100.92706823349, 3189.5240983963013, 3278.170890569687, 3366.566696882248, 3455.3510205745697, 3543.9159100055695, 3633.0215237140656, 3722.009768486023, 3811.614776611328, 3900.827740907669, 3990.267739057541, 4079.1240441799164, 4168.232125759125, 4257.6592745780945, 4346.210975408554, 4434.630253314972, 4523.750493526459, 4612.091012477875, 4701.023213624954, 4790.473424196243, 4879.48902630806, 4967.691633939743, 5056.7105712890625, 5145.006069660187, 5234.5677263736725, 5323.262254714966, 5412.014231443405, 5501.586745738983, 5590.195832014084, 5678.49610376358, 5767.970215559006, 5855.93043422699, 5943.9614107608795, 6032.324362277985, 6120.629488706589, 6208.564971923828, 6296.792314529419, 6384.816432476044, 6472.704069375992, 6560.780906915665, 6649.231831789017, 6737.2272481918335, 6825.652769088745, 6914.704500198364, 7002.957646846771, 7090.93199634552, 7179.1634702682495, 7267.749611854553, 7356.118045091629, 7444.065495967865, 7532.766658306122, 7621.627372980118, 7710.306443929672, 7798.662292480469, 7887.258746623993, 7975.750822544098, 8064.022613286972, 8152.284964561462, 8240.599701881409, 8328.656274080276, 8417.130836963654, 8505.35339307785, 8593.866157531738, 8682.070413351059, 8770.483703374863, 8858.622754335403], "timesteps_eval": [8808, 17642, 26476, 35310, 44144, 52978, 61812, 70646, 79480, 88314, 97148, 105982, 114816, 123650, 132484, 141318, 150152, 158986, 167820, 176654, 185488, 194322, 203156, 211990, 220824, 229658, 238492, 247326, 256160, 264994, 273828, 282662, 291496, 300330, 309164, 317998, 326832, 335666, 344500, 353334, 362168, 371002, 379836, 388670, 397504, 406338, 415172, 424006, 432840, 441674, 450508, 459342, 468176, 477010, 485844, 494678, 503512, 512346, 521180, 530014, 538848, 547682, 556516, 565350, 574184, 583018, 591852, 600686, 609520, 618354, 627188, 636022, 644856, 653690, 662524, 671358, 680192, 689026, 697860, 706694, 715528, 724362, 733196, 742030, 750864, 759698, 768532, 777366, 786200, 795034, 803868, 812702, 821536, 830370, 839204, 848038, 856872, 865706, 874540, 883374],