{"gamma": [0.98, 0.95, 0.95], "learning_rate": [-4, -5, -5], "returns_eval": [0.1, 0.0, 0.0, 0.0, 0.0, 0.0, 0.0, 0.0, 0.4, 0.0, 1.1, 0.8, 0.6, 1.1, 7.5, 4.9, 7.7, 9.4, 13.9, 14.6, 22.2, 38.5, 45.1, 39.0, 61.1, 67.9, 79.4, 69.9, 82.3, 76.9, 81.7, 95.5, 89.6, 97.1, 113.5, 107.1, 115.5, 118.1, 124.6, 116.1, 130.3, 120.2, 138.2, 138.5, 138.8, 147.6, 142.5, 136.3, 143.5, 142.8, 141.6, 153.1, 157.5, 160.1, 151.1, 145.6, 152.7, 162.1, 168.7, 149.8, 164.9, 176.8, 186.3, 157.0, 144.1, 170.0, 162.7, 183.4, 182.6, 188.8, 190.9, 160.3, 170.3, 190.8, 167.6, 191.8, 192.7, 207.8, 190.7, 185.8, 195.8, 233.3, 222.5, 175.6, 213.5, 210.5, 228.6, 216.7, 248.3, 265.4, 265.0, 225.9, 254.7, 241.1, 287.8, 221.1, 266.1, 272.3, 239.1, 237.0], "std_returns_eval": [0.30000000000000004, 0.0, 0.0, 0.0, 0.0, 0.0, 0.0, 0.0, 1.2000000000000002, 0.0, 2.9816103031751147, 1.7776388834631178, 0.66332495807108, 2.022374841615669, 7.88986691902975, 5.107837115648853, 4.473253849269009, 7.445804187594515, 6.518435395092905, 13.492219980418346, 12.391932859727735, 13.850992744204294, 21.33752562974442, 9.143303560529969, 21.759825366946306, 18.4143965418365, 13.95850994913139, 17.346181135915767, 9.381364506296512, 14.088647912415158, 20.327567488511754, 18.848076824970764, 14.36802004452945, 11.920151005754919, 14.0089257261219, 18.965494984312958, 22.38861317723811, 10.163168797181319, 16.493635136015346, 12.856515857727553, 15.799050604387594, 10.618851161966628, 17.121915780659595, 19.865799757371963, 9.537295214053092, 11.065260954898442, 15.331340450201997, 19.230444612644817, 10.781929326423912, 18.37280599146467, 22.064451046876286, 15.776247969653621, 16.536323654307203, 21.66310227091217, 15.725457068079136, 16.614451540752107, 24.49918365986916, 18.07456776799932, 42.4288816727474, 14.062716664997557, 19.79115964262832, 42.962309062712166, 85.92327973256141, 13.733171520082315, 14.088647912415158, 40.209451625208715, 13.601838111078957, 55.97356518929271, 59.39562273433961, 74.12529932485938, 54.78950629454513, 21.004999404903586, 13.06177629574171, 48.868803955079564, 18.714700104463336, 49.71076342201958, 36.52136361090588, 73.3427569702694, 54.45006887047986, 52.84089325512959, 62.69098818809607, 84.82340478900856, 83.47963823591954, 14.53409783921933, 79.07496443249279, 77.03408336574142, 85.44144193539807, 74.21596863209427, 98.01637618275838, 98.41666525543324, 89.68611932735188, 72.35944997026995, 90.44230204942818, 81.50392628579314, 96.91625250699698, 77.07716912289916, 87.83444654576016, 96.15305507366888, 84.35573483765049, 90.47762154256709], "timestamps_eval": [91.0366563796997, 180.4518232345581, 269.37285590171814, 357.25671458244324, 444.9409694671631, 533.3497521877289, 620.652065038681, 709.2571125030518, 797.4094588756561, 886.4045467376709, 974.2769513130188, 1061.866031885147, 1150.8060295581818, 1240.5035548210144, 1330.7653119564056, 1420.6037421226501, 1511.406095981598, 1602.9969539642334, 1694.7896585464478, 1786.3203737735748, 1879.15780377388, 1971.2717061042786, 2064.004837989807, 2154.8460640907288, 2242.4154930114746, 2329.9393272399902, 2417.456099510193, 2505.3593666553497, 2592.9780507087708, 2680.603293657303, 2768.1532802581787, 2855.7480738162994, 2943.3328051567078, 3030.861960411072, 3118.3395619392395, 3205.708191871643, 3293.103600502014, 3380.7402396202087, 3468.259209394455, 3555.8823070526123, 3643.567899942398, 3731.360260486603, 3818.9906163215637, 3906.6520404815674, 3993.9070649147034, 4081.3695170879364, 4168.476948261261, 4255.8708527088165, 4343.516913175583, 4431.017127990723, 4518.652451992035, 4606.115085601807, 4693.741258144379, 4781.081303834915, 4868.573663234711, 4956.141879796982, 5043.919328689575, 5131.486127614975, 5233.288757324219, 5320.84396314621, 5408.37949180603, 5509.936280250549, 5611.7150049209595, 5699.3292553424835, 5787.020282506943, 5888.931919574738, 5976.6183178424835, 6078.554450750351, 6180.459915876389, 6296.793055534363, 6398.366358041763, 6485.860357046127, 6573.404987812042, 6675.521495819092, 6763.005354642868, 6864.597074270248, 6966.10515832901, 7067.823064804077, 7169.436882019043, 7271.17533993721, 7372.742635250092, 7488.82213807106, 7590.638179063797, 7677.978674173355, 7779.821171045303, 7881.899789810181, 7997.798648118973, 8099.7888062000275, 8215.81309723854, 8332.01398563385, 8447.98256278038, 8549.556442260742, 8651.40676021576, 8753.39164185524, 8869.467881917953, 8971.137708902359, 9087.050554990768, 9203.24081158638, 9305.131798744202, 9407.026495933533], "timesteps_eval": [8808, 17642, 26476, 35310, 44144, 52978, 61812, 70646, 79480, 88314, 97148, 105982, 114816, 123650, 132484, 141318, 150152, 158986, 167820, 176654, 185488, 194322, 203156, 211990, 220824, 229658, 238492, 247326, 256160, 264994, 273828, 282662, 291496, 300330, 309164, 317998, 326832, 335666, 344500, 353334, 362168, 371002, 379836, 388670, 397504, 406338, 415172, 424006, 432840, 441674, 450508, 459342, 468176, 477010, 485844, 494678, 503512, 512346, 521180, 530014, 538848, 547682, 556516, 565350, 574184, 583018, 591852, 600686, 609520, 618354, 627188, 636464, 645298, 654132, 662966, 671800, 681076, 689910, 698744, 707578, 716412, 725246, 734080, 742914, 751748, 760582, 769416, 778689, 787964, 796798, 805632, 814466, 823300, 832573, 841407, 850679, 860394, 868574, 877114, 887192],