{"gamma": 0.98, "learning_rate": -6, "clip": 0.3, "returns_eval": [0.0, 0.0, 0.0, 0.0, 0.2, 0.0, 0.4, 0.0, 0.0, 0.3, 0.0, 0.0, 0.0, 0.0, 0.0, 0.0, 0.0, 0.0, 0.0, 0.0, 0.0, 0.0, 0.0, 0.0, 0.0, 0.0, 0.0, 0.0, 0.0, 5.8, 0.0, 0.0, 6.1, 5.2, 6.1, 11.8, 13.0, 22.8, 22.8, 13.0, 22.8, 22.8, 22.8, 22.8, 22.8, 22.8, 22.8, 22.8, 22.8, 22.8, 22.8, 22.8, 22.8, 22.8, 22.8, 22.8, 22.8, 22.8, 22.8, 22.8, 22.8, 22.8, 22.8, 22.8, 22.8, 22.8, 22.8, 22.8, 22.8, 22.8, 22.8, 22.8, 22.8, 22.8, 22.8, 22.8, 22.8, 22.8, 22.8, 22.8, 22.8, 22.8, 22.8, 22.8, 22.8, 22.8, 22.8, 22.8, 22.8, 22.8, 22.8, 22.8, 22.8, 22.8, 22.8, 22.8, 22.8, 22.8, 22.8, 22.8], "std_returns_eval": [0.0, 0.0, 0.0, 0.0, 0.6000000000000001, 0.0, 0.9165151389911681, 0.0, 0.0, 0.6403124237432849, 0.0, 0.0, 0.0, 0.0, 0.0, 0.0, 0.0, 0.0, 0.0, 0.0, 0.0, 0.0, 0.0, 0.0, 0.0, 0.0, 0.0, 0.0, 0.0, 3.8678159211627436, 0.0, 0.0, 6.315853069855251, 5.4, 5.6471231613982, 8.121576201698781, 6.648308055437865, 10.283968105745954, 10.283968105745954, 6.648308055437865, 10.283968105745954, 10.283968105745954, 10.283968105745954, 10.283968105745954, 10.283968105745954, 10.283968105745954, 10.283968105745954, 10.283968105745954, 10.283968105745954, 10.283968105745954, 10.283968105745954, 10.283968105745954, 10.283968105745954, 10.283968105745954, 10.283968105745954, 10.283968105745954, 10.283968105745954, 10.283968105745954, 10.283968105745954, 10.283968105745954, 10.283968105745954, 10.283968105745954, 10.283968105745954, 10.283968105745954, 10.283968105745954, 10.283968105745954, 10.283968105745954, 10.283968105745954, 10.283968105745954, 10.283968105745954, 10.283968105745954, 10.283968105745954, 10.283968105745954, 10.283968105745954, 10.283968105745954, 10.283968105745954, 10.283968105745954, 10.283968105745954, 10.283968105745954, 10.283968105745954, 10.283968105745954, 10.283968105745954, 10.283968105745954, 10.283968105745954, 10.283968105745954, 10.283968105745954, 10.283968105745954, 10.283968105745954, 10.283968105745954, 10.283968105745954, 10.283968105745954, 10.283968105745954, 10.283968105745954, 10.283968105745954, 10.283968105745954, 10.283968105745954, 10.283968105745954, 10.283968105745954, 10.283968105745954, 10.283968105745954], "timestamps_eval": [89.53166055679321, 176.77522206306458, 263.9871461391449, 350.9493262767792, 438.42852091789246, 525.24098944664, 611.9652118682861, 699.1326727867126, 786.3960227966309, 873.3469023704529, 960.5628216266632, 1047.4553825855255, 1132.7849984169006, 1218.3673379421234, 1304.4899644851685, 1391.4828369617462, 1478.7367434501648, 1566.1327328681946, 1652.7119705677032, 1738.8135025501251, 1825.9799554347992, 1913.0566956996918, 2000.8805015087128, 2088.214712381363, 2175.6443858146667, 2263.216425180435, 2350.4354853630066, 2437.9006502628326, 2525.311653614044, 2612.709945201874, 2699.07918715477, 2786.3659517765045, 2874.951235771179, 2962.428570985794, 3049.378011226654, 3135.97648024559, 3222.802638053894, 3310.2654705047607, 3398.005992412567, 3485.4807741642, 3572.920852661133, 3660.1712577342987, 3752.888406276703, 3839.8337490558624, 3927.1000974178314, 4014.589836835861, 4101.97189450264, 4189.045345067978, 4276.205930233002, 4363.474373102188, 4450.651485919952, 4539.101830005646, 4626.436522960663, 4713.919735431671, 4801.343553304672, 4888.77632188797, 4976.2918474674225, 5063.896476268768, 5150.221212148666, 5237.5727660655975, 5325.303810596466, 5412.7484312057495, 5500.402856588364, 5587.880167722702, 5675.330689191818, 5762.52321100235, 5849.679699897766, 5937.011273384094, 6024.4265167713165, 6111.530695915222, 6198.2294816970825, 6285.698208093643, 6372.786128997803, 6458.794341087341, 6544.391189098358, 6631.243449449539, 6718.712085723877, 6805.9912078380585, 6893.018903017044, 6980.072544574738, 7066.579261541367, 7153.205896854401, 7240.02383184433, 7327.23565363884, 7414.760929346085, 7502.156361579895, 7588.964616537094, 7676.567177057266, 7763.885992765427, 7850.966221570969, 7937.631494760513, 8024.668187379837, 8112.076459646225, 8199.537182331085, 8286.83115029335, 8374.053311347961, 8460.893568277359, 8548.133476257324, 8635.439672231674, 8722.788488864899], "timesteps_eval": [8802, 17640, 26478, 35316, 44154, 52992, 61830, 70668, 79506, 88344, 97182, 106020, 114858, 123696, 132534, 141372, 150210, 159048, 167886, 176724, 185562, 194400, 203238, 212076, 220914, 229752, 238590, 247428, 256266, 265104, 273942, 282780, 291618, 300456, 309294, 318132, 326970, 335808, 344646, 353484, 362322, 371160, 379998, 388836, 397674, 406512, 415350, 424188, 433026, 441864, 450702, 459540, 468378, 477216, 486054, 494892, 503730, 512568, 521406, 530244, 539082, 547920, 556758, 565596, 574434, 583272, 592110, 600948, 609786, 618624, 627462, 636300, 645138, 653976, 662814, 671652, 680490, 689328, 698166, 707004, 715842, 724680, 733518, 742356, 751194, 760032, 768870, 777708, 786546, 795384, 804222, 813060, 821898, 830736, 839574, 848412, 857250, 866088, 874926, 883764],