{"gamma": [0.99, 0.95, 0.95], "learning_rate": [-3, -4, -3], "returns_eval": [0.1, 0.4, 0.1, 0.0, 0.0, 0.0, 0.3, 0.1, 0.1, 0.2, 0.8, 0.2, 1.3, 0.6, 1.2, 3.3, 0.1, 0.5, 1.4, 1.0, 2.7, 2.9, 2.3, 2.4, 2.0, 2.6, 2.0, 2.8, 6.8, 4.4, 4.8, 2.7, 7.0, 5.1, 6.4, 18.6, 14.3, 17.7, 22.8, 18.5, 31.3, 29.4, 32.0, 30.2, 41.0, 33.9, 46.1, 38.9, 41.4, 44.1, 47.1, 48.0, 46.9, 48.7, 60.8, 45.6, 52.2, 61.0, 46.8, 46.9, 39.0, 28.8, 29.0, 22.2, 22.0, 23.2, 20.3, 19.4, 18.9, 26.6, 17.4, 29.7, 27.6, 27.5, 22.8, 16.0, 23.9, 19.1, 18.6, 15.0, 15.8, 20.0, 18.2, 21.3, 19.8, 22.6, 24.0, 19.9, 18.8, 17.7, 14.7, 18.1, 14.9, 20.3, 14.0, 22.5, 23.4, 22.3, 34.7, 24.7], "std_returns_eval": [0.30000000000000004, 1.2000000000000002, 0.30000000000000004, 0.0, 0.0, 0.0, 0.9000000000000001, 0.30000000000000004, 0.30000000000000004, 0.4000000000000001, 1.077032961426901, 0.4000000000000001, 3.257299494980466, 1.0198039027185568, 1.5999999999999999, 6.649060083951715, 0.30000000000000004, 0.806225774829855, 1.9595917942265424, 1.5491933384829668, 2.9342801502242417, 2.9137604568666933, 2.193171219946131, 2.244994432064365, 1.5491933384829668, 2.154065922853802, 2.0, 2.08806130178211, 4.578209256903839, 4.24735211631906, 3.1240998703626617, 2.2825424421026654, 4.449719092257398, 3.6999999999999997, 3.352610922848042, 12.084701072016635, 7.1700767080973415, 9.654532614269838, 9.516301802696255, 8.674675786448736, 10.82635672791175, 13.624977064200879, 10.059821071967434, 10.361467077590895, 9.423375191511797, 8.490583018850943, 14.459944674859583, 14.597602542883541, 15.18025032731674, 14.54957044039445, 15.788920165736476, 24.2816803372419, 13.118307817702709, 19.209633000138236, 16.821414922651424, 14.867414032036642, 18.048822676285564, 15.830350596243912, 10.264501936285074, 14.404513181638594, 12.513992168768526, 12.4, 10.158740079360236, 12.18031198286809, 10.16857905510893, 10.4, 10.363879582472965, 9.488940931421167, 10.123734488813898, 7.812809993849845, 8.593020423576334, 6.403905058634146, 13.283071933856265, 9.932270636667127, 8.388086790204307, 6.212889826803627, 10.802314566795395, 9.689685237405804, 9.404254356406998, 4.919349550499537, 6.49307323229917, 10.059821071967434, 6.4156059729381765, 6.450581369148055, 7.794870107962031, 8.765842800324451, 7.238784428341543, 5.80430874437258, 7.45385806143369, 5.604462507680821, 8.013114251026252, 6.549045732013177, 7.502666192761078, 7.308214556237385, 8.449852069711044, 8.935882720806042, 8.296987405076615, 7.043436661176133, 12.402015965156634, 10.286398786747478], "timestamps_eval": [89.33421015739441, 176.62170553207397, 263.9109892845154, 351.9738440513611, 440.0714569091797, 528.0234956741333, 615.9917016029358, 704.2097671031952, 792.4401099681854, 880.710489988327, 969.0803942680359, 1057.4852588176727, 1145.7998588085175, 1234.244021654129, 1322.6656126976013, 1411.0492832660675, 1499.4611175060272, 1587.9473400115967, 1676.3000178337097, 1764.7797331809998, 1853.3402516841888, 1941.7614059448242, 2030.107839345932, 2118.4587092399597, 2206.7727661132812, 2294.981604576111, 2383.353326320648, 2471.6266746520996, 2559.8527026176453, 2648.0788147449493, 2736.2321631908417, 2824.4525411129, 2912.6285281181335, 3000.8485419750214, 3089.086705684662, 3177.2817006111145, 3265.378851413727, 3353.598623752594, 3441.7135446071625, 3532.1627707481384, 3620.3668093681335, 3708.5781302452087, 3796.749176979065, 3885.0384118556976, 3973.247793197632, 4061.4222164154053, 4149.800522327423, 4238.156293153763, 4326.423943758011, 4414.704242706299, 4503.0804789066315, 4591.481117010117, 4679.957662820816, 4768.326246976852, 4856.711832284927, 4945.083267688751, 5033.521783351898, 5121.996125459671, 5210.570926904678, 5299.929777622223, 5388.559943914413, 5477.039337873459, 5565.458982467651, 5653.9721665382385, 5742.5138058662415, 5831.040960788727, 5919.607022047043, 6008.1317937374115, 6096.642118215561, 6185.114758014679, 6273.545058488846, 6362.046291351318, 6450.733309984207, 6539.31706738472, 6627.838494539261, 6716.419533491135, 6805.040252447128, 6893.470750808716, 6981.982684373856, 7070.478661775589, 7158.961085557938, 7247.349732637405, 7335.7601437568665, 7424.1851370334625, 7512.660115480423, 7601.024629116058, 7689.467612981796, 7777.697492837906, 7866.1005301475525, 7954.4104816913605, 8042.7495675086975, 8131.07403922081, 8219.453253030777, 8307.814877986908, 8396.247692108154, 8484.767518043518, 8573.298412799835, 8661.935042381287, 8750.549979448318, 8838.95980167389], "timesteps_eval": [8808, 17642, 26476, 35310, 44144, 52978, 61812, 70646, 79480, 88314, 97148, 105982, 114816, 123650, 132484, 141318, 150152, 158986, 167820, 176654, 185488, 194322, 203156, 211990, 220824, 229658, 238492, 247326, 256160, 264994, 273828, 282662, 291496, 300330, 309164, 317998, 326832, 335666, 344500, 353334, 362168, 371002, 379836, 388670, 397504, 406338, 415172, 424006, 432840, 441674, 450508, 459342, 468176, 477010, 485844, 494678, 503512, 512346, 521180, 530014, 538848, 547682, 556516, 565350, 574184, 583018, 591852, 600686, 609520, 618354, 627188, 636022, 644856, 653690, 662524, 671358, 680192, 689026, 697860, 706694, 715528, 724362, 733196, 742030, 750864, 759698, 768532, 777366, 786200, 795034, 803868, 812702, 821536, 830370, 839204, 848038, 856872, 865706, 874540, 883374],