{"gamma": 0.8, "learning_rate": -4, "clip": 0.3, "returns_eval": [0.0, 0.0, 0.0, 0.0, 1.7, 3.2, 9.5, 36.9, 55.6, 65.7, 87.5, 83.8, 87.5, 113.2, 119.8, 125.8, 127.0, 129.0, 136.1, 138.2, 133.2, 149.0, 160.8, 170.2, 146.5, 177.3, 169.1, 181.0, 184.3, 203.2, 172.7, 237.0, 197.3, 211.4, 256.4, 231.7, 275.9, 278.7, 249.2, 295.1, 259.0, 363.4, 255.5, 321.7, 302.8, 348.9, 262.4, 313.4, 383.0, 363.7, 273.6, 318.3, 297.0, 356.8, 394.2, 290.9, 412.2, 371.0, 384.6, 386.3, 395.5, 377.0, 428.0, 343.9, 313.6, 344.6, 362.1, 398.1, 394.6, 332.2, 393.2, 370.0, 403.1, 342.7, 355.8, 347.8, 370.6, 381.9, 367.2, 379.3, 369.0, 344.8, 442.5, 370.0, 418.1, 418.0, 423.7, 383.1, 423.8, 385.9, 378.4, 389.5, 398.7, 435.1, 407.4, 397.0, 349.0, 406.2, 403.4, 376.0], "std_returns_eval": [0.0, 0.0, 0.0, 0.0, 4.775981574503821, 3.0919249667480617, 9.992497185388645, 20.48145502643794, 18.111874557869484, 17.793538152936307, 22.610838109190027, 19.978988963408533, 22.553270272845133, 24.453220646777797, 18.126224096595518, 13.898201322473351, 22.454398232862978, 20.654297373670207, 16.59186547679314, 15.25647403563484, 10.943491216243563, 50.994117307783654, 19.502820308868152, 13.31014650557987, 19.586985475054604, 61.73337832971722, 19.20130203918474, 57.560403056267766, 60.26284095526861, 67.13389605854854, 10.402403568406678, 84.72897969408106, 68.33600807773307, 72.45163904288157, 90.32740447948231, 93.20091201270512, 80.05179573251309, 97.17309298360321, 95.27203157275486, 108.9600385462487, 94.63086177352503, 102.37011282596109, 107.55951840725209, 107.25768037767739, 113.67303989952939, 110.04403663988339, 106.78033526825058, 103.15735553027713, 72.16370278748174, 96.58265889899698, 115.88977521766104, 113.21753397773686, 114.93737425224225, 97.43592766531245, 77.35735259172202, 108.31200302828861, 28.392956873140214, 102.1528266862939, 117.4659099483761, 72.51489502164365, 77.35793430540916, 73.34711991619031, 26.26404386228442, 111.42661262014565, 114.35313725473387, 112.6278828709836, 96.11082145107282, 27.890679446725567, 75.37665421070373, 108.81249928202182, 44.80357128622673, 91.40459507048865, 30.556341404035923, 83.6720383401767, 85.12085525886121, 101.21047376630544, 100.50890507810738, 108.28060768207759, 97.18621301398672, 97.25641367025621, 96.93606140131752, 119.22315211400846, 49.14112330828427, 73.61521581847057, 33.910028015323135, 29.003448070875987, 33.91769449712053, 83.3144045168661, 41.765536031517655, 85.41598211107802, 92.35063616456576, 69.65522234549252, 73.36627290519807, 18.806647760831805, 85.08842459465329, 81.01728210696777, 106.06790277930455, 76.84113481723185, 78.60814207192534, 92.96881197476927], "timestamps_eval": [89.14536595344543, 176.30557513237, 263.6371736526489, 350.954142332077, 437.5582356452942, 524.3920903205872, 612.29141497612, 699.4708337783813, 787.5163021087646, 874.4937143325806, 961.7493281364441, 1049.4647850990295, 1136.461570262909, 1223.3251678943634, 1310.6936185359955, 1398.067946434021, 1485.211199760437, 1572.6887278556824, 1660.2504394054413, 1747.4774408340454, 1834.9580426216125, 1935.921501159668, 2023.2711596488953, 2110.545758962631, 2197.8891270160675, 2299.138464450836, 2386.0453429222107, 2487.701032400131, 2589.1826820373535, 2690.3715658187866, 2777.470976114273, 2892.667867898941, 2994.374806165695, 3095.6478519439697, 3196.97261428833, 3313.1520235538483, 3429.5774533748627, 3530.6901726722717, 3646.6675086021423, 3762.2007019519806, 3863.578140735626, 3979.1921887397766, 4094.3852438926697, 4209.977269411087, 4325.410097837448, 4441.163914680481, 4556.348867893219, 4672.057991027832, 4787.410753726959, 4903.627592802048, 5019.842614889145, 5135.73109126091, 5251.036152124405, 5366.9917895793915, 5482.668110847473, 5598.987242460251, 5714.738310575485, 5830.000327348709, 5945.5085105896, 6061.092878103256, 6176.895374774933, 6293.429645776749, 6409.014322280884, 6524.7303993701935, 6640.377954006195, 6756.003342628479, 6871.641419172287, 6987.287349700928, 7103.5472066402435, 7221.95337843895, 7337.272125959396, 7452.816331386566, 7568.629501819611, 7684.575768470764, 7799.990136623383, 7915.425680875778, 8031.574214935303, 8147.9087743759155, 8264.39704489708, 8380.014296293259, 8495.528830051422, 8612.021433115005, 8731.815719604492, 8847.741443872452, 8964.935926914215, 9080.587911844254, 9196.103175401688, 9312.46666765213, 9431.685042381287, 9550.908931732178, 9670.507468700409, 9786.772428750992, 9902.495842218399, 10019.206028699875, 10139.689215421677, 10255.120061159134, 10370.655218362808, 10486.627671480179, 10602.484395980835, 10718.381811618805], "timesteps_eval": [8802, 17640, 26478, 35316, 44154, 52992, 61830, 70668, 79506, 88344, 97182, 106020, 114858, 123696, 132534, 141372, 150210, 159048, 167886, 176724, 185562, 194400, 203238, 212076, 220914, 229752, 238590, 247428, 256266, 265104, 274381, 283657, 292936, 302213, 311488, 321644, 330921, 341520, 353002, 360520, 370747, 380376, 388386, 400301, 407807, 418100, 428755, 438173, 449365, 458630, 466433, 478748, 487526, 498927, 510113, 518637, 525415, 533152, 543075, 552712, 562726, 571251, 581632, 588494, 597030, 608859, 618214, 627624, 639682, 646749, 656447, 665868, 676389, 688672, 697718, 707800, 718252, 727816, 737229, 747818, 756348, 764634, 772286, 779636, 786903, 795424, 804182, 814569, 824715, 834145, 842896, 852242, 859301, 868261, 876141, 883639, 891858, 896364, 904089, 913711],