{"gamma": [0.99, 0.99, 0.95], "learning_rate": [-3, -5, -5], "returns_eval": [0.0, 0.5, 0.0, 0.0, 0.3, 1.4, 0.7, 3.3, 1.9, 2.5, 4.3, 8.4, 3.0, 11.0, 4.2, 9.0, 15.1, 14.7, 14.4, 11.0, 11.2, 21.7, 19.1, 17.1, 22.5, 15.7, 18.9, 14.3, 15.7, 8.7, 9.7, 11.9, 9.7, 15.1, 11.7, 19.4, 15.8, 17.9, 17.5, 20.3, 21.2, 19.2, 25.9, 17.4, 22.8, 24.0, 25.9, 22.7, 26.9, 25.1, 30.7, 27.3, 24.7, 31.7, 33.0, 34.7, 27.9, 33.2, 31.4, 38.3, 36.1, 34.5, 38.5, 33.0, 38.3, 40.9, 47.2, 46.8, 59.9, 51.3, 59.0, 54.1, 66.5, 63.4, 71.5, 62.2, 61.7, 70.4, 67.8, 47.1, 69.1, 56.7, 60.6, 76.3, 72.0, 81.2, 91.9, 72.6, 77.3, 84.0, 88.8, 85.0, 81.0, 81.4, 79.6, 81.5, 93.5, 90.8, 99.0, 105.6], "std_returns_eval": [0.0, 1.5, 0.0, 0.0, 0.6403124237432849, 1.4966629547095767, 0.9, 3.7696153649941526, 2.6248809496813377, 2.7658633371878665, 4.196427051671457, 7.578918128598567, 1.9493588689617927, 9.327379053088816, 3.8418745424597094, 10.119288512538814, 6.977822009767805, 7.975587752636165, 10.258654882585729, 6.782329983125268, 8.328265125462805, 10.050373127401787, 12.128066622508303, 7.034912934784622, 8.488227141164401, 7.389857914736926, 4.1340053217188775, 6.634003316248793, 8.112336284942828, 5.710516614107694, 8.038034585643434, 7.4357245780085215, 9.706183596038146, 9.374966666607408, 6.986415389883427, 8.06473806146238, 8.657944328765346, 7.034912934784622, 9.841239759298622, 8.12465383877984, 10.80555412739208, 10.017983829094554, 9.115371632577578, 12.034949106664305, 5.287721626560914, 7.1693793315739685, 5.85576638878294, 10.040418317978588, 5.243090691567332, 7.272551134230684, 11.849472562101656, 14.339107364128354, 4.980963762164909, 12.247856955402442, 10.871982339941507, 14.986994361779148, 12.4213525833542, 8.840814442120138, 9.101648202386203, 12.915494570476191, 4.570557952810575, 14.609928131240071, 6.5, 9.959919678390985, 14.873130134574902, 18.387223825254317, 15.848028268526026, 12.75774274705365, 20.275354497517423, 20.435508312738396, 14.338758663147937, 15.22136656151477, 27.612497170665314, 20.650423724466282, 26.567837698992367, 15.638414241859692, 21.803898733942056, 17.338973441354593, 20.599999999999998, 20.57887266105702, 18.79068918374204, 14.014635207525025, 21.138590303045284, 25.7489805623446, 25.242820761555155, 13.680643259730152, 17.598011251274958, 18.92194493174526, 21.29812198293549, 21.316660151158764, 24.999199987199592, 25.616400996236766, 20.760539492026695, 23.044305153334523, 23.660938273872404, 27.947271780980696, 20.776188293332346, 12.749901960407382, 16.864163187066236, 10.307278981380101], "timestamps_eval": [88.82924175262451, 176.88243055343628, 262.4999899864197, 348.02086544036865, 433.43863558769226, 519.122168302536, 604.775509595871, 690.3377158641815, 776.0882380008698, 862.0285985469818, 947.7070689201355, 1033.5850565433502, 1119.4005086421967, 1205.209587097168, 1291.1732518672943, 1377.055884361267, 1462.8598158359528, 1548.746574163437, 1634.6819257736206, 1720.8262054920197, 1806.7864632606506, 1892.7252252101898, 1978.5694262981415, 2064.2983541488647, 2150.1841592788696, 2236.00865983963, 2321.785213470459, 2407.5695486068726, 2493.4074342250824, 2579.484248161316, 2665.24848484993, 2751.357743740082, 2837.214948415756, 2923.179331302643, 3009.0934295654297, 3094.8427228927612, 3180.5459582805634, 3266.4334065914154, 3352.0816881656647, 3437.83736371994, 3523.507733106613, 3609.245884656906, 3694.9943647384644, 3780.4971947669983, 3866.0843575000763, 3951.6711132526398, 4037.356376886368, 4123.1782059669495, 4208.983937263489, 4294.672165155411, 4380.625236272812, 4466.30734372139, 4552.166202783585, 4637.915543317795, 4723.754410266876, 4809.275136947632, 4894.909744024277, 4981.488403558731, 5067.2452273368835, 5152.883027076721, 5238.577784061432, 5324.116594552994, 5409.962171792984, 5495.480360984802, 5581.27282500267, 5666.914810180664, 5752.801770210266, 5838.507520198822, 5924.429922819138, 6010.303633451462, 6096.051336050034, 6181.799119949341, 6267.476123809814, 6352.9856996536255, 6438.891158103943, 6524.613900899887, 6610.463893651962, 6696.157852649689, 6782.088129520416, 6867.928239107132, 6953.613552093506, 7039.537581682205, 7125.4430956840515, 7211.008993148804, 7296.7491998672485, 7382.456121683121, 7468.243864774704, 7553.878284692764, 7639.621356964111, 7725.370975255966, 7811.000292778015, 7896.692226409912, 7982.460614681244, 8068.030951976776, 8153.829320192337, 8239.455060720444, 8325.15809750557, 8410.82811331749, 8496.734038352966, 8582.353276252747], "timesteps_eval": [8805, 17638, 26471, 35304, 44137, 52970, 61803, 70636, 79469, 88302, 97135, 105968, 114801, 123634, 132467, 141300, 150133, 158966, 167799, 176632, 185465, 194298, 203131, 211964, 220797, 229630, 238463, 247296, 256129, 264962, 273795, 282628, 291461, 300294, 309127, 317960, 326793, 335626, 344459, 353292, 362125, 370958, 379791, 388624, 397457, 406290, 415123, 423956, 432789, 441622, 450455, 459288, 468121, 476954, 485787, 494620, 503453, 512286, 521119, 529952, 538785, 547618, 556451, 565284, 574117, 582950, 591783, 600616, 609449, 618282, 627115, 635948, 644781, 653614, 662447, 671280, 680113, 688946, 697779, 706612, 715445, 724278, 733111, 741944, 750777, 759610, 768443, 777276, 786109, 794942, 803775, 812608, 821441, 830274, 839107, 847940, 856773, 865606, 874439, 883272],