{"gamma": 0.99, "learning_rate": -3, "clip": 0.3, "returns_eval": [0.0, 0.0, 0.0, 0.1, 0.0, 0.2, 0.0, 0.1, 0.9, 5.8, 2.5, 7.1, 4.5, 5.2, 1.7, 1.8, 2.2, 3.2, 3.0, 5.3, 4.4, 5.5, 3.6, 2.7, 4.1, 2.6, 4.5, 3.4, 6.2, 4.4, 4.5, 3.7, 3.5, 3.0, 1.3, 0.3, 0.7, 1.4, 2.0, 1.2, 1.9, 1.6, 0.8, 1.4, 0.5, 0.3, 0.4, 1.4, 0.3, 2.3, 0.8, 1.6, 1.3, 1.5, 1.1, 0.5, 1.9, 2.9, 3.0, 2.3, 3.3, 1.5, 2.3, 2.2, 2.6, 2.2, 1.1, 1.0, 1.3, 2.5, 1.9, 1.7, 1.8, 3.3, 3.5, 2.6, 3.2, 2.1, 3.1, 3.1, 3.2, 4.3, 6.7, 6.1, 6.2, 6.1, 7.1, 6.0, 4.7, 4.9, 5.3, 4.6, 6.1, 4.7, 5.2, 5.3, 7.6, 5.4, 6.5, 6.0], "std_returns_eval": [0.0, 0.0, 0.0, 0.30000000000000004, 0.0, 0.6000000000000001, 0.0, 0.30000000000000004, 2.7, 7.30479294709987, 3.138470965295043, 8.7, 4.674398357008098, 5.912698199637793, 2.1931712199461306, 1.9899748742132402, 2.7129319932501073, 3.682390527904394, 3.40587727318528, 3.257299494980466, 3.0724582991474434, 4.272001872658765, 2.4979991993593593, 3.1320919526731648, 4.22965719651132, 2.2891046284519194, 3.383784863137726, 2.870540018881465, 2.181742422927143, 4.079215610874228, 4.153311931459037, 4.712748667179271, 4.883646178829912, 3.4351128074635335, 2.238302928559939, 0.6403124237432849, 1.268857754044952, 2.0591260281974, 2.1908902300206643, 2.181742422927143, 2.2561028345356955, 3.2000000000000006, 2.4000000000000004, 2.4166091947189146, 1.5, 0.9000000000000001, 0.8000000000000002, 2.1540659228538015, 0.9000000000000001, 2.238302928559939, 1.661324772583615, 2.2, 2.6095976701399777, 2.3345235059857505, 2.022374841615669, 1.5, 1.9723082923316022, 3.5623026261113755, 3.0659419433511785, 2.9, 2.2825424421026654, 2.202271554554524, 2.865309756378881, 2.1354156504062622, 2.537715508089904, 2.7856776554368237, 1.8138357147217055, 1.3416407864998738, 1.8466185312619388, 2.202271554554524, 2.7367864366808017, 2.051828452868319, 1.886796226411321, 2.238302928559939, 2.1563858652847827, 2.4576411454889016, 1.8867962264113207, 4.036087214122113, 3.78021163428716, 2.0712315177207983, 2.785677655436824, 2.4919871588754225, 3.5791060336346563, 2.808914381037628, 2.3579652245103193, 3.590264614203248, 2.3000000000000003, 2.6457513110645907, 2.8653097563788803, 2.9137604568666933, 2.1, 4.054626986542659, 2.0712315177207983, 3.0016662039607267, 3.2186953878862163, 2.8301943396169813, 3.4698703145794947, 2.973213749463701, 3.0083217912982647, 2.1908902300206643], "timestamps_eval": [93.08580589294434, 183.9710853099823, 274.4440326690674, 364.71437072753906, 455.2796370983124, 545.8056728839874, 636.6634635925293, 727.2771127223969, 817.883448600769, 908.8736681938171, 999.1326291561127, 1085.7003571987152, 1172.3851399421692, 1259.522532939911, 1346.7212219238281, 1434.46355676651, 1521.7660286426544, 1609.7858443260193, 1698.051297903061, 1786.1817619800568, 1874.4759593009949, 1962.5489809513092, 2050.9378967285156, 2138.536280155182, 2225.9715938568115, 2313.5117037296295, 2400.987526655197, 2488.139662504196, 2575.136114358902, 2662.2664217948914, 2749.2687306404114, 2836.3226776123047, 2923.3380229473114, 3010.56187915802, 3097.5143172740936, 3184.5983078479767, 3271.541402578354, 3358.5075027942657, 3445.3107855319977, 3532.4057805538177, 3619.4040718078613, 3706.553612947464, 3793.6867611408234, 3880.8547456264496, 3967.6612644195557, 4054.6482067108154, 4141.567038059235, 4228.395481586456, 4315.423079490662, 4402.41153383255, 4489.484206438065, 4576.345231056213, 4663.406840324402, 4750.41201543808, 4837.406272649765, 4924.346077203751, 5011.412970304489, 5098.611175060272, 5185.8168592453, 5272.824604272842, 5359.88622879982, 5447.025192260742, 5534.1668927669525, 5621.367755174637, 5708.430774688721, 5795.531578540802, 5882.50624871254, 5969.584367513657, 6056.643384218216, 6143.784586429596, 6231.5935781002045, 6318.759114265442, 6405.685644865036, 6493.446256637573, 6580.604126691818, 6667.992810249329, 6755.374261140823, 6842.791455507278, 6929.902914762497, 7017.4011108875275, 7104.662878990173, 7192.706777334213, 7279.987691164017, 7367.06075835228, 7454.285333156586, 7541.7083740234375, 7628.725594043732, 7715.713210582733, 7802.835052013397, 7890.041854143143, 7977.189496517181, 8064.110169887543, 8151.408092021942, 8238.304510593414, 8325.51473402977, 8412.857687950134, 8500.01470899582, 8586.993862628937, 8674.645146369934, 8761.56597852707], "timesteps_eval": [8808, 17642, 26476, 35310, 44144, 52978, 61812, 70646, 79480, 88314, 97148, 105982, 114816, 123650, 132484, 141318, 150152, 158986, 167820, 176654, 185488, 194322, 203156, 211990, 220824, 229658, 238492, 247326, 256160, 264994, 273828, 282662, 291496, 300330, 309164, 317998, 326832, 335666, 344500, 353334, 362168, 371002, 379836, 388670, 397504, 406338, 415172, 424006, 432840, 441674, 450508, 459342, 468176, 477010, 485844, 494678, 503512, 512346, 521180, 530014, 538848, 547682, 556516, 565350, 574184, 583018, 591852, 600686, 609520, 618354, 627188, 636022, 644856, 653690, 662524, 671358, 680192, 689026, 697860, 706694, 715528, 724362, 733196, 742030, 750864, 759698, 768532, 777366, 786200, 795034, 803868, 812702, 821536, 830370, 839204, 848038, 856872, 865706, 874540, 883374],