{"gamma": 0.8, "learning_rate": -3, "clip": 0.4, "returns_eval": [1.2, 0.5, 0.3, 0.0, 2.5, 4.6, 12.4, 27.2, 38.9, 36.3, 41.7, 55.2, 43.7, 45.3, 59.8, 65.9, 58.7, 53.7, 67.9, 63.7, 53.7, 73.8, 67.1, 44.0, 52.4, 64.6, 45.3, 41.3, 57.6, 74.5, 74.1, 69.4, 63.1, 69.2, 98.4, 83.8, 79.6, 75.4, 84.6, 83.6, 92.2, 64.7, 66.5, 88.5, 89.4, 73.8, 77.6, 84.1, 75.7, 84.3, 85.9, 93.3, 92.7, 105.6, 90.8, 119.9, 105.8, 109.3, 97.2, 103.5, 107.5, 101.1, 97.2, 105.7, 100.3, 110.6, 131.8, 116.7, 116.5, 129.0, 120.4, 122.4, 117.1, 117.7, 118.9, 116.0, 117.0, 105.6, 124.8, 113.5, 119.2, 121.5, 120.3, 115.8, 116.9, 120.5, 125.1, 126.4, 117.4, 126.0, 128.4, 117.5, 121.6, 129.7, 142.0, 131.3, 129.5, 124.6, 124.8, 121.9], "std_returns_eval": [1.8330302779823362, 0.6708203932499369, 0.9000000000000001, 0.0, 3.4132096331752027, 8.089499366462674, 9.308061022576078, 17.22091751330341, 11.953660527219267, 16.504847772699993, 24.59288514997783, 14.140721339450826, 23.439496581624788, 21.963833909406613, 25.130857526156962, 25.224789394561853, 17.658142597679973, 21.194574777522664, 27.02757850788709, 27.389961664814354, 17.26296614142541, 24.42867167899229, 21.477662815120272, 13.498148021117563, 27.207351947589462, 19.350452191098793, 8.866228059327145, 16.16817862345663, 14.92112596287559, 20.3825906106167, 23.045389994530357, 24.154502685834785, 17.974704448196082, 23.15080992103732, 18.7040102651811, 15.341447128612085, 23.7073828163296, 22.050850323740352, 16.353592877407703, 15.768322675541619, 18.181309083781617, 23.233811568487855, 21.10568643754569, 21.652944372532804, 17.436742815101677, 22.238704998268222, 39.044077655900644, 15.871042813879622, 25.09203060734623, 25.95014450826816, 22.26409665807261, 23.67298037848213, 28.597377502141697, 11.208925015361643, 22.28362627581068, 13.404849868610988, 32.021242949017456, 12.9, 20.70169075220669, 15.389931773727913, 13.26838347350573, 17.02028201881508, 19.79292802998081, 30.30528006800135, 19.76891499298836, 17.04230031421815, 17.057549648176316, 19.879889335708082, 10.268885041717041, 15.74166446091391, 10.160708636704431, 13.484806264830057, 23.43266950221421, 18.423083346714794, 18.321844885272878, 18.846750383023593, 12.806248474865697, 21.66656410232135, 27.348857380153927, 28.99396488926618, 18.12070638799713, 11.377609590770813, 14.560563175921459, 19.833305322109073, 30.729301977103223, 14.664583185348297, 19.22732430682959, 11.038115781237304, 8.404760555780278, 11.584472366059664, 20.416659863944446, 12.994229488507582, 10.938007131100255, 25.27864711569826, 27.84600509947522, 24.948146223717703, 7.940403012442126, 13.95134402127623, 14.147791347061915, 15.122499793354272], "timestamps_eval": [87.71861147880554, 173.51762342453003, 259.36417269706726, 345.77396416664124, 431.7844338417053, 517.9804286956787, 604.1197373867035, 690.4337010383606, 776.6263728141785, 862.82825922966, 948.9619989395142, 1035.6130464076996, 1121.7900156974792, 1208.7727971076965, 1294.9543459415436, 1381.1749947071075, 1467.3817684650421, 1553.6002717018127, 1639.6397528648376, 1725.686244726181, 1811.8646557331085, 1898.1263453960419, 1984.441709280014, 2070.5253641605377, 2156.8469364643097, 2243.0117893218994, 2329.0753695964813, 2415.1584072113037, 2501.212990760803, 2587.4260663986206, 2673.3743691444397, 2759.488182067871, 2845.5534343719482, 2931.786054134369, 3017.949145555496, 3104.2160415649414, 3190.549463033676, 3276.86195397377, 3363.1302437782288, 3449.4076764583588, 3535.741709947586, 3622.1302666664124, 3708.215517759323, 3794.5060794353485, 3880.789025068283, 3967.0236735343933, 4053.188637971878, 4139.373398065567, 4225.578844308853, 4312.180780410767, 4398.525488853455, 4484.703008651733, 4570.905414819717, 4657.8258283138275, 4744.0585515499115, 4830.318024396896, 4916.438545703888, 5002.643528699875, 5088.751924753189, 5174.8295640945435, 5260.929279327393, 5346.983623743057, 5433.2071442604065, 5519.408008575439, 5605.52586889267, 5691.734134197235, 5778.109317541122, 5864.595230102539, 5950.908308029175, 6037.394978046417, 6123.7465670108795, 6209.933216810226, 6296.16900229454, 6382.373414993286, 6468.688198804855, 6555.0087032318115, 6641.344938516617, 6727.608342409134, 6813.774140119553, 6900.088261842728, 6986.144525766373, 7072.393417358398, 7158.514078378677, 7244.70138835907, 7331.12185549736, 7417.462973356247, 7503.647177696228, 7589.970216035843, 7676.252215385437, 7762.36282992363, 7848.5546362400055, 7935.003170490265, 8021.332229375839, 8107.685557603836, 8194.095047473907, 8280.36518573761, 8366.67569231987, 8453.032381296158, 8539.300386428833, 8625.511179924011], "timesteps_eval": [8804, 17635, 26466, 35297, 44128, 52959, 61790, 70621, 79452, 88283, 97114, 105945, 114776, 123607, 132438, 141269, 150100, 158931, 167762, 176593, 185424, 194255, 203086, 211917, 220748, 229579, 238410, 247241, 256072, 264903, 273734, 282565, 291396, 300227, 309058, 317889, 326720, 335551, 344382, 353213, 362044, 370875, 379706, 388537, 397368, 406199, 415030, 423861, 432692, 441523, 450354, 459185, 468016, 476847, 485678, 494509, 503340, 512171, 521002, 529833, 538664, 547495, 556326, 565157, 573988, 582819, 591650, 600481, 609312, 618143, 626974, 635805, 644636, 653467, 662298, 671129, 679960, 688791, 697622, 706453, 715284, 724115, 732946, 741777, 750608, 759439, 768270, 777101, 785932, 794763, 803594, 812425, 821256, 830087, 838918, 847749, 856580, 865411, 874242, 883073],