{"gamma": [0.95, 0.98, 0.98], "learning_rate": [-4, -5, -3], "returns_eval": [5.1, 1.2, 1.2, 3.8, 1.9, 3.0, 4.5, 4.9, 6.7, 17.4, 27.8, 39.7, 57.1, 58.3, 96.2, 91.6, 96.1, 105.0, 113.2, 124.0, 116.5, 133.9, 133.8, 135.1, 136.8, 138.0, 140.1, 143.4, 156.7, 136.5, 146.7, 166.1, 150.1, 145.0, 156.6, 164.6, 164.8, 157.3, 161.6, 160.4, 189.2, 179.7, 173.7, 161.6, 185.0, 184.3, 155.1, 172.3, 191.8, 205.1, 208.0, 168.3, 216.9, 205.8, 211.1, 211.0, 225.1, 187.8, 223.6, 213.9, 125.4, 117.9, 109.3, 112.2, 115.3, 115.4, 111.3, 108.6, 108.0, 107.6, 93.7, 101.2, 106.4, 106.1, 80.2, 68.4, 67.0, 49.9, 40.5, 39.1, 44.4, 32.2, 33.1, 18.2, 14.2, 16.7, 11.4, 16.7, 10.4, 12.8, 12.3, 11.3, 15.4, 14.0, 9.9, 6.9, 8.2, 8.3, 8.3, 5.2], "std_returns_eval": [4.6141087980237305, 0.6000000000000001, 2.749545416973504, 3.8418745424597094, 4.784349485562275, 2.6457513110645907, 5.748912940721924, 5.629387178015028, 5.622277118748239, 13.093509842666327, 17.758378304338493, 20.513653989477348, 28.158302505655417, 27.23986049890858, 18.37280599146467, 27.416053691222597, 10.903669107231748, 25.17141235608364, 16.86297719858507, 17.140595088852663, 7.774959806970066, 15.78892016573648, 12.6237870704476, 16.71795442032308, 14.455448799674121, 11.764352935882194, 17.728226081590904, 18.559094805512473, 24.450153373752077, 11.447707194019246, 17.02967997350508, 46.00967289603351, 16.807438829280326, 10.853570840972107, 16.230834852218784, 16.900887550658396, 15.7403938959608, 16.468454693747073, 21.973620548284707, 14.630105946301278, 71.89269782112784, 38.59805694591374, 15.040279252726659, 12.483589227461787, 61.2633658885961, 61.25691797666611, 17.671728834497205, 17.900000000000002, 76.74998371335333, 70.75655446670648, 79.84860675052508, 18.64430207865127, 76.91352286821869, 60.702224011975055, 76.74431575041893, 67.62100265450077, 73.38180973511078, 62.408012306113385, 80.07771225503386, 73.07591942630623, 19.576516544063708, 14.835430563350698, 16.62558269655533, 24.457309745759037, 11.670903992407787, 12.86234815265082, 13.251792331605563, 12.117755567760886, 12.712198865656562, 14.947909552843834, 13.704378862246914, 26.0491842482639, 9.604165762834375, 12.949517365523706, 21.06561178793533, 16.63850954863446, 19.261360284258224, 6.9346953790343235, 11.438968484964018, 9.004998611882181, 10.707007051459337, 11.01635148313633, 9.730878685915265, 7.833262411026455, 6.257795138864806, 10.373523991392702, 5.782732917920384, 9.476813810558905, 8.968834929911466, 6.690291473471092, 7.6557168181692825, 11.180787092150533, 6.053098380168622, 8.87693640846886, 6.862215385719105, 4.504442251822083, 7.096477999684069, 2.193171219946131, 5.273518749374083, 2.6381811916545836], "timestamps_eval": [88.59582328796387, 174.83383774757385, 261.1696677207947, 347.6385962963104, 433.67047095298767, 519.7346138954163, 605.8686544895172, 692.0620014667511, 778.2342903614044, 864.5500826835632, 950.94939661026, 1037.331039428711, 1123.69606590271, 1210.2434887886047, 1296.5344285964966, 1383.0908315181732, 1469.6522073745728, 1556.158130645752, 1642.5148735046387, 1729.0878705978394, 1815.3632471561432, 1901.9051773548126, 1988.319266319275, 2074.864889860153, 2161.2641129493713, 2247.6463260650635, 2334.022287607193, 2420.4226982593536, 2507.037915468216, 2593.601765394211, 2680.2170219421387, 2780.8024032115936, 2867.147086620331, 2953.7249660491943, 3040.243741750717, 3126.732124567032, 3213.159299135208, 3299.7124514579773, 3386.0640614032745, 3472.6896200180054, 3573.4979133605957, 3674.045223712921, 3760.519644021988, 3847.0516469478607, 3947.397816181183, 4048.2012615203857, 4134.539242267609, 4221.151674747467, 4321.631682634354, 4422.603716135025, 4523.237730264664, 4610.690171718597, 4711.258871793747, 4812.052667140961, 4912.675660848618, 5013.682809114456, 5128.66159081459, 5229.402197122574, 5330.3157505989075, 5431.121903896332, 5517.760113954544, 5604.3661053180695, 5690.870105981827, 5777.818024635315, 5864.348881483078, 5951.023329257965, 6037.472507953644, 6124.03761100769, 6210.497888088226, 6296.996927976608, 6383.31636428833, 6469.677114725113, 6555.987255811691, 6642.454934597015, 6728.783143758774, 6815.3532836437225, 6901.884062051773, 6988.4558646678925, 7074.808225631714, 7161.459684371948, 7247.875998973846, 7334.2885184288025, 7420.553107500076, 7506.94552731514, 7593.121984958649, 7680.350813150406, 7766.60249710083, 7853.006505012512, 7939.287739276886, 8025.693231582642, 8111.9168310165405, 8198.303847312927, 8284.644850730896, 8371.16924071312, 8457.374421596527, 8543.776265859604, 8630.048853635788, 8716.443118810654, 8802.632294893265, 8889.474023580551], "timesteps_eval": [8805, 17638, 26471, 35304, 44137, 52970, 61803, 70636, 79469, 88302, 97135, 105968, 114801, 123634, 132467, 141300, 150133, 158966, 167799, 176632, 185465, 194298, 203131, 211964, 220797, 229630, 238463, 247296, 256129, 264962, 273795, 282628, 291461, 300294, 309127, 317960, 326793, 335626, 344459, 353292, 362125, 370958, 379791, 388624, 397457, 406290, 415123, 423956, 432789, 441622, 450455, 459288, 468121, 476954, 485787, 494620, 503453, 512286, 521119, 530394, 539666, 548499, 557332, 566165, 574998, 583831, 592664, 601497, 610330, 619163, 627996, 636829, 645662, 654495, 663328, 672161, 680994, 689827, 698660, 707493, 716326, 725159, 733992, 742825, 751658, 760491, 769324, 778157, 786990, 795823, 804656, 813489, 822322, 831155, 839988, 848821, 857654, 866487, 875320, 884153],