{"gamma": [0.98, 0.95, 0.95], "learning_rate": [-4, -4, -5], "returns_eval": [0.1, 0.0, 0.0, 0.0, 0.0, 0.0, 0.0, 0.0, 0.4, 0.0, 1.1, 0.8, 0.6, 1.1, 7.5, 4.9, 7.7, 9.4, 13.9, 14.6, 22.2, 38.5, 45.1, 39.0, 61.1, 67.9, 79.4, 69.9, 82.3, 76.9, 90.4, 90.4, 89.5, 106.7, 108.5, 127.4, 120.0, 124.2, 132.7, 129.7, 129.0, 137.6, 135.2, 139.8, 147.7, 139.8, 145.1, 140.1, 152.9, 150.8, 155.8, 144.0, 148.3, 157.4, 176.6, 152.8, 167.5, 168.2, 151.5, 158.4, 169.9, 172.2, 178.7, 177.1, 194.1, 205.5, 160.2, 178.4, 261.5, 180.5, 236.0, 197.1, 235.9, 247.8, 233.5, 246.5, 243.6, 315.7, 258.7, 261.4, 289.5, 348.5, 329.0, 239.5, 275.7, 254.9, 292.8, 342.8, 280.1, 256.8, 327.4, 294.7, 310.7, 334.5, 263.2, 334.7, 278.0, 275.8, 315.1, 320.6], "std_returns_eval": [0.30000000000000004, 0.0, 0.0, 0.0, 0.0, 0.0, 0.0, 0.0, 1.2000000000000002, 0.0, 2.9816103031751147, 1.7776388834631178, 0.66332495807108, 2.022374841615669, 7.88986691902975, 5.107837115648853, 4.473253849269009, 7.445804187594515, 6.518435395092905, 13.492219980418346, 12.391932859727735, 13.850992744204294, 21.33752562974442, 9.143303560529969, 21.759825366946306, 18.4143965418365, 13.95850994913139, 17.346181135915767, 9.381364506296512, 14.088647912415158, 24.137936945812086, 16.206171663906314, 16.18795848771549, 20.248703662210083, 12.800390619039717, 8.581375181169975, 16.278820596099706, 17.792133093027378, 22.154232101339012, 9.747307320486003, 11.126544836560898, 16.365818036383025, 17.769637024992942, 22.19369279772972, 13.856767299770896, 18.993683160461533, 22.496444163467256, 16.379560433662437, 23.06274051365102, 16.569852141766386, 17.88742575106882, 16.389020715100706, 16.08135566424672, 20.30861885998159, 47.50410508577127, 20.45385049324454, 48.969888707245396, 42.599999999999994, 13.192801067248759, 42.43159200407168, 15.552813250341561, 14.434680460612904, 55.42571605311022, 20.830026404207942, 54.45998531031752, 61.38444428354793, 18.340119955987202, 13.32066064427737, 89.25833294432515, 12.800390619039717, 90.72816541736088, 54.40670914510452, 91.1717609789347, 82.73427343006041, 84.36498088662144, 81.87459923566038, 81.68745313694141, 79.97255779328306, 88.72885663638408, 100.87437732149824, 90.45026257562772, 59.471421708245714, 78.01538309846335, 99.19500995513836, 90.63007227184585, 94.79498931905631, 97.80981545836798, 56.71825103086307, 91.78284153369844, 91.95955632776835, 88.0729243297848, 84.88350841005571, 70.8393252367638, 85.1249082231517, 90.10083240458992, 74.11214475374464, 84.9729368681582, 106.46107269795849, 79.80908469591667, 93.85861707909403], "timestamps_eval": [92.50417304039001, 180.78207635879517, 269.27655839920044, 357.58396577835083, 446.0276083946228, 534.6011252403259, 623.150705575943, 711.7532305717468, 800.2904710769653, 888.566746711731, 976.8848612308502, 1064.9924721717834, 1153.2625224590302, 1241.4272906780243, 1329.7812254428864, 1417.8012475967407, 1505.8541519641876, 1593.7557563781738, 1681.9498410224915, 1769.9229276180267, 1858.2151808738708, 1946.1334600448608, 2034.3343811035156, 2122.046977043152, 2209.9272754192352, 2297.6643006801605, 2385.43315076828, 2472.9747071266174, 2560.604674100876, 2648.0140743255615, 2735.6784284114838, 2823.120313644409, 2910.6737287044525, 2998.123198032379, 3085.67595410347, 3173.1437883377075, 3260.9768419265747, 3348.5864918231964, 3436.2161502838135, 3523.617373943329, 3611.195018053055, 3698.6878139972687, 3786.201107263565, 3873.643174648285, 3961.0841958522797, 4048.505068540573, 4136.1335463523865, 4223.519155263901, 4311.314107179642, 4398.78345656395, 4486.379128456116, 4573.764050960541, 4661.689411401749, 4749.265452384949, 4851.349058866501, 4938.937570095062, 5040.809719085693, 5142.717161893845, 5230.40251660347, 5332.481753110886, 5420.395838260651, 5508.132919311523, 5609.755753517151, 5697.750813484192, 5800.016676187515, 5902.054974555969, 5989.4592270851135, 6076.9731550216675, 6192.879764080048, 6280.888276338577, 6396.850125312805, 6498.856310606003, 6614.691586494446, 6731.039204120636, 6847.158740758896, 6963.91968870163, 7079.606674909592, 7195.965355634689, 7311.995900392532, 7428.1792187690735, 7543.989367008209, 7660.644933462143, 7776.541882276535, 7878.524560451508, 7994.632551431656, 8110.613705396652, 8226.571632385254, 8342.825068473816, 8459.144982337952, 8575.390361070633, 8691.621223926544, 8808.102798461914, 8924.647631168365, 9041.3862991333, 9157.243380784988, 9273.452208042145, 9389.388670444489, 9505.51721739769, 9621.496177434921, 9738.216212511063], "timesteps_eval": [8808, 17642, 26476, 35310, 44144, 52978, 61812, 70646, 79480, 88314, 97148, 105982, 114816, 123650, 132484, 141318, 150152, 158986, 167820, 176654, 185488, 194322, 203156, 211990, 220824, 229658, 238492, 247326, 256160, 264994, 273828, 282662, 291496, 300330, 309164, 317998, 326832, 335666, 344500, 353334, 362168, 371002, 379836, 388670, 397504, 406338, 415172, 424006, 432840, 441674, 450508, 459342, 468176, 477010, 485844, 494678, 503512, 512346, 521180, 530014, 538848, 547682, 556516, 565350, 574625, 583459, 592734, 601568, 610402, 619236, 628512, 637787, 647943, 658102, 668694, 677302, 686506, 697099, 707697, 717410, 727563, 736838, 746991, 756705, 765539, 776133, 789372, 797104, 807613, 819005, 827839, 838434, 849464, 859621, 870662, 880137, 889774, 896709, 907075, 917370],