{"gamma": [0.99, 0.99, 0.95], "learning_rate": [-4, -3, -3], "returns_eval": [3.7, 0.1, 0.0, 1.7, 2.1, 2.5, 0.5, 4.6, 3.2, 7.1, 2.9, 11.1, 26.9, 37.8, 44.8, 59.3, 57.2, 68.6, 68.3, 75.6, 83.0, 100.2, 92.5, 102.5, 118.5, 117.1, 113.8, 113.7, 113.4, 109.9, 108.2, 100.3, 87.9, 73.6, 87.3, 80.3, 86.9, 85.2, 76.0, 68.2, 63.6, 55.7, 35.0, 39.0, 41.5, 38.3, 38.9, 34.0, 36.2, 27.8, 38.3, 39.4, 28.9, 31.3, 23.4, 15.1, 17.9, 6.5, 10.4, 10.8, 12.5, 12.5, 5.0, 6.4, 16.3, 17.5, 19.7, 22.4, 18.0, 11.5, 9.2, 14.8, 11.8, 10.4, 6.8, 10.1, 9.1, 11.4, 13.8, 16.5, 13.5, 15.9, 10.3, 15.6, 14.3, 10.6, 13.9, 18.2, 16.6, 11.7, 12.6, 11.3, 15.4, 16.0, 18.5, 14.8, 16.1, 11.8, 15.9, 11.9], "std_returns_eval": [5.386093203798093, 0.30000000000000004, 0.0, 4.148493702538308, 2.6248809496813372, 2.9748949561287032, 0.6708203932499369, 6.086049621881176, 3.815756805667783, 8.166394553289718, 3.3600595232822887, 11.121600604229592, 14.272000560538105, 27.38174574419973, 23.15080992103732, 16.667633305301624, 21.724640388278008, 21.597222043586996, 22.21733557382613, 16.95405556201819, 18.72431574183687, 29.828845100003452, 19.085334683992315, 27.764185563419648, 10.461835403025608, 14.542695761102891, 11.443775600735973, 15.7419820861288, 15.736581585592216, 14.969635934116766, 9.836666101886351, 16.358789686281806, 21.644629818964333, 24.004999479275146, 14.036025078347503, 31.02595687484916, 9.038252043398657, 22.36872817126624, 20.67849124090053, 16.16044553841261, 26.33324894501246, 22.512441004919925, 12.263767773404714, 17.57270610919104, 21.10568643754569, 9.000555538409838, 18.53887806745597, 10.392304845413264, 16.28987415543779, 5.173006862551025, 22.06830306117804, 8.101851640211638, 8.104936767180853, 11.705127081753533, 8.742997197757756, 7.917701686727026, 10.653168542738822, 7.379024325749306, 8.052328855678958, 7.8204859184068605, 6.74166151627327, 8.947066558375433, 5.830951894845301, 6.437390775772434, 9.121951545584968, 4.201190307520001, 9.960421677820673, 9.318798205777396, 6.434283176858165, 5.5362442142665635, 5.249761899362675, 8.4, 7.0823724838503095, 6.529931086925803, 4.853864439804639, 4.346262762420147, 4.867237409455183, 4.152107898405339, 5.635601121442148, 10.15135458941318, 9.30859817588019, 4.134005321718878, 5.514526271584895, 4.363484845854286, 4.712748667179271, 4.476605857119878, 5.838664230798, 7.4806416837060175, 5.834380858325929, 3.1320919526731648, 2.870540018881465, 2.4515301344262523, 2.90516780926679, 4.857983120596447, 2.1095023109728985, 6.910861017268399, 5.539855593785816, 6.779380502671317, 4.592385001282014, 6.609841147864296], "timestamps_eval": [87.97806239128113, 173.71682381629944, 259.2482941150665, 344.8805265426636, 430.4828996658325, 516.1313216686249, 601.9220514297485, 687.8354606628418, 773.7368187904358, 859.7460381984711, 946.550719499588, 1032.4385452270508, 1118.330191373825, 1204.1883192062378, 1290.1400079727173, 1376.167053937912, 1462.0926344394684, 1547.9779515266418, 1634.1310050487518, 1720.137079000473, 1806.013212442398, 1891.915027141571, 1977.8972868919373, 2063.811228990555, 2149.641275405884, 2235.6780257225037, 2321.6812648773193, 2407.7107508182526, 2493.7055060863495, 2579.745325565338, 2665.7188901901245, 2751.7892169952393, 2837.7215995788574, 2923.6424140930176, 3009.625225543976, 3095.6122467517853, 3181.4648916721344, 3267.3857340812683, 3353.3337421417236, 3439.4123454093933, 3525.402398586273, 3611.16508936882, 3697.0231091976166, 3782.836046218872, 3868.7030670642853, 3954.6238481998444, 4040.614369869232, 4126.564938783646, 4212.431999444962, 4298.980002880096, 4384.8135488033295, 4470.756934165955, 4556.583697557449, 4642.596937656403, 4728.390986442566, 4814.225611925125, 4900.276832342148, 4986.178987264633, 5072.069154024124, 5157.903178930283, 5243.6772792339325, 5329.42325425148, 5415.118737459183, 5500.675646781921, 5586.481260061264, 5672.403548002243, 5758.283714056015, 5844.074159145355, 5929.960735082626, 6015.742817401886, 6101.559534549713, 6187.333254814148, 6273.165575265884, 6358.9863340854645, 6444.7774312496185, 6530.843332052231, 6616.647001028061, 6702.625365972519, 6789.1873691082, 6874.904329061508, 6960.613660573959, 7046.5204265117645, 7132.315014839172, 7218.30924654007, 7304.082352399826, 7389.877782821655, 7475.677931547165, 7561.566251039505, 7647.557842731476, 7733.382991075516, 7819.366863250732, 7905.267813444138, 7991.163222551346, 8077.050010204315, 8163.2272090911865, 8249.066934347153, 8335.029752016068, 8421.205914735794, 8507.30905675888, 8593.235858678818], "timesteps_eval": [8805, 17638, 26471, 35304, 44137, 52970, 61803, 70636, 79469, 88302, 97135, 105968, 114801, 123634, 132467, 141300, 150133, 158966, 167799, 176632, 185465, 194298, 203131, 211964, 220797, 229630, 238463, 247296, 256129, 264962, 273795, 282628, 291461, 300294, 309127, 317960, 326793, 335626, 344459, 353292, 362125, 370958, 379791, 388624, 397457, 406290, 415123, 423956, 432789, 441622, 450455, 459288, 468121, 476954, 485787, 494620, 503453, 512286, 521119, 529952, 538785, 547618, 556451, 565284, 574117, 582950, 591783, 600616, 609449, 618282, 627115, 635948, 644781, 653614, 662447, 671280, 680113, 688946, 697779, 706612, 715445, 724278, 733111, 741944, 750777, 759610, 768443, 777276, 786109, 794942, 803775, 812608, 821441, 830274, 839107, 847940, 856773, 865606, 874439, 883272],