{"gamma": [0.99, 0.99, 0.95], "learning_rate": [-5, -3, -5], "returns_eval": [5.8, 5.3, 0.0, 0.0, 2.2, 8.4, 8.9, 20.2, 15.9, 13.8, 13.8, 16.2, 13.8, 20.6, 20.6, 13.8, 20.2, 16.9, 13.8, 30.5, 30.5, 30.5, 30.5, 30.5, 30.5, 30.5, 30.5, 30.5, 30.5, 30.5, 17.7, 6.9, 5.1, 2.7, 2.5, 1.5, 2.3, 3.0, 2.0, 1.6, 4.5, 4.5, 8.5, 10.1, 8.9, 6.9, 15.5, 14.4, 20.3, 15.6, 16.6, 9.9, 11.1, 11.6, 10.6, 11.9, 9.2, 7.3, 8.8, 7.2, 7.9, 8.1, 9.3, 9.0, 13.5, 13.1, 14.3, 17.7, 24.1, 16.4, 23.1, 25.7, 23.2, 26.8, 32.2, 30.2, 29.4, 32.9, 36.5, 41.0, 48.0, 41.3, 43.7, 41.1, 49.9, 50.5, 52.2, 51.4, 49.3, 62.8, 53.4, 62.5, 58.0, 66.7, 65.3, 60.1, 68.3, 64.1, 69.8, 62.2], "std_returns_eval": [6.241794613730893, 4.859012245302537, 0.0, 0.0, 4.166533331199932, 6.945502141674135, 7.119691004531025, 11.142710621747296, 8.466994744299774, 6.896375859826668, 6.896375859826668, 11.115754585272203, 6.896375859826668, 9.728309205612248, 9.728309205612248, 6.896375859826668, 13.325164164091937, 9.761659694949419, 6.896375859826668, 23.55525419094432, 23.55525419094432, 23.55525419094432, 23.55525419094432, 23.55525419094432, 23.55525419094432, 23.55525419094432, 23.55525419094432, 23.55525419094432, 23.55525419094432, 23.55525419094432, 12.1, 3.3301651610693423, 3.7802116342871597, 2.4103941586387903, 1.746424919657298, 1.4317821063276353, 1.3453624047073711, 2.8635642126552705, 1.3416407864998738, 1.562049935181331, 2.6172504656604803, 3.721558813185679, 6.756478372643548, 4.52658811910251, 3.9862262855989496, 3.5341194094144583, 10.336827366266691, 6.740919818541086, 12.157713600837946, 5.102940328869229, 8.052328855678958, 3.7536648758246915, 6.818357573492315, 5.607138307550475, 4.431703961232067, 6.640030120413611, 6.660330322138685, 3.195309061734091, 3.4583232931581165, 4.044749683231337, 4.635730794599704, 3.6180105030251086, 6.1, 4.8166378315169185, 10.883473710171767, 6.685057965343306, 7.029224708315989, 10.574024777727733, 12.723600119463043, 9.93176721434811, 16.232375057273657, 15.41460346554526, 10.88852607105296, 7.639371701913713, 9.977975746613136, 9.957911427603683, 7.432361670424819, 12.185647295076285, 5.783597496368502, 13.527749258468683, 7.389181280764467, 9.33862944976403, 14.325152704247168, 17.323105957073633, 19.54712255039089, 8.10246875958186, 9.713907555664713, 6.529931086925803, 15.543809056984713, 14.5657131648265, 15.02797391533536, 23.02281477143922, 17.227884373886425, 17.73161019197072, 19.69289211873157, 15.52063143045411, 18.07235457819484, 22.51865892987413, 17.00470523119998, 22.20270253820467], "timestamps_eval": [89.60124516487122, 177.4380521774292, 265.28725695610046, 353.26191663742065, 441.1880397796631, 528.885941028595, 617.3042645454407, 705.1559457778931, 792.9989559650421, 880.7911970615387, 968.6352908611298, 1056.5769925117493, 1144.3730528354645, 1232.051754951477, 1319.646790266037, 1407.5706534385681, 1495.3220462799072, 1583.023089647293, 1670.827657699585, 1758.8087649345398, 1846.7127664089203, 1934.6468698978424, 2022.5423698425293, 2110.8433558940887, 2198.724770307541, 2286.5476377010345, 2374.1833465099335, 2462.2637717723846, 2549.9168498516083, 2637.962774038315, 2725.6839685440063, 2813.799884557724, 2901.4908142089844, 2989.114124774933, 3076.67408823967, 3164.6620202064514, 3252.3870980739594, 3340.071520090103, 3427.98437666893, 3515.771692752838, 3603.514548778534, 3691.3809113502502, 3779.224734544754, 3867.317993402481, 3955.959908723831, 4043.627696752548, 4131.478997707367, 4219.3511691093445, 4307.529184103012, 4395.639573574066, 4483.315477371216, 4571.023116111755, 4658.718690633774, 4746.544022798538, 4834.67956829071, 4922.359795331955, 5010.155841827393, 5098.898421764374, 5186.701773643494, 5274.385601520538, 5362.383516073227, 5450.103191375732, 5537.8288815021515, 5625.416121959686, 5712.9217784404755, 5801.056658267975, 5888.729434490204, 5976.402716636658, 6064.113142490387, 6152.19406747818, 6240.279715299606, 6328.18722987175, 6415.9411363601685, 6503.736928939819, 6591.576025009155, 6679.313596248627, 6767.019191026688, 6854.729048728943, 6942.767280817032, 7030.675173282623, 7118.444098472595, 7206.297317504883, 7294.363296985626, 7382.329741239548, 7470.124070644379, 7558.119917154312, 7645.9574337005615, 7733.693036317825, 7821.281190872192, 7909.072078704834, 7996.909373283386, 8084.64288020134, 8172.572716474533, 8261.10133099556, 8348.87053990364, 8436.801761865616, 8524.622323274612, 8612.653172492981, 8700.47924399376, 8788.346824884415], "timesteps_eval": [8804, 17635, 26466, 35297, 44128, 52959, 61790, 70621, 79452, 88283, 97114, 105945, 114776, 123607, 132438, 141269, 150100, 158931, 167762, 176593, 185424, 194255, 203086, 211917, 220748, 229579, 238410, 247241, 256072, 264903, 273734, 282565, 291396, 300227, 309058, 317889, 326720, 335551, 344382, 353213, 362044, 370875, 379706, 388537, 397368, 406199, 415030, 423861, 432692, 441523, 450354, 459185, 468016, 476847, 485678, 494509, 503340, 512171, 521002, 529833, 538664, 547495, 556326, 565157, 573988, 582819, 591650, 600481, 609312, 618143, 626974, 635805, 644636, 653467, 662298, 671129, 679960, 688791, 697622, 706453, 715284, 724115, 732946, 741777, 750608, 759439, 768270, 777101, 785932, 794763, 803594, 812425, 821256, 830087, 838918, 847749, 856580, 865411, 874242, 883073],