{"gamma": [0.98, 0.98, 0.99], "learning_rate": [-3, -5, -5], "returns_eval": [1.3, 0.2, 0.1, 1.4, 0.7, 1.1, 1.2, 2.7, 5.7, 7.6, 4.6, 6.9, 6.9, 14.0, 12.9, 12.1, 18.8, 19.7, 20.3, 22.6, 14.1, 23.7, 31.0, 18.7, 15.0, 23.9, 17.1, 13.3, 12.8, 7.9, 7.1, 16.4, 12.7, 15.4, 13.0, 15.6, 18.1, 20.8, 20.4, 25.1, 26.2, 22.7, 29.8, 32.0, 32.9, 22.6, 37.1, 31.2, 33.0, 42.3, 43.9, 43.0, 35.2, 42.9, 39.6, 44.1, 49.7, 45.0, 42.0, 48.9, 46.5, 65.2, 54.2, 75.3, 55.7, 60.3, 68.3, 66.8, 70.9, 80.6, 81.3, 83.3, 78.4, 67.4, 80.2, 76.1, 86.6, 80.2, 78.1, 86.1, 81.0, 90.3, 89.0, 89.1, 88.8, 83.1, 93.1, 86.6, 90.0, 97.8, 97.7, 78.9, 100.7, 97.6, 85.7, 94.2, 96.1, 96.6, 91.6, 74.3], "std_returns_eval": [1.8466185312619388, 0.4000000000000001, 0.30000000000000004, 3.2310988842807022, 1.4866068747318504, 1.5132745950421556, 1.5362291495737217, 3.0016662039607267, 5.197114584074513, 5.219195340279955, 3.52703841770968, 6.284106937345991, 6.876772498781678, 8.012490249604053, 11.894956914591999, 6.7889616289974715, 13.302631318652711, 10.714942836991712, 13.791664149043072, 13.741906709041508, 8.10493676718085, 10.705606008068855, 7.886697661252142, 7.389857914736926, 6.557438524302, 10.338762014864255, 8.178630692236935, 9.497894503520241, 5.5641710972974225, 5.223983154643591, 4.158124577258358, 7.748548251124206, 8.075270893288968, 8.499411744350311, 9.327379053088816, 8.077128202523468, 6.818357573492314, 7.372923436466704, 11.02905254316979, 10.358088626768936, 9.785703858180053, 5.273518749374084, 9.19565114605812, 9.919677414109795, 11.15750868249718, 8.224354077980836, 12.636850873536492, 16.351146748775758, 13.863621460498695, 16.60150595578606, 12.128066622508303, 8.694826047713663, 9.81631295344642, 12.541531007018243, 13.108775686539152, 12.941792766073794, 24.257163890281976, 9.528903399657276, 18.973665961010276, 17.172361514946044, 10.938464243210744, 23.688815926508443, 15.683111936092274, 16.864459671154602, 20.518528212325563, 19.642046736529267, 17.78791724739015, 20.424495097798623, 16.002812252851058, 15.837929157563497, 11.305308487608817, 19.67765229899136, 24.195867415738583, 22.48644035858055, 14.17603611733548, 20.14174768981083, 21.256528408938276, 23.49382897698883, 24.861415888882917, 19.891958174096384, 14.289856542317, 16.63760800115209, 13.820274961085254, 21.323461257497573, 19.15097908724251, 20.515603817582363, 6.788961628997471, 20.572797573494956, 22.172054483064937, 14.978651474682225, 8.80965379569481, 19.68984509842574, 10.080178569846865, 18.890209104189395, 21.982038122066843, 15.644807445283563, 22.858040160958684, 6.606057825965498, 21.415881957089695, 22.289235069871733], "timestamps_eval": [89.21598649024963, 176.61924862861633, 264.01100039482117, 351.53732323646545, 438.9922161102295, 526.373649597168, 613.9834036827087, 701.9668638706207, 789.7628221511841, 877.6394126415253, 965.6038148403168, 1054.2590658664703, 1142.2068779468536, 1230.160835981369, 1318.1129505634308, 1406.0713214874268, 1494.8015372753143, 1582.7311074733734, 1670.74534201622, 1759.4259762763977, 1847.3674848079681, 1935.2890951633453, 2023.1581873893738, 2111.126312971115, 2199.0926752090454, 2287.2191083431244, 2375.2285101413727, 2463.415173768997, 2551.3523898124695, 2639.3151121139526, 2727.266658782959, 2815.2432248592377, 2903.7651901245117, 2992.1103670597076, 3080.2391884326935, 3168.309646129608, 3256.4394097328186, 3345.009421110153, 3433.722691297531, 3521.8950159549713, 3610.140866994858, 3698.4278287887573, 3786.8857815265656, 3875.2111291885376, 3963.4353697299957, 4051.742086648941, 4139.985015869141, 4229.048342227936, 4317.619718074799, 4405.926285982132, 4494.855877399445, 4583.158210277557, 4671.609175205231, 4759.783391237259, 4848.226781606674, 4936.199838638306, 5024.220229148865, 5112.104452133179, 5199.910677433014, 5287.71287727356, 5375.9401512146, 5463.705680370331, 5551.654414176941, 5639.534097194672, 5727.587581396103, 5816.6776831150055, 5904.431952953339, 5992.598124027252, 6080.3523914813995, 6168.0594980716705, 6255.787213802338, 6343.756603240967, 6431.730744361877, 6519.707636117935, 6607.745089530945, 6696.085146188736, 6784.2579045295715, 6871.949425935745, 6959.8305060863495, 7048.254131555557, 7136.187171936035, 7224.298480987549, 7312.540947437286, 7401.053099870682, 7489.264449119568, 7577.19793009758, 7666.106687545776, 7754.75602555275, 7842.755177259445, 7931.061957359314, 8018.610066652298, 8107.358740329742, 8195.328708648682, 8283.491664409637, 8371.683249473572, 8460.242216825485, 8548.450823068619, 8636.4341340065, 8724.202239990234, 8812.508388757706], "timesteps_eval": [8804, 17635, 26466, 35297, 44128, 52959, 61790, 70621, 79452, 88283, 97114, 105945, 114776, 123607, 132438, 141269, 150100, 158931, 167762, 176593, 185424, 194255, 203086, 211917, 220748, 229579, 238410, 247241, 256072, 264903, 273734, 282565, 291396, 300227, 309058, 317889, 326720, 335551, 344382, 353213, 362044, 370875, 379706, 388537, 397368, 406199, 415030, 423861, 432692, 441523, 450354, 459185, 468016, 476847, 485678, 494509, 503340, 512171, 521002, 529833, 538664, 547495, 556326, 565157, 573988, 582819, 591650, 600481, 609312, 618143, 626974, 635805, 644636, 653467, 662298, 671129, 679960, 688791, 697622, 706453, 715284, 724115, 732946, 741777, 750608, 759439, 768270, 777101, 785932, 794763, 803594, 812425, 821256, 830087, 838918, 847749, 856580, 865411, 874242, 883073],