{"gamma": [0.98, 0.98, 0.99], "learning_rate": [-4, -3, -5], "returns_eval": [3.0, 2.9, 7.3, 8.8, 7.9, 18.5, 17.0, 24.6, 65.2, 68.4, 79.2, 93.3, 97.4, 101.3, 102.2, 122.1, 104.4, 126.0, 126.1, 124.3, 128.4, 134.9, 129.2, 124.9, 131.1, 132.4, 131.9, 135.9, 134.1, 141.4, 128.8, 122.8, 113.4, 115.3, 115.6, 110.1, 87.8, 83.3, 82.9, 81.7, 96.2, 93.6, 89.6, 100.8, 112.3, 106.0, 94.2, 80.8, 95.7, 73.7, 72.9, 48.4, 57.4, 43.7, 26.4, 30.6, 30.5, 27.0, 30.1, 17.3, 26.8, 21.9, 26.5, 32.2, 30.2, 30.0, 32.1, 44.9, 32.8, 31.6, 43.3, 40.9, 48.8, 49.0, 42.9, 52.1, 61.2, 50.1, 52.3, 51.0, 65.8, 69.4, 72.3, 83.9, 96.4, 82.9, 93.3, 106.3, 107.1, 120.1, 115.1, 114.0, 118.4, 124.5, 115.9, 116.0, 125.9, 112.5, 105.8, 113.1], "std_returns_eval": [4.774934554525329, 4.182104733265296, 9.747307320486001, 11.285388783732706, 11.861281549647154, 16.347782724271816, 12.083045973594572, 10.883014288330234, 30.892717588454406, 22.44638055455712, 19.379370474811612, 16.529065309327084, 18.451016232175398, 20.96687864227768, 22.32845717912458, 11.317685275708987, 25.33456137374397, 27.029613389761977, 12.020399327809372, 22.325097984107483, 9.676776322722356, 11.886547017532047, 22.591148709173687, 10.774506949276148, 11.844407963254222, 7.812809993849844, 11.139569111954016, 10.700000000000001, 16.05272562526377, 16.138153549895353, 17.59431726438966, 22.062638101550775, 13.46996659238619, 10.040418317978588, 11.859173664298874, 19.95720421301541, 18.813824704190267, 23.596821819897695, 20.987853630135696, 19.62676743633551, 18.312837027615355, 11.560276813294742, 13.290598180668919, 12.163880959627976, 10.459923517884823, 15.684387141358123, 18.454267799075637, 19.868568141665367, 23.004564764411434, 29.573805977587664, 30.05478331314335, 16.175289796476598, 26.26480534860291, 29.732305662359924, 6.814690014960328, 9.090654541890808, 10.141498903022176, 9.121403400793104, 9.7205966895042, 8.69540108333135, 7.372923436466705, 12.185647295076286, 9.254728521139883, 15.917286200857232, 12.69488085804668, 4.123105625617661, 12.541531007018241, 10.212247548899311, 13.84774349849101, 11.438531374263043, 3.8742741255621036, 8.84816365128946, 18.749933333214813, 11.8911731969558, 11.725612990372827, 13.663454907160196, 24.18594633252956, 7.8287930104199335, 11.52432210587677, 15.185519418182572, 23.873835050112916, 21.918941580286216, 23.950156575688602, 25.96324324887012, 18.69866305381216, 18.376343488300385, 22.49911109355212, 17.595738120351758, 13.374976635493613, 13.397387805090963, 18.64108365948718, 14.170391667134682, 13.558761005342634, 16.132265804901678, 13.51628647225265, 18.498648599289623, 24.480400323524123, 19.52050204272421, 21.70161284328886, 13.322537295875737], "timestamps_eval": [89.2605414390564, 176.6912498474121, 264.2307665348053, 351.7817873954773, 439.29011845588684, 526.8432757854462, 615.209046125412, 702.9507431983948, 790.8562817573547, 878.7513320446014, 966.5747926235199, 1054.3892073631287, 1142.3116068840027, 1230.144126176834, 1318.0298817157745, 1405.9610781669617, 1493.8904271125793, 1582.0543005466461, 1669.8064992427826, 1757.7083904743195, 1845.5754334926605, 1933.2794198989868, 2020.9554650783539, 2109.0644087791443, 2197.0440385341644, 2285.024603843689, 2372.8037548065186, 2460.4625356197357, 2548.3311052322388, 2636.35919046402, 2724.1104357242584, 2812.1340770721436, 2900.1587805747986, 2988.3063752651215, 3076.3394825458527, 3164.102546930313, 3252.1473286151886, 3339.814380168915, 3427.543472290039, 3515.220270872116, 3603.068121910095, 3690.808525323868, 3778.6640820503235, 3866.590654850006, 3954.424013376236, 4042.7220668792725, 4130.568537950516, 4218.421932458878, 4308.077173948288, 4395.6761655807495, 4483.51115322113, 4571.400726556778, 4659.343766450882, 4747.01011133194, 4834.712452888489, 4922.538646936417, 5010.225241661072, 5098.121302127838, 5185.834371328354, 5273.566612958908, 5361.217855453491, 5448.996921300888, 5536.727562904358, 5624.371626377106, 5712.069650411606, 5799.639811754227, 5887.52384519577, 5975.400933742523, 6063.085889816284, 6150.781053066254, 6238.563108682632, 6326.312878608704, 6414.108112812042, 6501.902923345566, 6589.5763421058655, 6677.265469551086, 6764.888931751251, 6852.7628293037415, 6940.520956277847, 7028.422425031662, 7116.143382072449, 7204.014473438263, 7291.811914682388, 7379.567633152008, 7467.389830350876, 7555.344302654266, 7643.144789218903, 7731.7784876823425, 7819.633227825165, 7907.8319890499115, 7995.706248760223, 8083.458853006363, 8171.403698682785, 8259.285226345062, 8347.276694774628, 8435.242614030838, 8523.131089925766, 8611.008235931396, 8698.950636386871, 8786.846734285355], "timesteps_eval": [8804, 17635, 26466, 35297, 44128, 52959, 61790, 70621, 79452, 88283, 97114, 105945, 114776, 123607, 132438, 141269, 150100, 158931, 167762, 176593, 185424, 194255, 203086, 211917, 220748, 229579, 238410, 247241, 256072, 264903, 273734, 282565, 291396, 300227, 309058, 317889, 326720, 335551, 344382, 353213, 362044, 370875, 379706, 388537, 397368, 406199, 415030, 423861, 432692, 441523, 450354, 459185, 468016, 476847, 485678, 494509, 503340, 512171, 521002, 529833, 538664, 547495, 556326, 565157, 573988, 582819, 591650, 600481, 609312, 618143, 626974, 635805, 644636, 653467, 662298, 671129, 679960, 688791, 697622, 706453, 715284, 724115, 732946, 741777, 750608, 759439, 768270, 777101, 785932, 794763, 803594, 812425, 821256, 830087, 838918, 847749, 856580, 865411, 874242, 883073],