{"gamma": 1.0, "learning_rate": -6, "clip": 0.2, "returns_eval": [0.0, 0.1, 0.0, 0.0, 0.0, 0.0, 0.0, 0.0, 0.0, 0.0, 0.0, 0.0, 0.0, 0.0, 0.0, 0.0, 0.0, 0.0, 0.0, 0.0, 0.0, 0.0, 0.1, 0.1, 6.8, 5.5, 6.7, 7.5, 6.8, 8.2, 9.6, 7.2, 20.6, 20.6, 20.6, 30.5, 30.5, 15.5, 30.5, 30.5, 30.5, 30.5, 30.5, 30.5, 30.5, 30.5, 30.5, 30.5, 30.5, 30.5, 30.5, 30.5, 30.5, 30.5, 30.5, 30.5, 30.5, 30.5, 30.5, 30.5, 30.5, 30.5, 30.5, 30.5, 30.5, 30.5, 30.5, 30.5, 30.5, 30.5, 30.5, 30.5, 30.5, 30.5, 30.5, 30.5, 30.5, 30.5, 30.5, 30.5, 30.5, 30.5, 30.5, 30.5, 30.5, 30.5, 30.5, 30.5, 30.5, 30.5, 30.5, 30.5, 30.5, 30.5, 30.5, 30.5, 30.5, 30.5, 30.5, 30.5], "std_returns_eval": [0.0, 0.30000000000000004, 0.0, 0.0, 0.0, 0.0, 0.0, 0.0, 0.0, 0.0, 0.0, 0.0, 0.0, 0.0, 0.0, 0.0, 0.0, 0.0, 0.0, 0.0, 0.0, 0.0, 0.30000000000000004, 0.30000000000000004, 5.688585061331157, 5.333854141237834, 2.9681644159311658, 5.123475382979799, 5.688585061331157, 5.1536394906900505, 7.657675887630659, 3.8418745424597094, 9.728309205612248, 9.728309205612248, 9.728309205612248, 23.55525419094432, 23.55525419094432, 8.200609733428363, 23.55525419094432, 23.55525419094432, 23.55525419094432, 23.55525419094432, 23.55525419094432, 23.55525419094432, 23.55525419094432, 23.55525419094432, 23.55525419094432, 23.55525419094432, 23.55525419094432, 23.55525419094432, 23.55525419094432, 23.55525419094432, 23.55525419094432, 23.55525419094432, 23.55525419094432, 23.55525419094432, 23.55525419094432, 23.55525419094432, 23.55525419094432, 23.55525419094432, 23.55525419094432, 23.55525419094432, 23.55525419094432, 23.55525419094432, 23.55525419094432, 23.55525419094432, 23.55525419094432, 23.55525419094432, 23.55525419094432, 23.55525419094432, 23.55525419094432, 23.55525419094432, 23.55525419094432, 23.55525419094432, 23.55525419094432, 23.55525419094432, 23.55525419094432, 23.55525419094432, 23.55525419094432, 23.55525419094432, 23.55525419094432, 23.55525419094432, 23.55525419094432, 23.55525419094432, 23.55525419094432, 23.55525419094432, 23.55525419094432, 23.55525419094432, 23.55525419094432, 23.55525419094432, 23.55525419094432, 23.55525419094432, 23.55525419094432, 23.55525419094432, 23.55525419094432, 23.55525419094432, 23.55525419094432, 23.55525419094432, 23.55525419094432, 23.55525419094432], "timestamps_eval": [88.63626503944397, 174.754536151886, 260.7229835987091, 346.8292317390442, 432.8201787471771, 518.8384916782379, 604.9354290962219, 690.7706036567688, 777.0617952346802, 863.2880082130432, 949.6958560943604, 1035.7330646514893, 1121.9751467704773, 1208.2003283500671, 1294.325457572937, 1380.363499879837, 1466.3759717941284, 1552.371024608612, 1638.468252658844, 1724.404333114624, 1810.28684258461, 1896.6644620895386, 1982.9489150047302, 2069.142648458481, 2155.481083393097, 2241.794646501541, 2328.037531375885, 2414.1823506355286, 2500.352728366852, 2586.5790841579437, 2672.7906486988068, 2759.1446561813354, 2845.7845985889435, 2932.030075788498, 3018.227569580078, 3104.4697608947754, 3190.6467003822327, 3276.7931632995605, 3362.9303097724915, 3448.9116690158844, 3535.0856144428253, 3621.4087030887604, 3707.5803759098053, 3793.744964361191, 3880.1169204711914, 3966.2900977134705, 4052.7351083755493, 4139.129369258881, 4225.298806428909, 4311.549813508987, 4397.697545051575, 4483.798367738724, 4569.986824989319, 4656.206314563751, 4742.322565078735, 4828.642360687256, 4915.424933195114, 5001.876925706863, 5088.502545118332, 5174.840713024139, 5260.985957860947, 5347.115116596222, 5433.19553399086, 5519.318332910538, 5605.876688241959, 5692.023077964783, 5778.596083402634, 5865.052695274353, 5951.244481801987, 6037.533955812454, 6123.861498594284, 6209.90242433548, 6296.082535982132, 6382.319374799728, 6468.525561571121, 6554.728234291077, 6641.271740198135, 6727.417508363724, 6813.465662240982, 6900.649681568146, 6987.141215085983, 7074.017080307007, 7160.16144156456, 7246.215222358704, 7332.401790857315, 7418.680819749832, 7505.0028030872345, 7591.2381501197815, 7677.5851883888245, 7763.739479064941, 7849.952607631683, 7936.123615980148, 8022.22096157074, 8108.430027246475, 8194.610209941864, 8280.748540401459, 8366.896093606949, 8453.011244773865, 8539.30035853386, 8625.608821868896], "timesteps_eval": [8804, 17635, 26466, 35297, 44128, 52959, 61790, 70621, 79452, 88283, 97114, 105945, 114776, 123607, 132438, 141269, 150100, 158931, 167762, 176593, 185424, 194255, 203086, 211917, 220748, 229579, 238410, 247241, 256072, 264903, 273734, 282565, 291396, 300227, 309058, 317889, 326720, 335551, 344382, 353213, 362044, 370875, 379706, 388537, 397368, 406199, 415030, 423861, 432692, 441523, 450354, 459185, 468016, 476847, 485678, 494509, 503340, 512171, 521002, 529833, 538664, 547495, 556326, 565157, 573988, 582819, 591650, 600481, 609312, 618143, 626974, 635805, 644636, 653467, 662298, 671129, 679960, 688791, 697622, 706453, 715284, 724115, 732946, 741777, 750608, 759439, 768270, 777101, 785932, 794763, 803594, 812425, 821256, 830087, 838918, 847749, 856580, 865411, 874242, 883073],