{"gamma": [0.95, 0.98, 0.99], "learning_rate": [-3, -5, -4], "returns_eval": [0.1, 0.0, 0.8, 0.0, 1.4, 1.7, 1.1, 2.1, 2.6, 2.2, 12.2, 19.3, 10.2, 13.3, 38.6, 25.9, 42.5, 39.2, 50.7, 51.2, 40.2, 34.8, 29.1, 24.6, 26.9, 29.0, 27.2, 38.8, 39.0, 33.4, 33.9, 44.6, 39.8, 47.4, 50.9, 49.7, 53.5, 55.8, 70.6, 63.7, 70.5, 68.4, 76.5, 75.5, 80.9, 78.3, 81.0, 79.2, 77.6, 91.7, 87.1, 82.5, 88.5, 91.9, 86.0, 77.2, 91.4, 92.0, 99.6, 101.6, 101.9, 92.0, 89.2, 100.1, 98.3, 100.6, 104.9, 105.9, 103.5, 107.8, 100.1, 105.6, 100.5, 102.1, 97.8, 109.1, 103.8, 107.8, 106.5, 103.2, 103.0, 107.5, 114.2, 106.4, 97.7, 105.2, 109.8, 98.9, 90.7, 102.7, 100.4, 104.1, 96.7, 98.5, 96.6, 97.3, 96.2, 97.3, 91.5, 100.9], "std_returns_eval": [0.30000000000000004, 0.0, 2.4000000000000004, 0.0, 2.576819745345025, 3.2572994949804666, 1.7000000000000002, 3.3600595232822887, 3.8000000000000003, 3.370459909270544, 7.922120928135344, 14.085808461000738, 6.4156059729381765, 9.767804256842988, 14.423591785682234, 11.103603018840326, 17.7214559221301, 14.59314907756376, 13.528118864054973, 17.19767426136453, 14.323407415835103, 9.130169768410664, 12.747156545677157, 13.944174410842686, 9.170059977993601, 7.429670248402684, 8.423775875461075, 11.855800268223145, 13.62350909274112, 8.946507698538017, 7.23118247591637, 15.18025032731674, 11.329607230614837, 15.685662242952956, 13.604778572251737, 11.781765572273112, 19.200260414900626, 22.537967965191537, 15.114231703927262, 24.503265088555036, 20.573040611440984, 24.93270943960965, 20.076105199963465, 18.483776670366908, 20.612860063562263, 24.584751371531095, 23.20344801963708, 12.33531515608742, 18.51053753946654, 20.450183373260984, 19.881901317529973, 23.917566765873154, 21.200235847744715, 15.50129026887762, 19.929877069364977, 18.47051704744618, 12.72949331277565, 20.149441679609886, 12.737346662472525, 15.20657752421629, 12.58133538222394, 21.45693361130616, 20.502682751288916, 13.434656675925886, 23.19073090698092, 9.393614852653903, 15.990309565483715, 15.462535367784934, 7.046275611981127, 12.383860464330176, 13.88128236151113, 16.75231327309754, 12.060265337047937, 12.762836675285005, 12.18031198286809, 8.572630868059116, 10.81480466767662, 11.931470990619724, 15.493547043850224, 9.724196624914574, 6.708203932499369, 8.237111144084436, 8.818163074019441, 18.655830187906407, 17.927911200137064, 18.465102220134064, 11.373653766490346, 14.341896666759245, 17.994721448246985, 13.176114753598648, 4.1036569057366385, 10.212247548899311, 9.930256794262673, 7.927799190191437, 5.851495535331118, 13.214007719083565, 13.541048703848604, 17.827226368675525, 10.022474744293447, 4.158124577258358], "timestamps_eval": [88.10382580757141, 173.8080813884735, 259.4087119102478, 345.01062774658203, 430.61282420158386, 516.2463731765747, 601.9181807041168, 687.7399277687073, 773.5713007450104, 859.4793560504913, 945.4803533554077, 1031.4668381214142, 1117.382331609726, 1203.22642993927, 1289.1061549186707, 1375.8719115257263, 1461.9586007595062, 1548.0797762870789, 1634.0363245010376, 1720.1410148143768, 1806.0960717201233, 1892.1275510787964, 1977.9748628139496, 2063.9428930282593, 2149.9112861156464, 2235.961934328079, 2321.986876010895, 2408.0989706516266, 2493.882711648941, 2579.81112909317, 2665.712448120117, 2751.7442457675934, 2837.680401325226, 2923.7694075107574, 3009.7789764404297, 3095.8812067508698, 3181.9193620681763, 3267.861461162567, 3353.8843154907227, 3439.979026079178, 3526.0849351882935, 3612.0672578811646, 3698.1013984680176, 3784.1341943740845, 3870.10103392601, 3956.1083765029907, 4042.1480190753937, 4128.254420757294, 4214.332086086273, 4300.39906334877, 4386.474827051163, 4472.610455274582, 4558.660509824753, 4644.772339344025, 4730.794417381287, 4816.945655345917, 4902.923550605774, 4988.971435070038, 5075.021011352539, 5160.999127149582, 5247.060039281845, 5333.223042964935, 5419.1900181770325, 5505.265969991684, 5591.361201763153, 5677.451535224915, 5763.635636329651, 5849.6087646484375, 5935.911370277405, 6022.266859292984, 6108.541524410248, 6194.623072385788, 6280.680587768555, 6366.8538563251495, 6453.666127681732, 6539.781434059143, 6626.599523305893, 6712.719712495804, 6798.783080339432, 6884.914524316788, 6971.026093006134, 7057.186852931976, 7143.254570007324, 7229.274393320084, 7316.239181280136, 7402.452909231186, 7488.641451597214, 7574.751373767853, 7661.0370671749115, 7747.929538011551, 7834.066747426987, 7920.191144704819, 8006.4272701740265, 8093.380998849869, 8179.588675260544, 8265.76276087761, 8351.967769384384, 8438.20211982727, 8524.54850268364, 8610.744849205017], "timesteps_eval": [8805, 17638, 26471, 35304, 44137, 52970, 61803, 70636, 79469, 88302, 97135, 105968, 114801, 123634, 132467, 141300, 150133, 158966, 167799, 176632, 185465, 194298, 203131, 211964, 220797, 229630, 238463, 247296, 256129, 264962, 273795, 282628, 291461, 300294, 309127, 317960, 326793, 335626, 344459, 353292, 362125, 370958, 379791, 388624, 397457, 406290, 415123, 423956, 432789, 441622, 450455, 459288, 468121, 476954, 485787, 494620, 503453, 512286, 521119, 529952, 538785, 547618, 556451, 565284, 574117, 582950, 591783, 600616, 609449, 618282, 627115, 635948, 644781, 653614, 662447, 671280, 680113, 688946, 697779, 706612, 715445, 724278, 733111, 741944, 750777, 759610, 768443, 777276, 786109, 794942, 803775, 812608, 821441, 830274, 839107, 847940, 856773, 865606, 874439, 883272],