{"gamma": [0.98, 0.98, 0.95], "learning_rate": [-4, -4, -5], "returns_eval": [0.1, 0.0, 0.0, 0.0, 0.0, 0.0, 0.0, 0.0, 0.4, 0.0, 1.1, 0.8, 0.6, 1.1, 7.5, 4.9, 7.7, 9.4, 13.9, 14.6, 22.2, 38.5, 45.1, 39.0, 61.1, 67.9, 79.4, 69.9, 82.3, 76.9, 90.4, 97.8, 98.5, 108.1, 115.8, 115.5, 105.4, 124.7, 112.3, 114.2, 120.9, 120.5, 117.7, 118.6, 118.5, 129.8, 136.3, 142.9, 147.4, 146.7, 141.8, 139.3, 143.1, 143.3, 144.8, 148.0, 145.8, 154.9, 145.1, 151.8, 149.5, 154.9, 152.7, 160.5, 169.2, 172.7, 168.2, 164.5, 206.6, 172.3, 235.2, 217.9, 174.7, 189.4, 207.0, 247.0, 225.5, 189.1, 205.8, 190.4, 190.7, 246.8, 218.3, 255.6, 258.6, 243.8, 282.6, 268.6, 253.8, 261.3, 287.5, 232.9, 290.8, 294.4, 293.9, 286.5, 281.9, 299.1, 247.1, 244.5], "std_returns_eval": [0.30000000000000004, 0.0, 0.0, 0.0, 0.0, 0.0, 0.0, 0.0, 1.2000000000000002, 0.0, 2.9816103031751147, 1.7776388834631178, 0.66332495807108, 2.022374841615669, 7.88986691902975, 5.107837115648853, 4.473253849269009, 7.445804187594515, 6.518435395092905, 13.492219980418346, 12.391932859727735, 13.850992744204294, 21.33752562974442, 9.143303560529969, 21.759825366946306, 18.4143965418365, 13.95850994913139, 17.346181135915767, 9.381364506296512, 14.088647912415158, 24.137936945812086, 23.608473055240143, 14.914757792200314, 12.469562943423478, 17.662389419328292, 16.020299622666236, 13.032267646115928, 14.724469430169632, 13.476275449841474, 16.76186147180557, 15.782585339544342, 17.522842235208305, 12.008746812219831, 13.162066707018317, 13.260844618650804, 13.46699669562594, 11.03675676999362, 12.809761902549164, 17.777513886930308, 18.585209172887993, 15.031965939290844, 14.464093473149296, 15.37172729396407, 12.791012469699183, 11.754148203932091, 22.104298224553524, 15.734039532173549, 16.058953888718904, 21.45437018418392, 13.295111883696203, 16.14465855941215, 22.06558406206371, 14.163685960935451, 14.430869689661812, 8.52994724485445, 20.12982861327935, 14.831048513169932, 16.88342382338369, 60.684759206904666, 17.012054549642144, 70.19943019711769, 57.24063242138402, 12.673200069437868, 50.89440047785218, 58.5064099052403, 83.04577051241081, 81.20375607076313, 51.41682603973139, 60.08460701377684, 26.948840420322355, 38.105248982259646, 83.41798367258706, 66.4831557614408, 80.51732732772493, 71.7247516551992, 78.82233186096437, 82.10627259838313, 83.73195327949777, 72.91474473657574, 81.59050189819891, 82.61870248315451, 72.30829827896657, 90.67722977682986, 72.6088148918573, 85.1721198515101, 88.91822085489565, 93.12942606931496, 91.77412489367579, 88.06185326235192, 91.55790517481273], "timestamps_eval": [92.62767934799194, 182.4280560016632, 272.36548018455505, 361.86922216415405, 451.8043658733368, 541.1799068450928, 631.0252623558044, 721.6032853126526, 812.0247876644135, 902.5121610164642, 991.2430577278137, 1081.91015458107, 1170.9485459327698, 1259.7215054035187, 1349.234340429306, 1439.435091495514, 1530.3172006607056, 1620.9643409252167, 1711.6757507324219, 1801.6845252513885, 1893.0207703113556, 1983.1386053562164, 2073.8882355690002, 2164.1579778194427, 2254.6655402183533, 2345.783174276352, 2435.9731278419495, 2526.1809465885162, 2616.8176884651184, 2705.953028202057, 2794.390005350113, 2882.71319937706, 2971.1489129066467, 3059.450861930847, 3147.864947795868, 3236.1747555732727, 3324.5833632946014, 3414.226274728775, 3502.982560634613, 3591.6428730487823, 3680.3945729732513, 3769.150740623474, 3857.873266220093, 3946.572358608246, 4035.3436119556427, 4124.009311914444, 4212.720762729645, 4301.720503568649, 4390.2214958667755, 4478.810680389404, 4567.304670572281, 4655.919948101044, 4744.412318944931, 4833.047441005707, 4921.658607721329, 5010.335159301758, 5099.019133806229, 5187.64447426796, 5276.298793554306, 5364.953457355499, 5453.614327430725, 5542.225006103516, 5630.947055578232, 5719.5006556510925, 5808.131987810135, 5896.7682893276215, 5985.2850522994995, 6073.746243953705, 6176.766938924789, 6265.25546002388, 6382.539974451065, 6499.655990362167, 6588.09276175499, 6690.612585783005, 6793.344983816147, 6910.331492185593, 7027.672732114792, 7132.02755856514, 7235.291395902634, 7338.958032846451, 7443.285390138626, 7547.708560228348, 7652.194522619247, 7756.004268884659, 7874.462031364441, 7978.722510099411, 8096.563671588898, 8214.656042814255, 8332.777911424637, 8436.38128399849, 8554.740726232529, 8658.327834367752, 8776.401972770691, 8893.802389621735, 9011.96606016159, 9129.330517053604, 9247.53837108612, 9366.416383743286, 9471.08804821968, 9575.336241722107], "timesteps_eval": [8808, 17642, 26476, 35310, 44144, 52978, 61812, 70646, 79480, 88314, 97148, 105982, 114816, 123650, 132484, 141318, 150152, 158986, 167820, 176654, 185488, 194322, 203156, 211990, 220824, 229658, 238492, 247326, 256160, 264994, 273828, 282662, 291496, 300330, 309164, 317998, 326832, 335666, 344500, 353334, 362168, 371002, 379836, 388670, 397504, 406338, 415172, 424006, 432840, 441674, 450508, 459342, 468176, 477010, 485844, 494678, 503512, 512346, 521180, 530014, 538848, 547682, 556516, 565350, 574184, 583018, 591852, 600686, 609520, 618354, 627188, 636022, 644856, 653690, 662524, 671358, 680192, 689026, 697860, 706694, 715528, 724801, 733635, 742469, 752178, 761895, 770729, 780885, 790598, 800312, 810026, 818860, 827694, 837409, 846680, 855953, 865224, 874935, 884648, 896556],