{"gamma": [0.99, 0.95, 0.98], "learning_rate": [-3, -3, -3], "returns_eval": [0.0, 0.5, 0.0, 0.0, 0.3, 1.4, 0.7, 3.3, 1.9, 2.5, 4.3, 8.4, 3.0, 11.0, 4.2, 9.0, 15.1, 14.7, 14.4, 11.0, 11.2, 21.7, 19.1, 17.1, 22.5, 15.7, 18.9, 14.3, 15.7, 8.7, 12.4, 6.4, 7.9, 11.7, 10.1, 6.2, 10.0, 10.2, 9.8, 11.7, 10.2, 13.2, 9.3, 9.4, 5.8, 7.9, 8.5, 7.8, 15.0, 7.8, 5.9, 8.0, 8.6, 12.8, 9.4, 8.8, 7.2, 4.2, 6.6, 5.0, 6.5, 6.5, 4.9, 3.4, 2.8, 4.9, 5.1, 3.5, 5.7, 3.3, 4.4, 4.9, 5.8, 4.5, 3.0, 3.5, 2.4, 4.6, 5.1, 4.0, 2.9, 2.9, 3.4, 2.8, 4.1, 4.6, 6.6, 6.4, 7.7, 7.4, 9.4, 8.7, 8.4, 9.4, 10.5, 10.7, 12.0, 14.8, 17.9, 18.6], "std_returns_eval": [0.0, 1.5, 0.0, 0.0, 0.6403124237432849, 1.4966629547095767, 0.9, 3.7696153649941526, 2.6248809496813377, 2.7658633371878665, 4.196427051671457, 7.578918128598567, 1.9493588689617927, 9.327379053088816, 3.8418745424597094, 10.119288512538814, 6.977822009767805, 7.975587752636165, 10.258654882585729, 6.782329983125268, 8.328265125462805, 10.050373127401787, 12.128066622508303, 7.034912934784622, 8.488227141164401, 7.389857914736926, 4.1340053217188775, 6.634003316248793, 8.112336284942828, 5.710516614107694, 9.318798205777396, 4.363484845854286, 4.570557952810575, 7.6557168181692825, 8.478797084492589, 6.337191807101944, 4.774934554525329, 5.706137047074842, 5.5641710972974225, 5.675385449465085, 7.45385806143369, 8.109253973085318, 6.753517601961218, 5.141984052872976, 3.3105890714493698, 3.3600595232822887, 8.40535543567314, 4.770744176750625, 8.888194417315589, 5.114684741017769, 3.080584360149872, 4.2895221179054435, 3.4698703145794942, 6.144916598294887, 8.511169132381287, 4.874423042781576, 3.655133376499413, 2.3579652245103193, 5.370288632839021, 2.9664793948382653, 4.5, 3.4713109915419564, 3.419064199455752, 1.3564659966250536, 1.7204650534085253, 2.3853720883753127, 4.253234063627347, 2.0615528128088303, 3.8742741255621036, 2.6851443164195103, 2.65329983228432, 2.4677925358506134, 2.227105745132009, 3.5, 1.7320508075688772, 2.4596747752497685, 1.8, 2.1540659228538015, 1.7578395831246945, 1.3416407864998738, 1.8138357147217055, 2.467792535850613, 2.4576411454889016, 2.749545416973504, 2.2561028345356955, 2.973213749463701, 2.5377155080899043, 2.2, 2.934280150224242, 2.973213749463701, 4.5431266766402185, 2.147091055358389, 3.0397368307141326, 5.9531504264548865, 5.6258332716140815, 3.606937759374287, 5.727128425310541, 8.611620056644394, 8.287943049997388, 8.754427451295715], "timestamps_eval": [87.86963152885437, 173.48848009109497, 258.93897104263306, 344.4065124988556, 430.06634068489075, 515.5850803852081, 601.1660597324371, 686.7811803817749, 772.5003831386566, 858.2678894996643, 944.1351897716522, 1030.0331144332886, 1115.869860649109, 1201.674616098404, 1287.8974475860596, 1373.996987104416, 1460.150378704071, 1546.2730033397675, 1632.2203731536865, 1718.1418812274933, 1804.0270595550537, 1889.9335825443268, 1975.7946002483368, 2061.6842362880707, 2147.8266961574554, 2233.747098684311, 2320.50941157341, 2406.661118745804, 2492.6175379753113, 2578.695952653885, 2664.5475997924805, 2750.5741357803345, 2836.391207933426, 2922.3246064186096, 3008.1841905117035, 3094.0742523670197, 3179.975841283798, 3265.900380373001, 3351.825042247772, 3437.762053966522, 3523.6254675388336, 3609.546633005142, 3695.6168525218964, 3781.5960268974304, 3867.604831933975, 3953.674314022064, 4039.845915079117, 4125.830200910568, 4211.786603689194, 4297.691913843155, 4383.42892074585, 4469.168534994125, 4554.9438099861145, 4640.890085220337, 4726.919642925262, 4812.8852207660675, 4898.73693561554, 4984.815138339996, 5070.746975898743, 5157.588917016983, 5243.600392341614, 5329.489759922028, 5415.346070766449, 5501.1967742443085, 5587.14479804039, 5673.247234344482, 5759.193041563034, 5845.100546121597, 5931.05575799942, 6017.2014627456665, 6103.052827596664, 6188.989927530289, 6274.827497959137, 6360.709867715836, 6446.503205060959, 6532.248401641846, 6618.08397603035, 6703.973487138748, 6789.939953804016, 6875.758274078369, 6961.7104551792145, 7047.708890914917, 7133.662011146545, 7219.569829940796, 7305.504183769226, 7391.435327529907, 7477.516826868057, 7563.3670566082, 7649.230433940887, 7735.147948741913, 7821.045037984848, 7906.971159219742, 7992.926319599152, 8078.818818569183, 8165.419652462006, 8251.428509950638, 8337.353486299515, 8423.38208246231, 8509.328078269958, 8595.218498468399], "timesteps_eval": [8805, 17638, 26471, 35304, 44137, 52970, 61803, 70636, 79469, 88302, 97135, 105968, 114801, 123634, 132467, 141300, 150133, 158966, 167799, 176632, 185465, 194298, 203131, 211964, 220797, 229630, 238463, 247296, 256129, 264962, 273795, 282628, 291461, 300294, 309127, 317960, 326793, 335626, 344459, 353292, 362125, 370958, 379791, 388624, 397457, 406290, 415123, 423956, 432789, 441622, 450455, 459288, 468121, 476954, 485787, 494620, 503453, 512286, 521119, 529952, 538785, 547618, 556451, 565284, 574117, 582950, 591783, 600616, 609449, 618282, 627115, 635948, 644781, 653614, 662447, 671280, 680113, 688946, 697779, 706612, 715445, 724278, 733111, 741944, 750777, 759610, 768443, 777276, 786109, 794942, 803775, 812608, 821441, 830274, 839107, 847940, 856773, 865606, 874439, 883272],