{"gamma": [0.95, 0.98, 0.95], "learning_rate": [-4, -3, -4], "returns_eval": [4.5, 11.3, 3.9, 7.8, 10.1, 12.4, 15.4, 30.0, 28.5, 48.0, 61.6, 68.1, 79.7, 87.6, 98.6, 86.0, 117.6, 121.7, 129.5, 138.8, 142.5, 138.4, 152.5, 160.3, 162.0, 157.5, 205.4, 183.4, 198.8, 188.7, 162.4, 140.9, 138.0, 115.8, 107.4, 90.2, 92.9, 95.3, 87.6, 94.8, 95.4, 81.7, 95.8, 76.4, 74.7, 79.3, 55.7, 42.7, 45.3, 26.3, 24.2, 24.5, 15.0, 3.2, 11.7, 2.0, 4.3, 9.4, 5.9, 7.4, 5.9, 2.1, 8.3, 14.2, 13.1, 21.5, 25.7, 26.3, 32.4, 32.6, 48.4, 48.4, 66.5, 65.6, 76.0, 85.5, 77.8, 82.8, 78.2, 97.3, 91.8, 108.9, 111.3, 96.2, 117.4, 105.4, 112.7, 120.4, 112.7, 111.3, 124.7, 119.8, 118.0, 127.6, 132.2, 127.5, 125.6, 130.4, 126.8, 136.1], "std_returns_eval": [6.264982043070834, 15.244999180059015, 4.635730794599704, 8.340263784797218, 7.462573282722254, 9.156418513807678, 14.97464523786791, 22.552161758909055, 13.74227055475186, 16.1245154965971, 24.303086223770016, 27.53343422096125, 22.40557966221807, 22.97912095794789, 13.61763562443936, 17.216271373325874, 18.932511719262184, 16.970857373745147, 24.5, 13.6, 15.698726062964472, 16.94815624190431, 16.00781059358212, 21.185136298829896, 15.639693091617879, 12.241323457861899, 77.64174135089965, 50.56520542823889, 73.60679316476164, 55.68671295740125, 20.84322431870847, 22.563022847127556, 13.206059215375342, 13.196969349058898, 15.081114017207085, 16.89260193102294, 15.889933920567449, 16.20524606416083, 29.47269923166183, 18.186808406094787, 13.070577645995606, 20.035218990567586, 19.06200409191017, 25.989228537992425, 16.32207094703365, 14.81924424523734, 15.633617623570048, 15.27121475194426, 20.32756748851175, 13.95026881461429, 21.26405417600322, 10.346496991735899, 15.614096195425466, 5.473572873361604, 8.626123115281858, 4.711687595755898, 5.74543296888929, 9.614572273377533, 3.176476034853718, 8.867919710958146, 6.331666447310692, 4.109744517606903, 4.001249804748511, 9.846826900072937, 9.417536832951598, 12.23315167894194, 10.392785959500946, 9.34933152690608, 19.652989594461197, 9.931767214348108, 21.97817098850585, 18.347751905887545, 23.678048906107108, 18.879618640216226, 18.121810064118872, 13.647344063956181, 24.27673783686762, 18.340119955987202, 25.6896866465903, 23.435229890060818, 14.831048513169929, 10.81156787889712, 14.960280746028797, 20.658170296519486, 12.57934815481311, 10.547037498748168, 10.982258419833327, 13.432795688165587, 12.174152947946727, 17.515992692394, 15.17926216915697, 6.867313885355759, 15.264337522473747, 10.509043724335722, 19.73220717507294, 15.344380078712858, 22.961707253599414, 16.206171663906314, 15.6, 18.880942773071478], "timestamps_eval": [88.95085167884827, 175.84401869773865, 263.06525111198425, 349.86208391189575, 436.8196635246277, 523.8843080997467, 611.0367777347565, 698.155862569809, 785.2941932678223, 873.0258116722107, 960.225754737854, 1047.3276340961456, 1134.57057595253, 1221.761224746704, 1308.998475074768, 1396.496264219284, 1483.8525826931, 1571.1521866321564, 1658.5226941108704, 1746.5923414230347, 1833.8922109603882, 1921.2308945655823, 2009.474053144455, 2096.8365592956543, 2184.1864047050476, 2271.5498530864716, 2373.1494777202606, 2474.8437037467957, 2576.577865600586, 2677.9825098514557, 2765.334310531616, 2852.829209804535, 2940.2674202919006, 3028.9107649326324, 3116.255972146988, 3203.6109454631805, 3290.915196657181, 3378.2854013442993, 3465.5243804454803, 3552.833268404007, 3640.146732568741, 3727.48184800148, 3814.7958443164825, 3902.2044644355774, 3989.5063383579254, 4076.795912504196, 4164.259679079056, 4251.587506771088, 4338.846190452576, 4426.015857934952, 4513.268446683884, 4600.541016101837, 4687.9646191596985, 4775.4976971149445, 4862.556561946869, 4949.719424724579, 5036.917528152466, 5124.099836349487, 5211.388573408127, 5298.721405267715, 5385.925840377808, 5473.0248391628265, 5561.308789491653, 5648.49516415596, 5735.777206897736, 5822.970740556717, 5910.282017469406, 5997.518823623657, 6084.671686887741, 6171.838699579239, 6259.152220726013, 6346.540743112564, 6433.90133023262, 6521.193480491638, 6608.622753381729, 6696.03729557991, 6783.362644433975, 6870.7677483558655, 6958.0920696258545, 7045.5234179496765, 7133.001860141754, 7220.525509119034, 7307.921060085297, 7395.344829559326, 7482.786227226257, 7570.195378541946, 7657.486059188843, 7745.031159162521, 7832.600646018982, 7920.038290977478, 8007.480647087097, 8095.004830121994, 8182.532535076141, 8270.107723236084, 8357.548729896545, 8445.731781482697, 8533.217038869858, 8620.6714117527, 8708.179264307022, 8795.730608463287], "timesteps_eval": [8804, 17635, 26466, 35297, 44128, 52959, 61790, 70621, 79452, 88283, 97114, 105945, 114776, 123607, 132438, 141269, 150100, 158931, 167762, 176593, 185424, 194255, 203086, 211917, 220748, 229579, 238410, 247241, 256072, 264903, 273734, 282565, 291396, 300227, 309058, 317889, 326720, 335551, 344382, 353213, 362044, 370875, 379706, 388537, 397368, 406199, 415030, 423861, 432692, 441523, 450354, 459185, 468016, 476847, 485678, 494509, 503340, 512171, 521002, 529833, 538664, 547495, 556326, 565157, 573988, 582819, 591650, 600481, 609312, 618143, 626974, 635805, 644636, 653467, 662298, 671129, 679960, 688791, 697622, 706453, 715284, 724115, 732946, 741777, 750608, 759439, 768270, 777101, 785932, 794763, 803594, 812425, 821256, 830087, 838918, 847749, 856580, 865411, 874242, 883073],