{"gamma": 0.99, "learning_rate": -3, "clip": 0.4, "returns_eval": [0.1, 0.3, 0.0, 0.0, 0.5, 1.3, 2.2, 0.5, 6.6, 5.7, 4.1, 4.3, 12.4, 4.4, 3.1, 4.0, 3.7, 1.9, 3.7, 4.9, 3.2, 2.2, 2.6, 3.8, 4.8, 3.4, 2.8, 4.0, 4.1, 1.7, 2.6, 1.5, 1.2, 1.2, 2.1, 1.8, 3.4, 6.8, 5.6, 3.0, 3.5, 6.4, 7.2, 8.4, 7.6, 6.0, 5.9, 4.0, 0.4, 1.2, 1.4, 0.5, 5.8, 3.1, 5.3, 6.8, 6.2, 8.4, 8.6, 14.1, 9.2, 7.4, 6.7, 6.7, 4.1, 5.6, 8.7, 6.5, 4.5, 1.4, 1.5, 1.7, 0.6, 4.0, 4.0, 3.1, 5.4, 7.3, 7.7, 3.0, 4.9, 7.1, 8.1, 10.5, 6.7, 10.2, 4.6, 5.9, 9.6, 7.8, 9.4, 5.7, 7.5, 0.4, 0.0, 0.3, 0.5, 0.0, 0.0, 0.0], "std_returns_eval": [0.30000000000000004, 0.9000000000000001, 0.0, 0.0, 0.9219544457292888, 2.8301943396169813, 3.4000000000000004, 0.806225774829855, 8.604649905719581, 5.040833264451424, 7.790378681424927, 3.257299494980466, 9.562426470305537, 4.715930449020639, 3.2078029864690882, 3.0983866769659336, 3.8223029707232783, 2.3000000000000003, 3.3778691508109073, 3.176476034853718, 3.1240998703626617, 2.785677655436824, 2.2891046284519194, 2.9933259094191533, 4.1424630354415966, 3.555277766926235, 1.8330302779823362, 2.7202941017470885, 2.947880594596735, 1.7349351572897471, 2.2, 1.5, 2.6381811916545836, 1.7776388834631178, 1.9723082923316022, 2.2715633383201093, 3.903844259188627, 2.1354156504062622, 3.97994974842648, 2.0976176963403033, 1.8027756377319946, 3.0397368307141326, 3.1559467676119, 4.223742416388575, 4.841487374764082, 4.024922359499621, 5.3, 4.1952353926806065, 0.4898979485566356, 0.8717797887081347, 1.7435595774162693, 0.806225774829855, 3.893584466786357, 2.256102834535696, 3.1953090617340916, 3.4871191548325386, 3.54400902933387, 3.826225293941799, 5.2573757712379665, 6.7889616289974715, 4.621688003316537, 7.2691127381545, 2.865309756378881, 4.1000000000000005, 2.118962010041709, 4.608687448721165, 4.337049688440288, 3.0413812651491097, 4.129164564412516, 2.3748684174075834, 2.9748949561287032, 2.4515301344262523, 1.0198039027185568, 4.6475800154489, 3.5777087639996634, 3.5902646142032486, 5.8, 5.550675634551168, 6.356886030125127, 5.138093031466052, 4.988987873306569, 6.549045732013177, 6.331666447310692, 6.2008063991709985, 6.573431371817918, 7.291090453423274, 5.4258639865002145, 4.90815647672321, 8.674099376880577, 5.2306787322488075, 6.2, 6.527633568147036, 7.158910531638177, 0.8000000000000002, 0.0, 0.9000000000000001, 0.806225774829855, 0.0, 0.0, 0.0], "timestamps_eval": [87.39990544319153, 172.52232265472412, 257.7004201412201, 342.96772813796997, 428.22743344306946, 513.682531118393, 599.0153291225433, 684.4682540893555, 769.9352788925171, 855.3702459335327, 940.8769443035126, 1026.3802165985107, 1111.844294309616, 1197.429515361786, 1282.9636600017548, 1368.393033504486, 1454.0516839027405, 1539.6919379234314, 1625.1713235378265, 1710.6200497150421, 1796.1765468120575, 1881.7729561328888, 1967.2311754226685, 2052.6337411403656, 2138.118171930313, 2223.5779824256897, 2309.06707239151, 2394.50030708313, 2479.9733006954193, 2565.418119907379, 2650.963180065155, 2736.6853547096252, 2822.102587223053, 2907.5258417129517, 2993.160409450531, 3078.721423625946, 3164.5394144058228, 3250.071042776108, 3335.730650663376, 3421.302345752716, 3506.8491666316986, 3592.5253341197968, 3678.2148158550262, 3763.9382214546204, 3849.547574520111, 3934.9557750225067, 4020.4829144477844, 4105.892526388168, 4191.251129150391, 4276.836220741272, 4362.348172664642, 4448.045407295227, 4533.747078418732, 4619.32456278801, 4704.845344305038, 4790.394809961319, 4876.059521198273, 4961.619548797607, 5047.214532375336, 5132.773344993591, 5218.404249429703, 5303.977908849716, 5389.665972709656, 5475.282032489777, 5560.668690919876, 5646.077283143997, 5731.662309646606, 5817.385733366013, 5902.970495223999, 5988.500886678696, 6074.040706157684, 6159.616819858551, 6245.359854221344, 6330.963386774063, 6416.880553483963, 6502.727420091629, 6588.430081129074, 6673.939385890961, 6759.42623925209, 6844.915288209915, 6930.65504527092, 7016.43435382843, 7102.224217176437, 7187.829504728317, 7273.386050462723, 7358.965047359467, 7444.6520211696625, 7530.206996440887, 7615.762185335159, 7701.457529306412, 7787.092159509659, 7872.902330160141, 7958.536398410797, 8044.1965408325195, 8129.827221155167, 8215.464281082153, 8301.117153644562, 8386.748016357422, 8472.408165454865, 8558.217612028122], "timesteps_eval": [8805, 17638, 26471, 35304, 44137, 52970, 61803, 70636, 79469, 88302, 97135, 105968, 114801, 123634, 132467, 141300, 150133, 158966, 167799, 176632, 185465, 194298, 203131, 211964, 220797, 229630, 238463, 247296, 256129, 264962, 273795, 282628, 291461, 300294, 309127, 317960, 326793, 335626, 344459, 353292, 362125, 370958, 379791, 388624, 397457, 406290, 415123, 423956, 432789, 441622, 450455, 459288, 468121, 476954, 485787, 494620, 503453, 512286, 521119, 529952, 538785, 547618, 556451, 565284, 574117, 582950, 591783, 600616, 609449, 618282, 627115, 635948, 644781, 653614, 662447, 671280, 680113, 688946, 697779, 706612, 715445, 724278, 733111, 741944, 750777, 759610, 768443, 777276, 786109, 794942, 803775, 812608, 821441, 830274, 839107, 847940, 856773, 865606, 874439, 883272],