{"gamma": [0.95, 0.98, 0.98], "learning_rate": [-5, -3, -5], "returns_eval": [0.0, 4.6, 15.2, 31.5, 31.5, 31.5, 31.5, 31.5, 31.5, 31.5, 31.5, 31.5, 31.5, 31.5, 31.5, 31.5, 31.5, 31.5, 31.5, 31.5, 31.5, 31.5, 31.5, 31.5, 31.5, 31.5, 31.5, 31.5, 31.5, 31.5, 24.0, 13.2, 2.8, 2.0, 2.8, 3.4, 9.1, 12.1, 19.9, 24.5, 25.0, 24.3, 29.2, 26.6, 24.6, 18.0, 24.6, 22.3, 25.4, 22.3, 26.6, 23.0, 20.7, 20.1, 17.0, 15.7, 13.1, 10.4, 12.8, 13.3, 13.7, 15.4, 13.5, 13.3, 15.2, 18.3, 17.6, 21.5, 16.5, 18.0, 25.1, 23.3, 27.1, 24.8, 31.8, 18.1, 35.7, 26.0, 38.1, 36.2, 34.2, 40.8, 39.2, 45.5, 52.7, 58.1, 46.6, 38.8, 43.9, 58.8, 52.3, 48.5, 46.3, 57.8, 56.6, 59.0, 66.6, 61.6, 71.5, 76.7], "std_returns_eval": [0.0, 4.1521078984053394, 5.670978751503131, 23.64000846023537, 23.64000846023537, 23.64000846023537, 23.64000846023537, 23.64000846023537, 23.64000846023537, 23.64000846023537, 23.64000846023537, 23.64000846023537, 23.64000846023537, 23.64000846023537, 23.64000846023537, 23.64000846023537, 23.64000846023537, 23.64000846023537, 23.64000846023537, 23.64000846023537, 23.64000846023537, 23.64000846023537, 23.64000846023537, 23.64000846023537, 23.64000846023537, 23.64000846023537, 23.64000846023537, 23.64000846023537, 23.64000846023537, 23.64000846023537, 12.00833044182246, 9.967948635501688, 1.8330302779823358, 0.7745966692414834, 0.7483314773547882, 1.42828568570857, 4.592385001282013, 8.383913167489272, 8.619164692706596, 14.12267680009707, 14.338758663147937, 12.938701635017326, 13.51147660324363, 11.542963224406462, 12.34665946724052, 7.321202087089251, 11.516944039110374, 7.071774883294857, 11.208925015361643, 11.550324670761425, 9.318798205777396, 8.966604708583958, 6.1489836558572835, 7.23118247591637, 8.024961059095553, 5.478138369920936, 6.073713855624086, 6.421837743200928, 6.493073232299171, 4.69148164229596, 7.2532751223154355, 5.10294032886923, 4.8218253804964775, 6.403905058634146, 5.287721626560914, 4.6701177715342475, 8.720091742636656, 13.54437152473307, 4.4328320518603, 7.042726744663604, 8.478797084492587, 9.198369420718, 13.049521064008442, 7.586830695356263, 16.387800340497197, 9.606768447297979, 21.269931828757702, 7.321202087089251, 8.395832299420945, 17.577258034175863, 12.687001221722966, 17.93766985982293, 15.644807445283563, 22.294618184665104, 25.55797331558197, 19.164811504421326, 20.819221887476967, 12.913558765886343, 17.6207264322445, 23.726778120933318, 20.84250464795438, 23.083543922023757, 17.41292623311774, 23.21120419107979, 22.712111306525426, 22.059011763902753, 23.660938273872404, 24.84028985338134, 26.71422841857874, 19.225243821600806], "timestamps_eval": [89.47495889663696, 175.35246205329895, 261.4061212539673, 347.40068435668945, 433.4535994529724, 519.5766265392303, 605.713898897171, 691.6915192604065, 777.6770167350769, 863.8318614959717, 950.0916678905487, 1036.2408816814423, 1122.2660162448883, 1208.4221413135529, 1294.6168780326843, 1380.621330022812, 1466.5888986587524, 1552.5149619579315, 1638.4200496673584, 1724.4178354740143, 1810.53564453125, 1896.8968908786774, 1983.048644542694, 2069.2721433639526, 2155.2422330379486, 2241.376489639282, 2327.484220981598, 2413.616443157196, 2499.690400123596, 2585.798346042633, 2672.2595131397247, 2758.1934480667114, 2844.8843450546265, 2931.020494699478, 3017.0662834644318, 3102.9296305179596, 3188.898792028427, 3274.812704563141, 3360.8070220947266, 3446.759816646576, 3532.9093854427338, 3619.0875771045685, 3705.227744579315, 3791.4576330184937, 3877.702580690384, 3963.9123814105988, 4050.088964700699, 4136.090993881226, 4222.21267914772, 4308.344061374664, 4394.254282951355, 4480.277994632721, 4566.472083568573, 4652.407104969025, 4738.441450119019, 4824.508510828018, 4910.4802367687225, 4996.518911361694, 5082.4888825416565, 5168.629232168198, 5254.652727365494, 5340.546050786972, 5426.61927485466, 5512.580748558044, 5598.655762910843, 5684.693649768829, 5770.6932718753815, 5856.8021829128265, 5942.770428657532, 6028.652377843857, 6114.656682252884, 6200.732525110245, 6286.67916727066, 6372.626967191696, 6458.573860645294, 6544.460712432861, 6630.42490696907, 6716.453706979752, 6802.3896017074585, 6888.520868301392, 6974.549688816071, 7060.522194385529, 7146.585530757904, 7232.513077735901, 7318.601793766022, 7404.737439632416, 7491.3138608932495, 7577.212995290756, 7663.105710506439, 7749.10032916069, 7834.985948562622, 7921.003083705902, 8006.874140024185, 8093.111696481705, 8179.222635984421, 8265.360566139221, 8351.652642726898, 8437.882145404816, 8523.80092382431, 8609.947612285614], "timesteps_eval": [8805, 17638, 26471, 35304, 44137, 52970, 61803, 70636, 79469, 88302, 97135, 105968, 114801, 123634, 132467, 141300, 150133, 158966, 167799, 176632, 185465, 194298, 203131, 211964, 220797, 229630, 238463, 247296, 256129, 264962, 273795, 282628, 291461, 300294, 309127, 317960, 326793, 335626, 344459, 353292, 362125, 370958, 379791, 388624, 397457, 406290, 415123, 423956, 432789, 441622, 450455, 459288, 468121, 476954, 485787, 494620, 503453, 512286, 521119, 529952, 538785, 547618, 556451, 565284, 574117, 582950, 591783, 600616, 609449, 618282, 627115, 635948, 644781, 653614, 662447, 671280, 680113, 688946, 697779, 706612, 715445, 724278, 733111, 741944, 750777, 759610, 768443, 777276, 786109, 794942, 803775, 812608, 821441, 830274, 839107, 847940, 856773, 865606, 874439, 883272],