{"gamma": [0.98, 0.95, 0.98], "learning_rate": [-3, -4, -3], "returns_eval": [0.0, 0.0, 0.0, 0.0, 0.0, 0.0, 0.4, 0.0, 0.9, 3.1, 4.0, 1.9, 6.1, 9.0, 7.5, 7.6, 8.0, 13.9, 16.3, 11.6, 21.5, 28.4, 20.8, 20.1, 16.6, 22.4, 19.6, 21.9, 14.1, 11.1, 13.1, 16.6, 24.0, 21.4, 25.4, 32.5, 33.5, 32.2, 37.1, 30.6, 40.4, 45.9, 49.9, 48.9, 54.9, 51.5, 56.2, 66.7, 53.4, 64.4, 66.1, 57.9, 73.6, 73.1, 71.0, 69.2, 64.0, 70.4, 76.8, 75.8, 65.0, 37.9, 33.8, 27.0, 23.9, 18.2, 9.9, 10.8, 0.6, 0.6, 0.2, 0.1, 0.0, 0.5, 0.0, 0.5, 0.4, 1.4, 2.5, 1.7, 0.5, 1.3, 0.3, 2.5, 2.2, 1.7, 2.6, 2.1, 3.5, 3.7, 3.9, 2.3, 3.0, 2.9, 2.8, 2.6, 3.7, 4.2, 3.2, 4.7], "std_returns_eval": [0.0, 0.0, 0.0, 0.0, 0.0, 0.0, 0.9165151389911681, 0.0, 1.2206555615733703, 7.6609398901179215, 6.196773353931867, 2.947880594596735, 7.034912934784624, 8.78635305459552, 9.5, 7.939773296511683, 5.848076606885378, 8.14186710773395, 9.066973034039531, 8.368990381163071, 10.613670430157514, 10.809255293497328, 11.034491379306976, 9.438749917229504, 7.952358140828417, 4.386342439892262, 9.531002045955084, 7.175653280364095, 6.729784543356496, 5.629387178015028, 3.6180105030251086, 7.391887445030532, 8.740709353364863, 10.43264108459598, 10.6226173799116, 21.541819793137254, 4.318564576337836, 12.512393855693642, 13.604778572251735, 10.63202708800161, 11.943198901466893, 6.744627491566899, 12.833160171991933, 19.154372868877747, 15.852129194527782, 15.901257811883939, 20.21286718899622, 13.77715500384604, 11.155267813907473, 19.079832284378185, 17.807021087200408, 15.833192981834081, 15.13406752991409, 19.351744107444166, 18.16590212458495, 15.458331087151679, 19.76866206904251, 12.273548794053006, 19.067249408344143, 15.535765188750762, 18.777646284878198, 14.624978632463021, 9.734474818910366, 10.648943609579309, 7.608547824650904, 8.411896337925237, 7.2725511342306834, 8.715503427800371, 1.2, 1.2, 0.6000000000000001, 0.30000000000000004, 0.0, 1.5, 0.0, 1.5, 0.66332495807108, 2.727636339397171, 2.3769728648009427, 2.147091055358389, 0.9219544457292888, 1.676305461424021, 0.6403124237432849, 2.6172504656604803, 2.039607805437114, 2.2825424421026654, 1.9078784028338913, 2.2561028345356955, 2.3769728648009427, 2.1470910553583886, 3.047950130825634, 1.6155494421403513, 1.61245154965971, 2.3853720883753127, 1.32664991614216, 2.3748684174075834, 1.7349351572897473, 2.227105745132009, 2.08806130178211, 1.004987562112089], "timestamps_eval": [94.78780913352966, 188.8163411617279, 283.2403256893158, 374.32312417030334, 465.3895480632782, 559.7818884849548, 650.635270357132, 742.532600402832, 837.0316820144653, 928.3866641521454, 1020.5382542610168, 1113.9190702438354, 1207.0799357891083, 1298.9051225185394, 1391.6897263526917, 1485.0050144195557, 1578.3591265678406, 1673.113755941391, 1763.2236006259918, 1853.7909467220306, 1945.1430070400238, 2034.9070801734924, 2124.894010782242, 2215.0099353790283, 2305.253833293915, 2394.6846327781677, 2484.104697227478, 2575.6659936904907, 2666.23148393631, 2756.530974149704, 2847.2800295352936, 2937.247822523117, 3026.911123752594, 3116.6315009593964, 3206.443063020706, 3295.9508876800537, 3385.741070508957, 3475.52330160141, 3565.467709541321, 3656.490813970566, 3746.378908634186, 3836.188724040985, 3926.118381500244, 4016.0187945365906, 4105.830206155777, 4195.270215511322, 4283.654944658279, 4372.24104309082, 4462.065088748932, 4551.474842071533, 4640.939653396606, 4729.518892526627, 4817.955445051193, 4907.798470258713, 4996.9020392894745, 5085.376221895218, 5174.890853881836, 5264.897975921631, 5354.599700212479, 5444.372177124023, 5533.689750671387, 5623.515597581863, 5713.410867929459, 5803.152367353439, 5892.831258773804, 5982.576026201248, 6072.498282670975, 6162.368003368378, 6252.3729729652405, 6342.049199581146, 6431.961441755295, 6521.810965061188, 6611.543886899948, 6701.291361570358, 6791.08278799057, 6880.570595026016, 6970.362481355667, 7060.289710283279, 7150.183491230011, 7240.2498281002045, 7330.207223415375, 7419.900140047073, 7509.591045856476, 7599.2361035346985, 7689.205507278442, 7779.117250442505, 7869.156941413879, 7958.839799642563, 8048.572639226913, 8138.225138425827, 8227.893651247025, 8317.712986469269, 8407.263132572174, 8496.656893491745, 8586.254534482956, 8675.806115627289, 8765.36507487297, 8855.037560224533, 8944.652056217194, 9034.41950750351], "timesteps_eval": [8808, 17642, 26476, 35310, 44144, 52978, 61812, 70646, 79480, 88314, 97148, 105982, 114816, 123650, 132484, 141318, 150152, 158986, 167820, 176654, 185488, 194322, 203156, 211990, 220824, 229658, 238492, 247326, 256160, 264994, 273828, 282662, 291496, 300330, 309164, 317998, 326832, 335666, 344500, 353334, 362168, 371002, 379836, 388670, 397504, 406338, 415172, 424006, 432840, 441674, 450508, 459342, 468176, 477010, 485844, 494678, 503512, 512346, 521180, 530014, 538848, 547682, 556516, 565350, 574184, 583018, 591852, 600686, 609520, 618354, 627188, 636022, 644856, 653690, 662524, 671358, 680192, 689026, 697860, 706694, 715528, 724362, 733196, 742030, 750864, 759698, 768532, 777366, 786200, 795034, 803868, 812702, 821536, 830370, 839204, 848038, 856872, 865706, 874540, 883374],