{"gamma": [0.98, 0.98, 0.99], "learning_rate": [-3, -3, -3], "returns_eval": [0.0, 0.0, 0.0, 0.2, 0.4, 0.7, 3.9, 7.7, 9.7, 7.4, 6.7, 8.1, 9.6, 9.9, 12.7, 11.5, 21.6, 14.5, 14.6, 13.4, 9.2, 12.4, 10.2, 8.3, 11.3, 7.0, 16.5, 14.9, 16.6, 20.5, 10.1, 18.7, 5.1, 12.9, 8.5, 9.9, 10.0, 9.0, 9.9, 9.1, 8.4, 7.7, 5.8, 7.3, 4.9, 5.2, 2.3, 2.2, 6.7, 3.4, 5.3, 9.6, 13.3, 8.3, 6.3, 5.8, 6.2, 6.6, 9.4, 9.1, 5.9, 6.1, 4.0, 4.0, 4.2, 5.9, 5.3, 5.9, 7.2, 9.1, 6.9, 6.3, 9.9, 8.5, 6.7, 5.1, 4.7, 6.4, 9.5, 6.6, 9.0, 7.4, 8.4, 9.7, 12.1, 15.5, 8.6, 6.7, 8.2, 8.1, 8.3, 5.6, 9.7, 7.4, 15.8, 7.2, 9.5, 9.0, 5.8, 4.4], "std_returns_eval": [0.0, 0.0, 0.0, 0.4000000000000001, 0.9165151389911681, 1.552417469626002, 5.61159513863928, 6.797793759742936, 8.1, 4.5431266766402185, 4.001249804748512, 9.093404203047392, 4.862098312457287, 6.549045732013177, 7.975587752636166, 6.232976816898969, 9.254188241007421, 9.372833082905082, 9.58331884056875, 6.053098380168622, 5.173006862551025, 6.770524351924303, 6.539113089708726, 4.290687590584986, 6.000833275471, 4.449719092257398, 9.297849213662266, 11.605602095539895, 10.864621484432856, 10.052362906302179, 9.10439454329611, 14.670037491431302, 4.437341546466758, 8.005623023850173, 6.168468205316454, 5.356304696336832, 5.157518783291051, 4.47213595499958, 3.8065732621348563, 3.448187929913334, 5.868560300448484, 3.3181320046074116, 3.54400902933387, 3.2264531609803355, 2.3, 3.54400902933387, 2.4103941586387903, 2.8213471959331766, 4.172529209005013, 3.352610922848042, 3.796050579220461, 6.003332407921453, 9.849365461794989, 4.920365840057018, 7.156116265125937, 5.979966555090421, 6.029925372672534, 3.7735924528226414, 9.414881836751857, 3.7, 3.176476034853718, 2.3853720883753127, 2.9664793948382653, 3.40587727318528, 2.227105745132009, 3.014962686336267, 1.7916472867168918, 3.5057096285916214, 3.893584466786357, 3.176476034853718, 4.1340053217188775, 3.4655446902326914, 5.223983154643591, 7.6583287994183165, 2.72213151776324, 3.3301651610693423, 3.606937759374287, 2.6153393661244038, 5.277309920783504, 4.223742416388575, 5.848076606885378, 5.083306010855534, 4.1521078984053394, 5.514526271584895, 2.211334438749598, 5.643580423808985, 5.40740233383831, 3.7429934544425802, 4.853864439804639, 7.38173421358423, 3.7429934544425802, 5.902541825349482, 6.341135544995076, 5.953150426454887, 8.022468448052631, 4.853864439804639, 8.052949770115296, 8.06225774829855, 5.7236352085016735, 3.954743986657038], "timestamps_eval": [87.58101511001587, 172.60195446014404, 257.8634955883026, 343.1864573955536, 428.45153307914734, 513.8467411994934, 599.2718148231506, 684.7590570449829, 770.0524756908417, 855.4183723926544, 940.8632414340973, 1026.3773148059845, 1111.7913308143616, 1197.421819448471, 1283.1524035930634, 1368.6902210712433, 1454.1865212917328, 1539.6787595748901, 1625.2186632156372, 1710.7825973033905, 1796.3191697597504, 1881.8817691802979, 1967.3623547554016, 2053.026932001114, 2138.406753540039, 2223.7755274772644, 2309.1928355693817, 2394.7389607429504, 2480.194835424423, 2565.838448524475, 2651.312338590622, 2736.83092212677, 2822.2316489219666, 2907.638373851776, 2993.0117721557617, 3078.702233314514, 3164.122311592102, 3250.0264110565186, 3335.6123468875885, 3421.1058320999146, 3506.568300962448, 3592.109454393387, 3677.7420666217804, 3763.200389623642, 3848.693728685379, 3934.240643262863, 4019.6823239326477, 4105.296961307526, 4190.901794910431, 4276.302119255066, 4361.700270652771, 4447.386644363403, 4532.839565515518, 4618.70746254921, 4704.33184170723, 4789.93103313446, 4875.450184106827, 4961.1530430316925, 5046.933738946915, 5132.5183300971985, 5218.784471273422, 5304.381104230881, 5389.92670083046, 5475.464895248413, 5561.005920648575, 5646.543847322464, 5732.147630214691, 5817.795291185379, 5903.480246782303, 5989.076176404953, 6074.601284265518, 6160.304894447327, 6245.785908699036, 6331.434555053711, 6416.964805841446, 6502.624012231827, 6588.262050151825, 6673.967383861542, 6759.557400465012, 6845.29977440834, 6930.857078075409, 7016.241982221603, 7101.644129514694, 7187.254144191742, 7272.829058647156, 7358.305277347565, 7443.7436373233795, 7529.366769552231, 7614.887174367905, 7700.4352786540985, 7785.949949979782, 7871.485862016678, 7957.127636194229, 8042.699925899506, 8128.298288822174, 8213.909926176071, 8299.677658557892, 8385.170883893967, 8470.703253746033, 8556.240129947662], "timesteps_eval": [8805, 17638, 26471, 35304, 44137, 52970, 61803, 70636, 79469, 88302, 97135, 105968, 114801, 123634, 132467, 141300, 150133, 158966, 167799, 176632, 185465, 194298, 203131, 211964, 220797, 229630, 238463, 247296, 256129, 264962, 273795, 282628, 291461, 300294, 309127, 317960, 326793, 335626, 344459, 353292, 362125, 370958, 379791, 388624, 397457, 406290, 415123, 423956, 432789, 441622, 450455, 459288, 468121, 476954, 485787, 494620, 503453, 512286, 521119, 529952, 538785, 547618, 556451, 565284, 574117, 582950, 591783, 600616, 609449, 618282, 627115, 635948, 644781, 653614, 662447, 671280, 680113, 688946, 697779, 706612, 715445, 724278, 733111, 741944, 750777, 759610, 768443, 777276, 786109, 794942, 803775, 812608, 821441, 830274, 839107, 847940, 856773, 865606, 874439, 883272],