{"gamma": [0.99, 0.95, 0.98], "learning_rate": [-4, -4, -3], "returns_eval": [3.7, 0.1, 0.0, 1.7, 2.1, 2.5, 0.5, 4.6, 3.2, 7.1, 2.9, 11.1, 26.9, 37.8, 44.8, 59.3, 57.2, 68.6, 68.3, 75.6, 83.0, 100.2, 92.5, 102.5, 118.5, 117.1, 113.8, 113.7, 113.4, 109.9, 122.9, 118.8, 114.0, 128.0, 126.8, 142.4, 127.9, 131.2, 141.8, 152.6, 148.1, 161.9, 144.9, 177.9, 173.4, 153.4, 167.0, 161.6, 164.5, 182.2, 194.0, 221.0, 165.6, 185.3, 196.5, 218.3, 212.0, 244.3, 245.5, 230.6, 157.2, 141.7, 133.9, 117.9, 110.3, 110.2, 96.5, 101.7, 96.2, 91.6, 82.2, 77.2, 72.7, 61.1, 57.3, 50.0, 55.0, 47.5, 50.7, 49.1, 34.9, 22.3, 26.0, 22.8, 19.7, 13.5, 13.8, 16.7, 19.2, 14.9, 20.4, 13.2, 13.7, 10.2, 6.8, 8.6, 8.7, 9.5, 14.4, 14.0], "std_returns_eval": [5.386093203798093, 0.30000000000000004, 0.0, 4.148493702538308, 2.6248809496813372, 2.9748949561287032, 0.6708203932499369, 6.086049621881176, 3.815756805667783, 8.166394553289718, 3.3600595232822887, 11.121600604229592, 14.272000560538105, 27.38174574419973, 23.15080992103732, 16.667633305301624, 21.724640388278008, 21.597222043586996, 22.21733557382613, 16.95405556201819, 18.72431574183687, 29.828845100003452, 19.085334683992315, 27.764185563419648, 10.461835403025608, 14.542695761102891, 11.443775600735973, 15.7419820861288, 15.736581585592216, 14.969635934116766, 18.272657168567466, 21.400000000000002, 19.28730152198591, 13.046072205840346, 11.796609682446903, 17.743731287415283, 12.707871576310488, 12.576167937809991, 13.414917070187203, 16.25546062097288, 22.558590381493257, 47.905010176389695, 18.267183690979845, 58.88030230900654, 37.422453153153924, 15.173661390712525, 13.77679207943562, 16.865349092147483, 15.634896865665599, 51.35133883356889, 61.26010120788244, 79.37505905509614, 18.325937902328494, 50.62025286384887, 62.1164229491686, 70.03006497212465, 61.39381076297512, 86.22882348727715, 82.9123030677595, 79.4143563847243, 21.720036832381293, 12.133012816279392, 14.173566946961516, 34.74895681887443, 12.49839989758689, 14.5657131648265, 18.15075755994774, 8.414867794564572, 19.281078807992046, 26.000769219390413, 23.17671245021606, 25.114935795259363, 14.615402833996741, 26.051679408437376, 14.290206436577465, 16.739175606940744, 17.815723392554116, 18.842770496930648, 14.900000000000002, 10.64377752492037, 12.58133538222394, 8.579627031520658, 8.774964387392123, 7.547184905645283, 5.675385449465085, 5.481788029466299, 7.807688518377255, 5.158488150611572, 11.160645142642965, 6.6550732527899354, 11.85073837362044, 5.418486873657626, 6.197580172938468, 6.64529909033446, 2.7129319932501077, 3.2924155266308652, 3.132091952673165, 3.6945906403822333, 10.287856919689348, 6.244997998398398], "timestamps_eval": [88.07662296295166, 173.5783610343933, 259.035001039505, 344.4293749332428, 429.87819266319275, 515.3345549106598, 601.0002775192261, 686.5981438159943, 772.2304220199585, 857.904049873352, 943.5704329013824, 1029.258442401886, 1114.85267496109, 1200.6049308776855, 1286.3192400932312, 1372.1533048152924, 1457.9219360351562, 1543.6296441555023, 1629.437772512436, 1715.1279923915863, 1800.867180109024, 1886.579938173294, 1972.2556879520416, 2058.0945117473602, 2143.806808233261, 2229.625899076462, 2315.4496641159058, 2401.174944162369, 2486.9453682899475, 2572.802939414978, 2658.474310398102, 2744.315444469452, 2830.1289417743683, 2915.8373720645905, 3001.6602170467377, 3087.3383045196533, 3172.99675488472, 3258.7637088298798, 3344.6075472831726, 3430.444714307785, 3516.275252342224, 3616.2211124897003, 3702.0790679454803, 3801.7983622550964, 3901.8495507240295, 3987.8709819316864, 4073.730405330658, 4159.632447242737, 4245.42703461647, 4345.285612344742, 4445.376275539398, 4545.390150547028, 4631.166719198227, 4730.992202758789, 4831.223351478577, 4945.352580308914, 5045.532925367355, 5145.772166013718, 5260.094128847122, 5374.353186845779, 5460.326947450638, 5546.412846326828, 5632.262456178665, 5718.304306983948, 5804.214439630508, 5890.199793577194, 5976.04231095314, 6061.996618270874, 6147.950542449951, 6233.913309335709, 6319.68231344223, 6405.781784772873, 6491.533466339111, 6577.440438985825, 6663.19335269928, 6749.149433851242, 6834.8467037677765, 6920.631223201752, 7006.428597211838, 7092.220933437347, 7177.847883939743, 7263.708655357361, 7349.41402721405, 7435.20441365242, 7520.809268712997, 7606.631309747696, 7692.334829330444, 7778.027775764465, 7863.778176307678, 7949.5808980464935, 8035.368954658508, 8121.248465061188, 8206.966440677643, 8292.786391019821, 8378.4464905262, 8464.204142808914, 8549.881514787674, 8635.77581691742, 8721.504816770554, 8807.255549907684], "timesteps_eval": [8805, 17638, 26471, 35304, 44137, 52970, 61803, 70636, 79469, 88302, 97135, 105968, 114801, 123634, 132467, 141300, 150133, 158966, 167799, 176632, 185465, 194298, 203131, 211964, 220797, 229630, 238463, 247296, 256129, 264962, 273795, 282628, 291461, 300294, 309127, 317960, 326793, 335626, 344459, 353292, 362125, 370958, 379791, 388624, 397457, 406290, 415123, 423956, 432789, 441622, 450455, 459288, 468560, 477393, 486226, 495500, 504772, 513605, 522438, 531271, 540545, 549378, 558211, 567044, 575877, 584710, 593543, 602376, 611209, 620042, 628875, 637708, 646541, 655374, 664207, 673040, 681873, 690706, 699539, 708372, 717205, 726038, 734871, 743704, 752537, 761370, 770203, 779036, 787869, 796702, 805535, 814368, 823201, 832034, 840867, 849700, 858533, 867366, 876199, 885032],