{"gamma": [0.99, 0.95, 0.98], "learning_rate": [-3, -4, -5], "returns_eval": [0.0, 0.5, 0.0, 0.0, 0.3, 1.4, 0.7, 3.3, 1.9, 2.5, 4.3, 8.4, 3.0, 11.0, 4.2, 9.0, 15.1, 14.7, 14.4, 11.0, 11.2, 21.7, 19.1, 17.1, 22.5, 15.7, 18.9, 14.3, 15.7, 8.7, 5.9, 10.6, 12.1, 12.8, 15.6, 17.5, 21.4, 23.0, 24.8, 28.2, 31.7, 34.2, 29.1, 33.5, 45.0, 41.9, 52.2, 44.9, 48.7, 52.3, 48.7, 50.5, 60.8, 56.6, 58.9, 65.8, 64.8, 68.9, 81.6, 79.3, 73.9, 77.1, 73.6, 87.9, 82.4, 80.9, 96.0, 97.0, 92.1, 97.2, 91.8, 85.1, 88.1, 97.8, 99.2, 98.0, 89.6, 96.6, 91.0, 98.2, 99.6, 88.1, 94.2, 93.2, 87.2, 90.7, 90.7, 92.9, 96.9, 95.6, 90.7, 94.7, 97.1, 103.5, 105.2, 105.1, 102.3, 108.0, 101.7, 108.5], "std_returns_eval": [0.0, 1.5, 0.0, 0.0, 0.6403124237432849, 1.4966629547095767, 0.9, 3.7696153649941526, 2.6248809496813377, 2.7658633371878665, 4.196427051671457, 7.578918128598567, 1.9493588689617927, 9.327379053088816, 3.8418745424597094, 10.119288512538814, 6.977822009767805, 7.975587752636165, 10.258654882585729, 6.782329983125268, 8.328265125462805, 10.050373127401787, 12.128066622508303, 7.034912934784622, 8.488227141164401, 7.389857914736926, 4.1340053217188775, 6.634003316248793, 8.112336284942828, 5.710516614107694, 6.456779382943171, 6.711184694225007, 4.4821869662029945, 4.069397989875161, 8.499411744350311, 7.749193506423749, 6.814690014960328, 4.8373546489791295, 11.034491379306978, 11.00727032465361, 10.991360243391169, 10.952625256074453, 11.545128842936315, 8.92468486838611, 15.290519938837921, 22.015676233084463, 17.747112441183216, 12.778497564267875, 16.953170794869024, 14.771932845772078, 10.714942836991712, 13.987494414654828, 14.372195378577345, 14.547852075134665, 10.42544963059148, 23.4170877779454, 17.514565367145142, 19.033917095542893, 16.900887550658396, 16.124825580452022, 17.178183838811368, 19.17524445737264, 16.408534364774937, 17.026156348395254, 17.44820907715173, 20.309849827115908, 14.7648230602334, 22.99130270341374, 18.08009955724802, 11.881077392223318, 19.38452991434149, 23.9893726470702, 19.45995888998741, 23.09891772356445, 18.26362505090378, 21.693316943243143, 20.93895890439637, 19.535608513685975, 20.894975472586705, 17.690675509996783, 19.340113753543438, 19.58800653461194, 23.886397802933786, 22.301569451498253, 20.97045540754897, 22.154232101339012, 24.38872690404319, 13.626811806141596, 22.95844071360248, 17.165080832900262, 20.050187031546614, 22.62321816187962, 11.26454615153225, 16.347782724271816, 16.36948380371232, 15.293462655657809, 16.068914089010498, 15.760710643876436, 20.7752256305437, 10.404326023342406], "timestamps_eval": [88.22439622879028, 173.60462379455566, 258.9401500225067, 344.28558230400085, 429.6188077926636, 515.1187815666199, 600.554007768631, 686.0986330509186, 772.3262920379639, 858.713791847229, 945.0639679431915, 1031.5302329063416, 1118.0611798763275, 1203.7728686332703, 1289.5974612236023, 1375.4381160736084, 1461.3223793506622, 1547.2293980121613, 1633.11674451828, 1718.923666715622, 1804.7219450473785, 1890.4640805721283, 1976.3594913482666, 2062.2163214683533, 2149.0981335639954, 2235.688252210617, 2321.5871965885162, 2407.4070920944214, 2493.3240242004395, 2579.2973625659943, 2665.2333974838257, 2751.178677558899, 2837.1356472969055, 2922.9297490119934, 3008.820135116577, 3094.7440960407257, 3180.6697504520416, 3266.572919368744, 3352.60972905159, 3438.5815165042877, 3524.369033575058, 3610.276286840439, 3696.214171409607, 3782.0512425899506, 3868.1898641586304, 3954.528349161148, 4040.646376848221, 4126.642023563385, 4213.476982831955, 4299.810914039612, 4385.888193130493, 4472.023818492889, 4558.106478214264, 4644.001839876175, 4730.076756238937, 4816.2454698085785, 4902.182265281677, 4988.387866258621, 5074.641255617142, 5160.684720993042, 5246.710341453552, 5332.65634226799, 5418.720690250397, 5504.9008576869965, 5590.965286254883, 5677.053501844406, 5763.173003196716, 5849.237882614136, 5935.368894100189, 6021.30252623558, 6107.399221897125, 6193.37593960762, 6279.450402021408, 6365.413354635239, 6451.477835178375, 6537.430888414383, 6623.516379594803, 6709.678776264191, 6795.762559890747, 6882.060893058777, 6968.152851819992, 7054.270128726959, 7140.510708093643, 7226.750097513199, 7313.1328711509705, 7399.459946632385, 7485.706058740616, 7571.917103528976, 7658.1397478580475, 7744.211476564407, 7830.099884986877, 7916.382344961166, 8002.484419822693, 8088.643405199051, 8174.804322957993, 8260.95359492302, 8347.118739843369, 8433.100068092346, 8519.188709974289, 8605.290583848953], "timesteps_eval": [8805, 17638, 26471, 35304, 44137, 52970, 61803, 70636, 79469, 88302, 97135, 105968, 114801, 123634, 132467, 141300, 150133, 158966, 167799, 176632, 185465, 194298, 203131, 211964, 220797, 229630, 238463, 247296, 256129, 264962, 273795, 282628, 291461, 300294, 309127, 317960, 326793, 335626, 344459, 353292, 362125, 370958, 379791, 388624, 397457, 406290, 415123, 423956, 432789, 441622, 450455, 459288, 468121, 476954, 485787, 494620, 503453, 512286, 521119, 529952, 538785, 547618, 556451, 565284, 574117, 582950, 591783, 600616, 609449, 618282, 627115, 635948, 644781, 653614, 662447, 671280, 680113, 688946, 697779, 706612, 715445, 724278, 733111, 741944, 750777, 759610, 768443, 777276, 786109, 794942, 803775, 812608, 821441, 830274, 839107, 847940, 856773, 865606, 874439, 883272],