{"gamma": 0.99, "learning_rate": -1, "clip": 0.3, "returns_eval": [0.0, 0.0, 0.0, 0.0, 0.0, 0.0, 0.0, 0.0, 0.0, 0.0, 0.0, 0.0, 0.0, 0.0, 0.0, 0.0, 0.0, 0.0, 0.0, 0.0, 0.0, 0.0, 0.0, 0.0, 0.0, 0.0, 0.0, 0.0, 0.0, 0.0, 0.0, 0.0, 0.0, 0.0, 0.0, 0.0, 0.0, 0.0, 0.0, 0.0, 0.0, 0.0, 0.0, 0.0, 0.0, 0.0, 0.0, 0.0, 0.0, 0.0, 0.0, 0.0, 0.0, 0.0, 0.0, 0.0, 0.0, 22.8, 0.0, 22.8, 0.0, 0.0, 22.8, 22.8, 22.8, 0.0, 22.8, 22.8, 22.8, 22.8, 22.8, 22.8, 22.8, 22.8, 22.8, 22.8, 22.8, 22.8, 22.8, 22.8, 22.8, 22.8, 22.8, 22.8, 22.8, 22.8, 22.8, 22.8, 22.8, 22.8, 22.8, 22.8, 22.8, 22.8, 22.8, 22.8, 22.8, 22.8, 22.8, 22.8], "std_returns_eval": [0.0, 0.0, 0.0, 0.0, 0.0, 0.0, 0.0, 0.0, 0.0, 0.0, 0.0, 0.0, 0.0, 0.0, 0.0, 0.0, 0.0, 0.0, 0.0, 0.0, 0.0, 0.0, 0.0, 0.0, 0.0, 0.0, 0.0, 0.0, 0.0, 0.0, 0.0, 0.0, 0.0, 0.0, 0.0, 0.0, 0.0, 0.0, 0.0, 0.0, 0.0, 0.0, 0.0, 0.0, 0.0, 0.0, 0.0, 0.0, 0.0, 0.0, 0.0, 0.0, 0.0, 0.0, 0.0, 0.0, 0.0, 10.283968105745954, 0.0, 10.283968105745954, 0.0, 0.0, 10.283968105745954, 10.283968105745954, 10.283968105745954, 0.0, 10.283968105745954, 10.283968105745954, 10.283968105745954, 10.283968105745954, 10.283968105745954, 10.283968105745954, 10.283968105745954, 10.283968105745954, 10.283968105745954, 10.283968105745954, 10.283968105745954, 10.283968105745954, 10.283968105745954, 10.283968105745954, 10.283968105745954, 10.283968105745954, 10.283968105745954, 10.283968105745954, 10.283968105745954, 10.283968105745954, 10.283968105745954, 10.283968105745954, 10.283968105745954, 10.283968105745954, 10.283968105745954, 10.283968105745954, 10.283968105745954, 10.283968105745954, 10.283968105745954, 10.283968105745954, 10.283968105745954, 10.283968105745954, 10.283968105745954, 10.283968105745954], "timestamps_eval": [87.41327977180481, 172.67452192306519, 257.8554337024689, 343.1286458969116, 428.1965787410736, 513.5696110725403, 598.9184718132019, 684.3110024929047, 769.8069059848785, 855.2975554466248, 940.7457301616669, 1026.21240401268, 1111.7039954662323, 1197.2977442741394, 1282.8561480045319, 1368.250822544098, 1453.8734765052795, 1539.4289774894714, 1624.9028797149658, 1710.3932435512543, 1795.775279045105, 1881.0546731948853, 1966.3753216266632, 2051.759479045868, 2137.0523569583893, 2222.337109565735, 2307.6400871276855, 2393.182037591934, 2478.6918065547943, 2564.176825761795, 2649.5039410591125, 2735.08087515831, 2820.385059595108, 2905.954488992691, 2991.36682844162, 3076.677745580673, 3162.106303215027, 3247.4990656375885, 3332.86026096344, 3418.2446014881134, 3503.711170911789, 3588.9068896770477, 3674.17148065567, 3759.4968750476837, 3844.8466351032257, 3930.265421152115, 4015.5523619651794, 4100.950156927109, 4186.24830698967, 4271.876485109329, 4357.263502597809, 4442.810542345047, 4528.1923978328705, 4613.576497793198, 4699.065507411957, 4784.619329690933, 4870.196508407593, 4955.785502433777, 5041.481565475464, 5127.0106818675995, 5212.461137294769, 5297.895206212997, 5383.366500139236, 5468.964461803436, 5554.690912485123, 5640.043635606766, 5725.502299070358, 5811.0704934597015, 5896.707239151001, 5982.299693584442, 6067.97527384758, 6153.557980060577, 6239.099637269974, 6324.353842020035, 6409.696825742722, 6495.026205062866, 6580.612102031708, 6666.432209253311, 6752.137829780579, 6837.724252700806, 6923.395200967789, 7008.9955043792725, 7094.577516317368, 7180.260538816452, 7265.921274185181, 7351.521071434021, 7437.186105728149, 7522.747431278229, 7608.362452983856, 7693.9681742191315, 7779.3928871154785, 7865.006409406662, 7950.59879732132, 8036.30353975296, 8121.936527490616, 8207.565035820007, 8292.987293958664, 8378.64265012741, 8464.380692720413, 8550.130585193634], "timesteps_eval": [8808, 17642, 26476, 35310, 44144, 52978, 61812, 70646, 79480, 88314, 97148, 105982, 114816, 123650, 132484, 141318, 150152, 158986, 167820, 176654, 185488, 194322, 203156, 211990, 220824, 229658, 238492, 247326, 256160, 264994, 273828, 282662, 291496, 300330, 309164, 317998, 326832, 335666, 344500, 353334, 362168, 371002, 379836, 388670, 397504, 406338, 415172, 424006, 432840, 441674, 450508, 459342, 468176, 477010, 485844, 494678, 503512, 512346, 521180, 530014, 538848, 547682, 556516, 565350, 574184, 583018, 591852, 600686, 609520, 618354, 627188, 636022, 644856, 653690, 662524, 671358, 680192, 689026, 697860, 706694, 715528, 724362, 733196, 742030, 750864, 759698, 768532, 777366, 786200, 795034, 803868, 812702, 821536, 830370, 839204, 848038, 856872, 865706, 874540, 883374],