{"gamma": 0.8, "learning_rate": -5, "clip": 0.4, "returns_eval": [0.0, 0.0, 0.0, 0.0, 0.0, 0.0, 6.8, 12.7, 20.6, 20.6, 20.6, 20.6, 20.6, 15.3, 30.5, 30.5, 30.5, 30.5, 30.5, 30.5, 30.5, 30.5, 30.5, 31.0, 39.9, 29.5, 44.5, 62.6, 61.3, 59.1, 64.4, 76.8, 77.9, 95.8, 106.8, 100.9, 105.3, 93.5, 111.9, 97.4, 104.4, 107.0, 110.9, 106.8, 106.7, 110.3, 117.5, 111.1, 111.1, 103.5, 103.4, 98.1, 106.5, 108.8, 106.2, 99.2, 113.2, 112.6, 102.7, 101.6, 105.3, 107.0, 118.0, 118.3, 109.6, 104.1, 114.3, 120.2, 113.2, 121.2, 115.0, 108.3, 120.5, 110.0, 125.3, 107.8, 107.7, 122.0, 124.8, 111.9, 115.6, 107.9, 115.8, 124.9, 119.1, 124.9, 124.6, 127.2, 135.5, 124.6, 132.9, 133.0, 142.8, 133.1, 147.3, 134.9, 133.3, 134.6, 146.3, 130.7], "std_returns_eval": [0.0, 0.0, 0.0, 0.0, 0.0, 0.0, 5.688585061331157, 9.910095862301233, 9.728309205612248, 9.728309205612248, 9.728309205612248, 9.728309205612248, 9.728309205612248, 8.66083136886985, 23.55525419094432, 23.55525419094432, 23.55525419094432, 23.55525419094432, 23.55525419094432, 23.55525419094432, 23.55525419094432, 23.55525419094432, 23.55525419094432, 23.28948260481542, 22.070115541156554, 13.734991809244008, 22.87028639960593, 25.12050954897213, 27.777868888739466, 24.060133000463654, 28.404929149709208, 23.498085028359224, 26.319004540445675, 16.079800993793423, 23.63810483097154, 22.651490017215202, 22.343007854807734, 22.177691493931466, 15.449595463959566, 12.737346662472527, 13.646977687385585, 15.89339485446706, 10.91283647820309, 15.892136420255145, 8.210359310042405, 21.14734025829253, 14.555067845942869, 18.40353226964867, 13.419761547807026, 20.387496167994733, 16.150541786577936, 21.612265036316764, 23.320591759215716, 15.80379701211073, 9.421252570651102, 23.254246923949182, 19.58979326077741, 15.13406752991409, 14.000357138301863, 23.5465496410833, 22.086421167767313, 16.881943016134134, 11.670475568716126, 17.9836036433191, 13.87227450708787, 11.9870763741623, 16.01280737409902, 10.274239631233057, 15.4, 14.455448799674121, 6.797058187186572, 15.479341071247188, 21.94652592097437, 23.647410006171924, 18.039124147252824, 10.703270528207721, 13.304510513355988, 19.3700800204852, 23.374344910606585, 13.307516672918355, 14.458215657542254, 14.862368586466964, 18.56771391421141, 20.897128989409048, 12.549501982150527, 12.045331045679069, 12.666491226855209, 19.988996973335105, 23.56374333589636, 20.37253052519495, 15.700000000000001, 27.23233372298452, 19.873600579663464, 14.740759817594208, 48.9, 23.628161164170184, 15.569521508382973, 14.347125147568764, 23.592583580439005, 15.15288751360611], "timestamps_eval": [94.05502820014954, 184.76140236854553, 275.47866439819336, 366.2153208255768, 457.105420589447, 547.9364702701569, 638.8482944965363, 729.8106665611267, 820.6223793029785, 911.429557800293, 1002.317601442337, 1093.0648477077484, 1184.0571658611298, 1275.7813997268677, 1366.9568576812744, 1458.092140197754, 1549.6765868663788, 1640.649334192276, 1731.6671166419983, 1822.3951478004456, 1913.2838156223297, 2004.2592422962189, 2095.339520931244, 2186.3364248275757, 2277.2999653816223, 2368.180431127548, 2459.057845592499, 2550.058704137802, 2641.227208137512, 2732.221569776535, 2823.081963300705, 2913.9604852199554, 3004.8555824756622, 3096.6741478443146, 3187.719724178314, 3278.864185810089, 3370.0299196243286, 3460.942812204361, 3551.8364906311035, 3642.8072426319122, 3733.8363015651703, 3824.933135509491, 3915.916114091873, 4006.830234527588, 4097.80975651741, 4188.954594612122, 4280.045207500458, 4371.095709562302, 4462.0223133563995, 4553.862315893173, 4644.94954252243, 4736.193576335907, 4827.147775888443, 4918.067116498947, 5009.158216238022, 5100.107480764389, 5191.193989992142, 5282.293648958206, 5373.271763086319, 5464.331149339676, 5555.307174682617, 5646.1685173511505, 5737.097016096115, 5827.999371767044, 5919.368866920471, 6010.4054181575775, 6101.39292049408, 6193.238320112228, 6284.159660577774, 6375.928702831268, 6467.008521318436, 6558.935737371445, 6650.12344622612, 6741.155598163605, 6832.189369678497, 6923.381502151489, 7014.583516597748, 7105.585983037949, 7196.614989042282, 7287.573492765427, 7378.6792368888855, 7469.693699121475, 7560.649856328964, 7651.7154405117035, 7742.705401182175, 7833.9376084804535, 7924.9143714904785, 8015.9876708984375, 8106.920718193054, 8198.055124521255, 8289.012462615967, 8380.01144862175, 8471.129128456116, 8562.024116754532, 8667.040026664734, 8758.24095416069, 8849.42565536499, 8940.805265903473, 9031.85536289215, 9122.845844745636], "timesteps_eval": [8804, 17635, 26466, 35297, 44128, 52959, 61790, 70621, 79452, 88283, 97114, 105945, 114776, 123607, 132438, 141269, 150100, 158931, 167762, 176593, 185424, 194255, 203086, 211917, 220748, 229579, 238410, 247241, 256072, 264903, 273734, 282565, 291396, 300227, 309058, 317889, 326720, 335551, 344382, 353213, 362044, 370875, 379706, 388537, 397368, 406199, 415030, 423861, 432692, 441523, 450354, 459185, 468016, 476847, 485678, 494509, 503340, 512171, 521002, 529833, 538664, 547495, 556326, 565157, 573988, 582819, 591650, 600481, 609312, 618143, 626974, 635805, 644636, 653467, 662298, 671129, 679960, 688791, 697622, 706453, 715284, 724115, 732946, 741777, 750608, 759439, 768270, 777101, 785932, 794763, 803594, 812425, 821256, 830087, 838918, 847749, 856580, 865848, 874679, 883510],