{"gamma": [0.95, 0.99, 0.99], "learning_rate": [-5, -5, -3], "returns_eval": [0.0, 4.6, 15.2, 31.5, 31.5, 31.5, 31.5, 31.5, 31.5, 31.5, 31.5, 31.5, 31.5, 31.5, 31.5, 31.5, 31.5, 31.5, 31.5, 31.5, 31.5, 31.5, 31.5, 31.5, 31.5, 31.5, 31.5, 31.5, 31.5, 31.5, 31.5, 32.3, 26.8, 21.5, 47.7, 55.7, 59.3, 62.5, 61.1, 57.2, 54.7, 69.4, 75.0, 78.2, 84.0, 88.1, 89.2, 89.2, 73.6, 92.4, 92.0, 84.5, 74.5, 82.6, 91.7, 75.4, 65.6, 83.3, 86.2, 90.9, 81.8, 55.5, 15.4, 6.5, 11.1, 4.3, 3.7, 3.7, 2.3, 0.5, 1.0, 4.1, 5.0, 4.2, 5.2, 5.4, 6.7, 8.3, 16.4, 5.6, 11.5, 12.7, 12.1, 15.3, 14.0, 11.0, 15.0, 7.3, 9.1, 4.6, 5.0, 4.8, 5.2, 4.2, 5.2, 4.4, 6.4, 6.7, 5.3, 6.0], "std_returns_eval": [0.0, 4.1521078984053394, 5.670978751503131, 23.64000846023537, 23.64000846023537, 23.64000846023537, 23.64000846023537, 23.64000846023537, 23.64000846023537, 23.64000846023537, 23.64000846023537, 23.64000846023537, 23.64000846023537, 23.64000846023537, 23.64000846023537, 23.64000846023537, 23.64000846023537, 23.64000846023537, 23.64000846023537, 23.64000846023537, 23.64000846023537, 23.64000846023537, 23.64000846023537, 23.64000846023537, 23.64000846023537, 23.64000846023537, 23.64000846023537, 23.64000846023537, 23.64000846023537, 23.64000846023537, 23.64000846023537, 22.751043932092436, 9.724196624914574, 7.864477096412704, 21.499069747316977, 21.66587178029077, 19.96021041973255, 21.406774628607646, 18.907405956397085, 19.103926298015285, 19.59106939398664, 19.915822855207363, 24.244587024736056, 21.664717861075413, 27.92131802046601, 19.138704240360685, 17.690675509996783, 27.6181100005051, 25.589841734563347, 21.387847016471763, 22.47220505424423, 23.25188164428849, 28.050846689538623, 24.824181758922087, 16.36490146624782, 21.8961183774659, 22.1142488002645, 24.413316038588448, 25.01919263285688, 29.487115830477556, 16.587947431795172, 32.69938837348491, 10.44222198576529, 6.2008063991709985, 7.854298186343576, 4.050925820105819, 1.9519221295943134, 2.968164415931166, 0.9, 0.806225774829855, 1.3416407864998738, 3.2388269481403293, 4.358898943540674, 8.840814442120138, 6.112282715974451, 6.053098380168622, 6.573431371817918, 6.972087205421343, 15.787336697492707, 5.76541412215983, 7.269800547470337, 8.355237878121724, 7.595393340703297, 5.23545604508337, 9.077444574328174, 6.6332495807108, 8.342661445845684, 9.839207285142436, 9.246080250571048, 2.2891046284519194, 4.219004621945797, 4.237924020083418, 2.6381811916545836, 2.6758176320519302, 3.0919249667480613, 3.411744421846396, 1.42828568570857, 4.382921400162226, 2.6851443164195103, 2.932575659723036], "timestamps_eval": [87.62046957015991, 173.02741193771362, 258.4370188713074, 343.8505771160126, 429.30522632598877, 514.6998422145844, 600.2676522731781, 685.7094569206238, 771.0709600448608, 856.6432869434357, 942.7800326347351, 1028.9802906513214, 1115.1353168487549, 1201.3034846782684, 1287.5576584339142, 1373.03684425354, 1458.444842338562, 1544.0197830200195, 1629.611989736557, 1715.0819845199585, 1800.5619304180145, 1886.066478252411, 1971.6465089321136, 2057.100738763809, 2142.6300880908966, 2228.252095222473, 2313.675301551819, 2399.4922337532043, 2485.0273928642273, 2570.664177417755, 2656.2307257652283, 2741.7443952560425, 2827.2443838119507, 2912.936672925949, 2998.5129528045654, 3083.919582128525, 3169.5329661369324, 3255.744408607483, 3341.366233587265, 3427.1845228672028, 3512.7780928611755, 3598.3040578365326, 3683.7754452228546, 3769.5581545829773, 3855.1033844947815, 3940.6664431095123, 4026.2423610687256, 4111.781681776047, 4197.319348573685, 4283.035144329071, 4368.6265778541565, 4454.190603494644, 4539.726138830185, 4625.3339076042175, 4710.865037441254, 4796.288732767105, 4881.887706279755, 4967.432276725769, 5052.999226093292, 5138.439015388489, 5223.839222192764, 5309.364243268967, 5394.800971984863, 5480.035435914993, 5565.523033857346, 5650.982895374298, 5736.370751619339, 5821.95384645462, 5907.351403951645, 5992.832542657852, 6078.185872793198, 6163.664262056351, 6249.11004447937, 6334.5634207725525, 6420.747837781906, 6506.163213253021, 6591.54279255867, 6677.078543186188, 6762.443271636963, 6848.024891376495, 6933.361949205399, 7018.964941740036, 7104.1885488033295, 7189.61409163475, 7275.214091062546, 7360.922960758209, 7446.280595541, 7531.792070150375, 7617.041746854782, 7702.449037075043, 7787.79323554039, 7873.161830663681, 7958.5181930065155, 8044.046766281128, 8129.490032196045, 8215.12030172348, 8300.545856714249, 8386.004353046417, 8471.330366373062, 8556.638006925583], "timesteps_eval": [8805, 17638, 26471, 35304, 44137, 52970, 61803, 70636, 79469, 88302, 97135, 105968, 114801, 123634, 132467, 141300, 150133, 158966, 167799, 176632, 185465, 194298, 203131, 211964, 220797, 229630, 238463, 247296, 256129, 264962, 273795, 282628, 291461, 300294, 309127, 317960, 326793, 335626, 344459, 353292, 362125, 370958, 379791, 388624, 397457, 406290, 415123, 423956, 432789, 441622, 450455, 459288, 468121, 476954, 485787, 494620, 503453, 512286, 521119, 529952, 538785, 547618, 556451, 565284, 574117, 582950, 591783, 600616, 609449, 618282, 627115, 635948, 644781, 653614, 662447, 671280, 680113, 688946, 697779, 706612, 715445, 724278, 733111, 741944, 750777, 759610, 768443, 777276, 786109, 794942, 803775, 812608, 821441, 830274, 839107, 847940, 856773, 865606, 874439, 883272],