{"gamma": [0.95, 0.95, 0.99], "learning_rate": [-4, -5, -3], "returns_eval": [0.0, 0.0, 0.0, 0.0, 0.0, 0.0, 0.1, 0.0, 1.1, 0.1, 0.0, 0.0, 0.2, 5.9, 6.7, 14.4, 47.5, 44.6, 66.2, 93.8, 113.8, 103.5, 121.6, 125.0, 119.4, 132.7, 129.3, 133.2, 136.7, 143.9, 155.5, 148.6, 154.2, 156.6, 177.2, 162.0, 161.9, 182.9, 169.8, 180.4, 183.4, 178.4, 168.4, 183.9, 183.5, 166.2, 184.6, 165.2, 168.1, 224.0, 247.8, 218.6, 218.7, 226.4, 226.5, 231.2, 238.3, 212.7, 261.1, 244.1, 147.1, 112.7, 99.2, 72.0, 70.7, 60.6, 49.1, 45.8, 37.2, 46.9, 27.0, 31.5, 27.2, 20.8, 19.9, 19.7, 19.3, 19.4, 15.8, 13.5, 9.3, 6.8, 7.7, 2.8, 6.9, 9.0, 4.3, 9.9, 7.7, 7.8, 6.5, 6.1, 9.0, 4.9, 5.9, 10.7, 6.6, 5.8, 5.5, 3.0], "std_returns_eval": [0.0, 0.0, 0.0, 0.0, 0.0, 0.0, 0.30000000000000004, 0.0, 3.3000000000000003, 0.30000000000000004, 0.0, 0.0, 0.4000000000000001, 7.529276193632426, 8.9, 12.760877712759417, 25.326863208853954, 22.073513539987243, 30.12573650551966, 23.852882425400917, 19.249935064825547, 20.100995000248123, 14.291256067959877, 19.57549488518745, 9.079647570252934, 20.154652068443156, 11.567627241573788, 13.43726162579266, 11.234322409473569, 15.833192981834081, 17.356554957709783, 14.698299221338502, 21.549013898552296, 17.2580416038437, 39.53681828372132, 14.635573101180562, 14.003213916812099, 52.624043934308204, 20.551398979144945, 47.36285464369731, 57.93133866915212, 43.979995452478164, 21.20471645648675, 51.53338723584935, 44.11859018599756, 19.671298889498885, 54.15570145423287, 19.14575671003891, 11.970380110923797, 74.34917618911456, 75.99052572525078, 68.76656164154203, 69.413327250608, 76.28263236150153, 77.25962723182141, 96.2307643116275, 82.79619556477218, 73.71031135465377, 88.82054942410568, 86.18288693238351, 17.16071094098377, 23.095670589961227, 7.152621896899066, 20.866240677227893, 18.2375985261218, 18.55370582929459, 16.884608375677537, 11.694443124834974, 10.166612021711067, 21.30938760265062, 9.077444574328174, 11.526057435220423, 11.42628548566856, 6.11228271597445, 9.428149341201593, 5.254521862167861, 4.220189569201838, 5.571355310873647, 7.613146524269713, 7.710382610480495, 7.694803441284253, 5.775811631277461, 3.874274125562103, 2.039607805437114, 4.346262762420146, 6.115553940568262, 4.428317965096905, 4.0853396431631, 5.254521862167861, 4.6, 3.8013155617496426, 3.935733730830885, 6.2289646009589745, 3.78021163428716, 4.253234063627347, 5.933801479658718, 4.431703961232067, 2.7856776554368237, 2.202271554554524, 1.7320508075688772], "timestamps_eval": [88.92479658126831, 175.9810402393341, 263.1861946582794, 350.1708812713623, 437.5027186870575, 524.522557258606, 611.7900686264038, 699.0153839588165, 786.4035491943359, 873.7407176494598, 961.0439314842224, 1048.208339691162, 1135.5796175003052, 1222.9455456733704, 1310.46994972229, 1397.907579421997, 1485.3442623615265, 1572.7324635982513, 1661.3408696651459, 1748.882033109665, 1836.527456521988, 1924.1405889987946, 2011.714054107666, 2099.2947244644165, 2187.5752539634705, 2275.1022431850433, 2362.6980991363525, 2450.3930983543396, 2538.182884454727, 2625.9224882125854, 2713.62082362175, 2801.390770673752, 2889.086069583893, 2976.742602109909, 3078.754647731781, 3166.332540512085, 3254.0116369724274, 3355.726114988327, 3443.438945055008, 3559.2749819755554, 3661.45335316658, 3763.2207293510437, 3850.762699365616, 3952.596854686737, 4054.2158203125, 4141.780118703842, 4243.518025875092, 4331.027900695801, 4418.704882860184, 4520.5102388858795, 4636.573656797409, 4738.330985784531, 4840.195258617401, 4942.03097319603, 5044.001708984375, 5146.038540363312, 5248.09175157547, 5364.129050016403, 5480.356187105179, 5582.3860993385315, 5670.124742746353, 5757.714163064957, 5845.252751111984, 5932.594126939774, 6020.040236234665, 6107.5981323719025, 6195.083100318909, 6283.328439474106, 6370.84180021286, 6458.141556739807, 6545.570739746094, 6632.965593099594, 6720.331200361252, 6807.754634618759, 6895.116803646088, 6982.436914682388, 7069.912348031998, 7157.344664335251, 7244.811900854111, 7332.209112405777, 7419.7411160469055, 7507.093654870987, 7595.274342536926, 7682.5896899700165, 7769.888827562332, 7857.257507801056, 7944.703332662582, 8032.22883105278, 8119.804450273514, 8207.532036781311, 8295.149243593216, 8382.763105392456, 8470.322041034698, 8557.840466976166, 8645.435005187988, 8732.850148200989, 8820.490609645844, 8908.037880420685, 8995.602909564972, 9083.170774459839], "timesteps_eval": [8808, 17642, 26476, 35310, 44144, 52978, 61812, 70646, 79480, 88314, 97148, 105982, 114816, 123650, 132484, 141318, 150152, 158986, 167820, 176654, 185488, 194322, 203156, 211990, 220824, 229658, 238492, 247326, 256160, 264994, 273828, 282662, 291496, 300330, 309164, 317998, 326832, 335666, 344500, 353334, 362168, 371002, 379836, 388670, 397504, 406338, 415172, 424447, 433281, 442553, 451387, 460221, 469493, 478327, 487161, 495995, 505708, 514979, 523813, 532647, 541481, 550315, 559149, 567983, 576817, 585651, 594485, 603319, 612153, 620987, 629821, 638655, 647489, 656323, 665157, 673991, 682825, 691659, 700493, 709327, 718161, 726995, 735829, 744663, 753497, 762331, 771165, 779999, 788833, 797667, 806501, 815335, 824169, 833003, 841837, 850671, 859505, 868339, 877173, 886007],