{"gamma": 0.99, "learning_rate": -6, "clip": 0.4, "returns_eval": [0.0, 0.0, 0.1, 0.2, 0.0, 0.0, 0.0, 0.0, 0.0, 0.0, 0.0, 0.0, 22.8, 22.8, 22.8, 22.8, 22.8, 22.8, 22.8, 22.8, 22.8, 22.8, 22.8, 22.8, 22.8, 22.8, 22.8, 22.8, 22.8, 22.8, 22.8, 22.8, 22.8, 22.8, 22.8, 22.8, 22.8, 22.8, 22.8, 22.8, 22.8, 22.8, 22.8, 22.8, 22.8, 22.8, 22.8, 22.8, 22.8, 22.8, 22.8, 22.8, 22.8, 22.8, 22.8, 22.8, 22.8, 22.8, 22.8, 22.8, 22.8, 22.8, 22.8, 22.8, 22.8, 22.8, 22.8, 22.8, 22.8, 22.8, 22.8, 22.8, 22.8, 22.8, 22.8, 22.8, 22.8, 22.8, 22.8, 22.8, 22.8, 22.8, 22.8, 22.8, 22.8, 22.8, 22.8, 22.8, 22.8, 22.8, 22.8, 22.8, 22.8, 22.8, 22.8, 22.8, 22.8, 22.8, 22.8, 22.8], "std_returns_eval": [0.0, 0.0, 0.30000000000000004, 0.4000000000000001, 0.0, 0.0, 0.0, 0.0, 0.0, 0.0, 0.0, 0.0, 10.283968105745954, 10.283968105745954, 10.283968105745954, 10.283968105745954, 10.283968105745954, 10.283968105745954, 10.283968105745954, 10.283968105745954, 10.283968105745954, 10.283968105745954, 10.283968105745954, 10.283968105745954, 10.283968105745954, 10.283968105745954, 10.283968105745954, 10.283968105745954, 10.283968105745954, 10.283968105745954, 10.283968105745954, 10.283968105745954, 10.283968105745954, 10.283968105745954, 10.283968105745954, 10.283968105745954, 10.283968105745954, 10.283968105745954, 10.283968105745954, 10.283968105745954, 10.283968105745954, 10.283968105745954, 10.283968105745954, 10.283968105745954, 10.283968105745954, 10.283968105745954, 10.283968105745954, 10.283968105745954, 10.283968105745954, 10.283968105745954, 10.283968105745954, 10.283968105745954, 10.283968105745954, 10.283968105745954, 10.283968105745954, 10.283968105745954, 10.283968105745954, 10.283968105745954, 10.283968105745954, 10.283968105745954, 10.283968105745954, 10.283968105745954, 10.283968105745954, 10.283968105745954, 10.283968105745954, 10.283968105745954, 10.283968105745954, 10.283968105745954, 10.283968105745954, 10.283968105745954, 10.283968105745954, 10.283968105745954, 10.283968105745954, 10.283968105745954, 10.283968105745954, 10.283968105745954, 10.283968105745954, 10.283968105745954, 10.283968105745954, 10.283968105745954, 10.283968105745954, 10.283968105745954, 10.283968105745954, 10.283968105745954, 10.283968105745954, 10.283968105745954, 10.283968105745954, 10.283968105745954, 10.283968105745954, 10.283968105745954, 10.283968105745954, 10.283968105745954, 10.283968105745954, 10.283968105745954, 10.283968105745954, 10.283968105745954, 10.283968105745954, 10.283968105745954, 10.283968105745954, 10.283968105745954], "timestamps_eval": [87.29176092147827, 172.62017488479614, 257.9172546863556, 343.0241439342499, 428.09085488319397, 513.3900094032288, 598.5444068908691, 683.6708221435547, 768.8492312431335, 854.0278244018555, 939.1797738075256, 1024.2304735183716, 1109.5689542293549, 1195.1480281352997, 1280.4935283660889, 1365.8893852233887, 1451.2772924900055, 1536.7675626277924, 1622.107896566391, 1707.8216578960419, 1793.3513605594635, 1879.03599858284, 1964.6334931850433, 2050.0756764411926, 2135.4943544864655, 2220.998002052307, 2306.492660522461, 2392.0882856845856, 2477.6861963272095, 2563.179201364517, 2648.9848234653473, 2734.5468170642853, 2820.08212184906, 2905.5574893951416, 2991.1523933410645, 3076.5980236530304, 3162.448390483856, 3247.950799226761, 3333.5272619724274, 3419.046744823456, 3504.591542482376, 3590.233043193817, 3675.7284927368164, 3761.120949268341, 3846.7678666114807, 3932.6717216968536, 4018.1073002815247, 4103.639184474945, 4189.218008756638, 4274.847440958023, 4360.45236825943, 4446.1893174648285, 4531.664362192154, 4617.103541135788, 4702.740748167038, 4788.404070854187, 4874.227116823196, 4959.70871090889, 5045.274528026581, 5130.827079296112, 5216.392077922821, 5301.972899675369, 5387.343356370926, 5473.378913164139, 5558.84484577179, 5644.228826284409, 5729.701751470566, 5815.16303563118, 5900.666424751282, 5986.15277504921, 6071.50808596611, 6157.304473638535, 6242.787719011307, 6328.27703166008, 6413.841865777969, 6499.460672616959, 6585.0496072769165, 6670.549035072327, 6756.114100217819, 6842.227669715881, 6927.70566534996, 7013.10035943985, 7098.592672109604, 7184.054984807968, 7269.499967336655, 7354.803406715393, 7440.303943872452, 7525.669468641281, 7610.99075961113, 7696.281898498535, 7781.532850265503, 7867.699614524841, 7952.993796110153, 8038.458839893341, 8123.848848104477, 8209.156597852707, 8294.487246513367, 8379.805995702744, 8465.185047626495, 8550.7085750103], "timesteps_eval": [8800, 17634, 26468, 35302, 44136, 52970, 61804, 70638, 79472, 88306, 97140, 105974, 114808, 123642, 132476, 141310, 150144, 158978, 167812, 176646, 185480, 194314, 203148, 211982, 220816, 229650, 238484, 247318, 256152, 264986, 273820, 282654, 291488, 300322, 309156, 317990, 326824, 335658, 344492, 353326, 362160, 370994, 379828, 388662, 397496, 406330, 415164, 423998, 432832, 441666, 450500, 459334, 468168, 477002, 485836, 494670, 503504, 512338, 521172, 530006, 538840, 547674, 556508, 565342, 574176, 583010, 591844, 600678, 609512, 618346, 627180, 636014, 644848, 653682, 662516, 671350, 680184, 689018, 697852, 706686, 715520, 724354, 733188, 742022, 750856, 759690, 768524, 777358, 786192, 795026, 803860, 812694, 821528, 830362, 839196, 848030, 856864, 865698, 874532, 883366],