{"gamma": [0.98, 0.99, 0.95], "learning_rate": [-5, -3, -4], "returns_eval": [0.3, 4.8, 11.8, 7.0, 4.6, 7.4, 5.7, 8.4, 20.6, 20.6, 10.5, 15.9, 20.6, 20.6, 20.6, 16.6, 30.5, 30.5, 30.5, 30.5, 30.5, 30.5, 30.5, 30.5, 30.5, 30.5, 30.5, 30.5, 30.5, 30.5, 21.6, 13.7, 18.2, 21.4, 15.3, 12.4, 11.2, 16.6, 11.4, 15.0, 24.1, 19.4, 24.3, 17.5, 16.6, 16.6, 20.3, 18.0, 20.9, 16.5, 13.7, 11.4, 7.9, 10.3, 5.0, 4.7, 7.0, 10.1, 11.9, 7.2, 7.8, 11.9, 13.4, 14.4, 16.2, 18.1, 26.3, 25.9, 25.9, 32.2, 32.2, 36.0, 44.1, 50.4, 48.6, 45.9, 61.1, 60.9, 56.5, 60.0, 69.1, 66.2, 71.5, 70.6, 79.8, 89.2, 92.7, 95.7, 94.5, 95.0, 103.4, 108.0, 110.6, 115.3, 111.7, 116.7, 112.8, 104.2, 102.0, 113.8], "std_returns_eval": [0.6403124237432849, 4.686149805543993, 7.769169839822013, 5.796550698475776, 3.2924155266308657, 3.8522720568516444, 4.627094120503711, 8.296987405076615, 9.728309205612248, 9.728309205612248, 8.80056816347672, 6.187891401761993, 9.728309205612248, 9.728309205612248, 9.728309205612248, 12.90891165048394, 23.55525419094432, 23.55525419094432, 23.55525419094432, 23.55525419094432, 23.55525419094432, 23.55525419094432, 23.55525419094432, 23.55525419094432, 23.55525419094432, 23.55525419094432, 23.55525419094432, 23.55525419094432, 23.55525419094432, 23.55525419094432, 9.167333309092673, 5.831809324729333, 10.127191120937729, 6.437390775772433, 8.355237878121724, 3.4409301068170506, 4.686149805543993, 10.131140113531153, 8.296987405076615, 8.763560920082657, 8.5258430668175, 9.112628599915615, 3.407345007480164, 5.783597496368502, 5.553377350765928, 5.9194594347794975, 5.1000000000000005, 7.26636084983398, 2.9137604568666933, 8.834591105421914, 7.389857914736926, 4.2708313008125245, 4.323193264243457, 8.271033792700885, 3.5496478698597698, 3.1953090617340916, 3.8987177379235853, 1.9209372712298547, 4.3, 4.237924020083419, 3.7094473981982814, 6.729784543356496, 7.241546796092669, 7.8255990186055415, 8.109253973085318, 8.263776376451627, 9.434511116109833, 9.299999999999999, 7.993122043357026, 11.96494880891682, 9.672641831474998, 9.1104335791443, 11.405700329221348, 19.73930089947463, 14.347125147568763, 20.887556104053914, 20.987853630135692, 19.123022773609826, 18.172781845386247, 20.356817039999154, 14.264992113562489, 18.015548839821673, 24.968980756130197, 25.710698162438142, 17.97665152357357, 15.058552387264852, 20.871272122225804, 18.07788704467422, 14.347473645210156, 20.668817092422103, 10.37496987947435, 14.805404418657398, 19.443250757010773, 15.8117045254457, 14.457178147895942, 12.149485585818026, 6.925315877272314, 14.722771478223795, 18.16590212458495, 9.293008124391154], "timestamps_eval": [88.62332272529602, 175.27390909194946, 261.85497856140137, 348.42620825767517, 434.9117166996002, 521.5249078273773, 608.2079391479492, 694.8271977901459, 781.6068422794342, 868.2804882526398, 954.9534702301025, 1041.655011177063, 1128.4309282302856, 1215.1288599967957, 1301.826064825058, 1388.5785205364227, 1475.3299448490143, 1562.0508518218994, 1648.76238656044, 1735.4154014587402, 1822.2339000701904, 1908.941334247589, 1995.6377823352814, 2082.3021981716156, 2169.057248353958, 2255.8338944911957, 2342.5124979019165, 2429.3311426639557, 2516.074970960617, 2602.8706204891205, 2689.464054584503, 2776.2096786499023, 2862.8624591827393, 2949.5111875534058, 3036.1846401691437, 3122.83384680748, 3209.3330986499786, 3296.0523688793182, 3382.7003796100616, 3469.5854063034058, 3556.3574855327606, 3643.026664495468, 3729.7678911685944, 3816.849776506424, 3903.7443346977234, 3990.741963624954, 4077.657769203186, 4164.509181976318, 4251.156892776489, 4337.869538068771, 4424.594699382782, 4511.319796085358, 4598.041831731796, 4684.795217752457, 4771.432821035385, 4858.022845983505, 4944.806005477905, 5031.4283356666565, 5118.123722791672, 5204.868848085403, 5291.52462220192, 5378.096403121948, 5464.8918080329895, 5551.631782531738, 5638.494010686874, 5725.379788398743, 5812.347931623459, 5899.240397691727, 5986.184326171875, 6073.1444182395935, 6160.173346042633, 6247.1779408454895, 6334.050207614899, 6420.956372261047, 6507.86761879921, 6594.697617053986, 6681.60493350029, 6768.38223028183, 6855.281368017197, 6942.122275352478, 7029.0087332725525, 7116.094314336777, 7203.008924245834, 7290.056747674942, 7376.864558458328, 7463.924464225769, 7551.286266565323, 7638.434027194977, 7725.5076105594635, 7812.544187545776, 7899.645552873611, 7986.630827188492, 8073.578742265701, 8160.48805141449, 8247.345402240753, 8334.316501379013, 8421.228702545166, 8508.264178037643, 8595.272333860397, 8682.500311374664], "timesteps_eval": [8804, 17635, 26466, 35297, 44128, 52959, 61790, 70621, 79452, 88283, 97114, 105945, 114776, 123607, 132438, 141269, 150100, 158931, 167762, 176593, 185424, 194255, 203086, 211917, 220748, 229579, 238410, 247241, 256072, 264903, 273734, 282565, 291396, 300227, 309058, 317889, 326720, 335551, 344382, 353213, 362044, 370875, 379706, 388537, 397368, 406199, 415030, 423861, 432692, 441523, 450354, 459185, 468016, 476847, 485678, 494509, 503340, 512171, 521002, 529833, 538664, 547495, 556326, 565157, 573988, 582819, 591650, 600481, 609312, 618143, 626974, 635805, 644636, 653467, 662298, 671129, 679960, 688791, 697622, 706453, 715284, 724115, 732946, 741777, 750608, 759439, 768270, 777101, 785932, 794763, 803594, 812425, 821256, 830087, 838918, 847749, 856580, 865411, 874242, 883073],