{"gamma": [0.95, 0.95, 0.98], "learning_rate": [-5, -4, -4], "returns_eval": [0.0, 0.0, 0.1, 0.0, 0.0, 0.1, 7.6, 0.8, 19.4, 3.5, 18.5, 27.3, 18.7, 18.7, 18.7, 18.7, 16.5, 14.2, 18.5, 22.8, 22.8, 22.8, 22.8, 22.8, 22.6, 32.7, 33.7, 37.2, 43.6, 65.1, 65.4, 55.5, 79.4, 86.5, 85.0, 88.7, 102.1, 113.7, 128.0, 120.9, 123.6, 116.1, 138.6, 132.7, 135.2, 145.1, 147.7, 180.9, 192.4, 194.9, 235.1, 194.6, 293.4, 325.3, 252.1, 237.6, 334.0, 317.7, 340.4, 308.2, 371.6, 338.7, 386.8, 360.8, 400.3, 378.9, 365.0, 349.3, 327.0, 330.4, 357.8, 375.3, 333.3, 383.3, 338.8, 359.2, 311.6, 351.2, 337.0, 337.4, 364.3, 371.5, 359.7, 377.7, 384.5, 377.5, 396.1, 395.1, 379.4, 424.6, 411.4, 384.1, 398.9, 390.8, 352.3, 392.1, 380.4, 399.0, 389.0, 396.7], "std_returns_eval": [0.0, 0.0, 0.30000000000000004, 0.0, 0.0, 0.30000000000000004, 8.924124606929242, 1.4000000000000001, 12.43543324536785, 3.930648801406709, 19.252272593125205, 21.559452683219952, 9.940321926376429, 9.940321926376429, 9.940321926376429, 9.940321926376429, 10.613670430157514, 7.4269778510508555, 9.82089608946149, 10.283968105745954, 10.283968105745954, 10.283968105745954, 10.283968105745954, 10.283968105745954, 10.121264743103996, 10.507616285342742, 21.06205118216172, 15.759441614473527, 12.86234815265082, 18.70534682918229, 21.928064210048273, 27.089665926326962, 17.91200714604592, 13.26838347350573, 22.445489524623873, 20.401225453388825, 20.097014703681737, 13.653204751998704, 25.499019588995967, 15.102648774304459, 13.836184445142381, 20.949701668520248, 14.022838514366482, 14.771932845772078, 19.742340286804904, 23.526368185506236, 18.61746491872618, 50.31788946289381, 62.92725959391526, 74.18416273032945, 85.31172252392984, 66.85087882743203, 96.14697083111874, 105.40592962447606, 103.64598400324057, 92.80215514738869, 117.47680622148356, 116.1155028409213, 99.62951369950574, 107.58327007485876, 61.94384553771262, 108.79526644114624, 67.48896206047327, 90.97560112469716, 44.68120410194873, 65.25710689265959, 65.48740336889226, 82.87466440354375, 99.38510954866427, 74.95491978516154, 64.2694328588638, 64.41901893074747, 95.21349694239782, 26.26042650072538, 82.61210565044325, 63.644009930236166, 83.12785333448711, 65.10115206353878, 76.96102909914862, 77.6983912317366, 62.61317752677945, 65.02345730580619, 89.72184795243575, 18.36327857437228, 77.18970138561232, 72.09611640026112, 32.368039792363085, 26.3531781764553, 68.24836994390415, 18.265815065307105, 23.950782868207042, 72.69862447116864, 74.39684133079845, 36.21822745524689, 89.67725464129686, 26.33040068058213, 62.29317779660948, 29.873064790878086, 67.50703667026127, 27.619015188815112], "timestamps_eval": [88.37185001373291, 174.7089397907257, 261.0205807685852, 347.4679388999939, 433.93254566192627, 520.1920530796051, 606.6323957443237, 693.2857749462128, 779.7816483974457, 866.3642466068268, 952.9177348613739, 1039.5188157558441, 1126.0506193637848, 1212.6780934333801, 1299.2013082504272, 1385.8130235671997, 1472.5959386825562, 1559.3928730487823, 1646.2494509220123, 1733.0082213878632, 1819.8222570419312, 1906.6674926280975, 1993.6115026474, 2080.486067533493, 2167.380058526993, 2254.1518471240997, 2340.9358899593353, 2427.7632727622986, 2514.6442501544952, 2601.474499464035, 2688.463084936142, 2775.4524421691895, 2862.4156527519226, 2949.426831007004, 3036.283842086792, 3123.109492301941, 3209.9092316627502, 3296.765461206436, 3383.566065311432, 3470.4478533267975, 3557.21507191658, 3643.9904260635376, 3731.8242557048798, 3818.5207364559174, 3905.161399126053, 3991.90696644783, 4078.6707017421722, 4179.393070936203, 4280.446508169174, 4381.335853099823, 4482.159053325653, 4582.897706270218, 4697.601766347885, 4812.400565624237, 4927.379027843475, 5042.138069391251, 5157.148193120956, 5272.084798336029, 5387.48915719986, 5503.2843317985535, 5618.893271684647, 5734.066468238831, 5849.447347164154, 5964.655457735062, 6081.638868808746, 6196.98929810524, 6312.140785455704, 6428.266236782074, 6543.210561037064, 6658.7194221019745, 6773.9456515312195, 6889.186101675034, 7004.606184720993, 7119.904217481613, 7235.177985429764, 7350.551656246185, 7467.3058450222015, 7582.420391082764, 7697.610507011414, 7812.791646003723, 7928.040695428848, 8044.94787812233, 8160.100490808487, 8275.418146848679, 8390.95320892334, 8506.32659983635, 8621.72067284584, 8737.13869357109, 8852.743240594864, 8968.189985752106, 9083.870043516159, 9199.63999247551, 9314.932138204575, 9430.718093395233, 9546.227076768875, 9661.885399103165, 9777.395182847977, 9893.153349161148, 10008.709225177765, 10124.49620294571], "timesteps_eval": [8808, 17642, 26476, 35310, 44144, 52978, 61812, 70646, 79480, 88314, 97148, 105982, 114816, 123650, 132484, 141318, 150152, 158986, 167820, 176654, 185488, 194322, 203156, 211990, 220824, 229658, 238492, 247326, 256160, 264994, 273828, 282662, 291496, 300330, 309164, 317998, 326832, 335666, 344500, 353334, 362168, 371002, 379836, 388670, 397504, 406338, 415172, 424006, 432840, 441674, 450508, 459342, 468618, 477891, 488482, 497316, 506587, 516735, 526451, 535490, 546013, 556541, 566462, 577571, 584282, 593628, 603860, 615028, 625405, 632832, 643502, 651827, 662269, 674473, 683087, 694779, 704493, 713093, 724947, 735265, 744907, 757627, 767997, 774109, 786618, 794998, 800448, 811353, 823805, 829844, 838770, 851434, 858513, 868452, 879928, 888840, 899286, 905985, 915643, 924181],