{"gamma": 0.99, "learning_rate": -2, "clip": 0.4, "returns_eval": [0.0, 0.0, 0.0, 30.5, 30.5, 30.5, 30.5, 30.5, 30.5, 30.5, 30.5, 30.5, 30.5, 30.5, 30.5, 30.5, 30.5, 30.5, 30.5, 30.5, 30.5, 30.5, 30.5, 30.5, 30.5, 30.5, 30.5, 30.5, 30.5, 30.5, 30.5, 30.5, 30.5, 30.5, 30.5, 30.5, 30.5, 30.5, 30.5, 30.5, 30.5, 30.5, 30.5, 30.5, 30.5, 30.5, 30.5, 30.5, 30.5, 30.5, 30.5, 30.5, 30.5, 30.5, 30.5, 30.5, 30.5, 30.5, 30.5, 30.5, 30.5, 30.5, 30.5, 30.5, 30.5, 30.5, 30.5, 30.5, 30.5, 30.5, 30.5, 30.5, 30.5, 30.5, 30.5, 30.5, 30.5, 30.5, 30.5, 30.5, 30.5, 30.5, 30.5, 30.5, 30.5, 30.5, 30.5, 30.5, 30.5, 30.5, 30.5, 30.5, 30.5, 30.5, 30.5, 30.5, 30.5, 30.5, 30.5, 30.5], "std_returns_eval": [0.0, 0.0, 0.0, 23.55525419094432, 23.55525419094432, 23.55525419094432, 23.55525419094432, 23.55525419094432, 23.55525419094432, 23.55525419094432, 23.55525419094432, 23.55525419094432, 23.55525419094432, 23.55525419094432, 23.55525419094432, 23.55525419094432, 23.55525419094432, 23.55525419094432, 23.55525419094432, 23.55525419094432, 23.55525419094432, 23.55525419094432, 23.55525419094432, 23.55525419094432, 23.55525419094432, 23.55525419094432, 23.55525419094432, 23.55525419094432, 23.55525419094432, 23.55525419094432, 23.55525419094432, 23.55525419094432, 23.55525419094432, 23.55525419094432, 23.55525419094432, 23.55525419094432, 23.55525419094432, 23.55525419094432, 23.55525419094432, 23.55525419094432, 23.55525419094432, 23.55525419094432, 23.55525419094432, 23.55525419094432, 23.55525419094432, 23.55525419094432, 23.55525419094432, 23.55525419094432, 23.55525419094432, 23.55525419094432, 23.55525419094432, 23.55525419094432, 23.55525419094432, 23.55525419094432, 23.55525419094432, 23.55525419094432, 23.55525419094432, 23.55525419094432, 23.55525419094432, 23.55525419094432, 23.55525419094432, 23.55525419094432, 23.55525419094432, 23.55525419094432, 23.55525419094432, 23.55525419094432, 23.55525419094432, 23.55525419094432, 23.55525419094432, 23.55525419094432, 23.55525419094432, 23.55525419094432, 23.55525419094432, 23.55525419094432, 23.55525419094432, 23.55525419094432, 23.55525419094432, 23.55525419094432, 23.55525419094432, 23.55525419094432, 23.55525419094432, 23.55525419094432, 23.55525419094432, 23.55525419094432, 23.55525419094432, 23.55525419094432, 23.55525419094432, 23.55525419094432, 23.55525419094432, 23.55525419094432, 23.55525419094432, 23.55525419094432, 23.55525419094432, 23.55525419094432, 23.55525419094432, 23.55525419094432, 23.55525419094432, 23.55525419094432, 23.55525419094432, 23.55525419094432], "timestamps_eval": [87.68715310096741, 173.19911193847656, 258.4942572116852, 343.94344305992126, 429.43543219566345, 515.0124568939209, 600.5772457122803, 686.0506777763367, 772.356082201004, 858.0070466995239, 943.5087780952454, 1029.2580959796906, 1114.8088200092316, 1200.3503980636597, 1285.9195806980133, 1371.4351296424866, 1456.9408373832703, 1542.4180781841278, 1627.96177816391, 1713.5709705352783, 1799.23157954216, 1884.9929101467133, 1970.5989525318146, 2056.1170225143433, 2141.7429490089417, 2227.2914242744446, 2312.8928685188293, 2398.668972015381, 2484.4813902378082, 2570.4122343063354, 2656.1078674793243, 2741.8923530578613, 2827.517470598221, 2913.1568970680237, 2998.665521144867, 3084.3297736644745, 3169.867059469223, 3255.5493524074554, 3341.8991522789, 3428.0703225135803, 3513.574412584305, 3599.084601163864, 3684.682402610779, 3770.1592543125153, 3855.90398478508, 3941.375664949417, 4026.946905851364, 4112.454793930054, 4198.103610754013, 4283.691466331482, 4369.31792473793, 4454.907745838165, 4540.6649305820465, 4626.324438095093, 4711.909419536591, 4797.398453235626, 4883.287144899368, 4968.9322254657745, 5054.563456773758, 5140.247158288956, 5226.120074748993, 5312.024388551712, 5397.5198085308075, 5483.923860311508, 5569.475764751434, 5655.806077241898, 5741.342561483383, 5827.886634349823, 5913.629613876343, 5999.261301517487, 6084.84100151062, 6170.294965028763, 6255.890422582626, 6341.417418241501, 6426.866296291351, 6512.643317461014, 6598.2431383132935, 6683.766412258148, 6769.336946725845, 6855.042935371399, 6940.730257034302, 7026.324343442917, 7111.846173524857, 7197.372271776199, 7283.091131210327, 7368.593756437302, 7454.09516620636, 7539.672558784485, 7625.223438978195, 7710.797132730484, 7796.270438909531, 7881.826890230179, 7967.3892657756805, 8053.11749458313, 8138.854981422424, 8224.93144273758, 8310.6354367733, 8396.327451705933, 8482.35900592804, 8568.14508342743], "timesteps_eval": [8804, 17635, 26466, 35297, 44128, 52959, 61790, 70621, 79452, 88283, 97114, 105945, 114776, 123607, 132438, 141269, 150100, 158931, 167762, 176593, 185424, 194255, 203086, 211917, 220748, 229579, 238410, 247241, 256072, 264903, 273734, 282565, 291396, 300227, 309058, 317889, 326720, 335551, 344382, 353213, 362044, 370875, 379706, 388537, 397368, 406199, 415030, 423861, 432692, 441523, 450354, 459185, 468016, 476847, 485678, 494509, 503340, 512171, 521002, 529833, 538664, 547495, 556326, 565157, 573988, 582819, 591650, 600481, 609312, 618143, 626974, 635805, 644636, 653467, 662298, 671129, 679960, 688791, 697622, 706453, 715284, 724115, 732946, 741777, 750608, 759439, 768270, 777101, 785932, 794763, 803594, 812425, 821256, 830087, 838918, 847749, 856580, 865411, 874242, 883073],