{"gamma": [0.95, 0.95, 0.98], "learning_rate": [-4, -3, -4], "returns_eval": [4.5, 11.3, 3.9, 7.8, 10.1, 12.4, 15.4, 30.0, 28.5, 48.0, 61.6, 68.1, 79.7, 87.6, 98.6, 86.0, 117.6, 121.7, 129.5, 138.8, 142.5, 138.4, 152.5, 160.3, 162.0, 157.5, 205.4, 183.4, 198.8, 188.7, 162.4, 149.1, 136.5, 136.7, 134.0, 131.7, 138.4, 129.6, 132.8, 130.8, 120.3, 123.4, 108.3, 103.4, 99.6, 101.1, 106.3, 96.2, 92.0, 88.8, 92.7, 74.2, 63.5, 69.1, 71.8, 61.3, 59.1, 46.0, 59.6, 44.9, 51.5, 51.9, 47.6, 49.7, 48.8, 49.2, 49.3, 49.2, 47.8, 48.9, 48.0, 49.0, 49.1, 47.5, 50.2, 49.7, 47.9, 48.2, 49.5, 50.5, 46.9, 48.8, 51.3, 52.8, 48.4, 51.1, 50.3, 50.4, 49.2, 52.2, 52.3, 53.0, 53.0, 50.8, 53.9, 55.2, 53.5, 55.3, 58.1, 52.8], "std_returns_eval": [6.264982043070834, 15.244999180059015, 4.635730794599704, 8.340263784797218, 7.462573282722254, 9.156418513807678, 14.97464523786791, 22.552161758909055, 13.74227055475186, 16.1245154965971, 24.303086223770016, 27.53343422096125, 22.40557966221807, 22.97912095794789, 13.61763562443936, 17.216271373325874, 18.932511719262184, 16.970857373745147, 24.5, 13.6, 15.698726062964472, 16.94815624190431, 16.00781059358212, 21.185136298829896, 15.639693091617879, 12.241323457861899, 77.64174135089965, 50.56520542823889, 73.60679316476164, 55.68671295740125, 20.84322431870847, 21.626141588364764, 17.727097901235837, 18.563674205285977, 14.463747785411636, 22.374315631991966, 12.240914998479484, 13.313151392514095, 23.55758901076254, 23.318662054243163, 13.11525828948862, 12.674383614203888, 16.982638193166572, 14.200000000000001, 14.25622670975739, 14.929500996349477, 14.873130134574902, 14.337363774418225, 29.73550066839299, 9.631199302267605, 24.779225169484214, 21.089333796969502, 17.653611528522994, 16.837161280928566, 25.462914208707534, 19.068560512005092, 22.35374688950378, 9.132360045464699, 15.698407562552323, 4.678675026115834, 15.76863976378432, 10.802314566795397, 4.608687448721165, 2.5317977802344322, 4.093897898091744, 2.0396078054371136, 2.147091055358389, 2.638181191654584, 3.1874754901018454, 2.6627053911388696, 3.7416573867739413, 1.9493588689617927, 3.3000000000000003, 2.539685019840059, 2.5612496949731396, 3.4655446902326914, 3.014962686336267, 3.0265491900843116, 4.080441152620633, 1.9621416870348585, 3.3600595232822887, 2.315167380558045, 2.41039415863879, 1.9899748742132397, 4.454211490264018, 3.3301651610693423, 3.001666203960727, 5.868560300448483, 7.66550715869472, 4.728636167014756, 3.9509492530276824, 5.440588203494177, 3.3763886032268267, 3.627671429443411, 5.08822169328342, 11.320777358467925, 3.9812058474788765, 6.664082832618454, 10.921996154549774, 6.161168720299744], "timestamps_eval": [88.685870885849, 175.4422152042389, 262.1235158443451, 348.8790719509125, 435.67638540267944, 522.502256155014, 609.3172988891602, 696.2642078399658, 783.2964017391205, 870.2732946872711, 957.3261229991913, 1044.3548023700714, 1131.4383797645569, 1218.5432868003845, 1305.7299540042877, 1392.8396155834198, 1479.9260730743408, 1567.1165080070496, 1654.2776618003845, 1741.3843207359314, 1828.7484698295593, 1915.8780887126923, 2003.125926733017, 2090.5516958236694, 2177.7342216968536, 2264.8928842544556, 2366.3198940753937, 2467.6846132278442, 2569.1537935733795, 2670.3272762298584, 2757.4983830451965, 2844.7512423992157, 2931.969496011734, 3019.3586235046387, 3106.5965456962585, 3193.8262045383453, 3281.0339529514313, 3368.203246116638, 3455.495121240616, 3542.7549822330475, 3630.0491709709167, 3717.275818824768, 3804.4743967056274, 3891.8341841697693, 3979.072094678879, 4066.273050546646, 4153.512460231781, 4240.8014006614685, 4328.099678993225, 4415.495599985123, 4502.771225690842, 4590.047545433044, 4677.259402513504, 4764.499933719635, 4851.764622211456, 4939.027550697327, 5026.142590522766, 5113.290662050247, 5200.606161594391, 5287.867919445038, 5375.097542524338, 5462.301648855209, 5549.423462867737, 5636.540141820908, 5723.745369195938, 5810.817874670029, 5898.055923700333, 5985.3178033828735, 6072.457781553268, 6159.696539640427, 6246.857902765274, 6334.038275003433, 6421.260402202606, 6508.387481212616, 6595.634526491165, 6682.798104524612, 6769.924117326736, 6857.079102516174, 6944.223375320435, 7031.389425992966, 7118.592094659805, 7205.905910015106, 7293.04261469841, 7380.158382177353, 7467.2715401649475, 7554.4433534145355, 7642.318243265152, 7729.487777709961, 7816.630850791931, 7903.717482805252, 7990.933787107468, 8078.1108112335205, 8165.273478507996, 8252.35933804512, 8339.451693534851, 8426.58853173256, 8513.775753259659, 8601.466218471527, 8688.639119148254, 8775.699682474136], "timesteps_eval": [8804, 17635, 26466, 35297, 44128, 52959, 61790, 70621, 79452, 88283, 97114, 105945, 114776, 123607, 132438, 141269, 150100, 158931, 167762, 176593, 185424, 194255, 203086, 211917, 220748, 229579, 238410, 247241, 256072, 264903, 273734, 282565, 291396, 300227, 309058, 317889, 326720, 335551, 344382, 353213, 362044, 370875, 379706, 388537, 397368, 406199, 415030, 423861, 432692, 441523, 450354, 459185, 468016, 476847, 485678, 494509, 503340, 512171, 521002, 529833, 538664, 547495, 556326, 565157, 573988, 582819, 591650, 600481, 609312, 618143, 626974, 635805, 644636, 653467, 662298, 671129, 679960, 688791, 697622, 706453, 715284, 724115, 732946, 741777, 750608, 759439, 768270, 777101, 785932, 794763, 803594, 812425, 821256, 830087, 838918, 847749, 856580, 865411, 874242, 883073],