{"gamma": [0.95, 0.99, 0.95], "learning_rate": [-3, -3, -4], "returns_eval": [0.5, 0.3, 0.1, 0.7, 1.1, 0.2, 1.0, 2.0, 2.4, 6.4, 8.9, 16.2, 27.9, 29.0, 25.9, 25.3, 23.4, 39.1, 42.5, 41.8, 29.6, 36.4, 36.4, 46.6, 26.8, 42.2, 46.0, 45.1, 40.8, 37.2, 44.6, 27.3, 33.8, 22.6, 18.8, 12.5, 11.0, 11.7, 10.4, 6.3, 4.5, 3.1, 2.1, 2.0, 2.3, 3.4, 3.4, 2.7, 2.9, 2.8, 2.3, 3.5, 3.5, 4.9, 3.9, 7.9, 4.2, 5.2, 1.6, 1.5, 0.9, 0.6, 0.5, 0.3, 1.1, 1.0, 1.0, 0.7, 0.0, 0.8, 0.2, 0.4, 1.6, 1.8, 0.2, 0.0, 0.7, 2.1, 3.1, 1.3, 3.5, 2.0, 3.9, 4.7, 5.5, 3.9, 8.0, 7.0, 8.0, 7.7, 11.9, 11.5, 19.1, 12.4, 18.3, 16.0, 20.6, 20.1, 21.9, 26.5], "std_returns_eval": [1.02469507659596, 0.9000000000000001, 0.30000000000000004, 1.268857754044952, 1.9209372712298547, 0.4000000000000001, 2.6832815729997477, 2.1908902300206643, 3.006659275674582, 8.627861844049198, 6.876772498781678, 15.230233090796741, 16.00281225285106, 15.504837954651444, 14.962954253756175, 12.345444503945574, 10.190191362285598, 9.7, 19.298963702748395, 12.073110618229256, 15.951175505272332, 14.150618361046984, 12.595237195067032, 11.368377192897851, 13.422369388450015, 10.057832768544126, 15.80506248010428, 21.201179212487215, 21.27815781499893, 8.423775875461075, 15.666524822052914, 10.178899744078434, 10.524257693538296, 5.219195340279955, 5.963220606350229, 6.296824596572466, 5.830951894845301, 7.184010022264724, 4.054626986542659, 4.313930922024598, 3.6124783736376886, 2.947880594596735, 1.2206555615733703, 1.7888543819998317, 2.3259406699226015, 2.0591260281974, 1.8, 1.7916472867168918, 1.8138357147217055, 1.9390719429665317, 1.5524174696260025, 1.9621416870348585, 2.29128784747792, 4.52658811910251, 3.4481879299133333, 2.9137604568666933, 3.4, 4.512205669071391, 1.6852299546352716, 0.806225774829855, 0.8306623862918076, 0.4898979485566356, 0.6708203932499369, 0.45825756949558405, 1.3, 1.2649110640673518, 1.1832159566199232, 1.4866068747318506, 0.0, 1.7776388834631178, 0.4, 0.48989794855663565, 1.9078784028338915, 3.7894590642992827, 0.4000000000000001, 0.0, 1.4866068747318504, 3.448187929913334, 2.8442925306655784, 3.034798181098703, 4.631414470763764, 3.3166247903554, 5.166236541235795, 5.728001396647874, 6.902897942168926, 3.935733730830885, 6.465291950097845, 7.937253933193772, 7.797435475847171, 6.8854919940408035, 6.847627326307996, 16.824089871371942, 20.309849827115904, 9.499473669630333, 9.187491496594705, 8.752142594816426, 21.68040590025934, 8.904493247793498, 18.576598181583194, 19.880895352071043], "timestamps_eval": [89.19671654701233, 176.43332695960999, 263.7298092842102, 351.05785942077637, 438.4134485721588, 525.7451064586639, 613.2541840076447, 700.7886006832123, 788.4745576381683, 876.2270390987396, 964.0820724964142, 1051.911322593689, 1139.8801789283752, 1227.9227879047394, 1315.8865225315094, 1403.8245589733124, 1491.8536369800568, 1579.701382637024, 1667.6134378910065, 1755.7175061702728, 1843.5628731250763, 1932.0910577774048, 2020.06116604805, 2108.2205679416656, 2196.328805208206, 2284.4967217445374, 2372.60413646698, 2461.3525578975677, 2549.4562549591064, 2637.5745825767517, 2725.654799938202, 2813.5708844661713, 2901.5028853416443, 2989.3929357528687, 3077.4201140403748, 3165.6233265399933, 3253.41961479187, 3341.463583469391, 3429.3518719673157, 3517.2973670959473, 3605.0387008190155, 3692.990892648697, 3780.8076934814453, 3868.77348446846, 3956.645758152008, 4044.785571575165, 4132.584363937378, 4220.637140274048, 4308.862317323685, 4396.9175407886505, 4484.864327907562, 4572.6605751514435, 4660.455298662186, 4748.276330947876, 4836.65381193161, 4924.430085897446, 5013.019122600555, 5100.733749866486, 5188.738977193832, 5276.662265300751, 5364.659308195114, 5452.418206453323, 5540.306411743164, 5628.2547082901, 5716.142738342285, 5804.074261188507, 5891.891880989075, 5979.74805855751, 6067.6124494075775, 6155.398322820663, 6243.233276128769, 6331.117367267609, 6418.971276044846, 6506.768250465393, 6594.873372077942, 6682.592432260513, 6771.118122577667, 6859.075299501419, 6946.94727230072, 7034.820336103439, 7122.843277692795, 7210.673446655273, 7298.672232627869, 7387.435845375061, 7475.5109770298, 7563.707355737686, 7651.766036748886, 7739.885241508484, 7827.899032592773, 7916.486328363419, 8004.622035980225, 8092.70937371254, 8180.738826751709, 8268.788809776306, 8356.70314669609, 8444.804265499115, 8532.752464056015, 8620.92988395691, 8708.94529414177, 8796.902061700821], "timesteps_eval": [8804, 17635, 26466, 35297, 44128, 52959, 61790, 70621, 79452, 88283, 97114, 105945, 114776, 123607, 132438, 141269, 150100, 158931, 167762, 176593, 185424, 194255, 203086, 211917, 220748, 229579, 238410, 247241, 256072, 264903, 273734, 282565, 291396, 300227, 309058, 317889, 326720, 335551, 344382, 353213, 362044, 370875, 379706, 388537, 397368, 406199, 415030, 423861, 432692, 441523, 450354, 459185, 468016, 476847, 485678, 494509, 503340, 512171, 521002, 529833, 538664, 547495, 556326, 565157, 573988, 582819, 591650, 600481, 609312, 618143, 626974, 635805, 644636, 653467, 662298, 671129, 679960, 688791, 697622, 706453, 715284, 724115, 732946, 741777, 750608, 759439, 768270, 777101, 785932, 794763, 803594, 812425, 821256, 830087, 838918, 847749, 856580, 865411, 874242, 883073],