{"gamma": [0.95, 0.99, 0.99], "learning_rate": [-3, -4, -3], "returns_eval": [0.5, 0.3, 0.1, 0.7, 1.1, 0.2, 1.0, 2.0, 2.4, 6.4, 8.9, 16.2, 27.9, 29.0, 25.9, 25.3, 23.4, 39.1, 42.5, 41.8, 29.6, 36.4, 36.4, 46.6, 26.8, 42.2, 46.0, 45.1, 40.8, 37.2, 43.0, 50.3, 55.8, 52.7, 56.7, 47.7, 42.7, 55.1, 57.2, 53.9, 57.2, 52.1, 50.2, 61.9, 54.4, 54.0, 61.2, 62.5, 55.8, 59.4, 59.8, 59.7, 53.1, 57.9, 51.1, 66.2, 52.4, 54.0, 44.7, 55.3, 44.0, 32.1, 13.5, 9.6, 8.3, 1.4, 1.7, 0.6, 1.4, 1.7, 1.3, 1.5, 1.4, 0.9, 2.2, 2.9, 3.2, 3.2, 2.6, 7.6, 5.4, 2.6, 6.6, 1.8, 4.8, 4.1, 4.6, 1.9, 0.9, 1.5, 1.0, 1.4, 1.2, 1.8, 2.6, 2.5, 3.7, 3.2, 5.9, 5.2], "std_returns_eval": [1.02469507659596, 0.9000000000000001, 0.30000000000000004, 1.268857754044952, 1.9209372712298547, 0.4000000000000001, 2.6832815729997477, 2.1908902300206643, 3.006659275674582, 8.627861844049198, 6.876772498781678, 15.230233090796741, 16.00281225285106, 15.504837954651444, 14.962954253756175, 12.345444503945574, 10.190191362285598, 9.7, 19.298963702748395, 12.073110618229256, 15.951175505272332, 14.150618361046984, 12.595237195067032, 11.368377192897851, 13.422369388450015, 10.057832768544126, 15.80506248010428, 21.201179212487215, 21.27815781499893, 8.423775875461075, 12.814054783713077, 16.60150595578606, 14.161920773680384, 15.205591076969023, 20.09502425975147, 15.09337603056387, 6.812488532100439, 21.755229256433957, 18.903967837467352, 18.28359920803341, 12.048236385463227, 20.151674868357716, 20.49780476051033, 17.518276170902205, 7.4859869088851605, 20.445048300260872, 17.01646261712463, 18.38069639594757, 23.85288242540092, 22.145879978000423, 17.66805026028622, 17.384188218033074, 14.4183910336764, 22.187609154661075, 14.43918280236108, 12.687001221722966, 16.995293466133496, 22.329352879114076, 15.893709447451213, 22.081893034792103, 15.342750731208534, 20.417884317431128, 8.64002314811714, 6.135144660071187, 6.419501538281613, 1.7435595774162693, 3.001666203960727, 0.7999999999999999, 1.7999999999999998, 0.9, 1.1, 0.6708203932499369, 0.8, 0.8306623862918076, 1.6613247725836149, 1.5132745950421556, 1.2489995996796797, 2.9597297173897488, 2.4576411454889016, 4.476605857119878, 2.8705400188814645, 2.3323807579381204, 7.282856582413249, 1.8330302779823362, 3.124099870362662, 2.507987240796891, 2.8, 1.8138357147217052, 0.7000000000000001, 1.118033988749895, 0.8944271909999159, 1.019803902718557, 1.16619037896906, 1.8330302779823362, 1.42828568570857, 1.284523257866513, 1.3453624047073711, 1.5362291495737217, 3.047950130825634, 1.7204650534085253], "timestamps_eval": [89.09709548950195, 176.10839533805847, 263.2604968547821, 350.3973412513733, 437.6808748245239, 524.8670315742493, 612.3129267692566, 699.7981178760529, 787.449455499649, 875.0578038692474, 962.8547916412354, 1050.59299826622, 1138.3991827964783, 1226.0362470149994, 1314.0928313732147, 1401.8215818405151, 1489.6227207183838, 1577.3678991794586, 1665.096654176712, 1752.8326499462128, 1840.4660696983337, 1928.2222638130188, 2016.6277537345886, 2104.4020862579346, 2192.2260417938232, 2279.9042096138, 2367.6882812976837, 2455.49396944046, 2543.224595308304, 2630.9472241401672, 2718.6847150325775, 2806.445821046829, 2894.338247537613, 2982.221598148346, 3070.189945459366, 3157.9823508262634, 3245.7993726730347, 3333.6395301818848, 3421.391117334366, 3509.3149371147156, 3597.127121448517, 3684.957804441452, 3772.714349269867, 3860.4721388816833, 3948.235954284668, 4036.0392651557922, 4123.894211053848, 4211.806181192398, 4299.867897748947, 4388.118297338486, 4476.265977144241, 4564.267832517624, 4652.277567386627, 4740.2685487270355, 4828.2371916770935, 4916.224560022354, 5004.2895131111145, 5092.25838971138, 5180.281440734863, 5268.349043607712, 5356.381954908371, 5444.474894046783, 5532.387407302856, 5620.321751356125, 5708.234810113907, 5796.3905239105225, 5884.31853055954, 5972.238919496536, 6060.1294531822205, 6148.053295850754, 6235.929318904877, 6323.781510353088, 6411.581863164902, 6499.505027294159, 6587.389087438583, 6675.337780237198, 6763.1783537864685, 6851.106315851212, 6939.159292459488, 7027.068068981171, 7115.07178401947, 7203.044726133347, 7291.632306575775, 7379.525730848312, 7467.494253873825, 7555.409537315369, 7643.332912683487, 7731.221764087677, 7819.196712255478, 7907.094995498657, 7995.064984321594, 8083.171277761459, 8171.054144144058, 8259.044535160065, 8346.91919541359, 8434.807194948196, 8522.607426643372, 8610.334311962128, 8698.227617025375, 8786.087757825851], "timesteps_eval": [8804, 17635, 26466, 35297, 44128, 52959, 61790, 70621, 79452, 88283, 97114, 105945, 114776, 123607, 132438, 141269, 150100, 158931, 167762, 176593, 185424, 194255, 203086, 211917, 220748, 229579, 238410, 247241, 256072, 264903, 273734, 282565, 291396, 300227, 309058, 317889, 326720, 335551, 344382, 353213, 362044, 370875, 379706, 388537, 397368, 406199, 415030, 423861, 432692, 441523, 450354, 459185, 468016, 476847, 485678, 494509, 503340, 512171, 521002, 529833, 538664, 547495, 556326, 565157, 573988, 582819, 591650, 600481, 609312, 618143, 626974, 635805, 644636, 653467, 662298, 671129, 679960, 688791, 697622, 706453, 715284, 724115, 732946, 741777, 750608, 759439, 768270, 777101, 785932, 794763, 803594, 812425, 821256, 830087, 838918, 847749, 856580, 865411, 874242, 883073],