{"gamma": [0.95, 0.99, 0.99], "learning_rate": [-5, -3, -4], "returns_eval": [0.0, 0.0, 0.1, 0.0, 0.0, 0.1, 7.6, 0.8, 19.4, 3.5, 18.5, 27.3, 18.7, 18.7, 18.7, 18.7, 16.5, 14.2, 18.5, 22.8, 22.8, 22.8, 22.8, 22.8, 22.6, 32.7, 33.7, 37.2, 43.6, 65.1, 45.0, 44.0, 15.8, 11.4, 6.2, 2.0, 2.2, 2.1, 2.2, 2.5, 3.2, 15.3, 4.4, 7.4, 6.3, 11.2, 13.8, 10.6, 10.0, 6.0, 7.9, 9.2, 6.0, 8.4, 7.0, 2.5, 7.3, 7.1, 6.0, 6.2, 7.7, 7.2, 7.9, 9.4, 12.1, 12.9, 11.9, 17.6, 18.4, 20.4, 16.3, 18.7, 17.1, 16.2, 20.1, 20.3, 22.4, 26.3, 24.3, 22.2, 24.4, 27.0, 21.3, 27.1, 24.3, 22.6, 26.6, 27.6, 25.1, 17.5, 19.5, 23.0, 18.6, 24.0, 27.7, 23.4, 22.5, 26.7, 24.9, 23.0], "std_returns_eval": [0.0, 0.0, 0.30000000000000004, 0.0, 0.0, 0.30000000000000004, 8.924124606929242, 1.4000000000000001, 12.43543324536785, 3.930648801406709, 19.252272593125205, 21.559452683219952, 9.940321926376429, 9.940321926376429, 9.940321926376429, 9.940321926376429, 10.613670430157514, 7.4269778510508555, 9.82089608946149, 10.283968105745954, 10.283968105745954, 10.283968105745954, 10.283968105745954, 10.283968105745954, 10.121264743103996, 10.507616285342742, 21.06205118216172, 15.759441614473527, 12.86234815265082, 18.70534682918229, 21.118712081942874, 17.412639087743134, 8.565045242145542, 6.248199740725323, 4.093897898091744, 2.3664319132398464, 1.4000000000000001, 1.445683229480096, 1.7776388834631176, 1.5652475842498528, 3.124099870362662, 9.920181449953423, 3.2619012860600183, 7.002856560004639, 6.768308503607087, 7.922120928135343, 8.68101376568428, 3.746998799039039, 5.513619500836088, 3.0983866769659336, 3.014962686336267, 7.743384273042376, 2.4083189157584592, 5.238320341483519, 3.03315017762062, 1.8027756377319946, 4.838388161361178, 4.763402145525822, 3.5777087639996634, 3.9949968710876362, 5.496362433464518, 5.287721626560915, 4.846648326421054, 8.765842800324451, 5.39351462406472, 5.8898217290508885, 8.5492689745966, 8.83402513014311, 8.101851640211638, 6.606057825965498, 9.849365461794989, 11.090987332063813, 8.3, 10.768472500777444, 6.171709649683789, 13.069429979918787, 7.1442284397967, 10.545615202537972, 2.794637722496424, 5.793099343184096, 10.355674772799695, 9.033271832508971, 10.149384217774003, 7.738862965578341, 5.657738063926255, 5.9531504264548865, 13.95850994913139, 10.50904372433572, 5.7, 6.960603422117942, 9.189668111526117, 7.4565407529228995, 8.97997772825746, 9.777525249264253, 8.355237878121724, 6.053098380168622, 8.709190547921201, 7.2532751223154355, 9.637945839233586, 6.496152707564686], "timestamps_eval": [89.70548701286316, 177.34190964698792, 265.0894343852997, 353.86332964897156, 441.6128122806549, 528.9722986221313, 616.506195306778, 704.1536192893982, 792.0217881202698, 879.5576682090759, 967.2597153186798, 1054.8930604457855, 1142.6108076572418, 1230.6417527198792, 1318.5318915843964, 1406.2747995853424, 1494.6163883209229, 1582.5071001052856, 1670.3372309207916, 1758.1296298503876, 1845.8556859493256, 1933.5271537303925, 2021.198382616043, 2108.8644545078278, 2196.689810037613, 2284.437320947647, 2372.266671895981, 2459.835601568222, 2547.442352294922, 2635.122160434723, 2722.869596719742, 2810.4388818740845, 2898.335860967636, 2986.086260318756, 3073.8309836387634, 3161.5656735897064, 3249.171223640442, 3336.622068166733, 3424.5426127910614, 3512.7379529476166, 3600.496987104416, 3687.9865026474, 3775.6824102401733, 3863.415566444397, 3951.1666445732117, 4039.018584728241, 4127.021906137466, 4214.753661155701, 4302.365263700485, 4389.91161942482, 4477.672691583633, 4565.414157867432, 4653.194530010223, 4740.868093729019, 4828.570479631424, 4916.187234163284, 5003.724486351013, 5091.661686658859, 5179.306261539459, 5267.046629190445, 5354.792803525925, 5442.594179868698, 5530.201068401337, 5618.110602378845, 5705.828355073929, 5793.42597079277, 5880.986103057861, 5968.962003231049, 6056.627626657486, 6144.2162296772, 6232.0412974357605, 6320.472673892975, 6408.0676600933075, 6495.664797306061, 6583.355888128281, 6671.129538059235, 6758.8572909832, 6846.440523386002, 6934.285649061203, 7022.298621416092, 7110.33732008934, 7198.347673416138, 7286.022804737091, 7373.770720243454, 7461.499550580978, 7549.4316663742065, 7637.536737918854, 7725.317481517792, 7813.083387374878, 7900.812167406082, 7988.8562707901, 8076.796518802643, 8164.924939632416, 8253.09349322319, 8341.561865568161, 8429.653891324997, 8517.708658695221, 8606.605427742004, 8694.510183811188, 8782.391604185104], "timesteps_eval": [8808, 17642, 26476, 35310, 44144, 52978, 61812, 70646, 79480, 88314, 97148, 105982, 114816, 123650, 132484, 141318, 150152, 158986, 167820, 176654, 185488, 194322, 203156, 211990, 220824, 229658, 238492, 247326, 256160, 264994, 273828, 282662, 291496, 300330, 309164, 317998, 326832, 335666, 344500, 353334, 362168, 371002, 379836, 388670, 397504, 406338, 415172, 424006, 432840, 441674, 450508, 459342, 468176, 477010, 485844, 494678, 503512, 512346, 521180, 530014, 538848, 547682, 556516, 565350, 574184, 583018, 591852, 600686, 609520, 618354, 627188, 636022, 644856, 653690, 662524, 671358, 680192, 689026, 697860, 706694, 715528, 724362, 733196, 742030, 750864, 759698, 768532, 777366, 786200, 795034, 803868, 812702, 821536, 830370, 839204, 848038, 856872, 865706, 874540, 883374],