{"gamma": [0.99, 0.98, 0.98], "learning_rate": [-3, -4, -4], "returns_eval": [0.1, 0.4, 0.1, 0.0, 0.0, 0.0, 0.3, 0.1, 0.1, 0.2, 0.8, 0.2, 1.3, 0.6, 1.2, 3.3, 0.1, 0.5, 1.4, 1.0, 2.7, 2.9, 2.3, 2.4, 2.0, 2.6, 2.0, 2.8, 6.8, 4.4, 4.8, 5.7, 8.0, 10.4, 9.1, 10.6, 14.3, 13.8, 17.9, 20.0, 14.6, 19.4, 16.3, 25.2, 26.8, 20.2, 25.7, 25.4, 24.1, 25.4, 29.6, 25.9, 27.2, 27.3, 31.3, 25.9, 29.1, 30.2, 26.0, 32.4, 29.4, 31.2, 34.2, 36.8, 31.3, 30.2, 32.9, 35.1, 36.6, 32.7, 35.4, 36.8, 36.8, 35.3, 36.3, 35.2, 33.0, 43.5, 39.0, 44.1, 36.6, 42.7, 36.6, 43.0, 55.2, 46.5, 44.5, 41.8, 46.5, 48.7, 51.1, 46.3, 57.0, 57.2, 59.7, 67.6, 57.7, 53.0, 59.2, 67.5], "std_returns_eval": [0.30000000000000004, 1.2000000000000002, 0.30000000000000004, 0.0, 0.0, 0.0, 0.9000000000000001, 0.30000000000000004, 0.30000000000000004, 0.4000000000000001, 1.077032961426901, 0.4000000000000001, 3.257299494980466, 1.0198039027185568, 1.5999999999999999, 6.649060083951715, 0.30000000000000004, 0.806225774829855, 1.9595917942265424, 1.5491933384829668, 2.9342801502242417, 2.9137604568666933, 2.193171219946131, 2.244994432064365, 1.5491933384829668, 2.154065922853802, 2.0, 2.08806130178211, 4.578209256903839, 4.24735211631906, 3.1240998703626617, 4.473253849269008, 7.469939758793239, 7.2, 6.090155991434045, 4.923413450036469, 6.245798587850877, 8.121576201698781, 7.8287930104199335, 6.587867636800241, 8.499411744350311, 11.244554237496477, 10.49809506529637, 6.257795138864806, 6.896375859826668, 8.634813257969162, 7.197916365171244, 7.323933369440223, 8.005623023850173, 4.608687448721165, 12.563439019631527, 9.751410154434076, 8.692525524840292, 6.558200972827838, 3.8223029707232783, 8.104936767180853, 13.59742622704753, 14.126570709128242, 11.198214143335536, 8.368990381163071, 6.8, 6.99714227381436, 9.03105752390051, 13.287588193498472, 12.377802712921223, 8.047359815492284, 8.595929269136642, 11.193301568348813, 9.013323471395, 5.139066063011838, 9.86103442849684, 9.162968951164245, 11.169601604354563, 8.672369918309528, 8.246817568007675, 8.182909018191515, 8.740709353364863, 13.017296186228537, 9.370165420097983, 13.434656675925888, 13.29812016790343, 12.681088281373961, 10.141005867269776, 12.433824833895642, 16.557777628655362, 9.135097153287424, 8.969392398596462, 12.69488085804668, 15.806644172625637, 16.486661275103582, 8.005623023850173, 8.161494961096281, 14.120906486483083, 15.171025014810304, 19.005525512334565, 17.030560765870277, 11.384638773364749, 13.820274961085254, 14.770240350109406, 11.766477807738388], "timestamps_eval": [89.05334091186523, 176.32203602790833, 264.29975271224976, 351.4631803035736, 438.7051978111267, 526.1511881351471, 613.417062997818, 700.6730692386627, 788.1044039726257, 875.4870429039001, 963.0001969337463, 1050.4525237083435, 1138.0198748111725, 1225.6652917861938, 1313.3502600193024, 1400.859703540802, 1488.5210354328156, 1576.1778283119202, 1664.13969540596, 1751.9703388214111, 1839.729811668396, 1927.3473918437958, 2015.3271458148956, 2103.157368183136, 2190.9278903007507, 2278.550176858902, 2366.29065823555, 2454.162560939789, 2541.7791726589203, 2629.4783532619476, 2717.1117866039276, 2804.7627511024475, 2892.4607594013214, 2980.121731042862, 3067.9944367408752, 3155.7990922927856, 3243.509004354477, 3331.2059948444366, 3418.7735176086426, 3506.48388838768, 3594.368679523468, 3681.9937555789948, 3769.6129705905914, 3857.3692951202393, 3945.2626242637634, 4033.052924156189, 4120.909372091293, 4208.717954874039, 4296.325168848038, 4383.930740594864, 4471.609453678131, 4559.2454953193665, 4646.979335784912, 4734.61954164505, 4822.444799184799, 4910.189852237701, 4998.026086330414, 5085.90009021759, 5174.6421802043915, 5263.863843917847, 5351.780704021454, 5439.614340543747, 5527.461686372757, 5615.304054737091, 5703.348021507263, 5791.145793676376, 5878.969612360001, 5967.222068786621, 6057.296998500824, 6144.98406791687, 6232.934016227722, 6320.86544418335, 6408.730849981308, 6496.497260570526, 6584.309140443802, 6672.131464719772, 6759.825587272644, 6847.685830831528, 6935.963726520538, 7023.806684494019, 7111.991776704788, 7199.872851371765, 7287.716192007065, 7375.485464096069, 7463.312090396881, 7551.119661808014, 7638.9523339271545, 7726.7919845581055, 7814.566973209381, 7902.458197116852, 7990.258548736572, 8078.1026067733765, 8165.813360929489, 8254.210864067078, 8341.997396230698, 8430.503833293915, 8518.190307617188, 8605.875761508942, 8693.750305652618, 8783.359724521637], "timesteps_eval": [8808, 17642, 26476, 35310, 44144, 52978, 61812, 70646, 79480, 88314, 97148, 105982, 114816, 123650, 132484, 141318, 150152, 158986, 167820, 176654, 185488, 194322, 203156, 211990, 220824, 229658, 238492, 247326, 256160, 264994, 273828, 282662, 291496, 300330, 309164, 317998, 326832, 335666, 344500, 353334, 362168, 371002, 379836, 388670, 397504, 406338, 415172, 424006, 432840, 441674, 450508, 459342, 468176, 477010, 485844, 494678, 503512, 512346, 521180, 530014, 538848, 547682, 556516, 565350, 574184, 583018, 591852, 600686, 609520, 618354, 627188, 636022, 644856, 653690, 662524, 671358, 680192, 689026, 697860, 706694, 715528, 724362, 733196, 742030, 750864, 759698, 768532, 777366, 786200, 795034, 803868, 812702, 821536, 830370, 839204, 848038, 856872, 865706, 874540, 883374],