{"gamma": [0.95, 0.98, 0.99], "learning_rate": [-3, -4, -3], "returns_eval": [0.2, 0.0, 0.0, 0.0, 0.0, 0.2, 0.5, 1.7, 2.3, 2.5, 4.6, 3.0, 5.5, 4.5, 7.7, 26.5, 25.4, 31.2, 25.7, 22.9, 29.9, 26.4, 29.3, 33.7, 26.3, 28.9, 28.1, 24.0, 21.6, 29.5, 28.4, 32.0, 18.2, 25.6, 42.7, 31.0, 38.8, 29.9, 41.7, 39.5, 42.7, 34.7, 38.0, 34.7, 42.5, 41.6, 40.4, 43.1, 47.5, 39.7, 49.8, 54.3, 54.4, 56.5, 57.3, 57.4, 57.5, 59.9, 55.8, 57.2, 47.8, 44.6, 19.6, 10.6, 1.1, 0.4, 1.4, 0.7, 1.5, 0.5, 0.6, 2.3, 4.3, 2.0, 0.8, 2.6, 3.3, 2.0, 3.3, 2.5, 2.1, 4.6, 2.4, 5.5, 7.0, 7.0, 7.7, 4.8, 6.4, 4.1, 5.0, 3.0, 7.6, 6.6, 5.9, 4.9, 5.5, 5.7, 5.0, 3.9], "std_returns_eval": [0.4000000000000001, 0.0, 0.0, 0.0, 0.0, 0.6000000000000001, 1.02469507659596, 3.195309061734091, 3.0675723300355937, 2.8722813232690143, 4.431703961232068, 2.4899799195977463, 7.762087348130012, 3.6124783736376886, 5.586591089385369, 18.287974190707946, 12.183595528414426, 17.848249213858484, 12.625767303415662, 8.383913167489272, 19.403350226185168, 11.403508232118746, 7.029224708315989, 7.642643521714199, 10.863240768757727, 11.631422956801115, 11.175419455215094, 12.876334882255899, 12.043255373859678, 10.111874208078342, 10.883014288330232, 6.957010852370434, 6.794115100585212, 8.392854103342914, 11.670903992407787, 11.50651989091402, 10.17644338656684, 11.148542505637229, 15.824348327814324, 9.749358953285082, 13.19128500184876, 13.191285001848758, 14.491376746189438, 11.506954418958998, 14.887914561818254, 8.368990381163071, 13.908270920570969, 7.8670197660867744, 16.63279892261071, 7.430343195303969, 15.43243337908834, 19.08428673018722, 18.74673304872078, 12.10991329448729, 10.954907576059233, 17.839282496782207, 22.86153975566825, 18.641083659487183, 18.361917111238686, 11.830469136936202, 19.31734971469948, 8.187795796183488, 13.720058308913996, 6.545227268781429, 1.044030650891055, 0.4898979485566356, 2.1540659228538015, 1.004987562112089, 1.6881943016134133, 0.6708203932499369, 1.4966629547095764, 2.238302928559939, 5.478138369920935, 2.898275349237888, 1.661324772583615, 3.2924155266308657, 4.075536774462966, 2.32379000772445, 3.2264531609803355, 2.539685019840059, 1.7578395831246945, 4.079215610874228, 3.0066592756745814, 4.104875150354759, 4.219004621945797, 4.123105625617661, 6.2136945531623935, 4.261455150532504, 2.90516780926679, 3.3600595232822887, 3.7416573867739413, 2.04939015319192, 4.498888751680798, 4.409081537009721, 2.2561028345356955, 2.3430749027719964, 3.640054944640259, 2.4919871588754225, 2.1908902300206643, 2.3853720883753127], "timestamps_eval": [88.9323844909668, 175.49298977851868, 262.0931921005249, 348.7296199798584, 435.33975172042847, 522.1898467540741, 608.9788177013397, 695.867974281311, 782.9012756347656, 869.9627199172974, 957.2764101028442, 1044.63564991951, 1131.8955001831055, 1219.2038416862488, 1306.4067804813385, 1393.8927648067474, 1481.1153519153595, 1568.1141905784607, 1655.383754491806, 1742.6311633586884, 1829.9345662593842, 1917.1860902309418, 2004.323881149292, 2091.436241865158, 2178.5146849155426, 2265.496701478958, 2352.6640071868896, 2439.690086364746, 2526.7680876255035, 2613.8407900333405, 2701.2460799217224, 2788.455396413803, 2875.8192608356476, 2963.0362243652344, 3050.4164867401123, 3137.5590896606445, 3224.66712141037, 3311.9164459705353, 3399.2450869083405, 3486.684814453125, 3573.950823068619, 3661.332931280136, 3748.6163799762726, 3836.0768225193024, 3923.393984556198, 4010.9760735034943, 4098.281290769577, 4185.5810110569, 4272.679958343506, 4359.852583885193, 4447.023348808289, 4534.238432884216, 4621.529679059982, 4708.72968006134, 4795.966055631638, 4883.191426992416, 4970.407161235809, 5057.6222677230835, 5144.826912641525, 5232.032416820526, 5319.271978378296, 5406.450685739517, 5493.639359712601, 5580.818993330002, 5667.916574478149, 5754.993934869766, 5842.110976934433, 5929.1417644023895, 6016.39626288414, 6104.418212652206, 6191.565756082535, 6278.721106767654, 6365.906170606613, 6453.0332016944885, 6540.109205007553, 6627.318341970444, 6714.59904551506, 6801.760828971863, 6889.031139373779, 6976.112328529358, 7063.1836042404175, 7150.190262556076, 7237.278156518936, 7324.327803611755, 7411.51730465889, 7498.703017950058, 7585.741185426712, 7672.831807851791, 7760.007331371307, 7847.478756904602, 7934.526030063629, 8021.744199037552, 8108.779080152512, 8196.01083445549, 8283.170139312744, 8370.257162570953, 8457.372076511383, 8544.511549472809, 8631.639249563217, 8718.573346853256], "timesteps_eval": [8808, 17642, 26476, 35310, 44144, 52978, 61812, 70646, 79480, 88314, 97148, 105982, 114816, 123650, 132484, 141318, 150152, 158986, 167820, 176654, 185488, 194322, 203156, 211990, 220824, 229658, 238492, 247326, 256160, 264994, 273828, 282662, 291496, 300330, 309164, 317998, 326832, 335666, 344500, 353334, 362168, 371002, 379836, 388670, 397504, 406338, 415172, 424006, 432840, 441674, 450508, 459342, 468176, 477010, 485844, 494678, 503512, 512346, 521180, 530014, 538848, 547682, 556516, 565350, 574184, 583018, 591852, 600686, 609520, 618354, 627188, 636022, 644856, 653690, 662524, 671358, 680192, 689026, 697860, 706694, 715528, 724362, 733196, 742030, 750864, 759698, 768532, 777366, 786200, 795034, 803868, 812702, 821536, 830370, 839204, 848038, 856872, 865706, 874540, 883374],