{"gamma": [0.95, 0.95, 0.95], "learning_rate": [-3, -5, -3], "returns_eval": [0.5, 0.3, 0.1, 0.7, 1.1, 0.2, 1.0, 2.0, 2.4, 6.4, 8.9, 16.2, 27.9, 29.0, 25.9, 25.3, 23.4, 39.1, 42.5, 41.8, 29.6, 36.4, 36.4, 46.6, 26.8, 42.2, 46.0, 45.1, 40.8, 37.2, 45.1, 43.6, 57.1, 49.8, 53.6, 53.8, 67.0, 79.1, 65.8, 62.9, 69.9, 82.2, 68.6, 87.2, 90.7, 76.7, 70.0, 82.4, 88.4, 94.9, 77.1, 91.8, 87.4, 92.3, 100.9, 96.2, 93.5, 106.1, 115.5, 100.3, 84.2, 89.5, 72.4, 72.4, 69.5, 59.0, 32.7, 42.6, 27.6, 33.4, 36.1, 25.0, 25.6, 19.2, 8.5, 8.0, 7.6, 11.0, 6.3, 7.7, 3.7, 6.4, 4.3, 3.1, 2.8, 1.0, 1.2, 2.8, 1.9, 1.4, 1.5, 2.6, 1.4, 1.3, 2.6, 2.6, 1.5, 2.2, 1.4, 2.3], "std_returns_eval": [1.02469507659596, 0.9000000000000001, 0.30000000000000004, 1.268857754044952, 1.9209372712298547, 0.4000000000000001, 2.6832815729997477, 2.1908902300206643, 3.006659275674582, 8.627861844049198, 6.876772498781678, 15.230233090796741, 16.00281225285106, 15.504837954651444, 14.962954253756175, 12.345444503945574, 10.190191362285598, 9.7, 19.298963702748395, 12.073110618229256, 15.951175505272332, 14.150618361046984, 12.595237195067032, 11.368377192897851, 13.422369388450015, 10.057832768544126, 15.80506248010428, 21.201179212487215, 21.27815781499893, 8.423775875461075, 15.60416611036937, 13.734627770711516, 17.455371666051686, 18.048822676285564, 17.53396703544295, 8.37615663654877, 17.481418706729727, 22.478656543485865, 19.415457759218555, 16.771702358436965, 18.495675170158023, 13.504073459515835, 16.051168181786643, 17.971087891388212, 14.832734070291963, 22.334054714717613, 13.258959235173778, 13.63964808930201, 18.045498053531247, 12.070211265756702, 16.609936784948943, 23.79411691994473, 19.586730201848393, 13.153326575433303, 10.624970588194586, 20.038962048968504, 17.511424842085237, 10.568348972285122, 15.22005256232711, 18.862926602200414, 24.028316628511455, 14.941552797483935, 25.05673562138532, 19.65807722031837, 15.22005256232711, 21.142374511865974, 10.863240768757729, 16.572265988693278, 10.772186407596184, 12.642784503423286, 11.562439189029279, 8.933084573650918, 16.734395716607157, 9.81631295344642, 7.459892760623306, 6.115553940568262, 4.24735211631906, 5.157518783291051, 5.728001396647874, 4.450842616853577, 4.360045871318328, 7.172168430816443, 4.243819034784589, 5.127377497317708, 4.044749683231337, 1.7888543819998317, 1.16619037896906, 2.7129319932501073, 1.1357816691600546, 1.019803902718557, 1.6278820596099706, 1.6852299546352716, 1.1135528725660044, 1.3453624047073711, 1.2, 2.244994432064365, 1.3601470508735443, 2.6758176320519302, 1.4966629547095767, 1.7349351572897473], "timestamps_eval": [88.72976350784302, 175.66762590408325, 262.3384277820587, 349.1093192100525, 435.85421538352966, 522.6355626583099, 609.6278510093689, 696.5840809345245, 784.0037846565247, 871.302059173584, 958.8813734054565, 1046.1318943500519, 1133.4023613929749, 1220.732943058014, 1308.1411950588226, 1395.47576379776, 1482.7686059474945, 1570.1319992542267, 1657.5432946681976, 1744.753571510315, 1832.001207113266, 1919.300323009491, 2006.5099709033966, 2094.2106759548187, 2181.7438526153564, 2269.0295536518097, 2356.283192396164, 2443.567301273346, 2530.789794445038, 2618.096089363098, 2705.3765280246735, 2792.6026673316956, 2879.7886984348297, 2967.039125919342, 3054.3257369995117, 3141.6724166870117, 3228.9765429496765, 3316.259745359421, 3403.600026369095, 3490.904214859009, 3578.2631256580353, 3665.601167678833, 3753.1058259010315, 3840.5405406951904, 3927.921820163727, 4015.3004603385925, 4102.607245206833, 4189.98826789856, 4277.304534673691, 4364.737059593201, 4452.318333148956, 4539.77977347374, 4627.102883577347, 4714.516247034073, 4801.93456363678, 4889.41094493866, 4976.758687019348, 5064.366393566132, 5151.708996295929, 5239.098633527756, 5326.587872982025, 5414.09926700592, 5501.493072271347, 5588.856474637985, 5676.199430465698, 5763.631063222885, 5851.038629770279, 5938.3864188194275, 6025.726062774658, 6113.160502672195, 6200.648642301559, 6287.909627437592, 6375.293593168259, 6462.576362609863, 6549.9576251506805, 6637.170616149902, 6724.329917669296, 6811.678273200989, 6898.879359006882, 6986.095777988434, 7073.303808927536, 7160.513785362244, 7247.857826948166, 7335.153383731842, 7422.407913208008, 7509.67725276947, 7596.892827987671, 7684.108296871185, 7771.236541748047, 7858.473294019699, 7945.764906167984, 8032.993731975555, 8120.191304683685, 8207.385254383087, 8294.581578969955, 8381.76590847969, 8468.926651000977, 8556.094087600708, 8643.265076875687, 8730.611502408981], "timesteps_eval": [8804, 17635, 26466, 35297, 44128, 52959, 61790, 70621, 79452, 88283, 97114, 105945, 114776, 123607, 132438, 141269, 150100, 158931, 167762, 176593, 185424, 194255, 203086, 211917, 220748, 229579, 238410, 247241, 256072, 264903, 273734, 282565, 291396, 300227, 309058, 317889, 326720, 335551, 344382, 353213, 362044, 370875, 379706, 388537, 397368, 406199, 415030, 423861, 432692, 441523, 450354, 459185, 468016, 476847, 485678, 494509, 503340, 512171, 521002, 529833, 538664, 547495, 556326, 565157, 573988, 582819, 591650, 600481, 609312, 618143, 626974, 635805, 644636, 653467, 662298, 671129, 679960, 688791, 697622, 706453, 715284, 724115, 732946, 741777, 750608, 759439, 768270, 777101, 785932, 794763, 803594, 812425, 821256, 830087, 838918, 847749, 856580, 865411, 874242, 883073],