{"gamma": 1.0, "learning_rate": -4, "clip": 0.4, "returns_eval": [0.1, 15.8, 3.8, 10.8, 13.5, 12.3, 20.7, 35.7, 25.4, 42.6, 61.1, 60.6, 65.7, 70.2, 71.1, 74.3, 77.8, 85.3, 83.1, 85.5, 88.2, 94.5, 90.5, 91.9, 86.6, 89.1, 88.3, 101.1, 96.4, 88.3, 85.8, 105.0, 89.2, 95.7, 98.2, 95.6, 100.6, 96.0, 106.6, 100.8, 100.1, 112.0, 112.0, 108.6, 114.0, 111.8, 98.6, 109.5, 103.2, 107.2, 98.7, 92.8, 105.9, 105.2, 109.4, 108.8, 119.5, 112.5, 120.4, 118.6, 115.6, 111.0, 124.5, 126.0, 117.6, 125.0, 111.2, 118.8, 117.2, 117.4, 110.2, 129.7, 113.7, 127.3, 123.0, 130.4, 133.3, 110.3, 117.2, 98.3, 100.6, 107.4, 97.3, 97.8, 84.6, 77.0, 73.5, 76.1, 73.0, 76.1, 72.8, 75.7, 57.1, 67.5, 67.0, 47.2, 45.8, 38.7, 39.0, 17.2], "std_returns_eval": [0.30000000000000004, 11.169601604354563, 4.069397989875161, 8.482924024179399, 8.417244204607586, 11.883181392203015, 12.272326592785902, 13.505924625881784, 6.606057825965498, 15.041276541570534, 16.18919392681427, 23.618636709175235, 19.65731416038315, 24.88694436848365, 16.36123467223669, 14.852945835759316, 18.44884820253015, 22.987170334775875, 21.805733191066977, 17.89553016817328, 13.212115651930995, 25.072893730082292, 19.069609330030858, 29.121984822467027, 19.865548066942427, 21.65386801474508, 19.04757202375148, 14.425324953012323, 15.98249041920564, 18.166177363441104, 15.80379701211073, 17.481418706729727, 19.30181338631166, 16.38322312611288, 13.709850473291093, 15.882065356873456, 24.67873578609731, 16.35236985883086, 11.918053532351665, 10.505236789335116, 5.61159513863928, 15.05988047761336, 24.63331078032346, 14.568459081179451, 7.974960814950754, 10.037928073063684, 11.568923891183656, 8.99166280506559, 18.808508712813996, 15.879546593023367, 12.32923355282071, 17.88183435780569, 18.917980864775185, 15.071828024496565, 14.513442045221389, 12.416118556135006, 18.1121506177483, 13.987494414654828, 10.772186407596184, 11.984990613262909, 22.267465055546847, 14.778362561528933, 12.595634164265013, 14.042791745233567, 16.853486286225767, 15.824032355881986, 18.877499834459012, 10.43839068055991, 12.21310771261762, 11.271202242884296, 18.043281298034458, 17.12921480979207, 11.807201192492656, 15.550241155686301, 17.52141546793523, 13.763720427268202, 10.479026672358458, 19.91004771465905, 10.618851161966628, 30.64000652741445, 19.77978766316767, 11.534296684236972, 11.95031380341119, 16.424372134118247, 8.42852300228219, 9.746794344808963, 6.800735254367722, 7.02068372738724, 7.92464510246358, 8.971621926942753, 12.82809416865966, 7.128113354878695, 13.17915020022156, 10.239628899525608, 12.984606270503546, 12.600000000000001, 9.389355675444401, 5.933801479658718, 5.656854249492381, 8.022468448052631], "timestamps_eval": [87.98756647109985, 173.53342723846436, 259.089026927948, 344.6951825618744, 430.2757067680359, 515.9968616962433, 602.0627219676971, 687.7023797035217, 773.5362169742584, 859.3676030635834, 945.2338116168976, 1030.872808456421, 1116.579570531845, 1202.335016489029, 1288.1985335350037, 1374.121957540512, 1459.886076450348, 1545.7221562862396, 1631.638638496399, 1717.4718089103699, 1803.4549436569214, 1889.309766292572, 1975.307865858078, 2061.416995048523, 2147.5150871276855, 2233.29638004303, 2319.456642150879, 2405.639981508255, 2491.699620962143, 2577.6970558166504, 2663.7305035591125, 2749.6069169044495, 2835.664310693741, 2921.5472004413605, 3007.400805950165, 3093.343921661377, 3179.3447048664093, 3265.2768807411194, 3351.2128612995148, 3437.0406897068024, 3522.994757413864, 3608.9382338523865, 3694.903722047806, 3780.9024093151093, 3866.906063079834, 3952.9199256896973, 4038.7382798194885, 4124.766359806061, 4210.76731467247, 4296.714204549789, 4382.754035711288, 4468.704811573029, 4554.753288507462, 4640.677550792694, 4726.60897898674, 4812.551137924194, 4898.371356725693, 4984.349134922028, 5070.251513957977, 5156.35519194603, 5242.286473751068, 5328.170251131058, 5414.322280883789, 5501.722904205322, 5587.711615085602, 5673.691033363342, 5759.64163517952, 5845.6331615448, 5931.5439484119415, 6017.4186997413635, 6103.362308740616, 6189.6191375255585, 6275.55704331398, 6361.5339069366455, 6447.46583199501, 6533.777813196182, 6619.622896909714, 6705.568796873093, 6791.601111412048, 6877.739621162415, 6963.67960524559, 7049.5893976688385, 7135.5730676651, 7221.308944940567, 7306.907890081406, 7392.559319496155, 7478.347089290619, 7564.097251176834, 7649.849882364273, 7735.542931318283, 7821.255628347397, 7907.666671514511, 7993.352157354355, 8079.190764427185, 8164.942361354828, 8250.579512357712, 8337.130781650543, 8422.838260650635, 8508.523616552353, 8594.142565965652], "timesteps_eval": [8805, 17638, 26471, 35304, 44137, 52970, 61803, 70636, 79469, 88302, 97135, 105968, 114801, 123634, 132467, 141300, 150133, 158966, 167799, 176632, 185465, 194298, 203131, 211964, 220797, 229630, 238463, 247296, 256129, 264962, 273795, 282628, 291461, 300294, 309127, 317960, 326793, 335626, 344459, 353292, 362125, 370958, 379791, 388624, 397457, 406290, 415123, 423956, 432789, 441622, 450455, 459288, 468121, 476954, 485787, 494620, 503453, 512286, 521119, 529952, 538785, 547618, 556451, 565284, 574117, 582950, 591783, 600616, 609449, 618282, 627115, 635948, 644781, 653614, 662447, 671280, 680113, 688946, 697779, 706612, 715445, 724278, 733111, 741944, 750777, 759610, 768443, 777276, 786109, 794942, 803775, 812608, 821441, 830274, 839107, 847940, 856773, 865606, 874439, 883272],