{"gamma": [0.99, 0.99, 0.99], "learning_rate": [-3, -5, -5], "returns_eval": [0.4, 0.0, 0.0, 0.0, 0.1, 0.0, 1.5, 0.5, 1.5, 0.2, 0.9, 2.0, 1.6, 3.3, 4.8, 1.6, 3.7, 6.0, 9.2, 10.2, 7.1, 9.7, 11.1, 12.9, 6.4, 6.1, 9.4, 7.6, 11.0, 7.8, 5.4, 4.4, 10.3, 9.7, 8.9, 12.5, 11.9, 12.3, 9.1, 10.6, 9.3, 17.3, 13.9, 14.6, 16.1, 13.0, 19.9, 21.3, 28.2, 24.1, 18.4, 32.6, 33.6, 25.1, 34.7, 38.3, 42.4, 30.0, 43.4, 36.1, 43.0, 47.1, 39.2, 44.4, 36.0, 55.8, 45.1, 53.2, 58.3, 64.7, 57.7, 52.2, 44.2, 71.0, 61.8, 58.7, 53.6, 58.4, 69.3, 62.9, 58.2, 75.2, 58.8, 54.0, 59.7, 68.8, 59.8, 72.9, 58.4, 65.2, 67.6, 65.1, 72.1, 69.3, 65.7, 85.7, 68.3, 75.5, 70.8, 76.8], "std_returns_eval": [0.9165151389911681, 0.0, 0.0, 0.0, 0.30000000000000004, 0.0, 3.2015621187164243, 1.02469507659596, 1.857417562100671, 0.4000000000000001, 2.118962010041709, 3.794733192202055, 3.2619012860600183, 3.4942810419312296, 5.81033561853358, 2.0591260281974, 2.451530134426253, 5.440588203494177, 3.682390527904394, 10.759182125050211, 6.410148204214938, 6.664082832618454, 6.456779382943171, 7.555792479945436, 5.257375771237966, 5.52177507691141, 8.627861844049198, 5.3516352641038605, 8.62554346113913, 4.237924020083418, 3.5832945734337835, 3.6386810797320503, 5.404627646748663, 3.874274125562103, 4.3920382511995495, 4.588027898781785, 7.555792479945437, 4.337049688440288, 4.109744517606904, 6.003332407921454, 7.457211275000863, 9.274157643689264, 6.847627326307997, 5.5533773507659285, 7.3, 6.196773353931867, 7.7, 13.89280389266328, 12.584116973391497, 11.510430052782562, 10.49952379872535, 11.976643937263894, 15.698407562552324, 11.344161493913951, 14.191899097724729, 14.966963619919706, 17.41378764083219, 18.20988742414406, 25.644492586128507, 15.769908052997646, 12.938315191708694, 19.972230721679537, 20.028979005431104, 11.473447607410773, 10.158740079360236, 25.685793738952277, 17.75077463098442, 18.459685804476738, 30.06010645357065, 15.33655763201117, 21.085777196963836, 17.353962083628048, 16.539649331228276, 20.659138413786767, 17.039953051578518, 20.16457289406349, 16.614451540752103, 19.21041384249699, 18.69251186973008, 14.611296999240004, 21.980900800467666, 24.358981916328112, 21.0513657514186, 18.15488914865635, 27.20680062043312, 21.576839434912614, 15.157836257197134, 20.171514568817088, 17.85049018934774, 21.35790251873999, 21.592591322025246, 17.184004189943625, 17.461099621730586, 15.741982086128798, 22.3026904206645, 19.570641277178424, 23.933449396190262, 17.17701953192113, 16.442627527253666, 16.89852064531094], "timestamps_eval": [89.257967710495, 176.84776282310486, 264.28404688835144, 351.90567684173584, 439.51580905914307, 527.3484525680542, 615.0584018230438, 702.9076490402222, 790.7260308265686, 878.7417559623718, 966.6106789112091, 1054.4780011177063, 1142.436649799347, 1230.702109336853, 1318.7271134853363, 1406.8808195590973, 1495.1369168758392, 1583.7379965782166, 1672.5214755535126, 1760.7462203502655, 1849.0985560417175, 1937.5428009033203, 2025.8595058918, 2114.2227733135223, 2202.7580971717834, 2291.1223969459534, 2379.412922859192, 2467.6227548122406, 2556.117333650589, 2644.4047136306763, 2733.402973175049, 2821.753897666931, 2910.1734545230865, 2998.4830045700073, 3086.813959121704, 3175.0587995052338, 3263.5544209480286, 3351.918739795685, 3440.3518187999725, 3528.5446877479553, 3616.9148383140564, 3705.237529039383, 3793.51536154747, 3882.062778234482, 3970.5382013320923, 4059.079225540161, 4147.656659603119, 4236.451421260834, 4325.171855211258, 4413.845013618469, 4502.296381473541, 4590.84187579155, 4679.526207208633, 4768.252970695496, 4856.8612813949585, 4945.700755357742, 5034.2801830768585, 5123.1104946136475, 5211.8219702243805, 5300.605639696121, 5389.219152927399, 5477.814216852188, 5566.32838511467, 5654.930166721344, 5743.554961681366, 5832.151091814041, 5920.753384590149, 6009.36621427536, 6097.961288928986, 6186.574290037155, 6275.262790441513, 6363.836277008057, 6452.319846153259, 6540.900896310806, 6629.448826551437, 6717.919991016388, 6806.41056728363, 6894.736041545868, 6983.098895549774, 7071.676202058792, 7160.02351641655, 7248.384506225586, 7336.66424536705, 7425.367254495621, 7513.83779501915, 7602.237057209015, 7690.562707662582, 7778.844491958618, 7867.20539689064, 7955.538621902466, 8043.952296495438, 8133.921378850937, 8222.415486335754, 8310.866899490356, 8399.16773724556, 8487.151085853577, 8574.998051404953, 8663.084014177322, 8751.03527379036, 8839.183532476425], "timesteps_eval": [8804, 17635, 26466, 35297, 44128, 52959, 61790, 70621, 79452, 88283, 97114, 105945, 114776, 123607, 132438, 141269, 150100, 158931, 167762, 176593, 185424, 194255, 203086, 211917, 220748, 229579, 238410, 247241, 256072, 264903, 273734, 282565, 291396, 300227, 309058, 317889, 326720, 335551, 344382, 353213, 362044, 370875, 379706, 388537, 397368, 406199, 415030, 423861, 432692, 441523, 450354, 459185, 468016, 476847, 485678, 494509, 503340, 512171, 521002, 529833, 538664, 547495, 556326, 565157, 573988, 582819, 591650, 600481, 609312, 618143, 626974, 635805, 644636, 653467, 662298, 671129, 679960, 688791, 697622, 706453, 715284, 724115, 732946, 741777, 750608, 759439, 768270, 777101, 785932, 794763, 803594, 812425, 821256, 830087, 838918, 847749, 856580, 865411, 874242, 883073],