{"gamma": [0.98, 0.99, 0.98], "learning_rate": [-4, -4, -3], "returns_eval": [3.0, 2.9, 7.3, 8.8, 7.9, 18.5, 17.0, 24.6, 65.2, 68.4, 79.2, 93.3, 97.4, 101.3, 102.2, 122.1, 104.4, 126.0, 126.1, 124.3, 128.4, 134.9, 129.2, 124.9, 131.1, 132.4, 131.9, 135.9, 134.1, 141.4, 145.4, 136.0, 151.9, 153.5, 145.2, 152.3, 146.8, 153.4, 135.7, 156.4, 153.4, 157.4, 164.2, 152.8, 151.7, 149.5, 146.7, 154.3, 149.9, 153.1, 151.0, 153.2, 156.7, 154.7, 160.3, 153.1, 162.0, 163.6, 161.4, 160.3, 121.9, 102.1, 108.7, 122.5, 119.8, 112.9, 103.3, 100.3, 88.5, 98.4, 72.9, 83.6, 78.1, 72.1, 87.6, 81.3, 72.8, 79.9, 67.5, 70.3, 51.3, 43.4, 38.9, 34.8, 28.7, 21.7, 19.3, 15.5, 17.3, 16.7, 7.5, 18.4, 12.6, 8.9, 8.8, 3.6, 5.2, 3.5, 2.4, 4.1], "std_returns_eval": [4.774934554525329, 4.182104733265296, 9.747307320486001, 11.285388783732706, 11.861281549647154, 16.347782724271816, 12.083045973594572, 10.883014288330234, 30.892717588454406, 22.44638055455712, 19.379370474811612, 16.529065309327084, 18.451016232175398, 20.96687864227768, 22.32845717912458, 11.317685275708987, 25.33456137374397, 27.029613389761977, 12.020399327809372, 22.325097984107483, 9.676776322722356, 11.886547017532047, 22.591148709173687, 10.774506949276148, 11.844407963254222, 7.812809993849844, 11.139569111954016, 10.700000000000001, 16.05272562526377, 16.138153549895353, 16.026228502052504, 13.36413109783049, 20.378665314490053, 16.070158679988197, 19.42060761150382, 21.405840324546944, 19.119623427254, 16.965848048358797, 12.673200069437868, 17.596590578859303, 9.759098319004682, 16.942254867637896, 42.12552670293868, 11.160645142642965, 15.862219264655245, 11.681181447096865, 17.017931719218993, 19.708120153885808, 15.902515524281057, 13.945967159003352, 15.84929020492716, 15.721323099535866, 14.262187770464951, 18.75126662388437, 14.213022197970425, 12.185647295076286, 13.069047402163633, 11.551623262554921, 15.538339679644025, 15.15288751360611, 20.354115063052973, 28.99120556306688, 28.597377502141697, 18.645374761586318, 14.661514246489002, 22.160550534677608, 13.704378862246914, 16.352675622050356, 12.878276282173792, 16.68652150689292, 22.86241457064411, 17.91200714604592, 20.007248686413632, 18.689301752607026, 18.067650649710934, 12.361634196173256, 18.043281298034458, 17.94686602167632, 18.91163662933486, 12.35354200219516, 17.158379876899797, 13.200000000000001, 10.3, 5.878775382679628, 7.000714249274855, 6.1975801729384665, 8.161494961096281, 8.273451516749223, 5.883026432033091, 8.672369918309528, 6.960603422117942, 7.748548251124206, 6.421837743200928, 7.286288492778748, 6.273754856543249, 3.903844259188627, 4.166533331199932, 2.692582403567252, 1.9078784028338913, 3.0805843601498726], "timestamps_eval": [89.65158200263977, 177.1138219833374, 264.52052211761475, 351.9770727157593, 439.51554250717163, 527.2627801895142, 614.9468185901642, 702.5848166942596, 790.2428679466248, 877.9184858798981, 965.6622822284698, 1053.4645054340363, 1141.1129944324493, 1228.9043035507202, 1316.6792068481445, 1404.5478274822235, 1492.3731517791748, 1580.207793712616, 1668.2589437961578, 1756.0948073863983, 1843.9355628490448, 1931.8349084854126, 2019.7152285575867, 2107.659773349762, 2195.562598466873, 2283.5919663906097, 2371.5921199321747, 2459.5221707820892, 2547.4343309402466, 2635.3672168254852, 2723.2256512641907, 2811.0961623191833, 2898.9665806293488, 2986.9916648864746, 3074.95055437088, 3162.855446577072, 3250.8298020362854, 3338.7695717811584, 3426.639803171158, 3514.459731578827, 3602.308377981186, 3690.244002342224, 3792.4197731018066, 3880.3652868270874, 3968.2074353694916, 4056.0621721744537, 4143.995907783508, 4231.965798139572, 4319.975310325623, 4407.930602550507, 4495.8184015750885, 4583.74360203743, 4671.6202256679535, 4759.573703050613, 4847.601646661758, 4935.443834781647, 5023.423344135284, 5111.345588207245, 5199.3700840473175, 5287.41521024704, 5375.389272212982, 5463.0864017009735, 5550.800577640533, 5639.049038887024, 5727.525774002075, 5815.2285351753235, 5902.992493629456, 5990.660000085831, 6078.442677497864, 6166.266733169556, 6254.160024642944, 6342.004716157913, 6429.729157924652, 6517.5743136405945, 6605.506839990616, 6693.328236818314, 6781.217993021011, 6869.071020364761, 6956.801271915436, 7044.793608427048, 7132.554605484009, 7220.452108621597, 7308.18834066391, 7395.991040229797, 7483.781574726105, 7571.467597961426, 7659.233610868454, 7747.006109237671, 7834.801687955856, 7922.593130350113, 8010.289700508118, 8098.079823970795, 8185.799785614014, 8273.557826042175, 8361.332719802856, 8448.956620931625, 8536.706589460373, 8625.811953544617, 8715.039140939713, 8802.718533039093], "timesteps_eval": [8804, 17635, 26466, 35297, 44128, 52959, 61790, 70621, 79452, 88283, 97114, 105945, 114776, 123607, 132438, 141269, 150100, 158931, 167762, 176593, 185424, 194255, 203086, 211917, 220748, 229579, 238410, 247241, 256072, 264903, 273734, 282565, 291396, 300227, 309058, 317889, 326720, 335551, 344382, 353213, 362044, 370875, 379706, 388537, 397368, 406199, 415030, 423861, 432692, 441523, 450354, 459185, 468016, 476847, 485678, 494509, 503340, 512171, 521002, 529833, 538664, 547495, 556326, 565157, 573988, 582819, 591650, 600481, 609312, 618143, 626974, 635805, 644636, 653467, 662298, 671129, 679960, 688791, 697622, 706453, 715284, 724115, 732946, 741777, 750608, 759439, 768270, 777101, 785932, 794763, 803594, 812425, 821256, 830087, 838918, 847749, 856580, 865411, 874242, 883073],