{"gamma": 0.9, "learning_rate": -1, "clip": 0.3, "returns_eval": [0.0, 0.0, 0.0, 0.0, 0.0, 0.0, 0.0, 0.0, 0.0, 0.0, 0.0, 0.0, 0.0, 0.0, 22.8, 22.8, 22.8, 22.8, 22.8, 22.8, 22.8, 22.8, 22.8, 22.8, 22.8, 22.8, 22.8, 22.8, 22.8, 22.8, 22.8, 22.8, 22.8, 22.8, 22.8, 22.8, 22.8, 22.8, 22.8, 22.8, 22.8, 22.8, 22.8, 22.8, 22.8, 22.8, 22.8, 22.8, 22.8, 22.8, 22.8, 22.8, 22.8, 22.8, 22.8, 22.8, 22.8, 22.8, 22.8, 22.8, 22.8, 22.8, 22.8, 22.8, 22.8, 22.8, 22.8, 22.8, 22.8, 22.8, 22.8, 22.8, 22.8, 22.8, 22.8, 22.8, 22.8, 22.8, 22.8, 22.8, 22.8, 22.8, 22.8, 22.8, 22.8, 22.8, 22.8, 22.8, 22.8, 22.8, 22.8, 22.8, 22.8, 22.8, 22.8, 22.8, 22.8, 22.8, 22.8, 22.8], "std_returns_eval": [0.0, 0.0, 0.0, 0.0, 0.0, 0.0, 0.0, 0.0, 0.0, 0.0, 0.0, 0.0, 0.0, 0.0, 10.283968105745954, 10.283968105745954, 10.283968105745954, 10.283968105745954, 10.283968105745954, 10.283968105745954, 10.283968105745954, 10.283968105745954, 10.283968105745954, 10.283968105745954, 10.283968105745954, 10.283968105745954, 10.283968105745954, 10.283968105745954, 10.283968105745954, 10.283968105745954, 10.283968105745954, 10.283968105745954, 10.283968105745954, 10.283968105745954, 10.283968105745954, 10.283968105745954, 10.283968105745954, 10.283968105745954, 10.283968105745954, 10.283968105745954, 10.283968105745954, 10.283968105745954, 10.283968105745954, 10.283968105745954, 10.283968105745954, 10.283968105745954, 10.283968105745954, 10.283968105745954, 10.283968105745954, 10.283968105745954, 10.283968105745954, 10.283968105745954, 10.283968105745954, 10.283968105745954, 10.283968105745954, 10.283968105745954, 10.283968105745954, 10.283968105745954, 10.283968105745954, 10.283968105745954, 10.283968105745954, 10.283968105745954, 10.283968105745954, 10.283968105745954, 10.283968105745954, 10.283968105745954, 10.283968105745954, 10.283968105745954, 10.283968105745954, 10.283968105745954, 10.283968105745954, 10.283968105745954, 10.283968105745954, 10.283968105745954, 10.283968105745954, 10.283968105745954, 10.283968105745954, 10.283968105745954, 10.283968105745954, 10.283968105745954, 10.283968105745954, 10.283968105745954, 10.283968105745954, 10.283968105745954, 10.283968105745954, 10.283968105745954, 10.283968105745954, 10.283968105745954, 10.283968105745954, 10.283968105745954, 10.283968105745954, 10.283968105745954, 10.283968105745954, 10.283968105745954, 10.283968105745954, 10.283968105745954, 10.283968105745954, 10.283968105745954, 10.283968105745954, 10.283968105745954], "timestamps_eval": [86.85988855361938, 171.77563667297363, 256.18625664711, 341.0693039894104, 425.4978678226471, 510.35446548461914, 594.9762663841248, 679.5701529979706, 764.2617189884186, 849.1045880317688, 933.8630347251892, 1018.7206227779388, 1103.4870924949646, 1188.5893762111664, 1273.5909934043884, 1358.8065431118011, 1443.6740534305573, 1528.8489871025085, 1614.0404889583588, 1699.1077749729156, 1784.072375535965, 1869.3808596134186, 1954.437085390091, 2039.6970355510712, 2124.5955901145935, 2209.7711029052734, 2295.5335443019867, 2380.8213737010956, 2466.027184009552, 2551.1357247829437, 2636.0832135677338, 2721.26150226593, 2806.253271818161, 2891.2007019519806, 2976.249785900116, 3061.3306245803833, 3146.3878424167633, 3232.0866737365723, 3317.2018206119537, 3402.232791662216, 3487.156634092331, 3572.262939929962, 3658.079952478409, 3743.1548228263855, 3827.9993150234222, 3913.215405225754, 3998.4671573638916, 4083.365877866745, 4168.370405912399, 4253.402052640915, 4338.38080739975, 4423.450539112091, 4508.414096832275, 4593.502560138702, 4679.205512523651, 4764.309101104736, 4849.455496788025, 4934.330364704132, 5019.30299949646, 5104.153616428375, 5189.099060058594, 5273.890756607056, 5358.913039922714, 5443.786448478699, 5528.719351768494, 5614.005832910538, 5699.191303491592, 5784.038870096207, 5869.092102766037, 5954.004949569702, 6039.00087761879, 6123.916593074799, 6208.960000514984, 6293.980853319168, 6379.035751819611, 6463.85231423378, 6548.7945964336395, 6633.74977850914, 6718.58669757843, 6803.436563253403, 6888.315862417221, 6973.093838453293, 7057.953083753586, 7142.9779579639435, 7228.016631126404, 7312.873617649078, 7397.716177940369, 7482.834221363068, 7567.797660112381, 7652.8109130859375, 7737.72882270813, 7822.610591888428, 7907.52294588089, 7992.370831727982, 8077.374247550964, 8162.279975652695, 8247.254782915115, 8332.137609958649, 8416.959646463394, 8501.800510168076], "timesteps_eval": [8800, 17634, 26468, 35302, 44136, 52970, 61804, 70638, 79472, 88306, 97140, 105974, 114808, 123642, 132476, 141310, 150144, 158978, 167812, 176646, 185480, 194314, 203148, 211982, 220816, 229650, 238484, 247318, 256152, 264986, 273820, 282654, 291488, 300322, 309156, 317990, 326824, 335658, 344492, 353326, 362160, 370994, 379828, 388662, 397496, 406330, 415164, 423998, 432832, 441666, 450500, 459334, 468168, 477002, 485836, 494670, 503504, 512338, 521172, 530006, 538840, 547674, 556508, 565342, 574176, 583010, 591844, 600678, 609512, 618346, 627180, 636014, 644848, 653682, 662516, 671350, 680184, 689018, 697852, 706686, 715520, 724354, 733188, 742022, 750856, 759690, 768524, 777358, 786192, 795026, 803860, 812694, 821528, 830362, 839196, 848030, 856864, 865698, 874532, 883366],