{"gamma": 0.9, "learning_rate": -6, "clip": 0.3, "returns_eval": [0.0, 0.0, 0.0, 0.0, 0.0, 0.0, 0.0, 0.0, 0.0, 0.0, 0.0, 0.0, 5.5, 30.5, 30.5, 30.5, 30.5, 30.5, 30.5, 30.5, 30.5, 30.5, 30.5, 30.5, 30.5, 30.5, 30.5, 30.5, 30.5, 30.5, 30.5, 30.5, 30.5, 30.5, 30.5, 30.5, 30.5, 30.5, 30.5, 30.5, 30.5, 30.5, 30.5, 30.5, 30.5, 30.5, 30.5, 30.5, 30.5, 30.5, 30.5, 30.5, 30.5, 30.5, 30.5, 30.5, 30.5, 30.5, 30.5, 30.5, 30.5, 30.5, 30.5, 30.5, 30.5, 30.5, 30.5, 30.5, 30.5, 30.5, 30.5, 30.5, 30.5, 30.5, 30.5, 30.5, 30.5, 30.5, 30.5, 30.5, 30.5, 30.5, 30.5, 30.5, 30.5, 30.5, 30.5, 30.5, 30.5, 30.5, 30.5, 30.5, 30.5, 30.5, 30.5, 30.5, 30.5, 30.5, 30.5, 30.5], "std_returns_eval": [0.0, 0.0, 0.0, 0.0, 0.0, 0.0, 0.0, 0.0, 0.0, 0.0, 0.0, 0.0, 5.333854141237834, 23.55525419094432, 23.55525419094432, 23.55525419094432, 23.55525419094432, 23.55525419094432, 23.55525419094432, 23.55525419094432, 23.55525419094432, 23.55525419094432, 23.55525419094432, 23.55525419094432, 23.55525419094432, 23.55525419094432, 23.55525419094432, 23.55525419094432, 23.55525419094432, 23.55525419094432, 23.55525419094432, 23.55525419094432, 23.55525419094432, 23.55525419094432, 23.55525419094432, 23.55525419094432, 23.55525419094432, 23.55525419094432, 23.55525419094432, 23.55525419094432, 23.55525419094432, 23.55525419094432, 23.55525419094432, 23.55525419094432, 23.55525419094432, 23.55525419094432, 23.55525419094432, 23.55525419094432, 23.55525419094432, 23.55525419094432, 23.55525419094432, 23.55525419094432, 23.55525419094432, 23.55525419094432, 23.55525419094432, 23.55525419094432, 23.55525419094432, 23.55525419094432, 23.55525419094432, 23.55525419094432, 23.55525419094432, 23.55525419094432, 23.55525419094432, 23.55525419094432, 23.55525419094432, 23.55525419094432, 23.55525419094432, 23.55525419094432, 23.55525419094432, 23.55525419094432, 23.55525419094432, 23.55525419094432, 23.55525419094432, 23.55525419094432, 23.55525419094432, 23.55525419094432, 23.55525419094432, 23.55525419094432, 23.55525419094432, 23.55525419094432, 23.55525419094432, 23.55525419094432, 23.55525419094432, 23.55525419094432, 23.55525419094432, 23.55525419094432, 23.55525419094432, 23.55525419094432, 23.55525419094432, 23.55525419094432, 23.55525419094432, 23.55525419094432, 23.55525419094432, 23.55525419094432, 23.55525419094432, 23.55525419094432, 23.55525419094432, 23.55525419094432, 23.55525419094432, 23.55525419094432], "timestamps_eval": [87.68172693252563, 172.975679397583, 258.88170886039734, 343.9482982158661, 429.21991181373596, 514.4852869510651, 599.7375237941742, 684.9505183696747, 770.1895003318787, 855.3341047763824, 940.6716635227203, 1025.8372595310211, 1111.0938379764557, 1196.6581106185913, 1282.216745376587, 1367.756511926651, 1453.2675149440765, 1538.846668958664, 1624.1020290851593, 1709.3403735160828, 1794.6859138011932, 1880.3516454696655, 1965.6427109241486, 2050.919318675995, 2136.250991821289, 2221.6886076927185, 2307.053389310837, 2392.5845947265625, 2477.9872903823853, 2563.4434711933136, 2648.9573843479156, 2734.676007270813, 2820.1287972927094, 2905.5293765068054, 2991.6697595119476, 3077.079572200775, 3162.432366847992, 3247.9813706874847, 3333.320874452591, 3418.6536242961884, 3503.961743116379, 3589.3059883117676, 3674.543272256851, 3759.979556083679, 3845.308961868286, 3930.6264493465424, 4015.8923919200897, 4101.262786149979, 4186.5679750442505, 4271.908784151077, 4357.228719711304, 4442.653475522995, 4527.979950428009, 4613.263475418091, 4698.60737991333, 4784.022301673889, 4869.373474121094, 4954.658633470535, 5039.978977441788, 5125.29145693779, 5210.504518032074, 5296.215247154236, 5381.456153392792, 5466.65048956871, 5551.958512544632, 5637.185640335083, 5722.523447036743, 5807.968369007111, 5893.342448234558, 5978.749200820923, 6064.385644435883, 6149.745537996292, 6235.094110250473, 6320.509747266769, 6405.834183216095, 6491.873559713364, 6577.122066020966, 6662.383949041367, 6748.0977075099945, 6833.415542125702, 6918.709963560104, 7004.1416001319885, 7089.447863578796, 7174.9095821380615, 7260.222681283951, 7345.545764684677, 7431.104479789734, 7516.4682829380035, 7601.738521814346, 7687.07889342308, 7772.342537403107, 7857.515261888504, 7942.887734174728, 8028.126835346222, 8113.378147602081, 8198.86166357994, 8284.260810375214, 8369.716540575027, 8455.149656057358, 8540.457654953003], "timesteps_eval": [8804, 17635, 26466, 35297, 44128, 52959, 61790, 70621, 79452, 88283, 97114, 105945, 114776, 123607, 132438, 141269, 150100, 158931, 167762, 176593, 185424, 194255, 203086, 211917, 220748, 229579, 238410, 247241, 256072, 264903, 273734, 282565, 291396, 300227, 309058, 317889, 326720, 335551, 344382, 353213, 362044, 370875, 379706, 388537, 397368, 406199, 415030, 423861, 432692, 441523, 450354, 459185, 468016, 476847, 485678, 494509, 503340, 512171, 521002, 529833, 538664, 547495, 556326, 565157, 573988, 582819, 591650, 600481, 609312, 618143, 626974, 635805, 644636, 653467, 662298, 671129, 679960, 688791, 697622, 706453, 715284, 724115, 732946, 741777, 750608, 759439, 768270, 777101, 785932, 794763, 803594, 812425, 821256, 830087, 838918, 847749, 856580, 865411, 874242, 883073],