{"gamma": [0.95, 0.98, 0.99], "learning_rate": [-4, -4, -3], "returns_eval": [0.0, 0.0, 0.0, 0.0, 0.0, 0.0, 0.1, 0.0, 1.1, 0.1, 0.0, 0.0, 0.2, 5.9, 6.7, 14.4, 47.5, 44.6, 66.2, 93.8, 113.8, 103.5, 121.6, 125.0, 119.4, 132.7, 129.3, 133.2, 136.7, 143.9, 155.4, 148.4, 149.1, 141.1, 158.5, 158.2, 164.5, 156.1, 162.2, 160.2, 162.7, 158.2, 151.7, 177.7, 179.6, 158.2, 186.3, 183.9, 196.9, 151.6, 175.2, 184.6, 170.9, 171.3, 188.3, 208.7, 196.8, 188.6, 196.8, 177.6, 150.1, 126.5, 132.9, 122.7, 110.6, 105.2, 80.9, 82.6, 72.4, 75.1, 64.7, 54.0, 43.6, 28.3, 19.9, 26.1, 28.5, 25.3, 26.5, 29.2, 27.9, 20.6, 18.6, 13.2, 4.2, 5.8, 4.9, 1.6, 1.2, 0.3, 1.1, 2.0, 0.3, 1.2, 1.1, 2.8, 2.2, 1.7, 1.7, 3.1], "std_returns_eval": [0.0, 0.0, 0.0, 0.0, 0.0, 0.0, 0.30000000000000004, 0.0, 3.3000000000000003, 0.30000000000000004, 0.0, 0.0, 0.4000000000000001, 7.529276193632426, 8.9, 12.760877712759417, 25.326863208853954, 22.073513539987243, 30.12573650551966, 23.852882425400917, 19.249935064825547, 20.100995000248123, 14.291256067959877, 19.57549488518745, 9.079647570252934, 20.154652068443156, 11.567627241573788, 13.43726162579266, 11.234322409473569, 15.833192981834081, 26.56388525799643, 20.972362766269327, 23.441203040799763, 17.218884981322105, 43.562024746331524, 16.240689640529432, 11.473883387938018, 20.9926177500568, 16.515447314559783, 16.539649331228276, 14.601712228365548, 21.660101569475614, 16.9413694841946, 41.658252483751646, 58.41266985851614, 17.497428382479523, 40.88043541842479, 54.09519387154463, 57.14096604013621, 17.327434893832383, 16.922174801130026, 42.15969639359373, 18.212358441453976, 43.89088743691565, 42.759911131806625, 63.59253100797294, 61.155212369838104, 39.12595046768832, 68.28294076854043, 21.698847895683308, 15.546382215808281, 21.5974535536021, 20.007248686413632, 17.274547750954294, 10.190191362285598, 6.177378084592201, 14.229898102235307, 16.56019323558756, 24.536503418376462, 16.579806995257815, 27.749054037930737, 20.11964214393487, 24.86845391253747, 8.283115355951528, 9.9443451267542, 19.66443490161871, 25.76140524117425, 12.720455966670377, 13.713132391981054, 16.061133210331082, 13.034185820372517, 10.57544325312183, 12.539537471533787, 8.29216497665115, 4.019950248448357, 9.505787710652916, 8.287943049997388, 2.973213749463701, 2.5612496949731396, 0.9000000000000001, 1.6401219466856725, 4.266145801540309, 0.9000000000000001, 1.7204650534085253, 2.2113344387495983, 3.3704599092705436, 2.7856776554368237, 2.72213151776324, 1.8466185312619385, 2.5865034312755126], "timestamps_eval": [89.67824864387512, 177.48903393745422, 265.76139187812805, 353.3994402885437, 441.0232365131378, 529.114098072052, 617.0253615379333, 704.8347358703613, 793.3334627151489, 882.8840165138245, 973.3180737495422, 1062.5391612052917, 1151.5895216464996, 1240.5074331760406, 1330.0702641010284, 1419.2940709590912, 1508.7910974025726, 1598.2729134559631, 1687.5309703350067, 1777.0486779212952, 1867.1035227775574, 1956.490214586258, 2045.8366539478302, 2135.2849395275116, 2224.4996569156647, 2314.1485736370087, 2403.461155653, 2492.9783551692963, 2582.597881793976, 2672.1082348823547, 2761.7601523399353, 2851.2921862602234, 2940.7006084918976, 3030.2202055454254, 3134.018041372299, 3224.286481618881, 3313.7581028938293, 3403.1416664123535, 3492.526027202606, 3582.0785524845123, 3671.529544353485, 3761.153082847595, 3850.688943386078, 3954.2441279888153, 4057.7422184944153, 4147.392754793167, 4251.179132461548, 4355.322692155838, 4460.187149763107, 4549.651821613312, 4639.388883590698, 4743.6071672439575, 4833.534528970718, 4937.818098783493, 5041.315019130707, 5145.28241276741, 5253.136185407639, 5357.95737528801, 5462.023022174835, 5551.554715871811, 5641.235349178314, 5730.837416648865, 5820.519541025162, 5910.097343921661, 6000.3471002578735, 6089.966528892517, 6179.45027256012, 6268.930011510849, 6358.47155213356, 6448.101389408112, 6537.537817239761, 6626.760518074036, 6716.229742527008, 6806.238649845123, 6895.511380434036, 6984.928686618805, 7074.209148168564, 7163.533697605133, 7252.93133187294, 7342.24161696434, 7431.524716615677, 7520.917647123337, 7609.279356002808, 7697.856759309769, 7786.591952085495, 7874.80551981926, 7963.823751211166, 8052.8402779102325, 8141.459391117096, 8230.078278303146, 8317.790973424911, 8407.82512664795, 8496.874855518341, 8586.156198263168, 8676.506143331528, 8765.670446395874, 8854.914810657501, 8944.1170566082, 9033.999717950821, 9123.257226467133], "timesteps_eval": [8808, 17642, 26476, 35310, 44144, 52978, 61812, 70646, 79480, 88314, 97148, 105982, 114816, 123650, 132484, 141318, 150152, 158986, 167820, 176654, 185488, 194322, 203156, 211990, 220824, 229658, 238492, 247326, 256160, 264994, 273828, 282662, 291496, 300330, 309164, 317998, 326832, 335666, 344500, 353334, 362168, 371002, 379836, 388670, 397504, 406338, 415172, 424006, 432840, 441674, 450950, 459784, 468618, 477452, 486286, 495120, 503954, 512788, 521622, 530456, 539727, 548561, 557395, 566229, 575063, 583897, 592731, 601565, 610399, 619233, 628067, 636901, 645735, 654569, 663403, 672237, 681071, 689905, 698739, 707573, 716407, 725241, 734075, 742909, 751743, 760577, 769411, 778245, 787079, 795913, 804747, 813581, 822415, 831249, 840083, 848917, 857751, 866585, 875419, 884253],