{"gamma": [0.98, 0.99, 0.99], "learning_rate": [-3, -4, -4], "returns_eval": [1.3, 0.2, 0.1, 1.4, 0.7, 1.1, 1.2, 2.7, 5.7, 7.6, 4.6, 6.9, 6.9, 14.0, 12.9, 12.1, 18.8, 19.7, 20.3, 22.6, 14.1, 23.7, 31.0, 18.7, 15.0, 23.9, 17.1, 13.3, 12.8, 7.9, 10.2, 11.8, 13.1, 17.4, 17.7, 12.7, 13.8, 13.6, 14.7, 17.4, 17.3, 17.7, 17.8, 16.2, 18.1, 15.9, 21.8, 20.8, 20.5, 17.1, 24.0, 23.4, 22.5, 20.9, 21.1, 22.0, 30.2, 24.5, 27.6, 27.7, 24.6, 29.2, 26.5, 34.4, 30.4, 31.7, 29.9, 26.6, 29.1, 27.0, 28.1, 30.7, 32.2, 32.2, 31.5, 34.8, 33.6, 31.2, 39.5, 37.4, 38.6, 35.8, 37.1, 37.9, 41.4, 40.9, 41.8, 40.2, 40.2, 46.9, 42.2, 39.4, 44.7, 35.9, 45.8, 44.4, 42.8, 41.5, 45.1, 42.5], "std_returns_eval": [1.8466185312619388, 0.4000000000000001, 0.30000000000000004, 3.2310988842807022, 1.4866068747318504, 1.5132745950421556, 1.5362291495737217, 3.0016662039607267, 5.197114584074513, 5.219195340279955, 3.52703841770968, 6.284106937345991, 6.876772498781678, 8.012490249604053, 11.894956914591999, 6.7889616289974715, 13.302631318652711, 10.714942836991712, 13.791664149043072, 13.741906709041508, 8.10493676718085, 10.705606008068855, 7.886697661252142, 7.389857914736926, 6.557438524302, 10.338762014864255, 8.178630692236935, 9.497894503520241, 5.5641710972974225, 5.223983154643591, 3.54400902933387, 6.446704584514479, 6.122907805936653, 7.592101158440923, 8.050465825031493, 5.404627646748664, 5.758472019555187, 5.851495535331117, 6.050619802962338, 6.390618123468183, 5.197114584074513, 6.753517601961218, 5.095095681142799, 8.73842090998139, 6.315853069855251, 7.286288492778748, 7.318469785412795, 4.534313619501853, 6.637017402418047, 6.905794668247819, 10.927030703718188, 4.94368283772331, 4.8425200051213, 7.841555968046137, 7.660939890117922, 7.280109889280518, 7.984985911070851, 6.2809234989768825, 7.213875518748574, 7.335529974037323, 9.8812954616285, 4.28485705712571, 4.410215414239989, 6.902173570694959, 5.5533773507659285, 5.459853477887479, 5.08822169328342, 5.238320341483518, 5.485435260760991, 9.197825830053535, 5.889821729050889, 5.710516614107694, 8.704022058795578, 6.63023378170031, 8.80056816347672, 7.30479294709987, 7.08801805866774, 4.4, 7.419568720619818, 7.812809993849844, 7.977468270071651, 6.675327707311455, 7.892401408950257, 11.776671855834312, 8.754427451295715, 7.7517739905133975, 5.81033561853358, 12.913558765886343, 9.99799979995999, 15.332644912082195, 11.382442620105756, 10.061808982484214, 6.723838189605696, 8.642337646724988, 10.961751684835777, 14.291256067959877, 11.54816002660164, 8.393449827097319, 13.23971298782568, 10.763363786474933], "timestamps_eval": [88.89280343055725, 175.74679470062256, 262.7075664997101, 349.7774314880371, 436.61529088020325, 523.4865708351135, 610.3464732170105, 697.196995973587, 784.1969015598297, 871.3130621910095, 958.3290226459503, 1045.5895681381226, 1132.7192718982697, 1219.9725046157837, 1307.1590991020203, 1394.4751999378204, 1481.6654710769653, 1568.805720090866, 1655.9945986270905, 1743.3382596969604, 1830.4890151023865, 1917.7651271820068, 2004.9842782020569, 2092.4367303848267, 2179.757259130478, 2266.8418486118317, 2353.924899816513, 2441.0242648124695, 2528.4434049129486, 2615.6384675502777, 2702.928940296173, 2790.117530822754, 2878.3850927352905, 2965.5172638893127, 3052.849080324173, 3139.9765973091125, 3227.324681997299, 3314.720740556717, 3401.8540267944336, 3489.1993169784546, 3576.496418952942, 3664.2080755233765, 3751.6144490242004, 3838.9645631313324, 3926.565286397934, 4013.7818307876587, 4101.0019862651825, 4188.3108031749725, 4275.739918231964, 4362.983046531677, 4450.0627608299255, 4537.145558357239, 4624.435779571533, 4711.633863210678, 4798.662673711777, 4885.980480194092, 4973.19855260849, 5060.490342140198, 5147.595391988754, 5234.809921503067, 5322.142877101898, 5409.399036884308, 5496.692270040512, 5583.963761329651, 5671.286484479904, 5758.7370092868805, 5846.154824972153, 5933.52344083786, 6020.778111696243, 6108.0119507312775, 6195.166459798813, 6282.471324682236, 6369.791370868683, 6457.033795118332, 6544.234552145004, 6631.40696644783, 6719.2382555007935, 6806.420000553131, 6893.669813871384, 6980.983194828033, 7068.33793926239, 7156.269463062286, 7243.614040374756, 7330.842153787613, 7418.1232969760895, 7505.431755065918, 7592.72393321991, 7679.99126124382, 7767.137807130814, 7854.479385852814, 7942.076468467712, 8029.605773687363, 8116.969410419464, 8204.37174129486, 8291.756019353867, 8379.103209972382, 8466.671980142593, 8554.282459020615, 8641.784015655518, 8729.071197032928], "timesteps_eval": [8804, 17635, 26466, 35297, 44128, 52959, 61790, 70621, 79452, 88283, 97114, 105945, 114776, 123607, 132438, 141269, 150100, 158931, 167762, 176593, 185424, 194255, 203086, 211917, 220748, 229579, 238410, 247241, 256072, 264903, 273734, 282565, 291396, 300227, 309058, 317889, 326720, 335551, 344382, 353213, 362044, 370875, 379706, 388537, 397368, 406199, 415030, 423861, 432692, 441523, 450354, 459185, 468016, 476847, 485678, 494509, 503340, 512171, 521002, 529833, 538664, 547495, 556326, 565157, 573988, 582819, 591650, 600481, 609312, 618143, 626974, 635805, 644636, 653467, 662298, 671129, 679960, 688791, 697622, 706453, 715284, 724115, 732946, 741777, 750608, 759439, 768270, 777101, 785932, 794763, 803594, 812425, 821256, 830087, 838918, 847749, 856580, 865411, 874242, 883073],