{"gamma": [0.95, 0.99, 0.98], "learning_rate": [-4, -5, -3], "returns_eval": [4.5, 11.3, 3.9, 7.8, 10.1, 12.4, 15.4, 30.0, 28.5, 48.0, 61.6, 68.1, 79.7, 87.6, 98.6, 86.0, 117.6, 121.7, 129.5, 138.8, 142.5, 138.4, 152.5, 160.3, 162.0, 157.5, 205.4, 183.4, 198.8, 188.7, 219.1, 208.8, 239.1, 208.0, 211.1, 247.0, 232.1, 218.5, 185.4, 250.1, 215.5, 270.9, 246.7, 228.0, 220.5, 227.3, 250.0, 198.2, 285.5, 211.5, 216.6, 233.2, 266.3, 235.2, 253.5, 276.2, 237.6, 257.3, 275.0, 276.4, 150.8, 125.9, 98.1, 88.3, 93.6, 109.0, 109.0, 114.2, 115.3, 115.4, 108.3, 76.0, 69.6, 77.4, 71.5, 74.9, 53.4, 56.3, 54.0, 39.9, 38.1, 40.8, 24.6, 27.6, 11.9, 8.1, 6.8, 2.8, 3.6, 3.4, 0.8, 0.9, 3.6, 2.8, 2.2, 2.2, 5.8, 3.2, 2.9, 2.8], "std_returns_eval": [6.264982043070834, 15.244999180059015, 4.635730794599704, 8.340263784797218, 7.462573282722254, 9.156418513807678, 14.97464523786791, 22.552161758909055, 13.74227055475186, 16.1245154965971, 24.303086223770016, 27.53343422096125, 22.40557966221807, 22.97912095794789, 13.61763562443936, 17.216271373325874, 18.932511719262184, 16.970857373745147, 24.5, 13.6, 15.698726062964472, 16.94815624190431, 16.00781059358212, 21.185136298829896, 15.639693091617879, 12.241323457861899, 77.64174135089965, 50.56520542823889, 73.60679316476164, 55.68671295740125, 83.81700304830757, 81.89358949270694, 67.0349908629814, 80.86408349817613, 78.47987003047342, 88.62843787408192, 87.9368523430308, 71.03696220982425, 57.9675771444693, 90.3055369288063, 79.35521406939812, 91.94830069120364, 73.88376005591485, 84.57895719385526, 68.2044719941442, 70.28520470198546, 89.89327004843021, 44.877165685903115, 84.92967679203778, 64.49689915026923, 74.15955771173395, 76.89447314339309, 85.28077157249459, 83.09247860065314, 87.65072732156875, 89.84408717328036, 88.9384056524514, 84.8186889783142, 95.9135026990465, 96.01791499506746, 15.458331087151679, 13.011149065320865, 19.054920624342678, 17.504570831642802, 26.28763968103641, 15.773395322504284, 13.899640283115243, 14.133647795243801, 17.372679701185998, 22.0916273732833, 9.930256794262675, 18.76166303929372, 15.799999999999999, 13.95134402127623, 19.581879378650047, 20.437465596301315, 8.2365041127896, 16.38932579455299, 16.976454282328802, 14.439182802361081, 10.857716150277644, 17.6, 15.621779668142809, 12.25724275683565, 8.178630692236935, 4.72122865364515, 5.4, 3.0594117081556713, 4.694677837722201, 2.727636339397171, 1.4000000000000001, 1.1357816691600549, 1.6852299546352716, 2.2271057451320084, 1.7776388834631176, 1.98997487421324, 3.6000000000000005, 1.6, 1.9209372712298547, 1.3266499161421599], "timestamps_eval": [92.21707487106323, 180.93404841423035, 269.6270384788513, 358.1952233314514, 446.8948242664337, 535.4761698246002, 624.0816285610199, 712.658905506134, 801.2378668785095, 889.8137350082397, 978.394374370575, 1067.0083765983582, 1155.5529906749725, 1244.0452859401703, 1332.6247873306274, 1421.1366291046143, 1509.6135058403015, 1598.117689371109, 1686.578144311905, 1774.9635653495789, 1863.4758923053741, 1951.8349542617798, 2040.4481012821198, 2128.7611100673676, 2217.1598274707794, 2305.72588968277, 2408.7112381458282, 2511.579265832901, 2615.581531763077, 2718.5334146022797, 2824.35177898407, 2927.314349412918, 3030.5112669467926, 3132.9809131622314, 3235.971837043762, 3339.2563819885254, 3442.1424634456635, 3545.191137313843, 3649.3662037849426, 3766.244934797287, 3869.495149374008, 3986.714715242386, 4090.096321582794, 4192.630284309387, 4295.453732728958, 4398.240077495575, 4515.623709440231, 4618.480528831482, 4736.027574539185, 4839.399969339371, 4942.341114997864, 5044.980046987534, 5149.657556056976, 5266.569475412369, 5369.297681808472, 5486.414541244507, 5589.474672317505, 5706.9439125061035, 5809.973298788071, 5926.997398853302, 6016.011736631393, 6104.546355485916, 6192.907407999039, 6281.375143527985, 6369.779556512833, 6458.244138240814, 6546.691121339798, 6635.173894405365, 6723.616918563843, 6812.040328741074, 6900.446861982346, 6988.793092489243, 7077.165263175964, 7165.5788996219635, 7253.852987289429, 7342.072649240494, 7430.408652544022, 7518.760781526566, 7607.05780506134, 7695.399053096771, 7783.839474439621, 7872.290358543396, 7960.580921411514, 8048.360114574432, 8136.183950662613, 8223.881145477295, 8311.655204057693, 8399.336871623993, 8487.005023241043, 8574.66883611679, 8662.672076702118, 8750.336040019989, 8838.211510419846, 8925.885489463806, 9013.652284860611, 9101.228000164032, 9188.812492370605, 9276.627692461014, 9364.211588144302, 9451.998618364334], "timesteps_eval": [8804, 17635, 26466, 35297, 44128, 52959, 61790, 70621, 79452, 88283, 97114, 105945, 114776, 123607, 132438, 141269, 150100, 158931, 167762, 176593, 185424, 194255, 203086, 211917, 220748, 229579, 238410, 247241, 256072, 264903, 273734, 282565, 291396, 300227, 309058, 317889, 326720, 335992, 344823, 353654, 362485, 371316, 380147, 388978, 397809, 407082, 415913, 424744, 434014, 443284, 452553, 461825, 471973, 481246, 490077, 499350, 509059, 517890, 527604, 537316, 546586, 555417, 564248, 573079, 581910, 590741, 599572, 608403, 617234, 626065, 634896, 643727, 652558, 661389, 670220, 679051, 687882, 696713, 705544, 714375, 723206, 732037, 740868, 749699, 758530, 767361, 776192, 785023, 793854, 802685, 811516, 820347, 829178, 838009, 846840, 855671, 864502, 873333, 882164, 890995],