{"gamma": [0.99, 0.99, 0.98], "learning_rate": [-5, -5, -4], "returns_eval": [3.4, 9.5, 9.2, 7.6, 13.7, 16.7, 12.2, 12.2, 12.2, 12.2, 12.5, 19.6, 19.6, 19.6, 19.6, 19.6, 19.6, 19.6, 17.2, 12.2, 12.2, 12.2, 12.2, 12.2, 12.2, 25.7, 12.2, 19.0, 12.2, 12.2, 12.2, 12.2, 12.2, 12.2, 12.2, 12.2, 12.2, 25.6, 14.2, 30.5, 31.9, 16.7, 13.0, 14.3, 24.0, 29.9, 24.6, 29.7, 41.4, 49.9, 42.7, 46.7, 72.9, 69.1, 73.0, 77.8, 63.9, 68.0, 66.0, 53.5, 69.7, 55.2, 82.4, 87.6, 78.2, 67.9, 75.9, 88.3, 85.6, 87.9, 82.6, 87.8, 99.6, 111.3, 113.7, 118.8, 120.9, 124.8, 134.4, 128.0, 130.2, 143.2, 133.6, 133.7, 141.1, 157.2, 166.9, 183.6, 164.9, 166.0, 193.3, 239.5, 202.1, 257.2, 248.4, 261.7, 276.5, 288.0, 292.7, 269.8], "std_returns_eval": [2.3748684174075834, 7.242237223399963, 7.180529228406497, 5.257375771237966, 11.144954015158609, 11.419719786404569, 7.56042326857432, 7.56042326857432, 7.56042326857432, 7.56042326857432, 7.486654793697917, 9.8812954616285, 9.8812954616285, 9.8812954616285, 9.8812954616285, 9.8812954616285, 9.8812954616285, 9.8812954616285, 11.496086290559932, 7.56042326857432, 7.56042326857432, 7.56042326857432, 7.56042326857432, 7.56042326857432, 7.56042326857432, 15.855913723276876, 7.56042326857432, 8.933084573650918, 7.56042326857432, 7.56042326857432, 7.56042326857432, 7.56042326857432, 7.56042326857432, 7.56042326857432, 7.56042326857432, 7.56042326857432, 7.56042326857432, 15.402597183592123, 9.516301802696255, 23.55525419094432, 7.189575787207475, 10.247438704378768, 7.280109889280518, 8.149233092751734, 11.840608092492547, 16.33064603743526, 11.01998185116473, 10.872442227944925, 22.553048574416717, 12.445481107614924, 15.199013125857876, 8.820997676000147, 24.047661008921427, 23.496595498071628, 24.20743687382041, 20.33125672456083, 29.820965779129285, 26.157216977346806, 18.09419796509367, 21.374049686477292, 26.705991837039118, 15.879546593023367, 23.12660805219823, 18.5321342537766, 26.02998271224935, 23.334309503390067, 23.50935983815808, 21.577998053572994, 30.137020423392887, 23.287120904053385, 29.5540183393054, 17.330897264711947, 10.47091209016674, 12.759702190882043, 26.518107021429714, 13.052202879207785, 10.520931517693668, 18.00444389588304, 17.240649639732258, 11.661903789690601, 15.118200951171406, 13.731715115017499, 13.462540622037135, 9.839207285142438, 14.761097520171052, 17.075128110793198, 59.51041925579083, 65.14783189024789, 23.101731536835068, 52.3316347919688, 67.18935927659975, 82.47939136535865, 64.4786011014507, 88.4701079461306, 89.10914655634403, 112.56025053277023, 98.58828530814398, 94.92418027036103, 90.5649490697146, 74.91301622548649], "timestamps_eval": [88.21834111213684, 174.15538215637207, 260.07012486457825, 346.0040216445923, 431.968857049942, 518.0572338104248, 604.1326820850372, 690.0419561862946, 776.0387365818024, 862.0299379825592, 948.1325943470001, 1034.1836745738983, 1120.3303105831146, 1206.296450138092, 1292.4376347064972, 1378.682787179947, 1464.7242584228516, 1550.8820550441742, 1636.9972219467163, 1723.16069149971, 1809.2076914310455, 1895.3192689418793, 1981.3378839492798, 2067.2838320732117, 2153.308431625366, 2239.3046650886536, 2325.3737502098083, 2411.441620826721, 2497.5207829475403, 2583.5924546718597, 2669.670601606369, 2755.6178805828094, 2841.843912601471, 2928.131390094757, 3014.1803398132324, 3100.227867603302, 3186.226489543915, 3272.107932806015, 3358.2660641670227, 3444.362952709198, 3530.367033958435, 3617.0577137470245, 3702.9710187911987, 3789.0520071983337, 3874.955211162567, 3960.9704763889313, 4047.011528968811, 4133.040903806686, 4219.121075153351, 4305.183970689774, 4391.208628177643, 4477.185714006424, 4563.165006160736, 4649.116315841675, 4735.155607700348, 4821.156629323959, 4907.182957649231, 4993.225380182266, 5079.2218978405, 5165.392429113388, 5251.400892972946, 5337.609806776047, 5423.960310935974, 5510.002742290497, 5596.081704378128, 5682.281670093536, 5768.307384490967, 5854.274697065353, 5940.359847307205, 6026.415197134018, 6112.501212835312, 6198.42870926857, 6284.511199235916, 6370.653556108475, 6456.662371397018, 6542.786292552948, 6628.772662401199, 6715.638095140457, 6801.739408016205, 6888.527090787888, 6974.634716033936, 7061.792179346085, 7147.900788068771, 7234.769574165344, 7320.886524677277, 7406.981028795242, 7507.241851091385, 7608.791560649872, 7694.976379156113, 7795.144118070602, 7895.56099653244, 7995.913382530212, 8097.594952821732, 8197.962731838226, 8312.432852983475, 8426.755177259445, 8541.225200653076, 8657.373193025589, 8771.595838785172, 8886.356834888458], "timesteps_eval": [8805, 17638, 26471, 35304, 44137, 52970, 61803, 70636, 79469, 88302, 97135, 105968, 114801, 123634, 132467, 141300, 150133, 158966, 167799, 176632, 185465, 194298, 203131, 211964, 220797, 229630, 238463, 247296, 256129, 264962, 273795, 282628, 291461, 300294, 309127, 317960, 326793, 335626, 344459, 353292, 362125, 370958, 379791, 388624, 397457, 406290, 415123, 423956, 432789, 441622, 450455, 459288, 468121, 476954, 485787, 494620, 503453, 512286, 521119, 529952, 538785, 547618, 556451, 565284, 574117, 582950, 591783, 600616, 609449, 618282, 627115, 635948, 644781, 653614, 662447, 671280, 680113, 688946, 697779, 706612, 715445, 724278, 733111, 741944, 750777, 759610, 768443, 777276, 786109, 794942, 803775, 812608, 821441, 830274, 839107, 847940, 856773, 866045, 875757, 885029],