{"gamma": 0.95, "learning_rate": -5, "clip": 0.3, "returns_eval": [0.0, 0.0, 0.0, 0.0, 3.2, 8.6, 0.0, 24.7, 16.2, 23.5, 20.6, 28.5, 30.5, 30.5, 30.5, 30.5, 30.5, 30.5, 30.5, 30.5, 30.5, 30.5, 30.5, 30.5, 30.5, 30.5, 30.5, 30.5, 30.5, 30.5, 31.3, 29.9, 45.9, 40.9, 60.6, 57.3, 77.8, 71.5, 70.8, 77.1, 66.0, 76.7, 81.3, 81.3, 75.2, 84.2, 89.2, 84.3, 70.4, 96.4, 86.6, 76.6, 76.5, 77.8, 90.9, 84.1, 93.7, 78.1, 69.9, 69.7, 57.5, 73.1, 91.8, 79.0, 92.9, 77.9, 85.5, 98.4, 97.1, 86.3, 86.6, 91.5, 86.9, 83.6, 88.5, 91.1, 94.8, 86.6, 90.8, 97.1, 89.2, 85.9, 91.1, 91.8, 92.9, 88.7, 95.0, 85.3, 79.4, 93.7, 97.4, 102.3, 92.2, 74.7, 80.9, 73.5, 94.8, 100.2, 85.2, 83.6], "std_returns_eval": [0.0, 0.0, 0.0, 0.0, 3.026549190084311, 6.931089380465383, 0.0, 12.215154522149934, 8.133879763065101, 15.305227865013967, 9.728309205612248, 16.62077013859466, 23.55525419094432, 23.55525419094432, 23.55525419094432, 23.55525419094432, 23.55525419094432, 23.55525419094432, 23.55525419094432, 23.55525419094432, 23.55525419094432, 23.55525419094432, 23.55525419094432, 23.55525419094432, 23.55525419094432, 23.55525419094432, 23.55525419094432, 23.55525419094432, 23.55525419094432, 23.55525419094432, 23.268218668389725, 12.226610323388899, 16.145897311701198, 17.688696955965977, 22.566346625007778, 21.47114342553745, 23.33152373935316, 30.137186331839274, 28.138230221533124, 23.282826288919477, 23.924882444852262, 23.541665191740368, 24.364112953276177, 27.177380300536694, 19.767650340897877, 23.646564232463035, 19.918835307316538, 23.511911874622193, 23.397435756937128, 12.792185114357906, 19.885673234768795, 25.306916050755767, 37.9321763151022, 23.185340195908278, 19.720294115453754, 22.64707486630448, 22.16776939613005, 26.64000750750645, 25.63766760062233, 27.982315844118407, 22.747527338152604, 19.603316046016296, 22.846443924602358, 17.75387281693772, 19.05492062434268, 30.70651396690937, 18.15626613596529, 8.685620300243386, 23.598516902551314, 18.80452073305778, 20.150434238497194, 17.783419243778738, 25.520384009650012, 25.15631133532895, 27.961580785070076, 20.452139252410735, 30.857089947044585, 30.71872393183024, 27.491089465497726, 27.51163390276921, 25.972292929196684, 23.325736858671796, 19.735501007068454, 18.312837027615355, 21.097156206465364, 24.099999999999998, 12.593649193144932, 22.316137658654107, 23.130931671681537, 24.265407476488008, 16.396341055247664, 15.330035877322661, 21.273457640919588, 26.806902096288557, 24.849346067854583, 22.63294059551255, 12.163880959627976, 14.783774890061062, 24.567458150976872, 32.39197431463541], "timestamps_eval": [87.88689875602722, 174.17984771728516, 259.8239562511444, 345.4737606048584, 431.3192925453186, 517.2322177886963, 603.1096289157867, 688.8976316452026, 774.8176271915436, 860.7313690185547, 946.8242757320404, 1032.6542534828186, 1118.639232158661, 1204.6998238563538, 1290.804119348526, 1376.844910144806, 1462.8900783061981, 1548.8411400318146, 1634.8145468235016, 1720.9251959323883, 1806.9453220367432, 1892.9988059997559, 1979.0110881328583, 2065.219096660614, 2151.223062992096, 2237.2382912635803, 2323.299327135086, 2409.320018053055, 2495.413447856903, 2581.295928001404, 2667.17125749588, 2753.100166320801, 2840.257699251175, 2926.290468931198, 3012.0903635025024, 3098.0506608486176, 3184.0097732543945, 3269.9259283542633, 3355.810554265976, 3441.7194168567657, 3527.760664463043, 3613.658284187317, 3699.7284846305847, 3785.7087001800537, 3871.677132844925, 3957.539775133133, 4043.5226633548737, 4129.4428815841675, 4215.5355842113495, 4301.633136510849, 4387.811151027679, 4473.940689563751, 4560.048414230347, 4646.095686912537, 4731.936223983765, 4817.844989061356, 4903.779365301132, 4990.028974056244, 5075.91160941124, 5161.868594884872, 5247.838290214539, 5333.923037528992, 5420.0146951675415, 5506.14649438858, 5592.166761159897, 5678.213882446289, 5764.219396114349, 5850.182144165039, 5936.240744829178, 6022.386370420456, 6108.377685546875, 6194.320840835571, 6280.385090827942, 6366.649588346481, 6452.684081077576, 6538.717678070068, 6624.737255096436, 6710.733147859573, 6796.709519147873, 6882.649729728699, 6968.689615011215, 7054.93580198288, 7141.175263404846, 7227.138003349304, 7313.246126651764, 7399.372355937958, 7485.2992906570435, 7571.286944389343, 7657.319913387299, 7743.447900056839, 7829.5427367687225, 7915.690841913223, 8001.813998699188, 8087.750953197479, 8173.724405288696, 8259.657314300537, 8345.600558757782, 8431.590300798416, 8517.63703250885, 8603.686047315598], "timesteps_eval": [8804, 17635, 26466, 35297, 44128, 52959, 61790, 70621, 79452, 88283, 97114, 105945, 114776, 123607, 132438, 141269, 150100, 158931, 167762, 176593, 185424, 194255, 203086, 211917, 220748, 229579, 238410, 247241, 256072, 264903, 273734, 282565, 291396, 300227, 309058, 317889, 326720, 335551, 344382, 353213, 362044, 370875, 379706, 388537, 397368, 406199, 415030, 423861, 432692, 441523, 450354, 459185, 468016, 476847, 485678, 494509, 503340, 512171, 521002, 529833, 538664, 547495, 556326, 565157, 573988, 582819, 591650, 600481, 609312, 618143, 626974, 635805, 644636, 653467, 662298, 671129, 679960, 688791, 697622, 706453, 715284, 724115, 732946, 741777, 750608, 759439, 768270, 777101, 785932, 794763, 803594, 812425, 821256, 830087, 838918, 847749, 856580, 865411, 874242, 883073],