{"gamma": [0.98, 0.95, 0.98], "learning_rate": [-4, -3, -5], "returns_eval": [1.8, 7.4, 0.8, 2.0, 3.2, 0.6, 3.6, 2.8, 3.8, 4.3, 23.6, 19.6, 40.7, 54.6, 62.0, 68.8, 75.9, 95.0, 95.0, 102.4, 116.1, 106.6, 120.5, 112.5, 108.9, 113.0, 114.6, 124.9, 124.8, 139.5, 120.6, 108.1, 121.8, 130.7, 129.9, 121.6, 122.1, 121.3, 113.9, 112.2, 105.6, 114.6, 105.8, 102.2, 111.9, 101.3, 104.7, 100.3, 87.0, 94.3, 84.0, 67.9, 62.0, 62.2, 56.0, 62.9, 78.9, 66.6, 70.3, 64.6, 68.1, 84.1, 98.9, 96.3, 94.5, 91.3, 93.5, 100.6, 100.5, 100.3, 104.1, 96.8, 103.4, 112.5, 100.0, 109.2, 105.5, 110.4, 110.1, 90.8, 102.0, 103.1, 93.5, 104.0, 98.6, 102.2, 103.3, 106.1, 103.5, 105.9, 107.6, 103.2, 101.7, 107.9, 104.4, 103.4, 106.8, 109.9, 109.0, 109.0], "std_returns_eval": [2.2715633383201097, 6.6663333249995835, 1.6000000000000003, 3.1937438845342623, 2.9933259094191533, 1.2, 4.963869458396343, 3.3704599092705436, 3.994996871087636, 3.551056180912941, 15.994999218505765, 11.79152237838694, 23.061006049173137, 27.521627858831316, 32.22111109195336, 23.70147674724088, 26.37593600234881, 21.475567512873788, 17.070442290696512, 13.055267136294072, 10.387011119662866, 21.331666601557412, 8.163945124754331, 12.159358535712318, 17.276863141207087, 13.076696830622021, 14.847221962373972, 8.63075894692929, 13.89820132247335, 16.560495161679196, 13.462540622037135, 14.194717327231283, 16.054905792311583, 18.894708253900085, 12.275585525749882, 19.24681791881453, 17.88546896226096, 21.5176671598015, 16.6520269036535, 14.140721339450826, 13.595587519485871, 26.023835228497738, 13.746272221951665, 23.033888078220752, 10.811567878897122, 8.000624975587845, 13.748090776540574, 19.78913843501025, 25.353500744473138, 19.75373382426725, 24.40491753725056, 21.063950246807934, 18.335757415498275, 22.981731875557163, 10.237187113655782, 21.454370184183922, 23.687338389950018, 23.85036687348855, 21.503720608304043, 17.165080832900262, 22.744010200490152, 24.78083937238608, 13.924438947404667, 13.122880781291887, 12.126417442921879, 25.803294363317256, 18.172781845386247, 19.147845831842286, 14.044571905188139, 13.153326575433304, 13.041855696180662, 20.133554082675023, 9.748846085563152, 8.891006692158093, 19.068298298484844, 10.264501936285072, 10.288342918079666, 10.910545357588685, 11.527792503337317, 12.789057822998535, 4.8373546489791295, 13.960300856356929, 13.44804818551748, 10.853570840972107, 16.156732342896568, 7.45385806143369, 8.614522621712709, 12.037026210821343, 9.5, 12.070211265756702, 8.97997772825746, 8.255906976220118, 8.672369918309528, 8.83685464404615, 5.4808758424178885, 4.17612260356422, 7.704544113703289, 10.6061303028013, 8.79772697916911, 7.042726744663604], "timestamps_eval": [88.56556534767151, 174.27110695838928, 259.71419405937195, 345.3681869506836, 430.925164937973, 516.6012647151947, 602.1491093635559, 687.900383234024, 773.713397026062, 859.5582346916199, 945.3920323848724, 1031.535471200943, 1117.2194304466248, 1203.0120487213135, 1288.6289687156677, 1374.5599937438965, 1460.446682691574, 1546.3723998069763, 1632.1881651878357, 1718.2306561470032, 1804.2699236869812, 1890.1996619701385, 1975.939769268036, 2062.079710006714, 2147.931873559952, 2233.862887620926, 2319.7071096897125, 2405.714292526245, 2491.677128791809, 2577.6573984622955, 2663.482349872589, 2749.4072670936584, 2835.12988114357, 2921.058245897293, 3006.740611076355, 3092.567018032074, 3178.2972643375397, 3264.126651763916, 3349.877687931061, 3435.812443971634, 3521.378429174423, 3607.1543049812317, 3692.819640159607, 3778.705808877945, 3864.279060125351, 3950.1267569065094, 4035.7518796920776, 4121.476310968399, 4207.0309274196625, 4292.896750450134, 4378.447448015213, 4464.340384721756, 4550.006932735443, 4635.84156703949, 4721.4624280929565, 4807.178641796112, 4892.74204993248, 4978.530818939209, 5064.8781707286835, 5150.533755064011, 5236.954771757126, 5322.65181517601, 5408.313378572464, 5494.002577781677, 5579.669154405594, 5665.391626119614, 5750.992006063461, 5836.926968574524, 5922.541831254959, 6008.323521852493, 6093.918270111084, 6179.737419128418, 6265.248582839966, 6350.973880767822, 6436.522932052612, 6523.079507827759, 6608.711959838867, 6694.505578041077, 6780.120242595673, 6866.688686609268, 6952.313835859299, 7038.01203751564, 7123.621129274368, 7210.284796714783, 7295.8874604702, 7381.451064348221, 7467.145357608795, 7553.159410476685, 7638.774417877197, 7724.5710191726685, 7810.196431159973, 7896.04833984375, 7981.713116168976, 8067.534553289413, 8153.1280789375305, 8238.884659528732, 8324.472492933273, 8410.30392074585, 8495.894093513489, 8581.63194990158], "timesteps_eval": [8805, 17638, 26471, 35304, 44137, 52970, 61803, 70636, 79469, 88302, 97135, 105968, 114801, 123634, 132467, 141300, 150133, 158966, 167799, 176632, 185465, 194298, 203131, 211964, 220797, 229630, 238463, 247296, 256129, 264962, 273795, 282628, 291461, 300294, 309127, 317960, 326793, 335626, 344459, 353292, 362125, 370958, 379791, 388624, 397457, 406290, 415123, 423956, 432789, 441622, 450455, 459288, 468121, 476954, 485787, 494620, 503453, 512286, 521119, 529952, 538785, 547618, 556451, 565284, 574117, 582950, 591783, 600616, 609449, 618282, 627115, 635948, 644781, 653614, 662447, 671280, 680113, 688946, 697779, 706612, 715445, 724278, 733111, 741944, 750777, 759610, 768443, 777276, 786109, 794942, 803775, 812608, 821441, 830274, 839107, 847940, 856773, 865606, 874439, 883272],