{"gamma": 0.95, "learning_rate": -1, "clip": 0.4, "returns_eval": [0.0, 0.0, 0.0, 0.0, 0.0, 31.5, 31.5, 31.5, 31.5, 31.5, 31.5, 31.5, 31.5, 31.5, 31.5, 31.5, 31.5, 31.5, 31.5, 31.5, 31.5, 31.5, 31.5, 31.5, 31.5, 31.5, 31.5, 31.5, 31.5, 31.5, 31.5, 31.5, 31.5, 31.5, 31.5, 31.5, 31.5, 31.5, 31.5, 31.5, 31.5, 31.5, 31.5, 31.5, 31.5, 31.5, 31.5, 31.5, 31.5, 31.5, 31.5, 31.5, 31.5, 31.5, 31.5, 31.5, 31.5, 31.5, 31.5, 31.5, 31.5, 31.5, 31.5, 31.5, 31.5, 31.5, 31.5, 31.5, 31.5, 31.5, 31.5, 31.5, 31.5, 31.5, 31.5, 31.5, 31.5, 31.5, 31.5, 31.5, 31.5, 31.5, 31.5, 31.5, 31.5, 31.5, 31.5, 31.5, 31.5, 31.5, 31.5, 31.5, 31.5, 31.5, 31.5, 31.5, 31.5, 31.5, 31.5, 31.5], "std_returns_eval": [0.0, 0.0, 0.0, 0.0, 0.0, 23.64000846023537, 23.64000846023537, 23.64000846023537, 23.64000846023537, 23.64000846023537, 23.64000846023537, 23.64000846023537, 23.64000846023537, 23.64000846023537, 23.64000846023537, 23.64000846023537, 23.64000846023537, 23.64000846023537, 23.64000846023537, 23.64000846023537, 23.64000846023537, 23.64000846023537, 23.64000846023537, 23.64000846023537, 23.64000846023537, 23.64000846023537, 23.64000846023537, 23.64000846023537, 23.64000846023537, 23.64000846023537, 23.64000846023537, 23.64000846023537, 23.64000846023537, 23.64000846023537, 23.64000846023537, 23.64000846023537, 23.64000846023537, 23.64000846023537, 23.64000846023537, 23.64000846023537, 23.64000846023537, 23.64000846023537, 23.64000846023537, 23.64000846023537, 23.64000846023537, 23.64000846023537, 23.64000846023537, 23.64000846023537, 23.64000846023537, 23.64000846023537, 23.64000846023537, 23.64000846023537, 23.64000846023537, 23.64000846023537, 23.64000846023537, 23.64000846023537, 23.64000846023537, 23.64000846023537, 23.64000846023537, 23.64000846023537, 23.64000846023537, 23.64000846023537, 23.64000846023537, 23.64000846023537, 23.64000846023537, 23.64000846023537, 23.64000846023537, 23.64000846023537, 23.64000846023537, 23.64000846023537, 23.64000846023537, 23.64000846023537, 23.64000846023537, 23.64000846023537, 23.64000846023537, 23.64000846023537, 23.64000846023537, 23.64000846023537, 23.64000846023537, 23.64000846023537, 23.64000846023537, 23.64000846023537, 23.64000846023537, 23.64000846023537, 23.64000846023537, 23.64000846023537, 23.64000846023537, 23.64000846023537, 23.64000846023537, 23.64000846023537, 23.64000846023537, 23.64000846023537, 23.64000846023537, 23.64000846023537, 23.64000846023537, 23.64000846023537, 23.64000846023537, 23.64000846023537, 23.64000846023537, 23.64000846023537], "timestamps_eval": [88.16787695884705, 173.64088249206543, 259.0007517337799, 344.7489159107208, 430.2547187805176, 516.1003994941711, 601.8724131584167, 687.5192511081696, 773.1444091796875, 858.908456325531, 944.7453944683075, 1030.4406909942627, 1116.1310060024261, 1201.9055800437927, 1287.5684015750885, 1373.110890865326, 1458.830046415329, 1544.4337792396545, 1630.118390083313, 1715.7908091545105, 1801.3537588119507, 1887.0950329303741, 1972.7109293937683, 2058.4160537719727, 2143.9544785022736, 2230.3121168613434, 2315.8933000564575, 2401.415423631668, 2486.9965348243713, 2572.5830059051514, 2658.1082015037537, 2743.598130941391, 2829.1436080932617, 2914.777708053589, 3000.3606576919556, 3085.9766528606415, 3171.683497428894, 3257.122052669525, 3342.6508300304413, 3428.36470580101, 3514.0082292556763, 3599.66380238533, 3685.25502038002, 3770.9813635349274, 3856.5587759017944, 3942.21995472908, 4027.942712545395, 4113.559800863266, 4199.1757044792175, 4284.818886518478, 4370.4175317287445, 4456.014813184738, 4541.655759334564, 4627.164530992508, 4712.759092569351, 4798.381052017212, 4883.947880029678, 4969.44983458519, 5055.049870252609, 5140.524909257889, 5226.022216796875, 5311.505806922913, 5397.148572444916, 5482.678475141525, 5568.284424543381, 5653.993303060532, 5739.638184785843, 5825.234850406647, 5910.830102920532, 5996.498651504517, 6082.11306142807, 6167.80818939209, 6253.3912563323975, 6338.958928346634, 6424.482514381409, 6510.059161186218, 6595.5401446819305, 6681.041473865509, 6766.533835411072, 6852.046077251434, 6937.5432641506195, 7023.0243101119995, 7108.578563928604, 7194.116211414337, 7279.7175006866455, 7365.3224401474, 7450.83841252327, 7536.316466808319, 7622.030746221542, 7707.760045051575, 7793.239200115204, 7878.750597000122, 7964.516453742981, 8050.043605804443, 8135.752155780792, 8221.33431816101, 8306.871237277985, 8392.483498811722, 8477.952676296234, 8563.723170042038], "timesteps_eval": [8805, 17638, 26471, 35304, 44137, 52970, 61803, 70636, 79469, 88302, 97135, 105968, 114801, 123634, 132467, 141300, 150133, 158966, 167799, 176632, 185465, 194298, 203131, 211964, 220797, 229630, 238463, 247296, 256129, 264962, 273795, 282628, 291461, 300294, 309127, 317960, 326793, 335626, 344459, 353292, 362125, 370958, 379791, 388624, 397457, 406290, 415123, 423956, 432789, 441622, 450455, 459288, 468121, 476954, 485787, 494620, 503453, 512286, 521119, 529952, 538785, 547618, 556451, 565284, 574117, 582950, 591783, 600616, 609449, 618282, 627115, 635948, 644781, 653614, 662447, 671280, 680113, 688946, 697779, 706612, 715445, 724278, 733111, 741944, 750777, 759610, 768443, 777276, 786109, 794942, 803775, 812608, 821441, 830274, 839107, 847940, 856773, 865606, 874439, 883272],