{"gamma": [0.99, 0.98, 0.99], "learning_rate": [-3, -5, -3], "returns_eval": [0.4, 0.0, 0.0, 0.0, 0.1, 0.0, 1.5, 0.5, 1.5, 0.2, 0.9, 2.0, 1.6, 3.3, 4.8, 1.6, 3.7, 6.0, 9.2, 10.2, 7.1, 9.7, 11.1, 12.9, 6.4, 6.1, 9.4, 7.6, 11.0, 7.8, 5.4, 6.4, 7.7, 7.5, 8.6, 9.5, 11.1, 8.3, 11.8, 15.1, 20.9, 18.7, 16.1, 12.9, 19.9, 21.5, 21.3, 23.9, 23.8, 31.1, 27.2, 32.0, 25.1, 40.8, 42.1, 37.0, 39.4, 46.1, 40.8, 60.1, 38.6, 18.5, 6.3, 3.8, 2.1, 1.8, 0.8, 1.2, 0.8, 2.1, 1.3, 1.3, 2.0, 2.0, 3.6, 3.5, 1.4, 1.1, 1.6, 3.0, 2.9, 3.8, 4.2, 3.3, 2.8, 2.9, 1.7, 2.4, 2.2, 3.0, 1.9, 6.0, 3.9, 3.9, 4.3, 3.9, 3.7, 3.8, 4.3, 4.0], "std_returns_eval": [0.9165151389911681, 0.0, 0.0, 0.0, 0.30000000000000004, 0.0, 3.2015621187164243, 1.02469507659596, 1.857417562100671, 0.4000000000000001, 2.118962010041709, 3.794733192202055, 3.2619012860600183, 3.4942810419312296, 5.81033561853358, 2.0591260281974, 2.451530134426253, 5.440588203494177, 3.682390527904394, 10.759182125050211, 6.410148204214938, 6.664082832618454, 6.456779382943171, 7.555792479945436, 5.257375771237966, 5.52177507691141, 8.627861844049198, 5.3516352641038605, 8.62554346113913, 4.237924020083418, 3.5832945734337835, 3.411744421846396, 5.586591089385369, 4.801041553663121, 5.8, 6.48459713474939, 6.378871373526825, 3.6891733491393435, 8.829496021857645, 9.396275858019495, 14.895972610071489, 6.738694235532579, 7.51598296964542, 6.876772498781678, 11.076551810017412, 11.800423721205947, 8.556284240252891, 12.778497564267875, 6.2257529665093525, 20.515603817582363, 14.770240350109406, 17.52141546793523, 12.226610323388899, 16.666133324799727, 26.7112335918804, 20.961870145576228, 15.18025032731674, 20.84442371474923, 18.153787483607932, 24.492651959312205, 17.44820907715173, 7.6583287994183165, 6.16522505671934, 2.5612496949731396, 2.1656407827707715, 0.9797958971132712, 0.8717797887081347, 2.1354156504062622, 1.469693845669907, 3.3301651610693423, 2.193171219946131, 2.41039415863879, 2.8284271247461903, 2.1447610589527217, 2.5377155080899043, 2.9410882339705484, 2.1540659228538015, 1.6401219466856727, 1.9595917942265426, 1.7888543819998317, 2.0712315177207983, 2.6758176320519302, 3.1874754901018454, 2.968164415931166, 2.3579652245103193, 2.808914381037628, 1.9, 2.0591260281974, 4.019950248448357, 3.63318042491699, 2.0223748416156684, 5.118593556827891, 3.176476034853718, 3.080584360149872, 2.8653097563788807, 2.7367864366808017, 3.7429934544425802, 2.6758176320519302, 1.676305461424021, 2.1908902300206643], "timestamps_eval": [88.57109260559082, 175.17588710784912, 261.62628412246704, 348.24070858955383, 434.8065559864044, 521.4484865665436, 608.1403086185455, 695.0201587677002, 781.9123907089233, 868.9148018360138, 955.9793472290039, 1042.7815017700195, 1129.7329738140106, 1216.733915567398, 1303.6776020526886, 1390.7850017547607, 1477.831191778183, 1565.8024108409882, 1652.9350242614746, 1739.9908661842346, 1827.1165223121643, 1914.2886323928833, 2001.4277620315552, 2088.5163145065308, 2175.601915359497, 2262.645008087158, 2349.7073669433594, 2436.7562499046326, 2524.003163576126, 2611.6917703151703, 2698.678585290909, 2785.656775712967, 2872.762101173401, 2959.768533706665, 3046.9151422977448, 3133.9889192581177, 3220.9574110507965, 3308.0210223197937, 3395.137992620468, 3482.379839658737, 3569.418298482895, 3656.4776196479797, 3743.6165001392365, 3830.7289564609528, 3917.8362448215485, 4005.0893268585205, 4094.7054708004, 4181.793650865555, 4268.919174194336, 4356.091859579086, 4443.128260135651, 4530.178134441376, 4617.621106863022, 4704.749933719635, 4791.872132301331, 4879.011732578278, 4966.283194541931, 5053.648718833923, 5140.934510707855, 5228.16531252861, 5315.36284160614, 5402.476030826569, 5489.708547830582, 5577.51194524765, 5664.670570850372, 5751.753003358841, 5838.934090137482, 5925.974682331085, 6013.230146408081, 6100.55780673027, 6187.786594390869, 6274.9724588394165, 6362.25527215004, 6449.575648784637, 6536.972973108292, 6624.399658203125, 6711.67989563942, 6798.902883529663, 6886.169571399689, 6973.306093454361, 7060.516341209412, 7147.750871419907, 7235.007163524628, 7322.1103591918945, 7409.423956155777, 7496.613241195679, 7583.777722120285, 7670.953289985657, 7757.994530439377, 7845.158983945847, 7932.318075895309, 8019.614698886871, 8106.84850025177, 8193.933175563812, 8281.084028720856, 8368.146982908249, 8455.271316766739, 8542.30277967453, 8629.43740940094, 8716.41515994072], "timesteps_eval": [8804, 17635, 26466, 35297, 44128, 52959, 61790, 70621, 79452, 88283, 97114, 105945, 114776, 123607, 132438, 141269, 150100, 158931, 167762, 176593, 185424, 194255, 203086, 211917, 220748, 229579, 238410, 247241, 256072, 264903, 273734, 282565, 291396, 300227, 309058, 317889, 326720, 335551, 344382, 353213, 362044, 370875, 379706, 388537, 397368, 406199, 415030, 423861, 432692, 441523, 450354, 459185, 468016, 476847, 485678, 494509, 503340, 512171, 521002, 529833, 538664, 547495, 556326, 565157, 573988, 582819, 591650, 600481, 609312, 618143, 626974, 635805, 644636, 653467, 662298, 671129, 679960, 688791, 697622, 706453, 715284, 724115, 732946, 741777, 750608, 759439, 768270, 777101, 785932, 794763, 803594, 812425, 821256, 830087, 838918, 847749, 856580, 865411, 874242, 883073],