{"gamma": [0.98, 0.98, 0.99], "learning_rate": [-3, -4, -5], "returns_eval": [0.0, 0.0, 0.0, 0.2, 0.4, 0.7, 3.9, 7.7, 9.7, 7.4, 6.7, 8.1, 9.6, 9.9, 12.7, 11.5, 21.6, 14.5, 14.6, 13.4, 9.2, 12.4, 10.2, 8.3, 11.3, 7.0, 16.5, 14.9, 16.6, 20.5, 19.0, 23.3, 16.3, 20.2, 15.6, 21.6, 25.8, 30.3, 33.3, 37.4, 31.8, 42.2, 32.5, 37.3, 36.4, 38.4, 41.1, 41.3, 41.1, 50.0, 52.2, 48.6, 46.9, 49.5, 54.0, 50.1, 45.3, 57.3, 47.1, 64.6, 60.2, 62.7, 56.0, 56.2, 67.0, 51.4, 60.3, 57.0, 70.8, 58.6, 63.8, 72.5, 68.1, 68.0, 70.6, 74.0, 79.7, 75.8, 71.9, 81.3, 77.3, 74.5, 80.6, 86.8, 83.8, 83.5, 77.9, 78.1, 72.9, 81.3, 83.6, 78.0, 77.9, 85.1, 78.8, 89.3, 76.9, 77.7, 90.8, 90.5], "std_returns_eval": [0.0, 0.0, 0.0, 0.4000000000000001, 0.9165151389911681, 1.552417469626002, 5.61159513863928, 6.797793759742936, 8.1, 4.5431266766402185, 4.001249804748512, 9.093404203047392, 4.862098312457287, 6.549045732013177, 7.975587752636166, 6.232976816898969, 9.254188241007421, 9.372833082905082, 9.58331884056875, 6.053098380168622, 5.173006862551025, 6.770524351924303, 6.539113089708726, 4.290687590584986, 6.000833275471, 4.449719092257398, 9.297849213662266, 11.605602095539895, 10.864621484432856, 10.052362906302179, 7.3484692283495345, 14.62908062729849, 11.696580696938742, 12.734205903785286, 9.614572273377533, 10.470912090166738, 6.968500556073739, 7.430343195303969, 12.458330546265016, 13.215142829345432, 13.159027319676786, 12.097933707869291, 10.974971526158964, 17.32079674841778, 13.26046756340062, 16.150541786577936, 11.04943437466371, 15.218738449687608, 7.892401408950257, 15.485477067239485, 20.609706451087558, 17.205812971202494, 6.220128616033595, 6.312685640834652, 22.454398232862978, 18.555053220079966, 11.705127081753533, 11.593532679903914, 14.679577650600168, 16.013744096868788, 12.33531515608742, 17.286121600868135, 14.317821063276353, 16.104657711357916, 18.083141320025124, 10.394229168149026, 9.757561170702441, 13.572030061858838, 17.45737666432159, 11.359577456930342, 16.16044553841261, 17.76091213873882, 16.81338752304246, 21.52208168370337, 15.014659503298768, 16.06237840420901, 12.256018929489297, 12.929037087115189, 19.760819821049935, 13.266876045248935, 16.852596239155556, 20.130822139197395, 14.242190842703941, 13.459569086712992, 21.92167876783163, 11.791946404220129, 16.813387523042465, 11.379367293483412, 13.163965967746954, 12.083459769453448, 15.982490419205636, 8.35463942968217, 17.409480176042017, 14.67957765060017, 17.90977386791916, 12.165936051122413, 22.124420896376023, 13.653204751998704, 12.408061895396878, 9.156964562561111], "timestamps_eval": [88.16841673851013, 173.4227545261383, 259.3035078048706, 344.45124983787537, 429.77811098098755, 514.982828617096, 600.3203604221344, 685.7038490772247, 771.1879577636719, 856.7254257202148, 942.2535171508789, 1027.7993128299713, 1113.469423532486, 1199.0402183532715, 1284.7711863517761, 1370.5405666828156, 1456.2819697856903, 1542.1714284420013, 1627.7966740131378, 1713.4370164871216, 1799.144329071045, 1884.8392145633698, 1970.4020066261292, 2056.1434082984924, 2141.704325914383, 2227.2973217964172, 2312.829357624054, 2398.5358216762543, 2484.092879295349, 2569.608368873596, 2655.211581468582, 2740.7358713150024, 2826.3445785045624, 2911.9056787490845, 2997.488912820816, 3083.1037278175354, 3168.759453058243, 3255.3263127803802, 3340.917201280594, 3426.618489265442, 3512.262794971466, 3597.915283203125, 3683.6175622940063, 3769.306291103363, 3855.1074137687683, 3940.802835226059, 4026.583986759186, 4112.316398859024, 4198.210741519928, 4283.9824097156525, 4370.492990255356, 4456.207688093185, 4541.915849208832, 4627.697490930557, 4713.487266778946, 4799.152676820755, 4884.863624095917, 4970.598384618759, 5056.3312220573425, 5142.0523686409, 5227.698898077011, 5313.371132612228, 5399.052316427231, 5484.770904779434, 5570.37326002121, 5656.041653633118, 5741.78365778923, 5827.425271034241, 5913.144416093826, 5998.807987213135, 6084.599137544632, 6170.284103870392, 6256.008775234222, 6341.736104249954, 6427.4581978321075, 6513.285948514938, 6598.930046319962, 6684.568039655685, 6770.276126623154, 6856.0099465847015, 6941.753687143326, 7027.451885461807, 7113.189030408859, 7199.190047979355, 7284.920655965805, 7370.626284599304, 7456.340315103531, 7542.102578639984, 7627.925146102905, 7713.762475013733, 7799.507343292236, 7885.189222812653, 7971.689239740372, 8057.384663581848, 8143.145754814148, 8229.061975717545, 8314.794472932816, 8400.71645116806, 8486.59250330925, 8572.330223560333], "timesteps_eval": [8805, 17638, 26471, 35304, 44137, 52970, 61803, 70636, 79469, 88302, 97135, 105968, 114801, 123634, 132467, 141300, 150133, 158966, 167799, 176632, 185465, 194298, 203131, 211964, 220797, 229630, 238463, 247296, 256129, 264962, 273795, 282628, 291461, 300294, 309127, 317960, 326793, 335626, 344459, 353292, 362125, 370958, 379791, 388624, 397457, 406290, 415123, 423956, 432789, 441622, 450455, 459288, 468121, 476954, 485787, 494620, 503453, 512286, 521119, 529952, 538785, 547618, 556451, 565284, 574117, 582950, 591783, 600616, 609449, 618282, 627115, 635948, 644781, 653614, 662447, 671280, 680113, 688946, 697779, 706612, 715445, 724278, 733111, 741944, 750777, 759610, 768443, 777276, 786109, 794942, 803775, 812608, 821441, 830274, 839107, 847940, 856773, 865606, 874439, 883272],