{"gamma": [0.99, 0.98, 0.95], "learning_rate": [-5, -3, -5], "returns_eval": [0.0, 0.0, 0.0, 0.0, 0.1, 12.5, 2.6, 13.3, 12.7, 32.0, 20.2, 13.6, 13.0, 13.0, 13.0, 23.9, 22.8, 22.8, 22.8, 22.8, 22.8, 22.8, 22.8, 22.8, 22.8, 22.8, 22.8, 22.8, 22.8, 22.8, 23.0, 13.7, 8.9, 9.3, 4.9, 10.3, 13.9, 20.6, 24.7, 27.2, 20.0, 19.1, 17.4, 11.4, 16.5, 17.3, 15.3, 14.0, 15.0, 13.8, 12.1, 12.4, 14.0, 20.8, 11.2, 12.1, 11.9, 11.7, 13.9, 13.3, 10.6, 15.1, 16.3, 20.7, 22.2, 20.8, 23.9, 34.3, 27.5, 24.1, 27.3, 37.1, 40.3, 29.8, 32.9, 41.7, 49.6, 43.7, 55.5, 47.5, 53.0, 48.0, 52.4, 52.8, 54.0, 53.6, 66.8, 56.0, 66.2, 63.3, 75.0, 74.0, 71.7, 63.2, 66.1, 79.8, 79.8, 94.1, 85.5, 82.1], "std_returns_eval": [0.0, 0.0, 0.0, 0.0, 0.30000000000000004, 11.603878661895772, 5.660388679233963, 12.570202862324857, 11.627983488120371, 24.07072911234722, 10.665833300778706, 9.75909831900468, 6.648308055437865, 6.648308055437865, 6.648308055437865, 8.904493247793498, 10.283968105745954, 10.283968105745954, 10.283968105745954, 10.283968105745954, 10.283968105745954, 10.283968105745954, 10.283968105745954, 10.283968105745954, 10.283968105745954, 10.283968105745954, 10.283968105745954, 10.283968105745954, 10.283968105745954, 10.283968105745954, 10.89954127475097, 5.9506302187247355, 1.8681541692269406, 9.066973034039531, 4.011234224026316, 6.797793759742936, 8.478797084492587, 10.716342659695052, 10.59292216529509, 12.163880959627974, 11.567194992737004, 8.287943049997388, 1.9595917942265424, 5.023942674832188, 6.135959582656978, 4.960846701924985, 5.000999900019995, 4.753945729601885, 6.870225614927067, 4.64327470649756, 6.818357573492315, 3.97994974842648, 5.585696017507576, 11.187493016757598, 5.075431016179809, 4.205948168962618, 6.744627491566899, 6.783067152844648, 9.689685237405806, 6.588626564011653, 6.086049621881176, 9.00499861188218, 11.126994203287786, 10.119782606360673, 12.882546332150334, 12.584116973391497, 10.014489502715552, 12.907749610214786, 11.065712810298304, 9.31074647920348, 12.736168968728391, 10.615554625171498, 16.42589419179364, 5.582114294781145, 11.246777316191515, 16.547205202087753, 10.394229168149026, 19.17837323653912, 14.76651617681029, 17.316177407268615, 9.0, 14.703741020570241, 15.317963311093287, 11.311940593903417, 11.840608092492547, 8.558037158133867, 18.62686232300008, 10.63014581273465, 17.03408347989407, 18.477283350103175, 21.038060747131613, 23.310941636922347, 16.229910659027055, 20.355834544424848, 25.95939136420575, 13.249905660041508, 13.869390758068647, 12.856515857727553, 16.96614275549985, 23.93094231324793], "timestamps_eval": [94.36732244491577, 184.43126702308655, 273.5774965286255, 363.1869411468506, 452.54308319091797, 541.688658952713, 631.0270481109619, 720.5049502849579, 809.7705023288727, 898.9812016487122, 988.2753810882568, 1077.5716624259949, 1166.7118935585022, 1256.0952587127686, 1345.2234840393066, 1434.3979752063751, 1523.6215872764587, 1612.999925851822, 1702.0722150802612, 1791.1804895401, 1880.2510476112366, 1969.306512594223, 2058.327087879181, 2147.252115249634, 2236.1119639873505, 2325.1383004188538, 2414.116378545761, 2502.9890286922455, 2591.7977204322815, 2680.689309358597, 2769.612631559372, 2858.5103323459625, 2947.356678009033, 3036.263852596283, 3125.0421278476715, 3213.769138813019, 3302.493885755539, 3391.578804254532, 3480.3423280715942, 3569.090532541275, 3657.7306389808655, 3747.22710108757, 3835.9045989513397, 3924.576594352722, 4013.1262323856354, 4101.617866516113, 4190.144117832184, 4278.78643488884, 4367.354294300079, 4455.838386774063, 4544.368902206421, 4633.175618886948, 4721.755796432495, 4810.3027856349945, 4898.984769105911, 4987.651485919952, 5076.122074604034, 5164.8085379600525, 5253.398397684097, 5341.98427438736, 5430.758016824722, 5519.555651187897, 5608.298815250397, 5697.023215770721, 5785.530142784119, 5874.1828627586365, 5963.204967260361, 6052.111556768417, 6140.837966680527, 6229.657348155975, 6318.364434719086, 6407.137010097504, 6495.800044775009, 6584.718618631363, 6673.697175979614, 6762.764642238617, 6851.787898540497, 6940.57630944252, 7029.3837769031525, 7118.218191385269, 7206.776379108429, 7295.61826133728, 7384.239871025085, 7472.995328426361, 7562.531163692474, 7650.946592330933, 7739.315625905991, 7827.799434661865, 7916.088535070419, 8004.325510501862, 8092.627116203308, 8180.862166404724, 8269.258905649185, 8357.48122882843, 8445.63930606842, 8533.801438570023, 8621.965922832489, 8710.261204004288, 8798.510212421417, 8886.716138601303], "timesteps_eval": [8808, 17642, 26476, 35310, 44144, 52978, 61812, 70646, 79480, 88314, 97148, 105982, 114816, 123650, 132484, 141318, 150152, 158986, 167820, 176654, 185488, 194322, 203156, 211990, 220824, 229658, 238492, 247326, 256160, 264994, 273828, 282662, 291496, 300330, 309164, 317998, 326832, 335666, 344500, 353334, 362168, 371002, 379836, 388670, 397504, 406338, 415172, 424006, 432840, 441674, 450508, 459342, 468176, 477010, 485844, 494678, 503512, 512346, 521180, 530014, 538848, 547682, 556516, 565350, 574184, 583018, 591852, 600686, 609520, 618354, 627188, 636022, 644856, 653690, 662524, 671358, 680192, 689026, 697860, 706694, 715528, 724362, 733196, 742030, 750864, 759698, 768532, 777366, 786200, 795034, 803868, 812702, 821536, 830370, 839204, 848038, 856872, 865706, 874540, 883374],