{"gamma": [0.95, 0.98, 0.95], "learning_rate": [-3, -5, -4], "returns_eval": [0.2, 0.0, 0.0, 0.0, 0.0, 0.2, 0.5, 1.7, 2.3, 2.5, 4.6, 3.0, 5.5, 4.5, 7.7, 26.5, 25.4, 31.2, 25.7, 22.9, 29.9, 26.4, 29.3, 33.7, 26.3, 28.9, 28.1, 24.0, 21.6, 29.5, 22.5, 20.9, 30.7, 32.3, 35.2, 33.0, 33.7, 38.4, 45.3, 34.5, 46.0, 46.3, 46.3, 46.8, 51.1, 51.9, 56.8, 50.2, 57.6, 69.5, 59.9, 59.0, 64.4, 63.5, 65.4, 67.0, 68.0, 78.8, 58.8, 66.7, 67.1, 71.6, 78.5, 75.4, 79.4, 82.9, 84.6, 84.1, 75.7, 88.8, 98.8, 89.0, 102.0, 92.4, 105.7, 93.5, 96.7, 103.4, 89.2, 84.3, 102.7, 109.1, 103.8, 101.1, 104.1, 99.9, 115.6, 103.1, 112.9, 113.0, 114.8, 115.8, 107.8, 113.7, 118.4, 118.3, 117.2, 128.5, 120.5, 125.8], "std_returns_eval": [0.4000000000000001, 0.0, 0.0, 0.0, 0.0, 0.6000000000000001, 1.02469507659596, 3.195309061734091, 3.0675723300355937, 2.8722813232690143, 4.431703961232068, 2.4899799195977463, 7.762087348130012, 3.6124783736376886, 5.586591089385369, 18.287974190707946, 12.183595528414426, 17.848249213858484, 12.625767303415662, 8.383913167489272, 19.403350226185168, 11.403508232118746, 7.029224708315989, 7.642643521714199, 10.863240768757727, 11.631422956801115, 11.175419455215094, 12.876334882255899, 12.043255373859678, 10.111874208078342, 12.800390619039717, 10.958558299338467, 6.573431371817918, 12.830042868205858, 10.087616170334794, 17.549928774784245, 13.616534067081828, 17.436742815101677, 17.349639765712716, 19.053870997778905, 13.725887949418793, 17.372679701185998, 14.394790724425276, 16.004999218994048, 12.972663566130127, 9.914131328563284, 23.969981226525817, 14.89160837518903, 15.344054223053305, 20.54872258803452, 18.305463665255793, 17.314733610425545, 19.043108989868223, 20.426698215815495, 22.450835173774717, 20.85665361461421, 19.667231630303235, 23.844496220302076, 14.558846108122719, 17.111691909334972, 28.828631601239763, 16.9952934661335, 14.800337833982034, 15.672906558772052, 20.674622124720923, 16.065179737556626, 17.715529910222838, 21.229460662014002, 16.340440630533806, 27.567372018384344, 21.7476435505091, 22.978250586152114, 10.75174404457249, 23.376056125873756, 18.06128456118224, 14.705441169852742, 12.19877042984251, 19.652989594461197, 20.6920274502041, 13.206437824031127, 10.169070754006976, 12.35677951571525, 14.005713120009277, 25.62206080704673, 18.05242365999646, 15.578510840256843, 10.901376059929314, 15.565667348366405, 9.7205966895042, 13.0843417870369, 10.84250893474384, 10.998181667894016, 10.906878563548783, 7.376313442364011, 8.499411744350311, 7.128113354878695, 9.410632284814872, 9.489467845985885, 4.924428900898052, 8.715503427800371], "timestamps_eval": [89.50485038757324, 177.38240218162537, 265.03148674964905, 352.6482768058777, 440.31118178367615, 528.0141627788544, 615.7160465717316, 703.5947608947754, 791.4964666366577, 879.4771332740784, 967.5396595001221, 1055.5810787677765, 1143.5577614307404, 1231.6837320327759, 1319.6444125175476, 1407.8912711143494, 1496.0013535022736, 1584.1023907661438, 1672.2959847450256, 1760.2584130764008, 1848.3852903842926, 1936.4383344650269, 2024.5406701564789, 2112.783749103546, 2200.91246342659, 2289.074735879898, 2377.3798418045044, 2465.5856890678406, 2553.8337032794952, 2642.092732191086, 2730.461109161377, 2819.1036508083344, 2907.4525158405304, 2995.858392238617, 3084.075204372406, 3172.2327122688293, 3260.4003069400787, 3348.944103717804, 3437.096221446991, 3525.250540971756, 3613.2975614070892, 3701.6432349681854, 3789.9417629241943, 3878.438257455826, 3966.7476596832275, 4055.052008152008, 4143.245862960815, 4231.399751901627, 4319.448783636093, 4407.432347536087, 4495.585391521454, 4584.0643191337585, 4672.198806762695, 4760.601039886475, 4848.659027338028, 4936.7531225681305, 5024.768980503082, 5112.919098854065, 5201.009248971939, 5289.22935128212, 5377.3667232990265, 5465.549639940262, 5553.891976118088, 5642.306225776672, 5730.736437559128, 5819.222304821014, 5907.455685138702, 5995.686607122421, 6084.141356229782, 6172.40945148468, 6260.809907674789, 6349.1794810295105, 6437.8314344882965, 6526.642560005188, 6615.143720149994, 6703.750151395798, 6792.3442578315735, 6880.981472253799, 6969.407815217972, 7057.837752580643, 7146.126945257187, 7235.800602912903, 7324.1969537734985, 7412.76251578331, 7501.162678480148, 7589.560452461243, 7678.267993450165, 7766.511773347855, 7855.191073894501, 7943.762946128845, 8032.2496778965, 8120.5702538490295, 8209.081932544708, 8297.768512964249, 8386.483400344849, 8475.116197824478, 8563.721284627914, 8652.298574447632, 8740.833926200867, 8829.57534122467], "timesteps_eval": [8808, 17642, 26476, 35310, 44144, 52978, 61812, 70646, 79480, 88314, 97148, 105982, 114816, 123650, 132484, 141318, 150152, 158986, 167820, 176654, 185488, 194322, 203156, 211990, 220824, 229658, 238492, 247326, 256160, 264994, 273828, 282662, 291496, 300330, 309164, 317998, 326832, 335666, 344500, 353334, 362168, 371002, 379836, 388670, 397504, 406338, 415172, 424006, 432840, 441674, 450508, 459342, 468176, 477010, 485844, 494678, 503512, 512346, 521180, 530014, 538848, 547682, 556516, 565350, 574184, 583018, 591852, 600686, 609520, 618354, 627188, 636022, 644856, 653690, 662524, 671358, 680192, 689026, 697860, 706694, 715528, 724362, 733196, 742030, 750864, 759698, 768532, 777366, 786200, 795034, 803868, 812702, 821536, 830370, 839204, 848038, 856872, 865706, 874540, 883374],