{"gamma": 0.99, "learning_rate": -5, "clip": 0.4, "returns_eval": [0.0, 0.0, 0.0, 0.0, 0.0, 19.6, 31.5, 31.5, 31.5, 31.5, 31.5, 31.5, 31.5, 31.5, 31.5, 31.5, 31.5, 31.5, 31.5, 31.5, 31.5, 31.5, 31.5, 31.5, 31.5, 31.5, 31.5, 31.5, 31.5, 31.5, 31.5, 31.5, 31.5, 31.5, 31.5, 31.5, 31.5, 31.5, 31.5, 31.5, 31.5, 31.5, 31.5, 31.5, 31.5, 31.5, 31.5, 31.3, 31.3, 36.3, 31.6, 59.4, 64.5, 79.7, 72.5, 53.4, 64.1, 63.9, 81.7, 72.4, 75.6, 68.7, 72.7, 75.4, 86.0, 78.4, 88.4, 74.8, 74.2, 91.5, 74.4, 65.0, 79.5, 89.2, 97.1, 63.0, 97.2, 93.1, 76.2, 84.0, 78.8, 64.9, 81.7, 73.5, 71.9, 76.9, 67.1, 77.8, 86.4, 85.8, 95.4, 85.0, 70.4, 72.5, 83.7, 86.7, 90.4, 77.1, 77.7, 84.5], "std_returns_eval": [0.0, 0.0, 0.0, 0.0, 0.0, 9.8812954616285, 23.64000846023537, 23.64000846023537, 23.64000846023537, 23.64000846023537, 23.64000846023537, 23.64000846023537, 23.64000846023537, 23.64000846023537, 23.64000846023537, 23.64000846023537, 23.64000846023537, 23.64000846023537, 23.64000846023537, 23.64000846023537, 23.64000846023537, 23.64000846023537, 23.64000846023537, 23.64000846023537, 23.64000846023537, 23.64000846023537, 23.64000846023537, 23.64000846023537, 23.64000846023537, 23.64000846023537, 23.64000846023537, 23.64000846023537, 23.64000846023537, 23.64000846023537, 23.64000846023537, 23.64000846023537, 23.64000846023537, 23.64000846023537, 23.64000846023537, 23.64000846023537, 23.64000846023537, 23.64000846023537, 23.64000846023537, 23.64000846023537, 23.64000846023537, 23.64000846023537, 23.64000846023537, 23.64339231159522, 23.64339231159522, 22.334054714717613, 13.252924205623453, 21.077001684300352, 24.463237725207186, 25.23509461048244, 21.643705782513308, 27.185290140073917, 27.90501746998199, 23.951826652679333, 25.17955519861302, 21.58332689832594, 24.52835094334717, 23.212281232140885, 16.40762018087937, 28.566413845633477, 31.314533367112467, 19.37111251322443, 15.698407562552324, 27.805754800040944, 33.03271106040193, 13.734991809244008, 21.190563937753048, 21.335416564951338, 20.239812252093643, 27.014070407844873, 18.3273020382161, 29.414282245195107, 13.622040963086258, 25.02179050347916, 29.74155342277871, 20.386269889315212, 18.616122045152153, 30.14448539948891, 26.750887835733604, 32.86411416727979, 23.321449354617734, 22.638241981214, 23.244139046219804, 26.305132579023432, 20.416659863944446, 19.681463360228072, 26.714041251746245, 23.099783548769455, 25.29110515576573, 27.782188538702275, 18.24856158714982, 22.476877007271273, 19.355619339096332, 22.088232161039958, 23.837155870615103, 17.287278559680814], "timestamps_eval": [88.32283973693848, 174.38391876220703, 260.5578589439392, 346.5685043334961, 432.7952764034271, 518.9940626621246, 605.3006656169891, 691.5647859573364, 777.9025411605835, 864.1975359916687, 950.6136877536774, 1037.1641926765442, 1123.5258407592773, 1209.9136471748352, 1296.2601161003113, 1382.705656528473, 1468.9871969223022, 1555.9306344985962, 1642.267148733139, 1728.4590647220612, 1814.7216472625732, 1900.9453864097595, 1987.1968309879303, 2073.5450208187103, 2159.952641248703, 2246.2479994297028, 2332.534554004669, 2418.7260551452637, 2505.008531332016, 2591.1852276325226, 2677.471385717392, 2763.6479699611664, 2849.833390712738, 2936.1031851768494, 3022.3351290225983, 3108.85098195076, 3195.113533258438, 3281.3824684619904, 3367.5699331760406, 3453.817792892456, 3540.027859210968, 3626.3162660598755, 3712.559372663498, 3798.7864305973053, 3885.2749803066254, 3971.5796372890472, 4057.9137692451477, 4144.255241632462, 4230.580628633499, 4316.907120227814, 4403.216693878174, 4489.519455194473, 4575.77525472641, 4662.047250509262, 4748.30735039711, 4834.6524431705475, 4920.99608540535, 5007.549761772156, 5093.8993268013, 5180.173203229904, 5266.633106708527, 5352.906186580658, 5439.561728000641, 5525.845237731934, 5612.826130390167, 5699.227299451828, 5785.53618812561, 5872.605676174164, 5958.911295413971, 6045.245283842087, 6131.588454723358, 6217.917193412781, 6304.1810131073, 6390.615629911423, 6477.044778347015, 6563.39013004303, 6649.7303919792175, 6735.981555223465, 6822.310927629471, 6908.7191281318665, 6995.033765792847, 7081.382663965225, 7167.669509410858, 7254.050129890442, 7340.359870195389, 7426.8297917842865, 7513.235508918762, 7599.854562520981, 7686.248168468475, 7772.629854679108, 7858.970917463303, 7945.372289419174, 8031.622237205505, 8117.974429130554, 8204.401870965958, 8290.720147371292, 8377.181465387344, 8463.466315507889, 8549.809456586838, 8636.324783563614], "timesteps_eval": [8805, 17638, 26471, 35304, 44137, 52970, 61803, 70636, 79469, 88302, 97135, 105968, 114801, 123634, 132467, 141300, 150133, 158966, 167799, 176632, 185465, 194298, 203131, 211964, 220797, 229630, 238463, 247296, 256129, 264962, 273795, 282628, 291461, 300294, 309127, 317960, 326793, 335626, 344459, 353292, 362125, 370958, 379791, 388624, 397457, 406290, 415123, 423956, 432789, 441622, 450455, 459288, 468121, 476954, 485787, 494620, 503453, 512286, 521119, 529952, 538785, 547618, 556451, 565284, 574117, 582950, 591783, 600616, 609449, 618282, 627115, 635948, 644781, 653614, 662447, 671280, 680113, 688946, 697779, 706612, 715445, 724278, 733111, 741944, 750777, 759610, 768443, 777276, 786109, 794942, 803775, 812608, 821441, 830274, 839107, 847940, 856773, 865606, 874439, 883272],