{"gamma": [0.95, 0.98, 0.95], "learning_rate": [-3, -3, -5], "returns_eval": [0.2, 0.0, 0.0, 0.0, 0.0, 0.2, 0.5, 1.7, 2.3, 2.5, 4.6, 3.0, 5.5, 4.5, 7.7, 26.5, 25.4, 31.2, 25.7, 22.9, 29.9, 26.4, 29.3, 33.7, 26.3, 28.9, 28.1, 24.0, 21.6, 29.5, 16.3, 18.1, 13.6, 8.6, 5.9, 5.2, 7.5, 3.2, 11.2, 7.7, 5.0, 3.1, 3.7, 1.7, 4.0, 2.7, 5.8, 4.0, 4.7, 5.9, 4.2, 2.7, 3.5, 4.8, 3.3, 5.8, 6.2, 6.1, 6.3, 11.1, 12.7, 11.1, 12.4, 12.0, 16.3, 16.8, 10.9, 15.4, 14.8, 17.8, 22.2, 17.9, 16.7, 21.5, 23.6, 17.4, 11.8, 16.6, 20.8, 26.6, 21.4, 27.2, 24.5, 24.8, 16.9, 22.2, 19.8, 30.0, 25.0, 31.1, 24.7, 24.0, 35.9, 33.5, 37.4, 32.6, 27.6, 25.0, 34.0, 33.4], "std_returns_eval": [0.4000000000000001, 0.0, 0.0, 0.0, 0.0, 0.6000000000000001, 1.02469507659596, 3.195309061734091, 3.0675723300355937, 2.8722813232690143, 4.431703961232068, 2.4899799195977463, 7.762087348130012, 3.6124783736376886, 5.586591089385369, 18.287974190707946, 12.183595528414426, 17.848249213858484, 12.625767303415662, 8.383913167489272, 19.403350226185168, 11.403508232118746, 7.029224708315989, 7.642643521714199, 10.863240768757727, 11.631422956801115, 11.175419455215094, 12.876334882255899, 12.043255373859678, 10.111874208078342, 12.554282137979854, 4.27668095606862, 12.839003076563229, 5.314132102234569, 3.448187929913334, 2.7129319932501073, 8.139410298049853, 3.0919249667480613, 12.726350615946426, 5.080354318352215, 4.171330722922842, 3.858756276314948, 3.257299494980466, 1.8466185312619388, 2.449489742783178, 1.8466185312619385, 4.874423042781576, 3.605551275463989, 3.318132004607412, 3.3, 3.7363083384538807, 2.238302928559939, 2.5787593916455256, 3.6823905279043943, 2.6476404589747453, 1.98997487421324, 3.6276714294434105, 3.7, 3.6619666847201104, 6.315853069855251, 8.36719785830358, 6.441273166075167, 8.73155198117723, 5.674504383644443, 9.57131129992124, 8.646386528486914, 7.258787777583803, 10.910545357588685, 10.721940122944167, 9.378699270154684, 11.08873302050329, 10.96767979109529, 9.066973034039531, 10.883473710171767, 12.579348154813111, 10.248902380255165, 8.047359815492284, 12.443472184241823, 11.487384384619503, 13.595587519485871, 10.37496987947435, 9.14111590562115, 13.6106575888162, 12.472369462135092, 11.69144986731757, 12.851459061133877, 8.55336191213724, 10.363397126425292, 12.853015210447703, 15.002999700059986, 8.34326075344646, 9.989994994993742, 9.954396013822235, 9.82089608946149, 7.735631842325486, 7.552483035399682, 12.563439019631527, 12.790621564255586, 9.767292357659825, 15.454449197561198], "timestamps_eval": [92.71060395240784, 181.05861520767212, 269.56101512908936, 357.73468470573425, 446.02802443504333, 535.1784253120422, 623.6137998104095, 712.1417021751404, 800.6683261394501, 889.2663359642029, 978.0301632881165, 1066.7105207443237, 1155.4077229499817, 1244.0132594108582, 1333.363749742508, 1422.768503189087, 1512.315728187561, 1600.9942836761475, 1689.630182981491, 1778.5414323806763, 1867.8397393226624, 1956.4510307312012, 2044.8871037960052, 2133.4560811519623, 2221.83247423172, 2310.2320713996887, 2398.6472322940826, 2486.9894025325775, 2575.1876668930054, 2663.521831035614, 2751.786209344864, 2840.0856585502625, 2928.8487906455994, 3017.116349697113, 3105.2750251293182, 3193.2710661888123, 3281.555854320526, 3369.660352706909, 3457.8068783283234, 3546.786105632782, 3634.8172421455383, 3723.540858030319, 3811.481465101242, 3900.2281262874603, 3988.6259179115295, 4076.6302869319916, 4164.905849456787, 4252.82115483284, 4340.728772878647, 4428.56622838974, 4516.432577848434, 4604.31796169281, 4692.057461261749, 4779.818010091782, 4867.488547563553, 4955.015871286392, 5042.8333060741425, 5130.553999185562, 5218.426837682724, 5306.208980083466, 5394.05398273468, 5481.813086748123, 5569.64367723465, 5657.225318431854, 5745.018611431122, 5832.755866765976, 5920.651698350906, 6008.41774559021, 6096.232138633728, 6184.07248878479, 6272.071603775024, 6359.937854766846, 6447.887554168701, 6535.801575660706, 6623.732353210449, 6711.7358474731445, 6799.732148647308, 6887.634832859039, 6975.442174911499, 7063.320838689804, 7151.147764444351, 7239.145774126053, 7326.871385097504, 7414.532915830612, 7502.118404150009, 7589.796710729599, 7677.552960634232, 7765.17551612854, 7852.786571264267, 7940.245414018631, 8027.794755458832, 8115.285861492157, 8202.72787451744, 8290.148386240005, 8377.678829193115, 8465.143219947815, 8552.630073547363, 8640.243563890457, 8727.826757907867, 8815.54673910141], "timesteps_eval": [8808, 17642, 26476, 35310, 44144, 52978, 61812, 70646, 79480, 88314, 97148, 105982, 114816, 123650, 132484, 141318, 150152, 158986, 167820, 176654, 185488, 194322, 203156, 211990, 220824, 229658, 238492, 247326, 256160, 264994, 273828, 282662, 291496, 300330, 309164, 317998, 326832, 335666, 344500, 353334, 362168, 371002, 379836, 388670, 397504, 406338, 415172, 424006, 432840, 441674, 450508, 459342, 468176, 477010, 485844, 494678, 503512, 512346, 521180, 530014, 538848, 547682, 556516, 565350, 574184, 583018, 591852, 600686, 609520, 618354, 627188, 636022, 644856, 653690, 662524, 671358, 680192, 689026, 697860, 706694, 715528, 724362, 733196, 742030, 750864, 759698, 768532, 777366, 786200, 795034, 803868, 812702, 821536, 830370, 839204, 848038, 856872, 865706, 874540, 883374],