{"gamma": [0.99, 0.99, 0.98], "learning_rate": [-5, -3, -5], "returns_eval": [0.0, 0.0, 0.0, 0.0, 0.1, 12.5, 2.6, 13.3, 12.7, 32.0, 20.2, 13.6, 13.0, 13.0, 13.0, 23.9, 22.8, 22.8, 22.8, 22.8, 22.8, 22.8, 22.8, 22.8, 22.8, 22.8, 22.8, 22.8, 22.8, 22.8, 23.0, 8.7, 1.5, 0.9, 0.7, 1.3, 1.7, 0.9, 3.7, 1.9, 3.4, 7.2, 4.6, 1.8, 8.9, 10.3, 7.0, 10.2, 10.1, 9.5, 7.4, 11.3, 10.6, 11.9, 9.8, 10.6, 8.7, 6.4, 5.0, 8.0, 6.9, 4.5, 9.4, 7.0, 10.3, 11.5, 10.4, 16.1, 10.3, 14.1, 11.3, 17.4, 16.4, 16.1, 24.3, 20.1, 21.9, 25.8, 21.8, 29.9, 30.0, 28.1, 29.4, 25.3, 28.4, 29.9, 34.1, 29.2, 35.8, 36.7, 36.0, 41.4, 36.8, 32.3, 38.5, 40.3, 49.1, 44.0, 49.6, 45.1], "std_returns_eval": [0.0, 0.0, 0.0, 0.0, 0.30000000000000004, 11.603878661895772, 5.660388679233963, 12.570202862324857, 11.627983488120371, 24.07072911234722, 10.665833300778706, 9.75909831900468, 6.648308055437865, 6.648308055437865, 6.648308055437865, 8.904493247793498, 10.283968105745954, 10.283968105745954, 10.283968105745954, 10.283968105745954, 10.283968105745954, 10.283968105745954, 10.283968105745954, 10.283968105745954, 10.283968105745954, 10.283968105745954, 10.283968105745954, 10.283968105745954, 10.283968105745954, 10.283968105745954, 10.89954127475097, 7.430343195303969, 1.5, 1.2206555615733703, 0.8999999999999999, 1.6155494421403513, 1.7916472867168916, 1.2206555615733703, 3.9000000000000004, 2.3853720883753127, 2.727636339397171, 4.64327470649756, 6.468384651518491, 1.32664991614216, 6.7, 5.1, 3.82099463490856, 5.6000000000000005, 5.539855593785817, 4.863126566315131, 3.746998799039039, 7.267048919609665, 4.521061822182927, 2.947880594596735, 3.4, 3.8522720568516444, 5.848931526355904, 4.17612260356422, 3.492849839314596, 5.310367218940701, 6.331666447310692, 2.80178514522438, 3.9293765408777004, 4.9396356140913875, 4.075536774462966, 8.065358020571685, 4.94368283772331, 4.3920382511995495, 3.606937759374287, 4.988987873306568, 6.245798587850876, 8.581375181169975, 6.974238309665077, 5.7870545184921145, 6.181423784210237, 7.2034713853808015, 8.275868534480233, 9.856977224281286, 6.2257529665093525, 11.51911454930456, 9.6850400102426, 9.148223871331528, 10.992724866929036, 7.000714249274855, 10.32666451474047, 6.533758489567854, 6.363175307973213, 6.4621977685614045, 9.81631295344642, 9.539916142189092, 10.276186062932103, 18.55370582929459, 11.097747519204066, 6.1, 10.965856099730654, 8.98943824718764, 15.214795430764095, 6.942621983083913, 19.6733322037727, 15.546382215808281], "timestamps_eval": [89.4159882068634, 177.7585051059723, 265.3866159915924, 352.7657823562622, 440.20843386650085, 527.6909787654877, 615.2327516078949, 702.6935729980469, 790.2732360363007, 877.8342497348785, 965.4430227279663, 1053.6457664966583, 1141.8332583904266, 1230.0767295360565, 1318.3290481567383, 1406.7269296646118, 1495.0967733860016, 1583.419694185257, 1671.6470148563385, 1760.4938759803772, 1848.9538080692291, 1937.2889029979706, 2025.4485235214233, 2113.6670439243317, 2201.8318185806274, 2290.2167551517487, 2378.26305103302, 2466.404906272888, 2554.5189254283905, 2642.6612932682037, 2730.742351770401, 2818.8091831207275, 2906.8318343162537, 2994.9533772468567, 3082.946703195572, 3171.006987094879, 3258.9752600193024, 3346.912279367447, 3434.955360174179, 3523.129168510437, 3611.189370393753, 3699.3063049316406, 3787.392900466919, 3875.6439192295074, 3963.9566164016724, 4052.1893303394318, 4140.3925857543945, 4228.732620239258, 4316.939162492752, 4405.309804439545, 4493.470699071884, 4581.728194952011, 4670.083285570145, 4758.442183017731, 4846.553302049637, 4934.695357322693, 5022.677295207977, 5111.268100500107, 5199.364436388016, 5287.452708482742, 5375.44185090065, 5463.522020578384, 5551.5433650016785, 5639.875194549561, 5728.248736858368, 5816.666189908981, 5904.784583091736, 5993.050976514816, 6081.221333026886, 6169.346478700638, 6257.61167383194, 6346.259433507919, 6434.43127989769, 6522.793034553528, 6611.009578943253, 6699.116866111755, 6787.354236125946, 6876.295784950256, 6964.588346004486, 7052.871722698212, 7141.265384674072, 7229.662969827652, 7317.993501663208, 7406.326176643372, 7494.745777606964, 7582.849974155426, 7671.022572040558, 7759.507776975632, 7847.724094629288, 7936.268973827362, 8024.756207942963, 8113.195844888687, 8201.341950654984, 8289.814053297043, 8378.129743814468, 8466.621037244797, 8555.581110715866, 8644.011516332626, 8732.555934667587, 8820.850220680237], "timesteps_eval": [8808, 17642, 26476, 35310, 44144, 52978, 61812, 70646, 79480, 88314, 97148, 105982, 114816, 123650, 132484, 141318, 150152, 158986, 167820, 176654, 185488, 194322, 203156, 211990, 220824, 229658, 238492, 247326, 256160, 264994, 273828, 282662, 291496, 300330, 309164, 317998, 326832, 335666, 344500, 353334, 362168, 371002, 379836, 388670, 397504, 406338, 415172, 424006, 432840, 441674, 450508, 459342, 468176, 477010, 485844, 494678, 503512, 512346, 521180, 530014, 538848, 547682, 556516, 565350, 574184, 583018, 591852, 600686, 609520, 618354, 627188, 636022, 644856, 653690, 662524, 671358, 680192, 689026, 697860, 706694, 715528, 724362, 733196, 742030, 750864, 759698, 768532, 777366, 786200, 795034, 803868, 812702, 821536, 830370, 839204, 848038, 856872, 865706, 874540, 883374],