{"gamma": [0.99, 0.95, 0.99], "learning_rate": [-5, -3, -4], "returns_eval": [5.8, 5.3, 0.0, 0.0, 2.2, 8.4, 8.9, 20.2, 15.9, 13.8, 13.8, 16.2, 13.8, 20.6, 20.6, 13.8, 20.2, 16.9, 13.8, 30.5, 30.5, 30.5, 30.5, 30.5, 30.5, 30.5, 30.5, 30.5, 30.5, 30.5, 17.7, 24.1, 22.3, 11.8, 21.8, 34.7, 44.7, 51.1, 47.0, 46.4, 60.6, 65.6, 57.9, 68.0, 83.0, 65.5, 74.3, 83.1, 77.4, 64.1, 65.8, 68.5, 69.8, 79.3, 81.7, 79.7, 66.5, 65.5, 73.7, 61.1, 54.4, 92.2, 80.4, 95.6, 79.5, 93.0, 81.1, 85.7, 90.4, 90.9, 88.6, 77.6, 78.7, 77.3, 75.5, 68.1, 68.0, 71.3, 59.3, 65.9, 65.3, 61.0, 60.2, 72.7, 53.8, 61.1, 64.6, 56.5, 59.7, 61.0, 50.4, 59.8, 53.2, 61.9, 58.0, 58.6, 58.5, 62.3, 54.0, 59.1], "std_returns_eval": [6.241794613730893, 4.859012245302537, 0.0, 0.0, 4.166533331199932, 6.945502141674135, 7.119691004531025, 11.142710621747296, 8.466994744299774, 6.896375859826668, 6.896375859826668, 11.115754585272203, 6.896375859826668, 9.728309205612248, 9.728309205612248, 6.896375859826668, 13.325164164091937, 9.761659694949419, 6.896375859826668, 23.55525419094432, 23.55525419094432, 23.55525419094432, 23.55525419094432, 23.55525419094432, 23.55525419094432, 23.55525419094432, 23.55525419094432, 23.55525419094432, 23.55525419094432, 23.55525419094432, 12.1, 16.777663722938307, 23.03931422590525, 7.520638270785266, 9.389355675444401, 18.482694608741443, 15.41460346554526, 16.367345539213133, 9.273618495495704, 5.9531504264548865, 23.627103080995774, 19.069347130932407, 17.06722004311188, 19.88969582472291, 14.170391667134682, 16.60873264279969, 24.795362469623228, 21.16813643191105, 24.88453334905037, 19.4496786605846, 18.36736235827017, 20.58275977608445, 24.86684539703418, 18.022485955050705, 21.991134577370037, 22.212834128044083, 26.710484832739372, 24.369037732335677, 26.07700136135288, 24.390366950909126, 17.839282496782204, 23.142169301947476, 25.593749236874228, 22.34367919569201, 23.37627001897437, 8.270429251254134, 24.961770770520268, 20.293102276389387, 21.157504578754086, 13.25481044753187, 13.410443691392167, 17.687283567580412, 22.636474990598693, 22.360903380677627, 18.5, 20.314772949752598, 15.8871016865884, 18.374166647769364, 16.377118183612158, 15.227934856703321, 9.055937278934744, 14.594519519326424, 12.456323695216016, 7.294518489934754, 14.489996549343964, 9.761659694949419, 17.579533554676583, 14.186260959111108, 17.23977958095752, 13.98570698963767, 16.24930767755968, 12.44025723206719, 15.503547981026795, 13.292479076530457, 12.0, 22.019082633025384, 15.602884348735012, 13.99321264041964, 17.435595774162696, 19.117792759625782], "timestamps_eval": [88.88475918769836, 175.4861545562744, 262.22230219841003, 348.9127109050751, 435.76789021492004, 522.6144659519196, 609.5034301280975, 698.0939474105835, 785.3166260719299, 872.5695126056671, 959.7600057125092, 1046.7811512947083, 1133.7834424972534, 1220.7842531204224, 1307.7255675792694, 1394.8432428836823, 1481.9404559135437, 1568.9653189182281, 1656.3110015392303, 1743.301528930664, 1830.3109080791473, 1917.581081867218, 2004.5747921466827, 2091.5793356895447, 2178.5188167095184, 2265.5272862911224, 2352.532029390335, 2439.4939498901367, 2526.5008187294006, 2613.4804418087006, 2700.359237909317, 2787.328943490982, 2874.46582198143, 2961.318974018097, 3048.2873151302338, 3135.2703914642334, 3222.3186712265015, 3309.588176012039, 3399.7717072963715, 3486.741661310196, 3573.630840063095, 3660.5600810050964, 3747.6851649284363, 3834.7810525894165, 3922.5760407447815, 4009.5775945186615, 4096.625483751297, 4183.788659572601, 4271.031538486481, 4358.047559499741, 4445.280364990234, 4532.370167016983, 4619.42889547348, 4706.496212005615, 4793.598898887634, 4880.7973074913025, 4967.886228561401, 5055.039031982422, 5142.202762126923, 5229.916810750961, 5317.083761692047, 5404.157068014145, 5491.314674377441, 5578.662949323654, 5666.085053682327, 5753.446851730347, 5840.697245121002, 5928.0434765815735, 6015.3488874435425, 6102.577237844467, 6189.836433649063, 6277.291650772095, 6364.6944127082825, 6451.968067884445, 6539.125455617905, 6626.2811505794525, 6713.481245756149, 6800.75755238533, 6888.080003261566, 6975.644163608551, 7062.932793855667, 7150.30707526207, 7237.557862997055, 7324.855523347855, 7412.400319099426, 7499.855032920837, 7587.208899974823, 7674.588944911957, 7762.772297859192, 7850.166350841522, 7937.611211061478, 8025.486878156662, 8112.876934051514, 8200.210597991943, 8287.646596431732, 8375.079723834991, 8462.411231040955, 8549.844271659851, 8637.050784349442, 8724.438873291016], "timesteps_eval": [8804, 17635, 26466, 35297, 44128, 52959, 61790, 70621, 79452, 88283, 97114, 105945, 114776, 123607, 132438, 141269, 150100, 158931, 167762, 176593, 185424, 194255, 203086, 211917, 220748, 229579, 238410, 247241, 256072, 264903, 273734, 282565, 291396, 300227, 309058, 317889, 326720, 335551, 344382, 353213, 362044, 370875, 379706, 388537, 397368, 406199, 415030, 423861, 432692, 441523, 450354, 459185, 468016, 476847, 485678, 494509, 503340, 512171, 521002, 529833, 538664, 547495, 556326, 565157, 573988, 582819, 591650, 600481, 609312, 618143, 626974, 635805, 644636, 653467, 662298, 671129, 679960, 688791, 697622, 706453, 715284, 724115, 732946, 741777, 750608, 759439, 768270, 777101, 785932, 794763, 803594, 812425, 821256, 830087, 838918, 847749, 856580, 865411, 874242, 883073],