{"gamma": [0.99, 0.99, 0.95], "learning_rate": [-3, -3, -5], "returns_eval": [0.0, 0.5, 0.0, 0.0, 0.3, 1.4, 0.7, 3.3, 1.9, 2.5, 4.3, 8.4, 3.0, 11.0, 4.2, 9.0, 15.1, 14.7, 14.4, 11.0, 11.2, 21.7, 19.1, 17.1, 22.5, 15.7, 18.9, 14.3, 15.7, 8.7, 12.4, 5.4, 4.1, 2.4, 4.1, 1.2, 3.2, 2.2, 2.3, 1.6, 0.8, 0.9, 1.0, 2.0, 1.8, 2.4, 5.2, 2.3, 3.4, 4.6, 4.1, 4.2, 5.2, 4.9, 5.6, 4.3, 5.1, 5.3, 3.5, 5.3, 3.9, 8.0, 6.0, 7.1, 8.3, 6.1, 9.6, 11.2, 10.3, 10.7, 11.9, 14.1, 9.5, 11.9, 9.0, 13.2, 11.9, 13.3, 16.3, 19.6, 14.7, 12.0, 21.8, 17.9, 18.9, 19.1, 15.8, 16.6, 17.2, 20.8, 18.1, 21.3, 21.8, 21.2, 19.1, 23.7, 26.4, 20.8, 16.3, 22.0], "std_returns_eval": [0.0, 1.5, 0.0, 0.0, 0.6403124237432849, 1.4966629547095767, 0.9, 3.7696153649941526, 2.6248809496813377, 2.7658633371878665, 4.196427051671457, 7.578918128598567, 1.9493588689617927, 9.327379053088816, 3.8418745424597094, 10.119288512538814, 6.977822009767805, 7.975587752636165, 10.258654882585729, 6.782329983125268, 8.328265125462805, 10.050373127401787, 12.128066622508303, 7.034912934784622, 8.488227141164401, 7.389857914736926, 4.1340053217188775, 6.634003316248793, 8.112336284942828, 5.710516614107694, 9.318798205777396, 5.4808758424178885, 3.3, 3.7202150475476548, 5.6824290580701495, 1.6, 4.770744176750625, 3.026549190084311, 2.758622844826744, 2.764054992217051, 1.4000000000000001, 1.7578395831246947, 1.6733200530681511, 1.8973665961010275, 1.5362291495737217, 1.9078784028338913, 1.7204650534085255, 2.0024984394500787, 2.4576411454889016, 2.6907248094147422, 2.3, 2.4413111231467406, 2.1354156504062622, 3.2078029864690882, 2.244994432064365, 2.5317977802344322, 4.060788100849391, 3.1953090617340916, 2.8372521918222215, 7.043436661176133, 4.323193264243457, 6.260990336999411, 4.795831523312719, 5.503635162326805, 4.1000000000000005, 4.699999999999999, 4.882622246293481, 5.4, 5.404627646748664, 7.22564875980005, 7.020683727387241, 5.752390807307862, 5.5, 9.213576938409968, 10.256705123966467, 10.851727973000429, 8.203048213926333, 10.770793842609745, 9.110982383914482, 8.97997772825746, 9.910095862301231, 7.6681158050723255, 9.713907555664713, 10.299999999999999, 9.137286249209883, 7.917701686727027, 7.493997598078079, 7.310266752998827, 10.665833300778706, 9.6, 10.299999999999999, 5.8999999999999995, 9.184770002564028, 7.547184905645283, 8.63075894692929, 12.482387592123551, 9.635351576356724, 8.340263784797218, 7.82368199762746, 9.767292357659825], "timestamps_eval": [89.71708464622498, 178.48573875427246, 265.98121309280396, 351.96732926368713, 437.9644687175751, 523.8182883262634, 609.7782039642334, 695.6933174133301, 781.7822418212891, 867.8690302371979, 954.022882938385, 1040.2340388298035, 1126.5295238494873, 1212.9185576438904, 1299.470240354538, 1385.7451927661896, 1472.0131704807281, 1558.3723709583282, 1644.55153632164, 1730.7948009967804, 1817.0134222507477, 1903.2339615821838, 1989.452561378479, 2075.943163394928, 2162.700568675995, 2249.1120851039886, 2335.244946241379, 2421.3340623378754, 2507.505769968033, 2593.9733335971832, 2680.147889614105, 2766.2882657051086, 2852.3790118694305, 2938.710527420044, 3024.7708349227905, 3111.022046327591, 3197.348312139511, 3283.4042847156525, 3369.5719513893127, 3455.6967096328735, 3541.9728701114655, 3628.1525044441223, 3714.222830057144, 3800.189254760742, 3886.5209817886353, 3972.7167987823486, 4059.6174676418304, 4145.742485523224, 4231.733094930649, 4317.859407663345, 4403.872758865356, 4489.883443117142, 4575.955772161484, 4661.916644573212, 4747.921724796295, 4833.891704320908, 4919.932538032532, 5006.001840353012, 5092.110011816025, 5178.050982713699, 5264.0728216171265, 5350.208266019821, 5436.262446641922, 5522.30451130867, 5608.4076199531555, 5694.471397161484, 5780.411804437637, 5866.529948472977, 5952.63668847084, 6038.724989891052, 6124.730483531952, 6210.860535860062, 6296.9872760772705, 6383.1532690525055, 6469.231303453445, 6555.360965967178, 6641.663684606552, 6727.709450483322, 6813.8055675029755, 6899.89210319519, 6985.916260480881, 7072.065187931061, 7158.140091180801, 7244.319750070572, 7330.4709594249725, 7416.769287586212, 7502.9949407577515, 7589.0506002902985, 7675.211315870285, 7761.362075090408, 7847.420727968216, 7933.5005004405975, 8019.414163827896, 8105.515023469925, 8191.42685008049, 8277.422009468079, 8363.381991624832, 8449.396430015564, 8535.489880084991, 8621.497998952866], "timesteps_eval": [8805, 17638, 26471, 35304, 44137, 52970, 61803, 70636, 79469, 88302, 97135, 105968, 114801, 123634, 132467, 141300, 150133, 158966, 167799, 176632, 185465, 194298, 203131, 211964, 220797, 229630, 238463, 247296, 256129, 264962, 273795, 282628, 291461, 300294, 309127, 317960, 326793, 335626, 344459, 353292, 362125, 370958, 379791, 388624, 397457, 406290, 415123, 423956, 432789, 441622, 450455, 459288, 468121, 476954, 485787, 494620, 503453, 512286, 521119, 529952, 538785, 547618, 556451, 565284, 574117, 582950, 591783, 600616, 609449, 618282, 627115, 635948, 644781, 653614, 662447, 671280, 680113, 688946, 697779, 706612, 715445, 724278, 733111, 741944, 750777, 759610, 768443, 777276, 786109, 794942, 803775, 812608, 821441, 830274, 839107, 847940, 856773, 865606, 874439, 883272],