{"gamma": [0.95, 0.98, 0.98], "learning_rate": [-3, -4, -5], "returns_eval": [0.2, 0.0, 0.0, 0.0, 0.0, 0.2, 0.5, 1.7, 2.3, 2.5, 4.6, 3.0, 5.5, 4.5, 7.7, 26.5, 25.4, 31.2, 25.7, 22.9, 29.9, 26.4, 29.3, 33.7, 26.3, 28.9, 28.1, 24.0, 21.6, 29.5, 28.4, 32.0, 18.2, 25.6, 42.7, 31.0, 38.8, 29.9, 41.7, 39.5, 42.7, 34.7, 38.0, 34.7, 42.5, 41.6, 40.4, 43.1, 47.5, 39.7, 49.8, 54.3, 54.4, 56.5, 57.3, 57.4, 57.5, 59.9, 55.8, 57.2, 68.3, 63.1, 67.5, 70.2, 78.6, 74.0, 66.6, 79.8, 80.4, 91.6, 77.2, 76.9, 83.6, 76.5, 81.9, 94.1, 81.3, 77.6, 80.3, 76.4, 88.4, 87.1, 88.6, 90.4, 96.6, 87.1, 90.2, 99.0, 91.1, 95.9, 97.0, 89.8, 98.3, 93.6, 91.4, 91.0, 96.8, 87.4, 101.8, 101.8], "std_returns_eval": [0.4000000000000001, 0.0, 0.0, 0.0, 0.0, 0.6000000000000001, 1.02469507659596, 3.195309061734091, 3.0675723300355937, 2.8722813232690143, 4.431703961232068, 2.4899799195977463, 7.762087348130012, 3.6124783736376886, 5.586591089385369, 18.287974190707946, 12.183595528414426, 17.848249213858484, 12.625767303415662, 8.383913167489272, 19.403350226185168, 11.403508232118746, 7.029224708315989, 7.642643521714199, 10.863240768757727, 11.631422956801115, 11.175419455215094, 12.876334882255899, 12.043255373859678, 10.111874208078342, 10.883014288330232, 6.957010852370434, 6.794115100585212, 8.392854103342914, 11.670903992407787, 11.50651989091402, 10.17644338656684, 11.148542505637229, 15.824348327814324, 9.749358953285082, 13.19128500184876, 13.191285001848758, 14.491376746189438, 11.506954418958998, 14.887914561818254, 8.368990381163071, 13.908270920570969, 7.8670197660867744, 16.63279892261071, 7.430343195303969, 15.43243337908834, 19.08428673018722, 18.74673304872078, 12.10991329448729, 10.954907576059233, 17.839282496782207, 22.86153975566825, 18.641083659487183, 18.361917111238686, 11.830469136936202, 19.915069670980316, 19.56246405747497, 18.682879863661277, 25.5530820058951, 20.48511654836262, 13.65283853270081, 20.886359184884284, 15.580757362849855, 17.18254928699464, 18.342300837136, 19.83834670530788, 19.972230721679537, 21.247117451550928, 20.96306275332877, 22.59402575903639, 15.254179755070412, 15.92513736204495, 27.521627858831316, 17.56729916634882, 12.491597175701752, 19.515122341404883, 21.538105766292446, 20.684293558156632, 11.001818031580052, 20.105720578979504, 22.3, 18.8456891622461, 10.411532067856296, 25.489017242726327, 26.009421369957465, 10.667708282475669, 21.36258411335108, 20.52827318602322, 15.447977213862012, 22.548614148102317, 17.866169147301836, 14.3024473430249, 15.806327846783391, 11.169601604354561, 14.406942770761603], "timestamps_eval": [89.85526943206787, 177.0797688961029, 264.49773955345154, 351.8505811691284, 439.1896514892578, 526.7011313438416, 614.3414568901062, 701.9074277877808, 789.3899130821228, 877.0359513759613, 964.7374918460846, 1052.429419517517, 1140.105414390564, 1228.0967240333557, 1315.8661978244781, 1403.72185587883, 1491.508267402649, 1579.2355823516846, 1667.0598430633545, 1755.0786182880402, 1843.1767230033875, 1931.3364386558533, 2019.4800839424133, 2107.336410999298, 2195.2167580127716, 2283.0409457683563, 2370.932702064514, 2458.800950050354, 2546.6882486343384, 2634.5435643196106, 2722.451810836792, 2810.367359638214, 2898.9882955551147, 2986.810872077942, 3074.8238694667816, 3162.666209936142, 3250.501433134079, 3338.313488483429, 3426.1009151935577, 3513.9441657066345, 3601.676657438278, 3689.3728351593018, 3777.1417276859283, 3864.788652896881, 3952.580445289612, 4040.3329968452454, 4128.062713861465, 4215.832883834839, 4303.651700735092, 4391.5919506549835, 4479.713668584824, 4567.732134103775, 4655.833555936813, 4743.698654413223, 4831.862046718597, 4919.928750038147, 5007.993338346481, 5096.08837389946, 5185.384216070175, 5273.5471477508545, 5361.732944250107, 5449.721354007721, 5537.7669942379, 5625.781899213791, 5714.877645015717, 5802.992347002029, 5891.094736099243, 5979.2595200538635, 6067.237371683121, 6155.509131193161, 6243.622846841812, 6331.9045996665955, 6420.308881521225, 6508.260627985001, 6596.453984975815, 6684.548296928406, 6772.659947395325, 6861.080543518066, 6949.33839058876, 7037.319601535797, 7125.296577215195, 7213.8964767456055, 7302.246502637863, 7390.322643518448, 7478.597249031067, 7566.696895122528, 7655.206504583359, 7743.351301908493, 7831.543887853622, 7919.784332752228, 8008.065207242966, 8096.273037672043, 8184.396573066711, 8272.737931013107, 8361.589473247528, 8450.015528440475, 8538.06730222702, 8626.352036476135, 8714.636291265488, 8802.63909649849], "timesteps_eval": [8808, 17642, 26476, 35310, 44144, 52978, 61812, 70646, 79480, 88314, 97148, 105982, 114816, 123650, 132484, 141318, 150152, 158986, 167820, 176654, 185488, 194322, 203156, 211990, 220824, 229658, 238492, 247326, 256160, 264994, 273828, 282662, 291496, 300330, 309164, 317998, 326832, 335666, 344500, 353334, 362168, 371002, 379836, 388670, 397504, 406338, 415172, 424006, 432840, 441674, 450508, 459342, 468176, 477010, 485844, 494678, 503512, 512346, 521180, 530014, 538848, 547682, 556516, 565350, 574184, 583018, 591852, 600686, 609520, 618354, 627188, 636022, 644856, 653690, 662524, 671358, 680192, 689026, 697860, 706694, 715528, 724362, 733196, 742030, 750864, 759698, 768532, 777366, 786200, 795034, 803868, 812702, 821536, 830370, 839204, 848038, 856872, 865706, 874540, 883374],