{"gamma": [0.98, 0.99, 0.99], "learning_rate": [-5, -5, -4], "returns_eval": [0.0, 0.0, 1.2, 0.5, 2.1, 4.7, 0.0, 0.1, 0.1, 14.6, 15.4, 18.2, 9.1, 8.7, 20.0, 27.4, 28.6, 22.8, 22.8, 22.8, 22.8, 22.8, 22.8, 22.8, 22.8, 25.7, 19.5, 22.6, 30.4, 31.0, 33.6, 33.2, 40.8, 69.5, 63.0, 72.8, 56.6, 68.4, 74.3, 90.2, 88.5, 86.6, 93.1, 99.7, 95.3, 98.8, 98.3, 103.5, 107.7, 100.2, 96.4, 107.2, 102.6, 93.9, 104.8, 103.8, 101.2, 114.1, 110.6, 101.2, 98.2, 104.9, 105.0, 105.8, 94.2, 98.4, 97.0, 95.6, 103.0, 107.3, 115.4, 126.4, 120.5, 129.8, 139.3, 132.4, 158.1, 135.8, 126.3, 149.0, 173.5, 158.0, 150.7, 143.7, 158.6, 153.3, 154.6, 165.5, 205.9, 181.1, 162.6, 171.6, 190.2, 159.0, 187.8, 170.0, 173.8, 211.5, 225.8, 193.7], "std_returns_eval": [0.0, 0.0, 1.32664991614216, 1.2041594578792296, 1.7578395831246947, 5.745432968889291, 0.0, 0.30000000000000004, 0.30000000000000004, 11.39473562659529, 13.972830779766856, 7.45385806143369, 5.503635162326805, 5.3113086899558, 8.809086218218097, 22.970415755923966, 6.3118935352238, 10.283968105745954, 10.283968105745954, 10.283968105745954, 10.283968105745954, 10.283968105745954, 10.283968105745954, 10.283968105745954, 10.283968105745954, 9.76780425684299, 12.322743201089601, 10.121264743103996, 22.734115333568624, 19.193748982416125, 10.011992808627062, 14.702380759591286, 11.178550889985695, 19.21067411623028, 25.408659941051596, 29.35915530120034, 16.80595132683657, 32.336357246913266, 20.174488841108218, 25.285569006846572, 17.681911661356075, 17.124251808473268, 19.866806487203725, 18.42851052038661, 16.661632573070385, 14.551975810864999, 16.613548687742785, 17.368074159215233, 15.185848675658532, 17.325126262166172, 20.49487740875754, 19.742340286804904, 13.850631754544628, 32.85254936835192, 18.637596411554792, 17.497428382479523, 12.967652061957864, 8.711486669908874, 15.16047492659778, 19.249935064825543, 15.542200616386342, 30.464569585011372, 11.670475568716126, 20.764392598869826, 14.925146565444509, 27.507089995126712, 12.296340919151518, 9.635351576356724, 12.312595177297109, 11.584903970253702, 15.357083056361974, 21.513716554793593, 16.596686416269964, 16.75589448522519, 26.237568484903477, 25.507645912549435, 15.604166110369372, 14.864723340849636, 9.29569792968769, 20.547505931377657, 55.4441160088246, 13.660161053223348, 23.19073090698092, 18.461040057374884, 15.698407562552323, 21.251117617668957, 17.56245996436718, 21.1482859825566, 70.9273572043961, 32.141717440112004, 14.840485167271318, 14.671059948074646, 59.25841712364582, 20.064894716892987, 56.24197720564241, 16.923356641044943, 15.503547981026795, 71.39362716657558, 72.52144510418971, 50.80757817491402], "timestamps_eval": [90.37806129455566, 179.7758173942566, 268.370414018631, 356.6033980846405, 444.4018783569336, 532.8663284778595, 620.7720131874084, 708.719792842865, 797.1038770675659, 885.5967497825623, 973.9422714710236, 1062.971642255783, 1151.4699263572693, 1239.4826471805573, 1327.6769948005676, 1416.153868675232, 1504.4274904727936, 1593.8355176448822, 1682.6204257011414, 1770.9157304763794, 1859.3340566158295, 1948.0671129226685, 2036.313453912735, 2124.7936131954193, 2213.1846640110016, 2301.7319343090057, 2390.6910905838013, 2478.9579281806946, 2567.30144739151, 2655.6388828754425, 2743.9382824897766, 2832.5199015140533, 2920.979336500168, 3010.367832660675, 3098.903275489807, 3188.075979232788, 3276.52622961998, 3364.8274059295654, 3454.305896282196, 3542.9345185756683, 3631.602442741394, 3720.482263803482, 3809.1103036403656, 3897.808292865753, 3986.5122950077057, 4075.2465991973877, 4163.998902082443, 4253.169676542282, 4342.184746265411, 4431.010180234909, 4519.863965988159, 4608.686993598938, 4697.58834695816, 4786.663259267807, 4875.6809594631195, 4964.3978061676025, 5053.262739896774, 5142.091605424881, 5230.743571996689, 5319.987447977066, 5409.079114198685, 5497.693414449692, 5586.397186279297, 5675.159353017807, 5764.231924057007, 5852.647534370422, 5941.729704141617, 6030.054663896561, 6119.132701873779, 6207.767930269241, 6295.92372918129, 6384.1482264995575, 6472.51011800766, 6560.847215414047, 6649.855007648468, 6738.250282049179, 6827.443467140198, 6916.0389087200165, 7004.713613986969, 7092.989748716354, 7196.264434337616, 7284.631363868713, 7372.991689682007, 7461.5885009765625, 7550.1793665885925, 7638.359347581863, 7726.882454872131, 7815.08531165123, 7918.201163053513, 8022.312922239304, 8111.526564121246, 8200.388501405716, 8304.091198205948, 8392.965831279755, 8496.230423688889, 8584.833281755447, 8673.767163276672, 8776.586067914963, 8893.61375451088, 8997.03786945343], "timesteps_eval": [8808, 17642, 26476, 35310, 44144, 52978, 61812, 70646, 79480, 88314, 97148, 105982, 114816, 123650, 132484, 141318, 150152, 158986, 167820, 176654, 185488, 194322, 203156, 211990, 220824, 229658, 238492, 247326, 256160, 264994, 273828, 282662, 291496, 300330, 309164, 317998, 326832, 335666, 344500, 353334, 362168, 371002, 379836, 388670, 397504, 406338, 415172, 424006, 432840, 441674, 450508, 459342, 468176, 477010, 485844, 494678, 503512, 512346, 521180, 530014, 538848, 547682, 556516, 565350, 574184, 583018, 591852, 600686, 609520, 618354, 627188, 636022, 644856, 653690, 662524, 671358, 680192, 689026, 697860, 706694, 715528, 724362, 733196, 742030, 750864, 759698, 768532, 777366, 786200, 795034, 803868, 812702, 821536, 830370, 839204, 848038, 856872, 865706, 874540, 883374],