{"gamma": 1.0, "learning_rate": -4, "clip": 0.3, "returns_eval": [0.4, 1.6, 5.4, 3.7, 2.8, 3.5, 3.2, 3.3, 2.9, 3.3, 4.3, 4.5, 5.6, 5.4, 7.9, 11.0, 7.4, 7.6, 17.5, 16.6, 25.4, 28.5, 24.5, 29.7, 22.0, 27.4, 33.5, 28.4, 30.6, 41.7, 42.0, 33.0, 46.7, 35.7, 38.6, 40.7, 35.8, 41.6, 36.0, 37.6, 41.6, 39.8, 46.4, 38.0, 58.8, 42.9, 51.0, 53.2, 53.6, 61.8, 54.6, 51.2, 51.9, 50.2, 56.6, 67.6, 53.8, 70.2, 55.9, 60.5, 60.5, 67.8, 67.1, 63.7, 71.3, 54.4, 55.8, 70.8, 59.7, 65.2, 64.9, 68.5, 70.2, 73.1, 68.1, 74.8, 81.5, 87.7, 74.7, 54.4, 62.4, 65.3, 63.1, 66.9, 67.9, 63.6, 67.9, 68.6, 66.9, 60.9, 72.1, 78.3, 77.4, 81.6, 75.8, 82.4, 82.3, 75.2, 74.8, 74.6], "std_returns_eval": [0.66332495807108, 2.8000000000000003, 4.004996878900157, 3.551056180912941, 2.1354156504062622, 3.0413812651491097, 3.0594117081556713, 2.3685438564654024, 2.467792535850613, 3.716180835212409, 4.148493702538308, 4.410215414239989, 5.902541825349482, 4.363484845854286, 5.3188344587888805, 6.752777206453653, 9.00222194794152, 7.031358332498778, 15.724185193516387, 12.555476892575605, 10.02197585309404, 10.268885041717041, 8.224962005991275, 7.849203781276162, 5.692099788303083, 5.2573757712379665, 16.218816233005416, 9.43610088966836, 15.888360519575327, 9.06697303403953, 16.81071087134628, 8.729261137118078, 11.3758516164725, 7.1, 9.624967532412771, 10.440785411069418, 18.685823503394225, 16.52392205258788, 14.979986648859205, 14.430523206037956, 16.9008875506584, 10.925200226998129, 10.938007131100253, 12.222929272478018, 19.564253116334392, 9.038252043398657, 20.356817039999154, 21.465320868787405, 22.450835173774717, 13.332666649999167, 16.71645895517349, 16.191355718407276, 15.306534552275378, 15.005332385522156, 21.731083728153088, 17.06575518399347, 13.72443077143821, 21.18395619330818, 19.325889371514055, 18.26061335223984, 14.207392441964851, 12.874781551544865, 8.3, 19.642046736529267, 11.4109596441316, 11.119352499134111, 20.91793488851134, 17.00470523119998, 17.624131184259834, 13.738995596476478, 15.29346265565781, 8.452810183601665, 11.487384384619503, 15.326121492406356, 16.07140317458311, 11.05260150371848, 10.220078277586722, 11.47214016650773, 13.8351002887583, 11.516944039110376, 15.499677415998049, 12.946428078817725, 18.657170203436532, 15.58492861709671, 11.936917525056458, 12.799999999999999, 15.584928617096711, 10.584894897919394, 16.446580191638624, 9.256889326334198, 7.2862884927787475, 16.953170794869024, 17.539669324134934, 25.57420575501808, 13.481839637082173, 13.215142829345432, 16.649624620393098, 10.833282051160673, 26.56614386771253, 19.76461484572872], "timestamps_eval": [88.49559807777405, 174.64433646202087, 260.95901823043823, 346.97211241722107, 433.1128342151642, 519.2234785556793, 605.409994840622, 691.7706987857819, 778.1856544017792, 864.4390206336975, 950.7433137893677, 1037.2587921619415, 1123.529783964157, 1209.8416163921356, 1296.0474226474762, 1382.3329455852509, 1468.629840373993, 1554.744793176651, 1641.0009229183197, 1727.255006313324, 1813.4337682724, 1899.7280051708221, 1985.8660471439362, 2072.1376860141754, 2158.4544372558594, 2244.8088443279266, 2331.221845626831, 2417.658353805542, 2503.811804294586, 2590.1519515514374, 2676.4895210266113, 2762.874706506729, 2848.959279537201, 2935.160364151001, 3021.6065101623535, 3107.8503930568695, 3194.003927230835, 3280.398006916046, 3366.8468601703644, 3453.4039721488953, 3539.837191104889, 3626.184163570404, 3712.6535551548004, 3799.096988916397, 3885.297606229782, 3971.3843002319336, 4057.5287849903107, 4144.209769248962, 4230.540086984634, 4316.717764616013, 4402.951269865036, 4489.513452291489, 4575.892454862595, 4662.150418043137, 4748.383945941925, 4834.798976421356, 4922.1719579696655, 5008.6356985569, 5094.745319366455, 5181.122002363205, 5267.71674823761, 5353.995357513428, 5440.218467712402, 5526.478852987289, 5613.119066476822, 5699.770247459412, 5786.22823548317, 5872.411515951157, 5958.870871543884, 6045.6482474803925, 6132.049273729324, 6218.3988308906555, 6305.467890024185, 6392.307971000671, 6478.803769350052, 6565.135200500488, 6651.599052667618, 6739.301137685776, 6825.757380247116, 6912.897658824921, 6999.333691120148, 7086.024532079697, 7172.625660657883, 7259.017577648163, 7345.56792473793, 7431.882509946823, 7518.364162683487, 7604.648688554764, 7690.998061180115, 7777.405661582947, 7863.945584535599, 7950.551366329193, 8037.039407253265, 8123.455123662949, 8210.082139730453, 8296.733236312866, 8383.099338531494, 8469.374959468842, 8555.784371614456, 8642.585546731949], "timesteps_eval": [8804, 17635, 26466, 35297, 44128, 52959, 61790, 70621, 79452, 88283, 97114, 105945, 114776, 123607, 132438, 141269, 150100, 158931, 167762, 176593, 185424, 194255, 203086, 211917, 220748, 229579, 238410, 247241, 256072, 264903, 273734, 282565, 291396, 300227, 309058, 317889, 326720, 335551, 344382, 353213, 362044, 370875, 379706, 388537, 397368, 406199, 415030, 423861, 432692, 441523, 450354, 459185, 468016, 476847, 485678, 494509, 503340, 512171, 521002, 529833, 538664, 547495, 556326, 565157, 573988, 582819, 591650, 600481, 609312, 618143, 626974, 635805, 644636, 653467, 662298, 671129, 679960, 688791, 697622, 706453, 715284, 724115, 732946, 741777, 750608, 759439, 768270, 777101, 785932, 794763, 803594, 812425, 821256, 830087, 838918, 847749, 856580, 865411, 874242, 883073],