{"gamma": [0.95, 0.95, 0.99], "learning_rate": [-5, -3, -4], "returns_eval": [0.0, 0.0, 1.3, 2.6, 0.0, 1.1, 17.4, 15.2, 17.9, 18.5, 21.1, 22.9, 30.5, 30.5, 30.5, 30.5, 30.5, 30.5, 30.5, 30.5, 30.5, 30.5, 30.5, 30.5, 31.0, 28.0, 29.7, 44.4, 42.5, 57.4, 64.8, 64.8, 79.3, 80.2, 78.0, 79.4, 87.0, 76.3, 107.3, 92.9, 100.4, 107.3, 113.0, 106.6, 113.6, 114.0, 104.3, 104.6, 110.2, 104.3, 98.9, 95.9, 98.8, 77.6, 58.3, 76.5, 57.4, 81.7, 62.7, 57.9, 59.5, 84.5, 75.2, 90.6, 75.2, 87.6, 73.5, 73.8, 81.6, 76.0, 68.5, 77.5, 77.3, 66.0, 78.8, 81.2, 77.3, 73.6, 66.1, 69.7, 76.5, 67.0, 54.9, 60.5, 54.6, 53.2, 62.8, 41.1, 36.4, 29.9, 30.1, 29.4, 26.4, 25.7, 24.6, 16.2, 19.6, 19.6, 16.2, 12.3], "std_returns_eval": [0.0, 0.0, 2.9681644159311658, 3.0397368307141326, 0.0, 2.662705391138869, 15.239422561238992, 9.042123644365853, 7.462573282722254, 10.818964830333815, 11.57972365818805, 10.044401425669925, 23.55525419094432, 23.55525419094432, 23.55525419094432, 23.55525419094432, 23.55525419094432, 23.55525419094432, 23.55525419094432, 23.55525419094432, 23.55525419094432, 23.55525419094432, 23.55525419094432, 23.55525419094432, 23.25510696599781, 14.89966442575134, 15.046926596484745, 24.401639289195305, 19.60229578391266, 21.331666601557412, 27.694042680692178, 29.29778148597603, 29.52981544134673, 27.2609610982445, 28.121166405396487, 31.292810675936416, 24.112237556892143, 22.5257630281418, 20.435508312738396, 21.88812463414808, 11.706408501329518, 16.068914089010494, 15.811388300841896, 17.408044117591157, 16.273905493150686, 12.617448236470002, 22.873784120691532, 24.389341934541818, 11.7285975291166, 17.012054549642144, 18.21235844145398, 15.833192981834081, 19.49256268426499, 26.32565288839006, 16.894081803992783, 16.51211676315305, 16.206171663906314, 22.392186137132747, 22.969762732775454, 19.66443490161871, 14.72582765076381, 28.96981187374195, 19.093454375780198, 23.80840187832858, 21.756838005555863, 20.8, 23.057536728800844, 22.520213142863458, 18.353201355621856, 24.515301344262525, 19.479476378999514, 15.957756734578956, 23.605296015936762, 25.12767398706056, 20.793268141396148, 25.2776581193749, 24.462420158275428, 22.227010595219504, 17.907819521091895, 19.824479816630753, 22.41539649437413, 23.815961034566715, 20.641947582532033, 20.274368054269903, 27.111621124528867, 17.8762412156471, 17.577258034175866, 21.983857714241147, 12.823416081528354, 7.968061244744546, 10.387011119662864, 4.694677837722201, 8.85663593019381, 8.967162315916893, 3.8522720568516444, 4.019950248448356, 3.168595903550972, 5.141984052872977, 5.878775382679628, 5.441507144165117], "timestamps_eval": [89.029536485672, 176.52511429786682, 263.82293462753296, 351.1236889362335, 438.2094042301178, 525.2459933757782, 612.8849012851715, 700.200038433075, 787.4425463676453, 874.7597215175629, 962.2879645824432, 1049.6521227359772, 1137.1936385631561, 1224.6137611865997, 1312.2806301116943, 1399.8415796756744, 1487.1225352287292, 1574.3683032989502, 1662.0695502758026, 1749.5477766990662, 1836.7817153930664, 1924.0423266887665, 2011.4403746128082, 2099.027873277664, 2186.806375980377, 2274.4162809848785, 2361.7665100097656, 2449.2843766212463, 2536.495154619217, 2623.588169813156, 2710.635535955429, 2797.8924238681793, 2885.793304204941, 2973.26384305954, 3060.629987716675, 3148.032568693161, 3235.325085878372, 3322.9071412086487, 3412.5133361816406, 3500.172618627548, 3587.878437757492, 3675.6230874061584, 3763.463901758194, 3851.4709985256195, 3939.3145081996918, 4026.9543244838715, 4114.530552148819, 4201.76086306572, 4289.191040754318, 4376.813399076462, 4464.548714399338, 4552.190692901611, 4639.629957914352, 4727.032985210419, 4814.783029794693, 4902.588725805283, 4990.238888502121, 5078.122845411301, 5165.7932250499725, 5253.400673389435, 5340.971668958664, 5428.717588424683, 5516.620251893997, 5604.252890825272, 5692.060693502426, 5779.651247739792, 5867.665740728378, 5955.785638332367, 6043.744199752808, 6131.085997104645, 6218.766581058502, 6306.045645475388, 6394.400476694107, 6481.6566615104675, 6569.1152510643005, 6656.51476764679, 6743.873068332672, 6831.369007110596, 6919.001907110214, 7006.734397172928, 7094.178927183151, 7181.737887620926, 7269.117493629456, 7357.123912334442, 7444.288494586945, 7531.512944459915, 7618.952164888382, 7706.42990732193, 7793.612290143967, 7880.896063327789, 7968.317907333374, 8055.811361074448, 8143.27117562294, 8230.959509134293, 8318.776135921478, 8406.407645225525, 8494.83310008049, 8582.191663265228, 8669.555655479431, 8756.770176172256], "timesteps_eval": [8804, 17635, 26466, 35297, 44128, 52959, 61790, 70621, 79452, 88283, 97114, 105945, 114776, 123607, 132438, 141269, 150100, 158931, 167762, 176593, 185424, 194255, 203086, 211917, 220748, 229579, 238410, 247241, 256072, 264903, 273734, 282565, 291396, 300227, 309058, 317889, 326720, 335551, 344382, 353213, 362044, 370875, 379706, 388537, 397368, 406199, 415030, 423861, 432692, 441523, 450354, 459185, 468016, 476847, 485678, 494509, 503340, 512171, 521002, 529833, 538664, 547495, 556326, 565157, 573988, 582819, 591650, 600481, 609312, 618143, 626974, 635805, 644636, 653467, 662298, 671129, 679960, 688791, 697622, 706453, 715284, 724115, 732946, 741777, 750608, 759439, 768270, 777101, 785932, 794763, 803594, 812425, 821256, 830087, 838918, 847749, 856580, 865411, 874242, 883073],