{"gamma": 0.9, "learning_rate": -1, "clip": 0.3, "returns_eval": [31.5, 0.0, 0.0, 0.0, 0.0, 0.0, 0.0, 31.5, 0.0, 0.0, 0.0, 31.5, 31.5, 31.5, 31.5, 31.5, 31.5, 31.5, 31.5, 31.5, 31.5, 31.5, 31.5, 31.5, 31.5, 31.5, 31.5, 31.5, 31.5, 31.5, 31.5, 31.5, 31.5, 31.5, 31.5, 31.5, 31.5, 31.5, 31.5, 31.5, 31.5, 31.5, 31.5, 31.5, 31.5, 31.5, 31.5, 31.5, 31.5, 31.5, 31.5, 31.5, 31.5, 31.5, 31.5, 31.5, 31.5, 31.5, 31.5, 31.5, 31.5, 31.5, 31.5, 31.5, 31.5, 31.5, 31.5, 31.5, 31.5, 31.5, 31.5, 31.5, 31.5, 31.5, 31.5, 31.5, 31.5, 31.5, 31.5, 31.5, 31.5, 31.5, 31.5, 31.5, 31.5, 31.5, 31.5, 31.5, 31.5, 31.5, 31.5, 31.5, 31.5, 31.5, 31.5, 31.5, 31.5, 31.5, 31.5, 31.5], "std_returns_eval": [23.64000846023537, 0.0, 0.0, 0.0, 0.0, 0.0, 0.0, 23.64000846023537, 0.0, 0.0, 0.0, 23.64000846023537, 23.64000846023537, 23.64000846023537, 23.64000846023537, 23.64000846023537, 23.64000846023537, 23.64000846023537, 23.64000846023537, 23.64000846023537, 23.64000846023537, 23.64000846023537, 23.64000846023537, 23.64000846023537, 23.64000846023537, 23.64000846023537, 23.64000846023537, 23.64000846023537, 23.64000846023537, 23.64000846023537, 23.64000846023537, 23.64000846023537, 23.64000846023537, 23.64000846023537, 23.64000846023537, 23.64000846023537, 23.64000846023537, 23.64000846023537, 23.64000846023537, 23.64000846023537, 23.64000846023537, 23.64000846023537, 23.64000846023537, 23.64000846023537, 23.64000846023537, 23.64000846023537, 23.64000846023537, 23.64000846023537, 23.64000846023537, 23.64000846023537, 23.64000846023537, 23.64000846023537, 23.64000846023537, 23.64000846023537, 23.64000846023537, 23.64000846023537, 23.64000846023537, 23.64000846023537, 23.64000846023537, 23.64000846023537, 23.64000846023537, 23.64000846023537, 23.64000846023537, 23.64000846023537, 23.64000846023537, 23.64000846023537, 23.64000846023537, 23.64000846023537, 23.64000846023537, 23.64000846023537, 23.64000846023537, 23.64000846023537, 23.64000846023537, 23.64000846023537, 23.64000846023537, 23.64000846023537, 23.64000846023537, 23.64000846023537, 23.64000846023537, 23.64000846023537, 23.64000846023537, 23.64000846023537, 23.64000846023537, 23.64000846023537, 23.64000846023537, 23.64000846023537, 23.64000846023537, 23.64000846023537, 23.64000846023537, 23.64000846023537, 23.64000846023537, 23.64000846023537, 23.64000846023537, 23.64000846023537, 23.64000846023537, 23.64000846023537, 23.64000846023537, 23.64000846023537, 23.64000846023537, 23.64000846023537], "timestamps_eval": [87.35745882987976, 172.30919075012207, 257.15654015541077, 342.0244605541229, 426.92029547691345, 511.78146743774414, 596.595724105835, 681.703399181366, 766.7672443389893, 851.8572137355804, 936.8901875019073, 1022.0163953304291, 1107.2401571273804, 1192.3496375083923, 1277.5682153701782, 1362.7271609306335, 1447.9061410427094, 1533.0425419807434, 1618.2586257457733, 1703.4174320697784, 1788.4720640182495, 1873.695812702179, 1958.759327173233, 2043.8972973823547, 2129.022436141968, 2214.125235080719, 2299.2437841892242, 2384.4561216831207, 2469.646626472473, 2554.9493935108185, 2640.0565531253815, 2726.0821220874786, 2811.2409176826477, 2896.3946022987366, 2981.4948391914368, 3066.7817056179047, 3152.05007648468, 3237.181111097336, 3322.335613012314, 3407.439145088196, 3492.6173634529114, 3577.768611431122, 3662.8878004550934, 3747.9962224960327, 3833.0636472702026, 3918.224049091339, 4003.279850959778, 4088.462742090225, 4173.602650165558, 4258.700643777847, 4343.944068431854, 4429.12087726593, 4514.2007439136505, 4599.338791847229, 4684.346262454987, 4769.4565370082855, 4854.74840259552, 4939.864264965057, 5024.982706069946, 5110.211708784103, 5195.270215272903, 5280.4148144721985, 5365.503937005997, 5450.677107334137, 5535.954526185989, 5621.16520690918, 5706.470418214798, 5791.605305671692, 5876.849840641022, 5962.033482789993, 6047.183997392654, 6132.371627569199, 6217.40092921257, 6302.5339069366455, 6387.580811023712, 6472.760308742523, 6557.95680308342, 6643.177619218826, 6728.360368013382, 6813.576344013214, 6898.785418510437, 6984.824654340744, 7070.147558927536, 7155.263537168503, 7240.373446702957, 7325.586829662323, 7410.687368392944, 7495.7918820381165, 7580.990092039108, 7666.12145280838, 7751.354182958603, 7836.580391407013, 7922.549209356308, 8007.715837955475, 8092.872402667999, 8178.083475828171, 8263.194859981537, 8348.309824943542, 8433.38882613182, 8518.551146268845], "timesteps_eval": [8805, 17638, 26471, 35304, 44137, 52970, 61803, 70636, 79469, 88302, 97135, 105968, 114801, 123634, 132467, 141300, 150133, 158966, 167799, 176632, 185465, 194298, 203131, 211964, 220797, 229630, 238463, 247296, 256129, 264962, 273795, 282628, 291461, 300294, 309127, 317960, 326793, 335626, 344459, 353292, 362125, 370958, 379791, 388624, 397457, 406290, 415123, 423956, 432789, 441622, 450455, 459288, 468121, 476954, 485787, 494620, 503453, 512286, 521119, 529952, 538785, 547618, 556451, 565284, 574117, 582950, 591783, 600616, 609449, 618282, 627115, 635948, 644781, 653614, 662447, 671280, 680113, 688946, 697779, 706612, 715445, 724278, 733111, 741944, 750777, 759610, 768443, 777276, 786109, 794942, 803775, 812608, 821441, 830274, 839107, 847940, 856773, 865606, 874439, 883272],