{"gamma": [0.99, 0.95, 0.98], "learning_rate": [-5, -5, -5], "returns_eval": [0.0, 0.0, 0.0, 0.0, 0.1, 12.5, 2.6, 13.3, 12.7, 32.0, 20.2, 13.6, 13.0, 13.0, 13.0, 23.9, 22.8, 22.8, 22.8, 22.8, 22.8, 22.8, 22.8, 22.8, 22.8, 22.8, 22.8, 22.8, 22.8, 22.8, 22.8, 22.8, 22.8, 22.8, 22.8, 22.8, 23.4, 30.5, 31.2, 33.5, 55.9, 56.9, 59.6, 68.3, 64.0, 65.9, 82.7, 70.8, 69.9, 74.0, 84.0, 70.1, 79.6, 79.9, 85.4, 75.1, 79.5, 79.6, 89.6, 90.5, 89.5, 88.6, 84.5, 71.2, 93.4, 88.0, 90.1, 93.9, 100.0, 96.3, 101.2, 91.4, 99.5, 99.8, 90.3, 98.4, 90.8, 103.3, 92.8, 101.6, 102.7, 91.1, 106.0, 102.3, 114.4, 116.1, 105.0, 113.7, 117.6, 103.5, 116.1, 108.5, 109.3, 107.2, 107.1, 124.4, 102.6, 120.1, 121.6, 111.5], "std_returns_eval": [0.0, 0.0, 0.0, 0.0, 0.30000000000000004, 11.603878661895772, 5.660388679233963, 12.570202862324857, 11.627983488120371, 24.07072911234722, 10.665833300778706, 9.75909831900468, 6.648308055437865, 6.648308055437865, 6.648308055437865, 8.904493247793498, 10.283968105745954, 10.283968105745954, 10.283968105745954, 10.283968105745954, 10.283968105745954, 10.283968105745954, 10.283968105745954, 10.283968105745954, 10.283968105745954, 10.283968105745954, 10.283968105745954, 10.283968105745954, 10.283968105745954, 10.283968105745954, 10.283968105745954, 10.283968105745954, 10.283968105745954, 10.283968105745954, 10.283968105745954, 10.283968105745954, 9.123595782365635, 11.289375536317321, 12.898061869908982, 12.306502346320826, 19.185671737002068, 25.92469864820033, 21.50906785520935, 28.816835357131083, 23.98332754227403, 20.042205467462903, 21.340337391897066, 26.102873405048722, 25.09362468835461, 27.018512172212592, 25.39685019840059, 21.956547998262387, 29.148584871310646, 28.90484388471939, 20.19504889818294, 24.205164738129753, 27.648688938175713, 21.429885673983424, 25.12846990964631, 22.100904958847273, 25.950915205441216, 22.428553230201896, 21.643705782513308, 26.906504789734395, 13.514436725220921, 17.555625878902752, 20.3147729497526, 16.052725625263765, 19.778776504121787, 17.88882332631188, 9.368030742904295, 14.582180906846546, 25.16445906432324, 19.833305322109073, 26.41609357948294, 17.453939383417143, 29.6438863848855, 13.964598096615598, 25.541339040856887, 13.365627557282899, 11.225417586887358, 26.280981716823288, 20.985709423319477, 19.758795509848266, 19.693653800145874, 12.926329718833571, 13.145341380123988, 17.88882332631188, 17.805617091243988, 23.43608329051593, 16.158279611394278, 21.94196891803468, 10.276672613253766, 15.657586020839867, 13.095419046368848, 16.782133356638543, 13.395521639712282, 15.826875876179734, 12.72949331277565, 13.937359864766353], "timestamps_eval": [93.32729530334473, 182.64063501358032, 272.422251701355, 361.65860414505005, 450.853803396225, 539.9049170017242, 628.9527516365051, 718.2816381454468, 807.3554182052612, 896.5063803195953, 985.6455519199371, 1074.8901402950287, 1163.9826288223267, 1253.0654113292694, 1342.1775753498077, 1432.4927399158478, 1521.5220096111298, 1610.4680230617523, 1699.4537727832794, 1788.5125267505646, 1877.4875054359436, 1966.3949389457703, 2055.5779898166656, 2144.550673007965, 2233.4872999191284, 2322.3637239933014, 2411.1909096240997, 2499.9539046287537, 2588.6671640872955, 2677.2951130867004, 2766.0266211032867, 2854.6293110847473, 2943.3549468517303, 3031.960889816284, 3120.6278676986694, 3208.965880870819, 3297.2749450206757, 3385.4963409900665, 3474.1167855262756, 3562.4989008903503, 3650.5788445472717, 3738.686864376068, 3826.8968136310577, 3915.3408014774323, 4003.731551885605, 4091.9171628952026, 4180.0945608615875, 4268.1032593250275, 4356.141392707825, 4444.255278110504, 4532.22950553894, 4620.237494945526, 4708.247972488403, 4796.461216211319, 4884.646358013153, 4972.669750213623, 5061.083410739899, 5149.173277378082, 5237.56671500206, 5325.885616540909, 5414.15456032753, 5502.2986896038055, 5590.447595119476, 5678.6729872226715, 5766.766350746155, 5854.9357051849365, 5942.999668836594, 6031.092361688614, 6119.332770586014, 6207.446934700012, 6295.5423929691315, 6383.970207691193, 6472.247757434845, 6560.338082551956, 6648.427113771439, 6736.564254045486, 6824.611673593521, 6912.6315858364105, 7001.562784194946, 7090.168397665024, 7178.293167829514, 7266.219861268997, 7354.147838830948, 7442.176656484604, 7530.29055929184, 7618.516015768051, 7706.970165491104, 7795.337141275406, 7883.403220415115, 7971.8526220321655, 8059.880223035812, 8148.064327955246, 8236.121786117554, 8324.509356737137, 8413.321681976318, 8501.592329978943, 8590.02118563652, 8678.226616859436, 8766.716288089752, 8855.219359636307], "timesteps_eval": [8808, 17642, 26476, 35310, 44144, 52978, 61812, 70646, 79480, 88314, 97148, 105982, 114816, 123650, 132484, 141318, 150152, 158986, 167820, 176654, 185488, 194322, 203156, 211990, 220824, 229658, 238492, 247326, 256160, 264994, 273828, 282662, 291496, 300330, 309164, 317998, 326832, 335666, 344500, 353334, 362168, 371002, 379836, 388670, 397504, 406338, 415172, 424006, 432840, 441674, 450508, 459342, 468176, 477010, 485844, 494678, 503512, 512346, 521180, 530014, 538848, 547682, 556516, 565350, 574184, 583018, 591852, 600686, 609520, 618354, 627188, 636022, 644856, 653690, 662524, 671358, 680192, 689026, 697860, 706694, 715528, 724362, 733196, 742030, 750864, 759698, 768532, 777366, 786200, 795034, 803868, 812702, 821536, 830370, 839204, 848038, 856872, 865706, 874540, 883374],