{"gamma": [0.95, 0.99, 0.99], "learning_rate": [-3, -3, -4], "returns_eval": [0.2, 0.0, 0.0, 0.0, 0.0, 0.2, 0.5, 1.7, 2.3, 2.5, 4.6, 3.0, 5.5, 4.5, 7.7, 26.5, 25.4, 31.2, 25.7, 22.9, 29.9, 26.4, 29.3, 33.7, 26.3, 28.9, 28.1, 24.0, 21.6, 29.5, 16.3, 12.0, 6.6, 7.4, 1.9, 0.7, 1.2, 1.2, 2.0, 2.3, 4.5, 2.6, 7.0, 5.1, 7.0, 2.8, 2.1, 3.0, 4.3, 4.7, 3.1, 4.1, 4.2, 4.0, 7.0, 4.7, 3.1, 2.3, 3.4, 3.9, 2.9, 2.7, 3.9, 4.0, 3.2, 6.0, 5.3, 7.3, 6.8, 7.3, 7.0, 8.2, 7.0, 6.6, 9.8, 8.7, 11.4, 7.8, 10.9, 10.4, 9.5, 10.5, 9.9, 12.9, 11.2, 8.9, 11.9, 11.2, 12.0, 11.8, 12.6, 13.0, 13.2, 12.7, 14.2, 16.8, 13.4, 11.6, 15.7, 11.9], "std_returns_eval": [0.4000000000000001, 0.0, 0.0, 0.0, 0.0, 0.6000000000000001, 1.02469507659596, 3.195309061734091, 3.0675723300355937, 2.8722813232690143, 4.431703961232068, 2.4899799195977463, 7.762087348130012, 3.6124783736376886, 5.586591089385369, 18.287974190707946, 12.183595528414426, 17.848249213858484, 12.625767303415662, 8.383913167489272, 19.403350226185168, 11.403508232118746, 7.029224708315989, 7.642643521714199, 10.863240768757727, 11.631422956801115, 11.175419455215094, 12.876334882255899, 12.043255373859678, 10.111874208078342, 12.554282137979854, 5.215361924162119, 3.3823069050575527, 6.452906321960671, 1.2206555615733703, 0.6403124237432849, 1.7776388834631176, 1.6, 2.23606797749979, 3.3181320046074116, 4.272001872658765, 2.4979991993593593, 5.9833101206606365, 6.503076195155644, 5.118593556827891, 2.3151673805580453, 2.913760456866693, 2.932575659723036, 3.9000000000000004, 5.780138406647371, 1.9723082923316022, 1.9209372712298547, 3.682390527904394, 3.872983346207417, 3.6606010435446255, 3.1638584039112754, 1.3, 1.6155494421403513, 1.3564659966250538, 1.8681541692269403, 2.2561028345356955, 1.9000000000000001, 0.8306623862918074, 1.8439088914585775, 1.98997487421324, 3.847076812334269, 3.377869150810907, 3.9000000000000004, 2.3151673805580453, 2.491987158875422, 3.492849839314596, 2.7129319932501073, 2.4083189157584592, 3.1368774282716245, 4.707440918375928, 3.163858403911275, 5.063595560468865, 4.261455150532504, 3.176476034853718, 6.421837743200929, 4.201190307520001, 1.6881943016134133, 4.5265881191025095, 3.5057096285916214, 3.2186953878862163, 2.7367864366808017, 3.144837038703278, 3.4, 4.774934554525329, 3.627671429443411, 3.7202150475476548, 3.22490309931942, 5.344155686354955, 3.976179070414209, 5.192301994298868, 5.249761899362675, 4.079215610874228, 3.7202150475476548, 5.568662316930341, 2.844292530665579], "timestamps_eval": [89.01239514350891, 176.06414103507996, 263.2423119544983, 350.2725431919098, 437.3781020641327, 524.7256600856781, 612.0486447811127, 699.4535551071167, 786.9420127868652, 874.4713115692139, 961.8811557292938, 1049.5010631084442, 1137.3367638587952, 1224.8766911029816, 1312.5001327991486, 1400.2974753379822, 1488.2161569595337, 1575.970998764038, 1663.7798671722412, 1751.3998627662659, 1838.945607662201, 1926.5422089099884, 2014.10107088089, 2101.571014881134, 2188.903730392456, 2276.1809289455414, 2363.602331638336, 2450.9288861751556, 2538.52406334877, 2626.0349283218384, 2713.6722304821014, 2801.1871466636658, 2888.7665317058563, 2976.279737472534, 3063.94620347023, 3151.4233202934265, 3239.1768038272858, 3326.524333000183, 3413.871835231781, 3501.0966653823853, 3588.428864479065, 3675.9493753910065, 3763.335553407669, 3850.885581970215, 3938.6161663532257, 4026.3100171089172, 4113.812133312225, 4201.37438750267, 4289.116849660873, 4376.828067064285, 4464.344837903976, 4551.943855524063, 4639.447840929031, 4726.937170982361, 4814.314812421799, 4901.6097412109375, 4989.178492307663, 5076.541290998459, 5164.255790710449, 5251.89607834816, 5339.455352544785, 5427.084202289581, 5514.556082248688, 5601.977066516876, 5689.389742851257, 5776.98123383522, 5864.486676931381, 5951.78620839119, 6039.145818471909, 6126.588057756424, 6213.951360702515, 6301.254444360733, 6388.616739034653, 6475.9884560108185, 6563.427181959152, 6651.00079202652, 6738.53489279747, 6826.160935163498, 6913.848094463348, 7001.452723026276, 7088.910666942596, 7176.383397579193, 7263.899251937866, 7351.56565117836, 7439.373645544052, 7527.163749217987, 7614.667173862457, 7702.058916807175, 7789.496210098267, 7877.314520359039, 7964.78262257576, 8052.65033531189, 8140.516403675079, 8228.217612028122, 8315.945401668549, 8403.545725107193, 8490.998116016388, 8578.74190735817, 8666.388231039047, 8754.057578325272], "timesteps_eval": [8808, 17642, 26476, 35310, 44144, 52978, 61812, 70646, 79480, 88314, 97148, 105982, 114816, 123650, 132484, 141318, 150152, 158986, 167820, 176654, 185488, 194322, 203156, 211990, 220824, 229658, 238492, 247326, 256160, 264994, 273828, 282662, 291496, 300330, 309164, 317998, 326832, 335666, 344500, 353334, 362168, 371002, 379836, 388670, 397504, 406338, 415172, 424006, 432840, 441674, 450508, 459342, 468176, 477010, 485844, 494678, 503512, 512346, 521180, 530014, 538848, 547682, 556516, 565350, 574184, 583018, 591852, 600686, 609520, 618354, 627188, 636022, 644856, 653690, 662524, 671358, 680192, 689026, 697860, 706694, 715528, 724362, 733196, 742030, 750864, 759698, 768532, 777366, 786200, 795034, 803868, 812702, 821536, 830370, 839204, 848038, 856872, 865706, 874540, 883374],