{"gamma": 0.8, "learning_rate": -5, "clip": 0.2, "returns_eval": [0.0, 0.0, 4.9, 0.5, 0.6, 14.6, 18.7, 22.8, 27.6, 13.0, 22.8, 22.8, 22.8, 24.8, 26.2, 52.9, 33.9, 63.6, 62.1, 85.2, 75.9, 96.3, 98.5, 88.3, 101.4, 101.2, 94.2, 104.9, 102.3, 102.4, 113.5, 107.6, 105.4, 111.2, 114.0, 104.1, 115.2, 106.6, 113.2, 114.6, 109.7, 111.5, 103.3, 116.9, 114.7, 108.2, 120.4, 119.5, 113.9, 116.6, 114.5, 108.7, 126.6, 128.9, 121.4, 127.2, 140.7, 125.8, 145.1, 125.3, 132.4, 135.4, 137.9, 143.6, 131.3, 134.5, 157.5, 130.8, 153.2, 153.2, 140.8, 137.3, 131.6, 152.9, 141.7, 137.8, 147.7, 130.8, 157.5, 159.4, 148.2, 152.4, 161.5, 136.2, 169.2, 145.4, 184.1, 155.4, 164.1, 195.1, 187.8, 152.7, 158.6, 158.9, 175.6, 158.4, 190.0, 172.7, 164.5, 162.8], "std_returns_eval": [0.0, 0.0, 3.5057096285916205, 1.5, 0.9165151389911681, 13.32066064427737, 9.940321926376429, 10.283968105745954, 10.229369482035537, 6.648308055437865, 10.283968105745954, 10.283968105745954, 10.283968105745954, 12.773409881468613, 9.795917517006766, 21.059202264093482, 24.829216661022553, 21.873271360269822, 21.43105223734943, 22.252190903369492, 28.497192844208357, 30.3349633261687, 21.11042396542523, 22.856290162666383, 13.857849761056006, 13.287588193498472, 16.922174801130026, 11.51911454930456, 11.322985472038724, 16.359706598836055, 20.021238722916223, 12.978443666326097, 18.95362762111781, 13.818827736099758, 18.2208671582886, 18.45237112134915, 22.85082055419455, 13.850631754544628, 18.90925699227762, 12.289833196589774, 25.1, 21.33658829335187, 24.932107813018938, 10.396634070698074, 12.474373731775074, 25.43540839066674, 22.504221826137425, 9.156964562561111, 14.024621207005913, 15.252540771950095, 14.23551895787435, 29.749117633973622, 13.632314550361578, 18.87564568432031, 10.669582934679312, 24.579666393179547, 18.51512894905137, 16.4730082255792, 21.073443002983637, 16.745447142432475, 24.23716154998353, 15.602563891873668, 26.4592138961081, 22.80877024304467, 15.836982035728903, 25.25569242764886, 42.59636134695075, 17.0985379491932, 9.724196624914574, 39.92693326565415, 16.172816699635227, 15.684705926475003, 21.60185177247543, 18.261708572858126, 23.212281232140885, 20.365657367244495, 23.41815535006974, 21.488601629701268, 45.33707092435505, 23.465719677862005, 23.072927859289987, 21.84124538573751, 41.91956583744636, 23.05558500667463, 60.89630530664401, 30.493277947770718, 65.91881370291793, 16.05739704933524, 40.71719538475115, 72.06032195320806, 63.62672394521033, 24.21177399531063, 18.858419870180004, 22.00658992211197, 30.077233915371938, 21.987269043698905, 52.75604230796696, 63.43666132450541, 17.833956375409244, 21.216974336601343], "timestamps_eval": [87.32237458229065, 172.61798453330994, 257.8873248100281, 343.1002459526062, 428.3800992965698, 513.8297672271729, 599.1928019523621, 684.8553020954132, 770.2433433532715, 855.7068991661072, 941.1696920394897, 1026.681441783905, 1112.0706732273102, 1197.4831137657166, 1282.911028623581, 1368.412701845169, 1454.0095493793488, 1539.6193540096283, 1625.0210518836975, 1710.6594128608704, 1796.1845784187317, 1881.5891535282135, 1967.0440995693207, 2052.566524744034, 2138.034659385681, 2223.4044280052185, 2308.731216430664, 2394.0242104530334, 2479.4054865837097, 2565.232713699341, 2650.88072514534, 2736.4654064178467, 2822.148635149002, 2907.802583217621, 2993.5433173179626, 3079.398509502411, 3165.104703426361, 3250.844939470291, 3336.7800455093384, 3422.450769662857, 3508.1905088424683, 3594.0434527397156, 3680.5366110801697, 3766.2407162189484, 3851.9544382095337, 3937.561123609543, 4023.250113248825, 4109.407242536545, 4195.104920625687, 4280.558944225311, 4366.077662706375, 4451.583851337433, 4536.951221942902, 4622.448499202728, 4707.949440479279, 4793.4977996349335, 4878.998803138733, 4964.645930051804, 5050.156779289246, 5135.550417423248, 5221.1772310733795, 5306.801543712616, 5392.322079896927, 5477.86651968956, 5563.528208017349, 5649.043078184128, 5748.67386674881, 5834.3910591602325, 5919.950758218765, 6019.529523134232, 6104.981292247772, 6190.4059228897095, 6275.756395816803, 6361.111211061478, 6446.423918008804, 6531.887306928635, 6617.349279880524, 6702.769439697266, 6802.088059186935, 6887.450020313263, 6972.886002063751, 7058.279763460159, 7157.892957448959, 7243.4880583286285, 7343.045998811722, 7428.514437913895, 7528.125030040741, 7613.681067943573, 7713.105497121811, 7826.4696345329285, 7925.796102285385, 8011.268687486649, 8096.602042913437, 8182.026042938232, 8281.40399813652, 8366.942533493042, 8466.655696630478, 8566.110764980316, 8651.686573505402, 8737.092329740524], "timesteps_eval": [8800, 17634, 26468, 35302, 44136, 52970, 61804, 70638, 79472, 88306, 97140, 105974, 114808, 123642, 132476, 141310, 150144, 158978, 167812, 176646, 185480, 194314, 203148, 211982, 220816, 229650, 238484, 247318, 256152, 264986, 273820, 282654, 291488, 300322, 309156, 317990, 326824, 335658, 344492, 353326, 362160, 370994, 379828, 388662, 397496, 406330, 415164, 423998, 432832, 441666, 450500, 459334, 468168, 477002, 485836, 494670, 503504, 512338, 521172, 530006, 538840, 547674, 556508, 565342, 574617, 583451, 592285, 601119, 609953, 618787, 627621, 636455, 645289, 654123, 662957, 671791, 680625, 689459, 698293, 707127, 715961, 724795, 733629, 742463, 751738, 760572, 769406, 778679, 787513, 796347, 805181, 814015, 822849, 831683, 840517, 849351, 858185, 867019, 876290, 885565],