{"gamma": [0.98, 0.95, 0.98], "learning_rate": [-5, -4, -3], "returns_eval": [0.3, 4.8, 11.8, 7.0, 4.6, 7.4, 5.7, 8.4, 20.6, 20.6, 10.5, 15.9, 20.6, 20.6, 20.6, 16.6, 30.5, 30.5, 30.5, 30.5, 30.5, 30.5, 30.5, 30.5, 30.5, 30.5, 30.5, 30.5, 30.5, 30.5, 30.5, 30.7, 29.1, 42.6, 47.1, 53.9, 58.0, 85.6, 90.4, 97.0, 121.3, 116.7, 123.2, 124.0, 134.4, 143.1, 146.3, 162.9, 157.8, 142.4, 160.0, 183.0, 161.9, 169.3, 175.5, 234.5, 257.9, 236.2, 219.6, 259.3, 248.8, 186.7, 161.7, 134.3, 133.7, 127.9, 115.5, 119.9, 106.8, 98.7, 96.7, 95.3, 83.1, 69.3, 76.2, 67.6, 47.0, 52.9, 37.7, 58.9, 56.7, 50.8, 43.2, 49.5, 55.4, 39.8, 38.8, 31.0, 24.8, 14.4, 14.1, 7.8, 6.0, 6.4, 5.3, 3.2, 4.9, 0.5, 7.8, 3.5], "std_returns_eval": [0.6403124237432849, 4.686149805543993, 7.769169839822013, 5.796550698475776, 3.2924155266308657, 3.8522720568516444, 4.627094120503711, 8.296987405076615, 9.728309205612248, 9.728309205612248, 8.80056816347672, 6.187891401761993, 9.728309205612248, 9.728309205612248, 9.728309205612248, 12.90891165048394, 23.55525419094432, 23.55525419094432, 23.55525419094432, 23.55525419094432, 23.55525419094432, 23.55525419094432, 23.55525419094432, 23.55525419094432, 23.55525419094432, 23.55525419094432, 23.55525419094432, 23.55525419094432, 23.55525419094432, 23.55525419094432, 23.55525419094432, 23.541665191740364, 15.85212919452778, 18.122913673027302, 18.069034285207387, 22.7396130134178, 28.106938645110393, 17.579533554676587, 20.288913228657666, 30.753861546153843, 20.909567188251412, 17.27454775095429, 11.643023662262308, 35.63144678510823, 13.154466921924278, 43.891798778359494, 23.84135063288152, 48.18806906278773, 19.893717601293126, 27.659356463952665, 22.556595487794695, 81.24776920014482, 15.597756248896827, 14.920120642943878, 23.380547470065792, 79.5062890594197, 91.20904560404084, 87.43546191334498, 74.69431035895572, 81.27367347425611, 96.08100748847298, 72.77231616487138, 43.71967520464899, 21.904565734111234, 29.42804784555034, 15.430165261590687, 12.338962679253067, 30.758576039862444, 9.173875952943773, 23.93762728425689, 11.576268828944844, 4.838388161361178, 16.021547990128795, 17.9836036433191, 22.828929015615255, 32.13471642943189, 16.769019053003667, 13.837991183694259, 10.677546534667972, 21.299999999999997, 24.091699815496625, 17.45737666432159, 17.94324385388551, 16.001562423713505, 14.178857499812882, 11.556816170554933, 8.611620056644394, 12.96148139681572, 6.4, 8.014985963805552, 10.173003489628812, 6.615134163416491, 5.403702434442518, 4.94368283772331, 4.428317965096906, 2.5219040425836985, 7.006425622241344, 1.2041594578792296, 6.144916598294886, 5.239274758971894], "timestamps_eval": [89.15536856651306, 176.2849886417389, 263.4960923194885, 350.7900450229645, 438.1526083946228, 525.4592332839966, 612.8861517906189, 700.2809338569641, 787.8421297073364, 875.2964794635773, 962.9934196472168, 1050.458228111267, 1137.8365738391876, 1225.8234210014343, 1313.2229697704315, 1401.3620293140411, 1489.4989309310913, 1576.9939942359924, 1664.4147143363953, 1751.6710555553436, 1839.0039384365082, 1926.4199435710907, 2013.7551095485687, 2101.1282250881195, 2188.3718950748444, 2275.838002204895, 2363.3809173107147, 2450.8218319416046, 2538.1974000930786, 2626.812605857849, 2714.0131108760834, 2801.323622941971, 2888.58691239357, 2975.9718832969666, 3063.2958538532257, 3150.577445745468, 3237.916362762451, 3325.6619441509247, 3413.8414883613586, 3501.3124563694, 3588.7570519447327, 3676.1836013793945, 3763.8181643486023, 3851.2094480991364, 3938.8244869709015, 4040.736938714981, 4128.32584810257, 4229.883807659149, 4317.153155088425, 4404.863767385483, 4492.570764303207, 4594.339509487152, 4681.740031480789, 4769.27313375473, 4856.806911706924, 4958.533012390137, 5074.439170598984, 5190.060765028, 5291.828490018845, 5407.845829248428, 5523.921553373337, 5627.351541519165, 5729.252501010895, 5816.762523889542, 5904.403354406357, 5991.918164491653, 6079.512002944946, 6167.0109441280365, 6254.557577848434, 6342.18475484848, 6429.713287830353, 6517.620577573776, 6605.4209361076355, 6692.99723649025, 6780.663698673248, 6868.161162614822, 6955.649791002274, 7043.115517616272, 7130.864781618118, 7218.453331708908, 7306.043263196945, 7393.925870656967, 7481.467892408371, 7569.024435997009, 7656.853273868561, 7744.472262620926, 7832.021040439606, 7919.772394895554, 8007.459916591644, 8095.1439752578735, 8183.918053627014, 8271.893594741821, 8359.365344762802, 8446.867671966553, 8534.46934723854, 8622.216099500656, 8709.722886562347, 8797.186423301697, 8884.661960840225, 8974.302281856537], "timesteps_eval": [8804, 17635, 26466, 35297, 44128, 52959, 61790, 70621, 79452, 88283, 97114, 105945, 114776, 123607, 132438, 141269, 150100, 158931, 167762, 176593, 185424, 194255, 203086, 211917, 220748, 229579, 238410, 247241, 256072, 264903, 273734, 282565, 291396, 300227, 309058, 317889, 326720, 335551, 344382, 353213, 362044, 370875, 379706, 388537, 397368, 406199, 415468, 424299, 433130, 441961, 450792, 459623, 468454, 477285, 486116, 494947, 503778, 513050, 523198, 533349, 542622, 551894, 560725, 569556, 578387, 587218, 596049, 604880, 613711, 622542, 631373, 640204, 649035, 657866, 666697, 675528, 684359, 693190, 702021, 710852, 719683, 728514, 737345, 746176, 755007, 763838, 772669, 781500, 790331, 799162, 807993, 816824, 825655, 834486, 843317, 852148, 860979, 869810, 878641, 887472],