{"gamma": [0.99, 0.98, 0.95], "learning_rate": [-3, -5, -3], "returns_eval": [0.0, 0.5, 0.0, 0.0, 0.3, 1.4, 0.7, 3.3, 1.9, 2.5, 4.3, 8.4, 3.0, 11.0, 4.2, 9.0, 15.1, 14.7, 14.4, 11.0, 11.2, 21.7, 19.1, 17.1, 22.5, 15.7, 18.9, 14.3, 15.7, 8.7, 9.7, 10.8, 10.3, 13.6, 13.6, 18.6, 11.3, 16.9, 17.6, 17.1, 21.8, 28.7, 30.4, 28.8, 22.5, 33.0, 31.1, 33.4, 28.5, 41.7, 34.9, 50.0, 42.8, 49.7, 41.7, 47.2, 54.3, 48.1, 52.1, 62.8, 42.0, 29.5, 35.4, 27.2, 19.6, 17.3, 14.3, 21.5, 18.9, 12.0, 9.5, 4.8, 6.2, 8.1, 9.2, 8.6, 10.0, 11.8, 7.0, 10.0, 9.2, 9.8, 6.2, 9.7, 15.0, 17.4, 15.6, 19.2, 14.2, 14.5, 18.5, 23.3, 23.7, 19.3, 25.1, 21.1, 29.2, 32.6, 31.3, 32.5], "std_returns_eval": [0.0, 1.5, 0.0, 0.0, 0.6403124237432849, 1.4966629547095767, 0.9, 3.7696153649941526, 2.6248809496813377, 2.7658633371878665, 4.196427051671457, 7.578918128598567, 1.9493588689617927, 9.327379053088816, 3.8418745424597094, 10.119288512538814, 6.977822009767805, 7.975587752636165, 10.258654882585729, 6.782329983125268, 8.328265125462805, 10.050373127401787, 12.128066622508303, 7.034912934784622, 8.488227141164401, 7.389857914736926, 4.1340053217188775, 6.634003316248793, 8.112336284942828, 5.710516614107694, 8.038034585643434, 6.764613810115105, 4.220189569201838, 7.952358140828417, 7.863841300534999, 5.023942674832188, 5.9506302187247355, 8.371977066380438, 5.96992462263972, 7.2862884927787475, 10.543244282477762, 9.1, 9.748846085563152, 8.14616474176652, 11.191514642799696, 11.515207336387824, 14.003213916812099, 8.101851640211638, 8.464632301523794, 6.649060083951716, 11.700000000000001, 16.186414056238647, 19.29144888285999, 6.435060217278468, 10.677546534667972, 14.441606558828557, 17.000294115102832, 10.64377752492037, 20.11690831116949, 17.057549648176316, 9.433981132056603, 11.960351165413163, 14.143549766589716, 10.81480466767662, 10.87382177525455, 10.325211862233141, 7.733692520394122, 8.92468486838611, 7.8670197660867744, 5.639148871948674, 7.116881339463234, 4.166533331199932, 4.791659420284375, 5.243090691567332, 5.249761899362675, 3.9547439866570384, 5.157518783291051, 5.81033561853358, 4.171330722922842, 6.308724118235001, 4.069397989875161, 8.435638683585257, 5.3814496188294845, 8.161494961096281, 6.196773353931867, 5.462600113499065, 9.8, 7.652450587883597, 10.870142593360955, 7.419568720619818, 8.64002314811714, 10.686907878334125, 7.950471684120383, 7.6557168181692825, 5.204805471869242, 10.91283647820309, 11.320777358467925, 11.02905254316979, 15.524496771232233, 13.388427838995884], "timestamps_eval": [88.20255637168884, 174.12973642349243, 259.6637456417084, 345.4070110321045, 431.0086634159088, 516.553465127945, 602.3603174686432, 688.2600305080414, 774.0237338542938, 859.908748626709, 946.5583343505859, 1032.6067469120026, 1118.5258584022522, 1204.46675491333, 1290.5550315380096, 1376.53413271904, 1462.5516376495361, 1548.5289423465729, 1634.5131680965424, 1720.4428396224976, 1806.5504078865051, 1892.4834928512573, 1978.4630167484283, 2064.49170255661, 2150.3821370601654, 2236.3858840465546, 2322.264914751053, 2408.2193558216095, 2494.343414783478, 2580.2761175632477, 2666.1433906555176, 2752.231761932373, 2838.3156819343567, 2924.143372774124, 3010.2507824897766, 3096.301276445389, 3182.3547973632812, 3268.186817407608, 3354.1566967964172, 3440.215917110443, 3526.184303998947, 3612.239386320114, 3698.2200253009796, 3784.1570954322815, 3870.1750152111053, 3956.1570942401886, 4042.1752786636353, 4128.203420877457, 4214.322442293167, 4300.397957324982, 4386.461329936981, 4472.578654766083, 4558.651890993118, 4644.596129655838, 4730.676506519318, 4816.812377214432, 4903.067582845688, 4989.065588474274, 5075.139570474625, 5161.259312152863, 5247.217073202133, 5333.164296627045, 5419.18393945694, 5505.093869924545, 5591.112384080887, 5677.055983304977, 5763.014405488968, 5848.878818273544, 5934.86292719841, 6020.864674568176, 6106.760385751724, 6192.665590047836, 6278.640205621719, 6364.59517621994, 6450.617485284805, 6536.568828344345, 6622.562643766403, 6708.483382225037, 6794.417214393616, 6880.274709939957, 6966.201325416565, 7052.239642620087, 7139.007040262222, 7225.025609254837, 7311.117060661316, 7397.155974626541, 7483.225204229355, 7569.275836229324, 7655.36036157608, 7741.274086713791, 7827.299694061279, 7913.361033678055, 7999.404203891754, 8085.436248779297, 8171.532573461533, 8257.596102237701, 8343.78313446045, 8429.951790094376, 8516.006014585495, 8602.076069116592], "timesteps_eval": [8805, 17638, 26471, 35304, 44137, 52970, 61803, 70636, 79469, 88302, 97135, 105968, 114801, 123634, 132467, 141300, 150133, 158966, 167799, 176632, 185465, 194298, 203131, 211964, 220797, 229630, 238463, 247296, 256129, 264962, 273795, 282628, 291461, 300294, 309127, 317960, 326793, 335626, 344459, 353292, 362125, 370958, 379791, 388624, 397457, 406290, 415123, 423956, 432789, 441622, 450455, 459288, 468121, 476954, 485787, 494620, 503453, 512286, 521119, 529952, 538785, 547618, 556451, 565284, 574117, 582950, 591783, 600616, 609449, 618282, 627115, 635948, 644781, 653614, 662447, 671280, 680113, 688946, 697779, 706612, 715445, 724278, 733111, 741944, 750777, 759610, 768443, 777276, 786109, 794942, 803775, 812608, 821441, 830274, 839107, 847940, 856773, 865606, 874439, 883272],