{"gamma": [0.99, 0.99, 0.99], "learning_rate": [-4, -3, -5], "returns_eval": [3.7, 0.1, 0.0, 1.7, 2.1, 2.5, 0.5, 4.6, 3.2, 7.1, 2.9, 11.1, 26.9, 37.8, 44.8, 59.3, 57.2, 68.6, 68.3, 75.6, 83.0, 100.2, 92.5, 102.5, 118.5, 117.1, 113.8, 113.7, 113.4, 109.9, 108.2, 100.3, 87.9, 73.6, 87.3, 80.3, 86.9, 85.2, 76.0, 68.2, 63.6, 55.7, 35.0, 39.0, 41.5, 38.3, 38.9, 34.0, 36.2, 27.8, 38.3, 39.4, 28.9, 31.3, 23.4, 15.1, 17.9, 6.5, 10.4, 10.8, 11.5, 22.8, 20.2, 13.6, 24.1, 24.9, 27.4, 35.9, 29.5, 51.8, 32.1, 40.4, 38.0, 44.5, 39.8, 44.5, 61.6, 64.9, 64.8, 60.3, 84.2, 77.9, 71.7, 74.3, 66.6, 80.5, 76.5, 87.3, 88.5, 91.5, 84.6, 76.7, 84.5, 90.6, 93.3, 88.8, 89.6, 100.9, 101.9, 96.1], "std_returns_eval": [5.386093203798093, 0.30000000000000004, 0.0, 4.148493702538308, 2.6248809496813372, 2.9748949561287032, 0.6708203932499369, 6.086049621881176, 3.815756805667783, 8.166394553289718, 3.3600595232822887, 11.121600604229592, 14.272000560538105, 27.38174574419973, 23.15080992103732, 16.667633305301624, 21.724640388278008, 21.597222043586996, 22.21733557382613, 16.95405556201819, 18.72431574183687, 29.828845100003452, 19.085334683992315, 27.764185563419648, 10.461835403025608, 14.542695761102891, 11.443775600735973, 15.7419820861288, 15.736581585592216, 14.969635934116766, 9.836666101886351, 16.358789686281806, 21.644629818964333, 24.004999479275146, 14.036025078347503, 31.02595687484916, 9.038252043398657, 22.36872817126624, 20.67849124090053, 16.16044553841261, 26.33324894501246, 22.512441004919925, 12.263767773404714, 17.57270610919104, 21.10568643754569, 9.000555538409838, 18.53887806745597, 10.392304845413264, 16.28987415543779, 5.173006862551025, 22.06830306117804, 8.101851640211638, 8.104936767180853, 11.705127081753533, 8.742997197757756, 7.917701686727026, 10.653168542738822, 7.379024325749306, 8.052328855678958, 7.8204859184068605, 5.481788029466299, 12.480384609458156, 9.651942809610922, 7.709734106958554, 15.175308893067053, 12.037026210821342, 9.961927524329818, 12.48559169603107, 11.603878661895772, 22.617692189964917, 12.51758762701504, 12.92439553712281, 20.449938875214272, 22.721135535003526, 8.482924024179399, 12.893796958227627, 20.99619013059274, 21.342211694198895, 23.726778120933318, 21.410511437142272, 19.47203122429707, 19.826497421380306, 22.733455522643272, 19.068560512005096, 23.757946039167614, 16.218816233005416, 16.948451256678293, 21.255822731665788, 21.50465065979915, 15.041608956491324, 24.129649810969077, 24.03767875648562, 17.471405209656147, 17.44820907715173, 23.639162421710292, 24.68926892396776, 18.238420984284797, 10.074224535913421, 19.429101883514843, 25.414366016094124], "timestamps_eval": [88.05174612998962, 174.02333068847656, 259.81912088394165, 345.75350975990295, 431.747766494751, 518.091225862503, 604.2322182655334, 690.5349192619324, 776.8413846492767, 863.3391833305359, 949.6722657680511, 1036.1039340496063, 1122.4642403125763, 1208.8550252914429, 1295.3168966770172, 1381.6865224838257, 1468.418001651764, 1554.708920955658, 1640.766986131668, 1726.8158400058746, 1813.070706129074, 1899.3380944728851, 1985.4026193618774, 2071.609382390976, 2157.6878068447113, 2243.9886236190796, 2330.2253222465515, 2416.4209775924683, 2502.528616666794, 2588.7621018886566, 2674.96599316597, 2761.101697921753, 2847.1983790397644, 2933.29584980011, 3019.597015142441, 3106.0325815677643, 3192.1691513061523, 3278.3174183368683, 3364.3142614364624, 3450.4561133384705, 3536.5635097026825, 3622.6601326465607, 3708.6778371334076, 3794.802012205124, 3881.012907743454, 3967.31876540184, 4053.4808802604675, 4139.85737156868, 4226.084399461746, 4312.597780704498, 4398.948640584946, 4485.3392515182495, 4571.312729597092, 4657.471117258072, 4743.452039718628, 4829.502066850662, 4915.55059671402, 5001.817896366119, 5087.725166320801, 5173.771208524704, 5259.821736574173, 5345.939550638199, 5431.971201181412, 5518.402532339096, 5604.591369390488, 5690.835817575455, 5776.987722158432, 5863.1153728961945, 5949.906749010086, 6036.39870095253, 6122.485101938248, 6208.592107057571, 6295.496294021606, 6381.754631280899, 6467.90042090416, 6554.248841524124, 6640.42857503891, 6726.574820280075, 6812.640618562698, 6898.89241027832, 6984.975244760513, 7071.229026794434, 7157.318414926529, 7243.622497081757, 7329.82648396492, 7416.964908838272, 7503.062868833542, 7589.274290800095, 7675.677135229111, 7762.109675168991, 7848.221879959106, 7934.450825452805, 8020.663826227188, 8106.947871685028, 8193.410253047943, 8280.040323257446, 8366.51608967781, 8452.623972892761, 8539.087885856628, 8626.02894282341], "timesteps_eval": [8805, 17638, 26471, 35304, 44137, 52970, 61803, 70636, 79469, 88302, 97135, 105968, 114801, 123634, 132467, 141300, 150133, 158966, 167799, 176632, 185465, 194298, 203131, 211964, 220797, 229630, 238463, 247296, 256129, 264962, 273795, 282628, 291461, 300294, 309127, 317960, 326793, 335626, 344459, 353292, 362125, 370958, 379791, 388624, 397457, 406290, 415123, 423956, 432789, 441622, 450455, 459288, 468121, 476954, 485787, 494620, 503453, 512286, 521119, 529952, 538785, 547618, 556451, 565284, 574117, 582950, 591783, 600616, 609449, 618282, 627115, 635948, 644781, 653614, 662447, 671280, 680113, 688946, 697779, 706612, 715445, 724278, 733111, 741944, 750777, 759610, 768443, 777276, 786109, 794942, 803775, 812608, 821441, 830274, 839107, 847940, 856773, 865606, 874439, 883272],