{"gamma": 0.95, "learning_rate": -1, "clip": 0.4, "returns_eval": [0.0, 0.0, 0.0, 0.0, 0.0, 30.5, 30.5, 30.5, 30.5, 30.5, 30.5, 30.5, 30.5, 30.5, 30.5, 30.5, 30.5, 30.5, 30.5, 30.5, 30.5, 30.5, 30.5, 30.5, 30.5, 30.5, 30.5, 30.5, 30.5, 30.5, 30.5, 30.5, 30.5, 30.5, 30.5, 30.5, 30.5, 30.5, 30.5, 30.5, 30.5, 30.5, 30.5, 30.5, 30.5, 30.5, 30.5, 30.5, 30.5, 30.5, 30.5, 30.5, 30.5, 30.5, 30.5, 30.5, 30.5, 30.5, 30.5, 30.5, 30.5, 30.5, 30.5, 30.5, 30.5, 30.5, 30.5, 30.5, 30.5, 30.5, 30.5, 30.5, 30.5, 30.5, 30.5, 30.5, 30.5, 30.5, 30.5, 30.5, 30.5, 30.5, 30.5, 30.5, 30.5, 30.5, 30.5, 30.5, 30.5, 30.5, 30.5, 30.5, 30.5, 30.5, 30.5, 30.5, 30.5, 30.5, 30.5, 30.5], "std_returns_eval": [0.0, 0.0, 0.0, 0.0, 0.0, 23.55525419094432, 23.55525419094432, 23.55525419094432, 23.55525419094432, 23.55525419094432, 23.55525419094432, 23.55525419094432, 23.55525419094432, 23.55525419094432, 23.55525419094432, 23.55525419094432, 23.55525419094432, 23.55525419094432, 23.55525419094432, 23.55525419094432, 23.55525419094432, 23.55525419094432, 23.55525419094432, 23.55525419094432, 23.55525419094432, 23.55525419094432, 23.55525419094432, 23.55525419094432, 23.55525419094432, 23.55525419094432, 23.55525419094432, 23.55525419094432, 23.55525419094432, 23.55525419094432, 23.55525419094432, 23.55525419094432, 23.55525419094432, 23.55525419094432, 23.55525419094432, 23.55525419094432, 23.55525419094432, 23.55525419094432, 23.55525419094432, 23.55525419094432, 23.55525419094432, 23.55525419094432, 23.55525419094432, 23.55525419094432, 23.55525419094432, 23.55525419094432, 23.55525419094432, 23.55525419094432, 23.55525419094432, 23.55525419094432, 23.55525419094432, 23.55525419094432, 23.55525419094432, 23.55525419094432, 23.55525419094432, 23.55525419094432, 23.55525419094432, 23.55525419094432, 23.55525419094432, 23.55525419094432, 23.55525419094432, 23.55525419094432, 23.55525419094432, 23.55525419094432, 23.55525419094432, 23.55525419094432, 23.55525419094432, 23.55525419094432, 23.55525419094432, 23.55525419094432, 23.55525419094432, 23.55525419094432, 23.55525419094432, 23.55525419094432, 23.55525419094432, 23.55525419094432, 23.55525419094432, 23.55525419094432, 23.55525419094432, 23.55525419094432, 23.55525419094432, 23.55525419094432, 23.55525419094432, 23.55525419094432, 23.55525419094432, 23.55525419094432, 23.55525419094432, 23.55525419094432, 23.55525419094432, 23.55525419094432, 23.55525419094432, 23.55525419094432, 23.55525419094432, 23.55525419094432, 23.55525419094432, 23.55525419094432], "timestamps_eval": [87.76777648925781, 173.16326808929443, 258.44551825523376, 343.8268201351166, 429.238312959671, 514.7478160858154, 600.2135217189789, 685.7655682563782, 771.2511222362518, 856.7559635639191, 942.2232141494751, 1027.5865442752838, 1113.1224026679993, 1198.6901471614838, 1284.227327823639, 1369.7828760147095, 1455.1915047168732, 1540.6567838191986, 1626.034386396408, 1711.8137121200562, 1797.764624118805, 1883.4485366344452, 1969.045833826065, 2054.6259257793427, 2140.0915880203247, 2225.53368973732, 2311.0052795410156, 2396.47088599205, 2482.0615825653076, 2567.3970544338226, 2652.7513234615326, 2738.189504146576, 2823.6934254169464, 2909.2049984931946, 2994.7688319683075, 3080.269278526306, 3165.797971010208, 3251.502231359482, 3337.3306152820587, 3422.8603641986847, 3508.3458240032196, 3593.914785861969, 3679.3725986480713, 3764.7570292949677, 3850.371467590332, 3935.7866039276123, 4021.1435968875885, 4106.599520683289, 4192.194973945618, 4277.791748285294, 4363.363424777985, 4448.882371425629, 4534.361954212189, 4619.839784622192, 4705.510569572449, 4790.967463493347, 4876.763734102249, 4962.202036380768, 5047.520276069641, 5132.860195636749, 5218.355015993118, 5303.696357250214, 5389.096823453903, 5474.585117816925, 5560.11577630043, 5645.552429676056, 5731.012722730637, 5816.5260627269745, 5902.002506971359, 5987.465381860733, 6073.085002422333, 6158.578873872757, 6244.390837669373, 6329.8926248550415, 6415.323690414429, 6500.821830749512, 6586.383978128433, 6671.938952445984, 6757.3908660411835, 6842.84600186348, 6928.7968072891235, 7014.613044261932, 7100.226081371307, 7185.775552511215, 7271.460661172867, 7357.014782905579, 7442.4080102443695, 7528.115185260773, 7613.78412604332, 7699.266671419144, 7784.713010549545, 7870.1418833732605, 7955.657952547073, 8041.096950531006, 8126.49524974823, 8212.082958698273, 8297.668912887573, 8383.06069970131, 8469.331626653671, 8554.876072406769], "timesteps_eval": [8804, 17635, 26466, 35297, 44128, 52959, 61790, 70621, 79452, 88283, 97114, 105945, 114776, 123607, 132438, 141269, 150100, 158931, 167762, 176593, 185424, 194255, 203086, 211917, 220748, 229579, 238410, 247241, 256072, 264903, 273734, 282565, 291396, 300227, 309058, 317889, 326720, 335551, 344382, 353213, 362044, 370875, 379706, 388537, 397368, 406199, 415030, 423861, 432692, 441523, 450354, 459185, 468016, 476847, 485678, 494509, 503340, 512171, 521002, 529833, 538664, 547495, 556326, 565157, 573988, 582819, 591650, 600481, 609312, 618143, 626974, 635805, 644636, 653467, 662298, 671129, 679960, 688791, 697622, 706453, 715284, 724115, 732946, 741777, 750608, 759439, 768270, 777101, 785932, 794763, 803594, 812425, 821256, 830087, 838918, 847749, 856580, 865411, 874242, 883073],