{"gamma": [0.98, 0.98, 0.98], "learning_rate": [-4, -3, -4], "returns_eval": [3.0, 2.9, 7.3, 8.8, 7.9, 18.5, 17.0, 24.6, 65.2, 68.4, 79.2, 93.3, 97.4, 101.3, 102.2, 122.1, 104.4, 126.0, 126.1, 124.3, 128.4, 134.9, 129.2, 124.9, 131.1, 132.4, 131.9, 135.9, 134.1, 141.4, 128.8, 122.8, 113.4, 115.3, 115.6, 110.1, 87.8, 83.3, 82.9, 81.7, 96.2, 93.6, 89.6, 100.8, 112.3, 106.0, 94.2, 80.8, 95.7, 73.7, 72.9, 48.4, 57.4, 43.7, 26.4, 30.6, 30.5, 27.0, 30.1, 17.3, 20.7, 19.8, 15.4, 29.6, 24.5, 27.7, 34.4, 30.3, 29.5, 33.6, 39.2, 37.9, 39.3, 38.5, 42.0, 42.9, 48.4, 42.6, 51.3, 56.1, 48.9, 39.9, 44.6, 48.6, 50.8, 64.8, 52.3, 61.1, 62.5, 56.2, 63.9, 60.3, 61.4, 56.0, 65.9, 61.4, 57.3, 62.7, 70.3, 77.6], "std_returns_eval": [4.774934554525329, 4.182104733265296, 9.747307320486001, 11.285388783732706, 11.861281549647154, 16.347782724271816, 12.083045973594572, 10.883014288330234, 30.892717588454406, 22.44638055455712, 19.379370474811612, 16.529065309327084, 18.451016232175398, 20.96687864227768, 22.32845717912458, 11.317685275708987, 25.33456137374397, 27.029613389761977, 12.020399327809372, 22.325097984107483, 9.676776322722356, 11.886547017532047, 22.591148709173687, 10.774506949276148, 11.844407963254222, 7.812809993849844, 11.139569111954016, 10.700000000000001, 16.05272562526377, 16.138153549895353, 17.59431726438966, 22.062638101550775, 13.46996659238619, 10.040418317978588, 11.859173664298874, 19.95720421301541, 18.813824704190267, 23.596821819897695, 20.987853630135696, 19.62676743633551, 18.312837027615355, 11.560276813294742, 13.290598180668919, 12.163880959627976, 10.459923517884823, 15.684387141358123, 18.454267799075637, 19.868568141665367, 23.004564764411434, 29.573805977587664, 30.05478331314335, 16.175289796476598, 26.26480534860291, 29.732305662359924, 6.814690014960328, 9.090654541890808, 10.141498903022176, 9.121403400793104, 9.7205966895042, 8.69540108333135, 8.683893136145793, 9.987992791347018, 9.86103442849684, 11.35077089893017, 15.679604586851035, 11.216505694733987, 20.426453436659045, 17.343874999549552, 20.284230328015898, 10.57544325312183, 6.193545026880809, 12.0867696263311, 13.107631364972086, 11.430223094935636, 22.391962843841984, 5.838664230798, 22.383922801868312, 14.527215837867903, 9.1, 12.78632081562167, 26.744906057041966, 19.112561314486342, 15.774663229368796, 21.387847016471763, 5.344155686354955, 13.60735095453924, 7.457211275000863, 11.7, 19.749683541768462, 10.740577265678041, 9.7, 13.978912690191608, 17.188368159892317, 9.370165420097983, 14.604451376207185, 8.368990381163071, 9.859513172565874, 7.772387020729218, 14.220056258679147, 19.76967374541118], "timestamps_eval": [88.8685622215271, 175.9001259803772, 262.8046851158142, 349.7988543510437, 436.88001346588135, 524.0310742855072, 611.2151939868927, 698.5208399295807, 785.9132723808289, 873.1527135372162, 960.435878276825, 1047.764490365982, 1135.8307740688324, 1223.1138637065887, 1310.5219616889954, 1397.907215833664, 1485.218156337738, 1572.5776221752167, 1659.997846364975, 1747.3595519065857, 1834.8103203773499, 1922.165184020996, 2009.5465919971466, 2096.974417924881, 2184.351018190384, 2271.7084381580353, 2359.1186730861664, 2446.5718398094177, 2533.9758007526398, 2621.509782552719, 2708.939910888672, 2796.342145681381, 2883.8070137500763, 2971.2313208580017, 3058.590525150299, 3146.028195619583, 3233.348368167877, 3320.7562515735626, 3408.00821685791, 3495.2878715991974, 3582.7039320468903, 3670.103179216385, 3757.522969722748, 3844.886265516281, 3932.1513183116913, 4019.5880670547485, 4107.58628153801, 4194.975615501404, 4282.362032413483, 4369.6471881866455, 4457.06219959259, 4544.517462015152, 4631.8575983047485, 4719.821564912796, 4806.9979293346405, 4894.351957559586, 4981.639448642731, 5068.9430067539215, 5156.195521354675, 5243.522158384323, 5330.807327985764, 5418.029888153076, 5505.262665748596, 5592.630394697189, 5679.973356485367, 5767.36980175972, 5854.670137882233, 5942.043392419815, 6029.290039539337, 6117.30487537384, 6204.627865076065, 6291.830127239227, 6379.062868356705, 6466.388295412064, 6553.661413192749, 6641.020324468613, 6728.347361087799, 6815.687579631805, 6903.031530618668, 6990.392937898636, 7077.820347547531, 7165.330258131027, 7252.579742670059, 7339.979110240936, 7427.325417995453, 7514.584725379944, 7601.93705534935, 7689.248601198196, 7776.621084451675, 7864.031499624252, 7951.461035966873, 8038.92520904541, 8126.409049272537, 8213.894873857498, 8301.258365869522, 8388.681125879288, 8476.31513619423, 8563.946952342987, 8651.42777299881, 8738.907000780106], "timesteps_eval": [8804, 17635, 26466, 35297, 44128, 52959, 61790, 70621, 79452, 88283, 97114, 105945, 114776, 123607, 132438, 141269, 150100, 158931, 167762, 176593, 185424, 194255, 203086, 211917, 220748, 229579, 238410, 247241, 256072, 264903, 273734, 282565, 291396, 300227, 309058, 317889, 326720, 335551, 344382, 353213, 362044, 370875, 379706, 388537, 397368, 406199, 415030, 423861, 432692, 441523, 450354, 459185, 468016, 476847, 485678, 494509, 503340, 512171, 521002, 529833, 538664, 547495, 556326, 565157, 573988, 582819, 591650, 600481, 609312, 618143, 626974, 635805, 644636, 653467, 662298, 671129, 679960, 688791, 697622, 706453, 715284, 724115, 732946, 741777, 750608, 759439, 768270, 777101, 785932, 794763, 803594, 812425, 821256, 830087, 838918, 847749, 856580, 865411, 874242, 883073],