{"gamma": [0.99, 0.98, 0.98], "learning_rate": [-4, -3, -5], "returns_eval": [0.0, 0.0, 0.3, 0.2, 1.2, 0.0, 0.2, 0.1, 1.1, 0.7, 2.0, 1.1, 7.2, 12.1, 15.9, 21.0, 21.6, 22.2, 44.7, 54.6, 70.9, 50.3, 62.2, 83.9, 71.7, 102.2, 74.4, 101.1, 103.1, 102.4, 91.5, 80.6, 80.4, 69.8, 63.1, 56.6, 53.3, 57.2, 72.5, 54.2, 50.6, 50.2, 43.5, 31.4, 48.0, 37.9, 37.0, 31.2, 21.8, 25.7, 31.0, 28.9, 23.1, 29.4, 28.6, 21.5, 19.6, 23.1, 20.1, 27.1, 22.1, 24.8, 29.7, 29.0, 31.5, 47.8, 32.2, 41.4, 38.4, 37.3, 47.0, 37.8, 44.6, 50.2, 53.7, 58.3, 63.6, 55.9, 57.2, 59.8, 61.8, 81.9, 77.2, 68.9, 59.4, 86.6, 66.1, 72.3, 74.7, 80.2, 86.5, 81.7, 86.9, 82.0, 92.4, 90.8, 95.2, 105.8, 105.0, 100.3], "std_returns_eval": [0.0, 0.0, 0.9000000000000001, 0.6000000000000001, 2.9933259094191533, 0.0, 0.4000000000000001, 0.30000000000000004, 2.1656407827707715, 0.9, 1.7888543819998317, 1.7578395831246947, 6.569627082262737, 13.25481044753187, 9.038252043398657, 12.946041866145807, 15.094369811290566, 14.606847709208171, 12.296747537458838, 16.044936896105263, 28.598776197592795, 10.991360243391169, 18.08203528367313, 18.05242365999646, 22.325097984107483, 14.386104406683554, 22.913751329714653, 11.273420066687837, 9.974467404327912, 16.007498243010993, 25.780806814372585, 16.84755175092215, 20.22473732833136, 17.215109642404258, 22.509775654146356, 26.691571703442268, 16.571360837299995, 11.142710621747295, 16.644819013735177, 12.408061895396878, 21.005713508471928, 16.442627527253666, 10.846658471621572, 9.961927524329816, 16.946976131451887, 5.769748694700662, 5.966573556070519, 7.152621896899067, 6.446704584514478, 12.050311199301037, 7.183313998427188, 11.193301568348813, 6.992138442565336, 9.604165762834375, 10.384603988597735, 14.928161306738348, 7.28285658241325, 10.251341375644458, 12.053630158587081, 11.44945413545991, 13.44953530795767, 10.989085494252924, 10.770793842609745, 16.01873902652765, 6.726812023536855, 18.416297130530882, 7.884161337770809, 9.340235543068493, 12.523577763562614, 10.964032105024136, 10.981803130633876, 6.749814812274482, 11.568923891183655, 11.88949115816148, 14.00749799214692, 27.415506561068682, 17.124251808473268, 10.615554625171498, 13.082813153141034, 21.660101569475614, 18.10414317221337, 22.3268896176785, 18.475930287809597, 27.638560020377327, 21.341040274550817, 25.03677295499562, 21.281212371479214, 23.19073090698092, 21.577998053572998, 27.410946718418902, 18.43502101978731, 20.10994778710278, 18.457789683491356, 31.499206339207976, 26.123552591483417, 26.820887382784335, 12.544321424453376, 20.87007426915391, 13.638181696985855, 19.328993765843062], "timestamps_eval": [89.10953283309937, 176.37159776687622, 263.6477122306824, 350.82080936431885, 438.0870714187622, 525.3983871936798, 612.902750492096, 700.5002715587616, 787.934755563736, 875.4184792041779, 963.9009351730347, 1051.4791119098663, 1139.0904078483582, 1226.6965582370758, 1314.2675387859344, 1401.9255316257477, 1489.4115653038025, 1576.9203431606293, 1664.3379995822906, 1751.8562970161438, 1839.246299982071, 1926.6306669712067, 2013.9710929393768, 2101.346207857132, 2188.645051717758, 2276.0352170467377, 2363.481964826584, 2450.9962158203125, 2538.545846223831, 2625.923875808716, 2713.3187787532806, 2800.671648979187, 2888.1522328853607, 2975.579840660095, 3062.904769182205, 3150.1441988945007, 3237.385754108429, 3324.578330039978, 3411.979583501816, 3499.2679102420807, 3586.5835506916046, 3673.9542973041534, 3761.337619304657, 3848.6753537654877, 3936.0184173583984, 4023.4452834129333, 4111.002628087997, 4198.474622011185, 4285.945491075516, 4373.356126308441, 4460.815235614777, 4548.276560783386, 4635.688019275665, 4723.209947347641, 4810.4398465156555, 4898.697707414627, 4986.824512720108, 5074.133230447769, 5161.519402265549, 5248.977885961533, 5336.358448266983, 5424.069005727768, 5511.759885549545, 5599.686503171921, 5687.141016244888, 5774.850989580154, 5862.421783685684, 5949.819654464722, 6037.482279777527, 6124.902547121048, 6212.531758308411, 6300.204909801483, 6388.048614025116, 6475.563575744629, 6563.18509554863, 6650.883182287216, 6738.471999406815, 6826.273582458496, 6914.222583532333, 7001.968224525452, 7090.531348228455, 7178.216228246689, 7266.536044359207, 7354.196278810501, 7441.921025514603, 7529.596484422684, 7617.300000667572, 7704.911597967148, 7792.7595245838165, 7880.362149238586, 7968.121630191803, 8056.030288696289, 8143.797914505005, 8231.447752475739, 8319.228925704956, 8406.887451410294, 8494.661474704742, 8582.64908027649, 8670.250840425491, 8757.915975570679], "timesteps_eval": [8808, 17642, 26476, 35310, 44144, 52978, 61812, 70646, 79480, 88314, 97148, 105982, 114816, 123650, 132484, 141318, 150152, 158986, 167820, 176654, 185488, 194322, 203156, 211990, 220824, 229658, 238492, 247326, 256160, 264994, 273828, 282662, 291496, 300330, 309164, 317998, 326832, 335666, 344500, 353334, 362168, 371002, 379836, 388670, 397504, 406338, 415172, 424006, 432840, 441674, 450508, 459342, 468176, 477010, 485844, 494678, 503512, 512346, 521180, 530014, 538848, 547682, 556516, 565350, 574184, 583018, 591852, 600686, 609520, 618354, 627188, 636022, 644856, 653690, 662524, 671358, 680192, 689026, 697860, 706694, 715528, 724362, 733196, 742030, 750864, 759698, 768532, 777366, 786200, 795034, 803868, 812702, 821536, 830370, 839204, 848038, 856872, 865706, 874540, 883374],