{"gamma": [0.95, 0.95, 0.98], "learning_rate": [-4, -3, -3], "returns_eval": [0.0, 0.0, 0.0, 0.0, 0.0, 0.0, 0.1, 0.0, 1.1, 0.1, 0.0, 0.0, 0.2, 5.9, 6.7, 14.4, 47.5, 44.6, 66.2, 93.8, 113.8, 103.5, 121.6, 125.0, 119.4, 132.7, 129.3, 133.2, 136.7, 143.9, 128.6, 133.6, 98.7, 129.7, 125.8, 121.4, 119.2, 124.7, 114.6, 110.4, 125.4, 103.6, 104.6, 93.8, 93.7, 93.0, 89.3, 100.5, 68.1, 66.0, 70.0, 67.9, 46.6, 57.4, 47.9, 53.9, 47.9, 40.6, 20.8, 27.4, 21.9, 16.3, 7.5, 4.1, 0.0, 0.0, 0.0, 0.0, 0.0, 0.0, 0.0, 0.0, 0.0, 0.0, 0.1, 0.0, 0.0, 0.0, 0.0, 0.0, 0.3, 0.5, 1.1, 0.8, 0.1, 0.0, 0.0, 0.0, 0.0, 0.4, 0.0, 1.2, 0.9, 0.6, 1.8, 2.3, 2.9, 1.8, 1.5, 1.7], "std_returns_eval": [0.0, 0.0, 0.0, 0.0, 0.0, 0.0, 0.30000000000000004, 0.0, 3.3000000000000003, 0.30000000000000004, 0.0, 0.0, 0.4000000000000001, 7.529276193632426, 8.9, 12.760877712759417, 25.326863208853954, 22.073513539987243, 30.12573650551966, 23.852882425400917, 19.249935064825547, 20.100995000248123, 14.291256067959877, 19.57549488518745, 9.079647570252934, 20.154652068443156, 11.567627241573788, 13.43726162579266, 11.234322409473569, 15.833192981834081, 11.516944039110376, 16.97174121886143, 30.58774264309153, 16.050233643159217, 13.833293172632466, 12.183595528414426, 11.737120600896967, 15.563097378092833, 12.232742946698423, 15.226293048539425, 15.900943368240766, 19.121715404220406, 14.987995196156156, 20.556264252047356, 20.33740396412482, 18.579558659989747, 17.424408167854654, 19.72941965694886, 15.267285285865329, 24.2156973882645, 23.490423580684958, 21.27181233463665, 14.21407752898513, 19.111253229445733, 10.903669107231748, 19.831540535218135, 17.812635964393365, 19.355619339096332, 13.189389675038036, 14.94121815649581, 14.942891286494724, 11.52432210587677, 8.17618492941543, 5.262128846769148, 0.0, 0.0, 0.0, 0.0, 0.0, 0.0, 0.0, 0.0, 0.0, 0.0, 0.30000000000000004, 0.0, 0.0, 0.0, 0.0, 0.0, 0.9000000000000001, 1.02469507659596, 2.2113344387495983, 1.6000000000000003, 0.30000000000000004, 0.0, 0.0, 0.0, 0.0, 0.9165151389911681, 0.0, 1.5362291495737217, 0.8306623862918076, 1.2, 1.661324772583615, 1.7349351572897471, 1.57797338380595, 1.6, 1.284523257866513, 1.676305461424021], "timestamps_eval": [90.16467022895813, 178.09006690979004, 266.2319679260254, 354.1601667404175, 442.0869576931, 529.9381036758423, 617.8735227584839, 705.8231842517853, 793.8333823680878, 881.7582495212555, 969.7601690292358, 1057.5830903053284, 1145.5693216323853, 1233.5152215957642, 1321.4460661411285, 1409.3799674510956, 1497.3717439174652, 1585.263905763626, 1673.0761070251465, 1760.7992722988129, 1848.7494792938232, 1936.6979439258575, 2024.6920192241669, 2112.5110518932343, 2200.4290080070496, 2288.2430357933044, 2376.0489649772644, 2463.903926372528, 2551.6998693943024, 2639.5221784114838, 2727.23553109169, 2814.9381148815155, 2902.955431699753, 2990.651865720749, 3078.312982559204, 3166.0408506393433, 3253.874024629593, 3341.924628973007, 3429.577260017395, 3517.613884449005, 3605.3424243927, 3692.923546075821, 3780.514228105545, 3868.080919265747, 3955.630112886429, 4043.477434158325, 4131.10825586319, 4218.787263870239, 4306.3936722278595, 4394.030052423477, 4481.8599689006805, 4569.613629579544, 4657.16525554657, 4744.918898820877, 4832.577393054962, 4920.247752428055, 5008.021545886993, 5095.896279335022, 5183.5902309417725, 5271.26096200943, 5358.863905906677, 5446.51981139183, 5534.19021987915, 5621.816862344742, 5709.415517568588, 5797.085526227951, 5884.506942033768, 5972.14200925827, 6059.58492565155, 6147.03750038147, 6234.502156972885, 6321.988036870956, 6409.568061828613, 6497.01518702507, 6584.6427319049835, 6672.601567268372, 6760.089572191238, 6847.579201936722, 6935.059754371643, 7022.636005163193, 7110.274137020111, 7197.804758787155, 7285.236253738403, 7372.883389234543, 7460.338171482086, 7547.90033698082, 7635.320775270462, 7722.9584856033325, 7810.514281749725, 7898.084674835205, 7985.710151672363, 8073.435791730881, 8161.054182767868, 8248.665488243103, 8336.465929031372, 8424.168633937836, 8511.691401481628, 8599.237317562103, 8686.731981277466, 8774.23956823349], "timesteps_eval": [8808, 17642, 26476, 35310, 44144, 52978, 61812, 70646, 79480, 88314, 97148, 105982, 114816, 123650, 132484, 141318, 150152, 158986, 167820, 176654, 185488, 194322, 203156, 211990, 220824, 229658, 238492, 247326, 256160, 264994, 273828, 282662, 291496, 300330, 309164, 317998, 326832, 335666, 344500, 353334, 362168, 371002, 379836, 388670, 397504, 406338, 415172, 424006, 432840, 441674, 450508, 459342, 468176, 477010, 485844, 494678, 503512, 512346, 521180, 530014, 538848, 547682, 556516, 565350, 574184, 583018, 591852, 600686, 609520, 618354, 627188, 636022, 644856, 653690, 662524, 671358, 680192, 689026, 697860, 706694, 715528, 724362, 733196, 742030, 750864, 759698, 768532, 777366, 786200, 795034, 803868, 812702, 821536, 830370, 839204, 848038, 856872, 865706, 874540, 883374],