{"gamma": [0.99, 0.99, 0.95], "learning_rate": [-4, -3, -4], "returns_eval": [0.6, 4.1, 7.1, 15.8, 5.2, 0.7, 2.9, 1.3, 3.0, 4.8, 6.9, 4.4, 8.1, 5.7, 10.4, 18.7, 19.2, 33.5, 50.4, 57.2, 65.2, 80.2, 84.0, 80.3, 80.9, 74.9, 82.5, 107.5, 109.3, 118.8, 110.5, 71.2, 86.2, 109.9, 98.3, 106.7, 91.7, 76.9, 66.6, 83.3, 73.6, 75.7, 63.9, 43.7, 43.2, 33.2, 29.6, 26.3, 28.9, 28.4, 18.6, 24.1, 19.4, 18.8, 12.9, 7.9, 3.3, 2.8, 3.9, 2.2, 4.4, 2.3, 3.7, 5.8, 11.4, 14.2, 16.4, 15.4, 23.3, 26.2, 39.4, 39.5, 43.8, 59.5, 64.5, 51.1, 76.4, 68.2, 73.0, 81.3, 85.7, 91.6, 88.4, 88.8, 100.0, 100.3, 104.9, 111.2, 110.8, 97.3, 109.9, 104.0, 121.6, 117.7, 122.4, 114.6, 126.2, 120.6, 122.3, 118.7], "std_returns_eval": [1.4966629547095764, 4.928488612140643, 9.883825170448938, 15.54863338046145, 4.894895300208167, 0.7810249675906655, 3.176476034853718, 2.002498439450079, 3.3763886032268267, 5.015974481593781, 7.841555968046138, 4.029888335921977, 10.14347080638575, 4.920365840057018, 9.830564581955606, 12.977287852244013, 13.60735095453924, 27.100737997331365, 21.280037593951754, 29.109448637856403, 23.21120419107979, 23.54485081711073, 20.847062143141418, 21.54089134646011, 19.87687098111773, 27.555217291830598, 24.800201612083722, 18.282505298782223, 13.498518437221176, 13.151425778218876, 22.45996438109375, 31.224349472807273, 22.35978532991764, 8.443340571124677, 27.327824648149363, 19.07380402541664, 9.960421677820674, 12.715738279785409, 11.306635220082056, 21.66125573460597, 23.75794603916761, 16.79315336677421, 25.89768329407092, 22.454620905283615, 17.60568090134545, 12.196720870791461, 10.864621484432856, 4.817675788178362, 8.595929269136642, 7.2, 11.867602959317438, 10.690650120549265, 10.00199980003999, 12.874781551544865, 10.123734488813898, 10.48284312579369, 4.838388161361178, 4.894895300208167, 6.236184731067546, 2.4819347291981715, 4.294182110716777, 2.8301943396169813, 2.3685438564654024, 8.772684879784522, 5.7306195127577615, 8.49470423263812, 6.78527818147495, 6.16765757804371, 14.036025078347503, 16.61806246227279, 17.135927170713583, 12.03536455617361, 17.80337046741431, 24.471411892246838, 19.535864454894234, 17.026156348395254, 23.66516427156169, 17.342433508593885, 18.606450494385005, 22.5257630281418, 13.371985641631538, 22.69008594078039, 20.621348161553357, 20.08382433701311, 19.793938466106233, 13.1, 18.1738823590338, 21.098815132608753, 16.690116836020053, 15.479341071247186, 19.367240381634137, 14.959946523968593, 13.66894289987342, 25.400984232899322, 10.50904372433572, 18.331393836803574, 8.44748483277715, 20.819221887476967, 13.820636743652589, 10.431203190428226], "timestamps_eval": [89.48171067237854, 177.8607223033905, 265.99763894081116, 353.9587073326111, 441.99718618392944, 530.0700936317444, 618.3797786235809, 707.317378282547, 795.9487917423248, 884.1364350318909, 972.6442105770111, 1063.078352689743, 1151.406040430069, 1239.6251430511475, 1327.9712986946106, 1416.2726423740387, 1504.7706282138824, 1593.2147686481476, 1681.2696805000305, 1769.603232383728, 1857.6440567970276, 1945.851033449173, 2033.9612669944763, 2122.0253522396088, 2210.0727503299713, 2298.272490501404, 2386.4014382362366, 2474.4219138622284, 2562.728849172592, 2650.8658509254456, 2739.2676708698273, 2827.3109736442566, 2915.6753680706024, 3003.995671272278, 3092.441294193268, 3180.7491121292114, 3268.926121711731, 3357.1475825309753, 3445.179325580597, 3533.4989902973175, 3621.929228782654, 3710.622950553894, 3799.025157213211, 3887.4628825187683, 3976.214668273926, 4064.6206040382385, 4152.897985935211, 4241.008595228195, 4329.519874334335, 4417.6269273757935, 4505.640496969223, 4593.724263906479, 4682.24419260025, 4770.136508703232, 4858.151666402817, 4947.505546808243, 5035.549463510513, 5123.572308301926, 5211.568857908249, 5300.302636623383, 5388.651731967926, 5476.790240526199, 5564.8719363212585, 5652.859934806824, 5742.613751411438, 5830.7695343494415, 5918.959610700607, 6007.211369037628, 6095.287320613861, 6183.112277030945, 6271.160896778107, 6359.602290868759, 6447.621376514435, 6535.933919668198, 6624.096342802048, 6712.294872760773, 6800.486893892288, 6888.611487865448, 6976.956141710281, 7065.216196060181, 7153.4204976558685, 7242.037276029587, 7330.4069945812225, 7418.790587186813, 7507.2879457473755, 7595.740888118744, 7683.829045295715, 7772.074271678925, 7860.630832672119, 7948.702930927277, 8036.767647981644, 8124.90336227417, 8213.318870306015, 8301.633306503296, 8390.027185678482, 8478.865983009338, 8567.426334142685, 8655.914681434631, 8744.481240034103, 8832.978853702545], "timesteps_eval": [8804, 17635, 26466, 35297, 44128, 52959, 61790, 70621, 79452, 88283, 97114, 105945, 114776, 123607, 132438, 141269, 150100, 158931, 167762, 176593, 185424, 194255, 203086, 211917, 220748, 229579, 238410, 247241, 256072, 264903, 273734, 282565, 291396, 300227, 309058, 317889, 326720, 335551, 344382, 353213, 362044, 370875, 379706, 388537, 397368, 406199, 415030, 423861, 432692, 441523, 450354, 459185, 468016, 476847, 485678, 494509, 503340, 512171, 521002, 529833, 538664, 547495, 556326, 565157, 573988, 582819, 591650, 600481, 609312, 618143, 626974, 635805, 644636, 653467, 662298, 671129, 679960, 688791, 697622, 706453, 715284, 724115, 732946, 741777, 750608, 759439, 768270, 777101, 785932, 794763, 803594, 812425, 821256, 830087, 838918, 847749, 856580, 865411, 874242, 883073],