{"gamma": [0.99, 0.99, 0.98], "learning_rate": [-3, -3, -3], "returns_eval": [0.0, 0.5, 0.0, 0.0, 0.3, 1.4, 0.7, 3.3, 1.9, 2.5, 4.3, 8.4, 3.0, 11.0, 4.2, 9.0, 15.1, 14.7, 14.4, 11.0, 11.2, 21.7, 19.1, 17.1, 22.5, 15.7, 18.9, 14.3, 15.7, 8.7, 12.4, 5.4, 4.1, 2.4, 4.1, 1.2, 3.2, 2.2, 2.3, 1.6, 0.8, 0.9, 1.0, 2.0, 1.8, 2.4, 5.2, 2.3, 3.4, 4.6, 4.1, 4.2, 5.2, 4.9, 5.6, 4.3, 5.1, 5.3, 3.5, 5.3, 6.6, 5.4, 8.6, 6.0, 7.3, 6.5, 7.3, 7.2, 4.7, 7.5, 4.2, 6.7, 8.9, 6.1, 3.5, 4.9, 5.9, 3.7, 2.9, 1.6, 2.7, 5.3, 7.7, 6.9, 6.0, 4.1, 5.8, 7.5, 8.0, 5.6, 6.4, 9.3, 12.7, 8.2, 11.5, 9.1, 7.7, 5.9, 6.7, 7.5], "std_returns_eval": [0.0, 1.5, 0.0, 0.0, 0.6403124237432849, 1.4966629547095767, 0.9, 3.7696153649941526, 2.6248809496813377, 2.7658633371878665, 4.196427051671457, 7.578918128598567, 1.9493588689617927, 9.327379053088816, 3.8418745424597094, 10.119288512538814, 6.977822009767805, 7.975587752636165, 10.258654882585729, 6.782329983125268, 8.328265125462805, 10.050373127401787, 12.128066622508303, 7.034912934784622, 8.488227141164401, 7.389857914736926, 4.1340053217188775, 6.634003316248793, 8.112336284942828, 5.710516614107694, 9.318798205777396, 5.4808758424178885, 3.3, 3.7202150475476548, 5.6824290580701495, 1.6, 4.770744176750625, 3.026549190084311, 2.758622844826744, 2.764054992217051, 1.4000000000000001, 1.7578395831246947, 1.6733200530681511, 1.8973665961010275, 1.5362291495737217, 1.9078784028338913, 1.7204650534085255, 2.0024984394500787, 2.4576411454889016, 2.6907248094147422, 2.3, 2.4413111231467406, 2.1354156504062622, 3.2078029864690882, 2.244994432064365, 2.5317977802344322, 4.060788100849391, 3.1953090617340916, 2.8372521918222215, 7.043436661176133, 4.673328578219169, 4.7791212581394085, 6.681317235396026, 5.639148871948674, 3.9, 5.937171043518958, 4.220189569201838, 2.3151673805580453, 2.6851443164195103, 5.5, 5.2687759489277965, 3.465544690232691, 2.8792360097775935, 4.182104733265297, 3.442382895611701, 4.158124577258358, 4.635730794599704, 3.925557285278104, 4.22965719651132, 1.7435595774162695, 3.0675723300355937, 4.405678154382138, 1.6155494421403513, 3.448187929913334, 2.5298221281347035, 2.7, 4.445222154178573, 2.5787593916455256, 4.898979485566356, 4.8207883172775805, 4.8207883172775805, 5.386093203798093, 4.859012245302537, 5.287721626560915, 5.296225070746145, 4.323193264243457, 3.9255572852781047, 4.3, 6.116371473349211, 3.5846896657869842], "timestamps_eval": [86.85833191871643, 171.55575227737427, 256.11279106140137, 340.7927029132843, 425.5682327747345, 510.39034128189087, 595.2126932144165, 680.2081437110901, 765.2940726280212, 850.2739014625549, 935.273279428482, 1020.3575763702393, 1105.3931317329407, 1190.4821503162384, 1275.627408504486, 1360.724317073822, 1445.8835065364838, 1531.0526971817017, 1616.3069605827332, 1701.492713212967, 1786.810468673706, 1872.087839126587, 1957.2308144569397, 2042.3333458900452, 2127.3336083889008, 2212.4881863594055, 2297.6423094272614, 2382.6666753292084, 2467.843385219574, 2552.9827964305878, 2638.0137343406677, 2723.1036767959595, 2808.253509759903, 2893.37295460701, 2978.5386843681335, 3063.753696680069, 3148.809077978134, 3233.8675377368927, 3319.155650138855, 3404.2473413944244, 3489.724864721298, 3574.8205950260162, 3659.862065553665, 3744.920804977417, 3829.988538980484, 3915.1839492321014, 4000.298193216324, 4085.308664560318, 4170.374166727066, 4255.639786720276, 4340.760495185852, 4425.824346780777, 4510.896507501602, 4596.063934087753, 4681.282166957855, 4766.465487241745, 4851.568911790848, 4936.764698982239, 5021.9163019657135, 5107.112631559372, 5192.247577190399, 5277.408690929413, 5362.565196752548, 5447.791801452637, 5532.812140226364, 5617.956109523773, 5703.187505245209, 5788.370096206665, 5873.44283246994, 5958.642329454422, 6043.923892021179, 6129.13104391098, 6214.222929239273, 6299.528297901154, 6384.708060026169, 6470.365845680237, 6555.4610867500305, 6640.7540538311005, 6725.85657954216, 6811.844067573547, 6897.005764961243, 6982.291487693787, 7067.452869176865, 7152.788356781006, 7237.943409919739, 7323.1062932014465, 7408.311648368835, 7493.58719086647, 7578.931895494461, 7664.188484430313, 7749.4092054367065, 7834.761642694473, 7919.94456076622, 8005.243767499924, 8090.401460170746, 8175.536470651627, 8260.711019515991, 8345.90297627449, 8431.083318710327, 8516.227520227432], "timesteps_eval": [8805, 17638, 26471, 35304, 44137, 52970, 61803, 70636, 79469, 88302, 97135, 105968, 114801, 123634, 132467, 141300, 150133, 158966, 167799, 176632, 185465, 194298, 203131, 211964, 220797, 229630, 238463, 247296, 256129, 264962, 273795, 282628, 291461, 300294, 309127, 317960, 326793, 335626, 344459, 353292, 362125, 370958, 379791, 388624, 397457, 406290, 415123, 423956, 432789, 441622, 450455, 459288, 468121, 476954, 485787, 494620, 503453, 512286, 521119, 529952, 538785, 547618, 556451, 565284, 574117, 582950, 591783, 600616, 609449, 618282, 627115, 635948, 644781, 653614, 662447, 671280, 680113, 688946, 697779, 706612, 715445, 724278, 733111, 741944, 750777, 759610, 768443, 777276, 786109, 794942, 803775, 812608, 821441, 830274, 839107, 847940, 856773, 865606, 874439, 883272],