{"gamma": [0.98, 0.99, 0.95], "learning_rate": [-3, -4, -5], "returns_eval": [0.0, 0.0, 0.0, 0.2, 0.4, 0.7, 3.9, 7.7, 9.7, 7.4, 6.7, 8.1, 9.6, 9.9, 12.7, 11.5, 21.6, 14.5, 14.6, 13.4, 9.2, 12.4, 10.2, 8.3, 11.3, 7.0, 16.5, 14.9, 16.6, 20.5, 19.0, 11.9, 18.7, 27.6, 26.3, 21.1, 24.9, 25.4, 23.4, 21.2, 22.8, 22.0, 22.3, 30.0, 32.6, 35.3, 30.9, 31.8, 36.9, 29.2, 25.6, 32.7, 37.1, 38.1, 31.6, 37.6, 39.0, 33.2, 34.0, 37.8, 37.9, 40.2, 45.6, 32.2, 40.2, 41.8, 43.9, 45.9, 50.2, 50.5, 55.8, 61.0, 58.4, 69.2, 59.0, 50.4, 56.0, 58.6, 59.9, 61.9, 63.4, 58.9, 77.4, 64.6, 77.2, 73.3, 79.9, 75.4, 74.6, 72.9, 85.0, 76.6, 81.1, 86.3, 80.8, 80.5, 87.8, 82.9, 85.9, 92.2], "std_returns_eval": [0.0, 0.0, 0.0, 0.4000000000000001, 0.9165151389911681, 1.552417469626002, 5.61159513863928, 6.797793759742936, 8.1, 4.5431266766402185, 4.001249804748512, 9.093404203047392, 4.862098312457287, 6.549045732013177, 7.975587752636166, 6.232976816898969, 9.254188241007421, 9.372833082905082, 9.58331884056875, 6.053098380168622, 5.173006862551025, 6.770524351924303, 6.539113089708726, 4.290687590584986, 6.000833275471, 4.449719092257398, 9.297849213662266, 11.605602095539895, 10.864621484432856, 10.052362906302179, 7.3484692283495345, 5.262128846769148, 12.133012816279393, 9.728309205612248, 9.560857702110203, 8.870738413458037, 12.316249429107872, 9.28654941299512, 9.112628599915615, 10.244998779892558, 9.14111590562115, 10.237187113655782, 9.737042672187487, 11.764352935882194, 11.385956261992227, 8.1, 8.722958213817146, 9.260669522232181, 10.783784122468328, 10.303397497913007, 9.92169340384997, 10.30582359639442, 9.38562730988185, 10.280564186852782, 10.919706955774958, 14.53409783921933, 12.915107432770352, 18.054362353736007, 10.315037566582102, 15.651198037211081, 19.00236827345476, 6.095900261651268, 12.051555916146263, 13.541048703848604, 14.647866738880444, 6.749814812274483, 12.429400629153442, 8.154140052758475, 15.904716281656833, 15.73689931339716, 13.159027319676785, 14.120906486483083, 13.52922762023021, 12.576167937809991, 19.75348070594142, 9.414881836751855, 16.881943016134134, 12.109500402576483, 12.397177098033245, 25.06571363436517, 15.02797391533536, 16.705986950791026, 16.710475756243447, 16.432893841317178, 19.31734971469948, 17.89441253576099, 23.12336480705176, 19.955951493226273, 20.14050644844861, 21.57985171404104, 16.192590898309017, 12.13424904969401, 15.449595463959566, 9.675226095549396, 13.99142594591416, 18.35347378563524, 14.945233353815524, 8.560957890329798, 19.623710148695125, 14.749915253993834], "timestamps_eval": [89.16306328773499, 178.63297510147095, 266.1192727088928, 352.3846642971039, 438.6628694534302, 524.7221839427948, 611.0342466831207, 697.2508680820465, 783.3993275165558, 869.4029386043549, 955.6367468833923, 1041.930222272873, 1128.1379585266113, 1214.3817303180695, 1300.7452597618103, 1387.3108990192413, 1474.0755105018616, 1560.768541097641, 1647.312066078186, 1733.9148581027985, 1820.3554754257202, 1906.5725898742676, 1992.8365664482117, 2079.0352585315704, 2165.7271292209625, 2252.2989568710327, 2338.883242368698, 2425.563136816025, 2512.058165073395, 2598.5207493305206, 2685.1711659431458, 2771.537026643753, 2857.799567222595, 2944.330550432205, 3030.7365527153015, 3117.0588450431824, 3203.1998224258423, 3289.7178905010223, 3375.9680647850037, 3462.2859420776367, 3548.5942602157593, 3634.9715428352356, 3721.3071472644806, 3807.651580810547, 3894.0882885456085, 3980.45529961586, 4066.706115245819, 4152.865277528763, 4239.188839673996, 4325.616025209427, 4412.065146684647, 4498.333517074585, 4584.621376276016, 4670.822194814682, 4757.111323833466, 4843.382764577866, 4929.726842880249, 5015.998064279556, 5102.261055231094, 5188.561448097229, 5274.87865281105, 5361.268107175827, 5447.660619497299, 5533.98744559288, 5620.370559930801, 5706.813203573227, 5793.49436879158, 5879.9606964588165, 5966.2660076618195, 6052.664759635925, 6139.223114728928, 6225.607798337936, 6311.861720561981, 6398.159472942352, 6484.5865597724915, 6570.892204999924, 6657.206577062607, 6743.546542167664, 6830.033915042877, 6916.361639022827, 7002.893039941788, 7089.520835399628, 7176.43469452858, 7263.184971570969, 7349.95107960701, 7436.627060651779, 7523.4426329135895, 7610.037375688553, 7696.437873601913, 7782.991539716721, 7869.3429362773895, 7955.601515054703, 8041.983589410782, 8128.548404455185, 8214.95647740364, 8301.50591135025, 8388.068718671799, 8474.619384288788, 8561.234251499176, 8647.738354206085], "timesteps_eval": [8805, 17638, 26471, 35304, 44137, 52970, 61803, 70636, 79469, 88302, 97135, 105968, 114801, 123634, 132467, 141300, 150133, 158966, 167799, 176632, 185465, 194298, 203131, 211964, 220797, 229630, 238463, 247296, 256129, 264962, 273795, 282628, 291461, 300294, 309127, 317960, 326793, 335626, 344459, 353292, 362125, 370958, 379791, 388624, 397457, 406290, 415123, 423956, 432789, 441622, 450455, 459288, 468121, 476954, 485787, 494620, 503453, 512286, 521119, 529952, 538785, 547618, 556451, 565284, 574117, 582950, 591783, 600616, 609449, 618282, 627115, 635948, 644781, 653614, 662447, 671280, 680113, 688946, 697779, 706612, 715445, 724278, 733111, 741944, 750777, 759610, 768443, 777276, 786109, 794942, 803775, 812608, 821441, 830274, 839107, 847940, 856773, 865606, 874439, 883272],