{"gamma": [0.95, 0.98, 0.98], "learning_rate": [-4, -4, -3], "returns_eval": [4.5, 11.3, 3.9, 7.8, 10.1, 12.4, 15.4, 30.0, 28.5, 48.0, 61.6, 68.1, 79.7, 87.6, 98.6, 86.0, 117.6, 121.7, 129.5, 138.8, 142.5, 138.4, 152.5, 160.3, 162.0, 157.5, 205.4, 183.4, 198.8, 188.7, 204.1, 174.1, 181.8, 210.3, 178.7, 213.1, 205.7, 186.4, 231.2, 214.8, 250.9, 232.0, 242.2, 255.9, 212.3, 197.1, 244.7, 214.8, 264.0, 283.9, 300.6, 235.3, 282.1, 256.5, 286.8, 275.7, 269.9, 298.6, 286.1, 252.9, 164.9, 156.2, 146.6, 130.6, 127.2, 124.2, 122.2, 111.6, 112.0, 111.8, 104.9, 95.1, 98.0, 105.0, 90.7, 71.6, 70.8, 53.9, 50.2, 52.5, 39.0, 62.3, 57.2, 42.9, 37.9, 34.1, 33.5, 33.9, 31.1, 27.1, 24.1, 24.5, 14.0, 8.1, 11.3, 4.6, 1.4, 4.1, 1.1, 2.9], "std_returns_eval": [6.264982043070834, 15.244999180059015, 4.635730794599704, 8.340263784797218, 7.462573282722254, 9.156418513807678, 14.97464523786791, 22.552161758909055, 13.74227055475186, 16.1245154965971, 24.303086223770016, 27.53343422096125, 22.40557966221807, 22.97912095794789, 13.61763562443936, 17.216271373325874, 18.932511719262184, 16.970857373745147, 24.5, 13.6, 15.698726062964472, 16.94815624190431, 16.00781059358212, 21.185136298829896, 15.639693091617879, 12.241323457861899, 77.64174135089965, 50.56520542823889, 73.60679316476164, 55.68671295740125, 63.99601550096693, 14.98966310495336, 53.55147056804322, 65.55158274214286, 16.315943123215405, 60.69011451628675, 67.62847033609441, 47.19788130838078, 83.8818216301959, 68.88657343778975, 79.12073053252226, 89.58459689031368, 77.18264053529136, 83.94932995563455, 62.307383190116404, 30.62172431461037, 75.77869093617281, 57.8857495416618, 91.70823300009656, 87.47622534151779, 90.20332588103389, 71.68828356154162, 88.19234660672092, 96.68531429332998, 87.62853416553308, 88.16921231359618, 93.98132793273354, 98.18268686484394, 85.6007593424264, 85.03111195321392, 18.008053753806934, 19.114392483152585, 16.554153557340225, 7.989993742175272, 15.810123339177338, 12.270289320142375, 15.276125163142648, 16.98940846527624, 11.85748708622531, 10.097524449091472, 15.076140089558734, 16.446580191638624, 16.037456157383563, 12.735776379946374, 17.9055857206627, 23.529555881911584, 23.949112718428633, 25.901544355501276, 22.635370551417974, 24.479583329787296, 7.483314773547883, 21.954726142678254, 17.95995545651492, 18.732058082335747, 12.364869590901474, 12.152777460317456, 5.352569476429054, 9.523129737644027, 12.185647295076286, 9.96443676280802, 9.51262319236918, 12.002083152519816, 8.888194417315589, 7.217340230306452, 7.874642849044013, 3.9038442591886273, 1.42828568570857, 5.068530358989675, 1.8138357147217055, 2.3853720883753127], "timestamps_eval": [91.51713037490845, 180.99150824546814, 270.7772352695465, 359.9605326652527, 448.97151160240173, 537.6523559093475, 626.3482055664062, 715.6340851783752, 804.9795224666595, 894.1146156787872, 983.7529158592224, 1073.1945641040802, 1162.4381806850433, 1252.222062587738, 1342.2291285991669, 1431.8289783000946, 1521.8221535682678, 1611.066531419754, 1700.0547246932983, 1789.4997265338898, 1878.8351345062256, 1967.7369697093964, 2056.6572206020355, 2145.968697309494, 2235.7615489959717, 2325.431838989258, 2431.670985221863, 2535.7707090377808, 2640.1490280628204, 2745.2567133903503, 2863.5107645988464, 2953.2720510959625, 3056.652004480362, 3160.194655895233, 3249.0895404815674, 3353.03520321846, 3471.6319682598114, 3575.6535243988037, 3693.0915644168854, 3810.707624197006, 3915.5217695236206, 4020.1553435325623, 4138.480817317963, 4255.843414783478, 4360.409987211227, 4463.847754001617, 4567.86531496048, 4672.037876844406, 4790.339006900787, 4909.649378538132, 5028.2366771698, 5147.042831420898, 5265.649407863617, 5383.879784584045, 5501.625509023666, 5620.5074634552, 5738.074199438095, 5856.227256059647, 5975.194089412689, 6094.119534730911, 6183.738337755203, 6273.425322771072, 6363.448495864868, 6453.075248241425, 6543.012490034103, 6632.210518360138, 6721.731059074402, 6811.155285835266, 6899.742172002792, 6988.840648174286, 7078.224209070206, 7167.83388376236, 7257.228321075439, 7346.905290603638, 7436.561019182205, 7526.620416402817, 7616.5484573841095, 7706.665288209915, 7796.285619020462, 7885.6621606349945, 7975.414677143097, 8064.971746683121, 8153.704231977463, 8243.11787199974, 8332.134716033936, 8421.291224241257, 8511.676834106445, 8601.603959560394, 8692.11607670784, 8781.623852729797, 8871.042883634567, 8961.367106437683, 9050.188074588776, 9139.748506784439, 9229.403096914291, 9319.220831632614, 9407.767160892487, 9497.874989748001, 9586.507552623749, 9675.72960639], "timesteps_eval": [8804, 17635, 26466, 35297, 44128, 52959, 61790, 70621, 79452, 88283, 97114, 105945, 114776, 123607, 132438, 141269, 150100, 158931, 167762, 176593, 185424, 194255, 203086, 211917, 220748, 229579, 238410, 247241, 256072, 264903, 273734, 282565, 291396, 300227, 309058, 317889, 326720, 335551, 344382, 353213, 362044, 370875, 380145, 388976, 397807, 406638, 415469, 424742, 433573, 442841, 451672, 460503, 469775, 479048, 489203, 498909, 508182, 517893, 528928, 537759, 546590, 555421, 564252, 573083, 581914, 590745, 599576, 608407, 617238, 626069, 634900, 643731, 652562, 661393, 670224, 679055, 687886, 696717, 705548, 714379, 723210, 732041, 740872, 749703, 758534, 767365, 776196, 785027, 793858, 802689, 811520, 820351, 829182, 838013, 846844, 855675, 864506, 873337, 882168, 890999],