{"gamma": [0.98, 0.99, 0.98], "learning_rate": [-4, -3, -4], "returns_eval": [0.1, 0.0, 0.0, 0.0, 0.0, 0.0, 0.0, 0.0, 0.4, 0.0, 1.1, 0.8, 0.6, 1.1, 7.5, 4.9, 7.7, 9.4, 13.9, 14.6, 22.2, 38.5, 45.1, 39.0, 61.1, 67.9, 79.4, 69.9, 82.3, 76.9, 75.1, 71.6, 76.8, 54.2, 62.9, 63.5, 58.8, 59.7, 52.1, 52.8, 34.1, 32.2, 21.1, 22.2, 23.9, 19.4, 20.0, 11.6, 11.3, 10.5, 14.5, 9.5, 7.3, 7.6, 3.1, 0.5, 2.8, 4.3, 4.2, 6.2, 3.8, 4.9, 6.0, 13.7, 9.5, 6.0, 12.5, 19.8, 12.9, 28.9, 19.8, 21.8, 21.0, 25.6, 23.6, 27.1, 21.1, 24.5, 21.5, 17.5, 24.5, 25.8, 30.2, 23.7, 31.5, 28.1, 34.4, 27.6, 34.0, 31.4, 27.4, 36.5, 26.7, 27.9, 25.4, 32.7, 32.3, 37.6, 31.1, 28.9], "std_returns_eval": [0.30000000000000004, 0.0, 0.0, 0.0, 0.0, 0.0, 0.0, 0.0, 1.2000000000000002, 0.0, 2.9816103031751147, 1.7776388834631178, 0.66332495807108, 2.022374841615669, 7.88986691902975, 5.107837115648853, 4.473253849269009, 7.445804187594515, 6.518435395092905, 13.492219980418346, 12.391932859727735, 13.850992744204294, 21.33752562974442, 9.143303560529969, 21.759825366946306, 18.4143965418365, 13.95850994913139, 17.346181135915767, 9.381364506296512, 14.088647912415158, 16.949631264425786, 18.43474979488466, 16.4851448279959, 14.695577566057075, 13.3, 18.194779471046083, 16.054905792311583, 13.616534067081828, 16.183015788165072, 20.836506425022407, 12.453513560437472, 13.78259772321604, 7.313685801290619, 7.586830695356264, 3.986226285598949, 3.9547439866570375, 11.515207336387824, 3.1368774282716245, 5.080354318352215, 2.3345235059857505, 5.748912940721924, 3.556683848755748, 2.72213151776324, 4.2, 5.223983154643591, 1.5, 8.4, 7.225648759800049, 8.084553172563094, 7.909487973314077, 5.0556898639058145, 6.977822009767805, 6.663332499583072, 9.839207285142436, 11.262770529492288, 9.20869154657707, 14.270599146496968, 12.905812643921342, 11.734138229968147, 21.824069281414953, 11.513470371699404, 12.742056348957181, 13.251415018781957, 5.332916650389354, 13.388054376943648, 16.263148526653747, 6.7889616289974715, 4.759201613716317, 9.189668111526117, 10.883473710171767, 8.743569065318807, 5.5641710972974225, 7.691553809211764, 9.338629449764028, 13.785862323409443, 7.244998274671982, 11.128342194594845, 10.938007131100255, 14.170391667134682, 17.585221067703415, 15.344054223053305, 15.06154042586614, 10.276672613253767, 9.843271813782245, 5.535341001239219, 8.198170527623832, 6.0835844697020525, 12.101239605924677, 5.974110812497539, 7.175653280364096], "timestamps_eval": [88.72105264663696, 175.37068605422974, 262.37548565864563, 349.07457852363586, 435.86281752586365, 522.9084210395813, 610.7050693035126, 698.6422221660614, 786.5294318199158, 873.5273859500885, 960.554247379303, 1047.58779835701, 1134.6630380153656, 1221.785311460495, 1308.9636635780334, 1396.251849412918, 1483.5047380924225, 1570.9037477970123, 1658.533476114273, 1745.9776301383972, 1833.4818489551544, 1920.615038394928, 2007.745668888092, 2094.8157052993774, 2182.092043399811, 2269.3263082504272, 2356.3384342193604, 2443.5162065029144, 2530.6796822547913, 2617.767928123474, 2704.8305656909943, 2791.81329703331, 2879.0062329769135, 2966.0918312072754, 3053.2669293880463, 3141.0630662441254, 3228.2061347961426, 3315.251970052719, 3402.3169317245483, 3489.2890379428864, 3576.3231472969055, 3663.342843055725, 3750.3582174777985, 3837.2739160060883, 3924.2234179973602, 4011.3187346458435, 4098.428249120712, 4185.383794307709, 4272.414485216141, 4359.628389835358, 4446.733921289444, 4533.786606550217, 4621.478205919266, 4708.679408788681, 4795.729458093643, 4882.8137764930725, 4969.7693774700165, 5056.671685934067, 5143.6375386714935, 5230.712930679321, 5317.72506403923, 5404.684630155563, 5491.590803146362, 5578.424007892609, 5665.550079107285, 5752.844651222229, 5839.763390779495, 5926.941747903824, 6014.075888872147, 6101.353781223297, 6188.760801076889, 6275.7603969573975, 6362.725354909897, 6449.750959634781, 6536.804965496063, 6623.739406108856, 6710.740752696991, 6797.732501268387, 6884.709719419479, 6971.658358812332, 7058.749446392059, 7145.69158911705, 7233.102169275284, 7320.044983386993, 7407.0160343647, 7494.034049510956, 7581.159351348877, 7668.2560431957245, 7755.333788633347, 7842.376896619797, 7929.336460590363, 8016.492871284485, 8103.466518640518, 8190.58199429512, 8277.672032356262, 8364.808072090149, 8451.816403627396, 8539.005392074585, 8626.161360740662, 8713.157284259796], "timesteps_eval": [8808, 17642, 26476, 35310, 44144, 52978, 61812, 70646, 79480, 88314, 97148, 105982, 114816, 123650, 132484, 141318, 150152, 158986, 167820, 176654, 185488, 194322, 203156, 211990, 220824, 229658, 238492, 247326, 256160, 264994, 273828, 282662, 291496, 300330, 309164, 317998, 326832, 335666, 344500, 353334, 362168, 371002, 379836, 388670, 397504, 406338, 415172, 424006, 432840, 441674, 450508, 459342, 468176, 477010, 485844, 494678, 503512, 512346, 521180, 530014, 538848, 547682, 556516, 565350, 574184, 583018, 591852, 600686, 609520, 618354, 627188, 636022, 644856, 653690, 662524, 671358, 680192, 689026, 697860, 706694, 715528, 724362, 733196, 742030, 750864, 759698, 768532, 777366, 786200, 795034, 803868, 812702, 821536, 830370, 839204, 848038, 856872, 865706, 874540, 883374],