{"gamma": [0.95, 0.95, 0.99], "learning_rate": [-3, -5, -5], "returns_eval": [0.2, 0.0, 0.0, 0.0, 0.0, 0.2, 0.5, 1.7, 2.3, 2.5, 4.6, 3.0, 5.5, 4.5, 7.7, 26.5, 25.4, 31.2, 25.7, 22.9, 29.9, 26.4, 29.3, 33.7, 26.3, 28.9, 28.1, 24.0, 21.6, 29.5, 22.5, 20.1, 29.0, 28.4, 26.7, 30.1, 36.1, 33.1, 33.9, 32.0, 34.8, 40.2, 38.8, 51.5, 47.3, 65.0, 60.1, 58.5, 55.4, 49.8, 66.3, 61.0, 72.8, 62.0, 66.0, 81.1, 69.6, 76.8, 63.3, 67.2, 77.2, 70.3, 80.0, 87.1, 93.0, 90.6, 87.7, 102.6, 98.8, 86.1, 91.0, 94.1, 87.5, 95.5, 96.1, 92.2, 89.5, 95.1, 91.2, 92.9, 110.3, 104.6, 92.8, 103.1, 96.6, 102.7, 106.9, 96.0, 104.9, 100.9, 100.3, 114.0, 107.2, 95.3, 102.8, 93.0, 95.6, 101.2, 98.3, 103.1], "std_returns_eval": [0.4000000000000001, 0.0, 0.0, 0.0, 0.0, 0.6000000000000001, 1.02469507659596, 3.195309061734091, 3.0675723300355937, 2.8722813232690143, 4.431703961232068, 2.4899799195977463, 7.762087348130012, 3.6124783736376886, 5.586591089385369, 18.287974190707946, 12.183595528414426, 17.848249213858484, 12.625767303415662, 8.383913167489272, 19.403350226185168, 11.403508232118746, 7.029224708315989, 7.642643521714199, 10.863240768757727, 11.631422956801115, 11.175419455215094, 12.876334882255899, 12.043255373859678, 10.111874208078342, 12.800390619039717, 9.533624704172071, 12.884098726725126, 14.312232530251874, 9.747307320486001, 15.946472964263917, 10.280564186852782, 19.075901027212318, 9.491575211733824, 11.713240371477058, 7.730459236035076, 18.882796403075474, 12.749901960407382, 21.490695661146013, 12.296747537458838, 18.76166303929372, 16.825278600962303, 17.89553016817328, 13.57350360076572, 7.984985911070852, 24.57254565567027, 22.947766775876037, 21.64162655624572, 21.60555484129024, 22.26656686604381, 23.205387305537478, 23.774776549948896, 14.58629493737186, 24.15802144216285, 19.58979326077741, 19.782820830205182, 20.755962998618013, 15.12613632095123, 17.008527273106278, 25.779837082495305, 15.90723106011854, 19.804292464008906, 7.552483035399682, 22.88580345978703, 22.954084603834676, 16.88786546606764, 19.684765683136796, 22.756317804073664, 11.368817000902073, 13.50888596443097, 16.442627527253666, 20.436486977951958, 12.762836675285005, 19.306993551560534, 17.896647730790257, 14.08580846100074, 7.172168430816443, 17.685021911210626, 16.464810961562847, 13.92982411949268, 27.60090578223838, 9.812746812182612, 22.46775467197379, 11.995415791042843, 19.871839371331482, 15.212166183683374, 13.674794331177344, 22.306052990163906, 19.052821313390833, 20.879655169566377, 19.733220720399395, 13.63231455036158, 13.22724461102916, 17.855251328390757, 18.581980518771406], "timestamps_eval": [88.93723773956299, 176.1211531162262, 263.09796619415283, 350.0664930343628, 437.15535736083984, 524.4186887741089, 611.5855419635773, 698.9669144153595, 786.5270006656647, 874.239138841629, 961.6126117706299, 1049.8650357723236, 1137.5160932540894, 1225.1809136867523, 1312.9762618541718, 1400.6186549663544, 1488.383299589157, 1575.970709323883, 1663.6726632118225, 1751.2909524440765, 1838.9273707866669, 1926.598873615265, 2014.6042845249176, 2102.1776390075684, 2189.735242843628, 2277.255291700363, 2364.8921110630035, 2452.515604734421, 2539.9610826969147, 2627.558683156967, 2715.2276227474213, 2803.020651102066, 2890.8358101844788, 2978.459974527359, 3066.139765024185, 3153.794973373413, 3241.388073205948, 3329.2196877002716, 3416.8561878204346, 3504.511850833893, 3592.1699192523956, 3679.653263092041, 3767.132810354233, 3854.9121873378754, 3942.3164637088776, 4029.754387617111, 4117.152321577072, 4204.434434890747, 4291.714191675186, 4379.024216413498, 4466.331052064896, 4553.676315069199, 4641.079350233078, 4728.429224014282, 4815.856475353241, 4903.517829179764, 4991.137814998627, 5078.590929746628, 5166.158579826355, 5253.690968751907, 5341.385671615601, 5428.898427724838, 5516.31836605072, 5603.720384836197, 5691.221452474594, 5778.550633192062, 5866.358493804932, 5953.838887929916, 6041.228322982788, 6128.46644282341, 6216.164179563522, 6303.484011173248, 6391.191931247711, 6478.648042201996, 6566.379129886627, 6653.626623630524, 6741.5867619514465, 6829.13920712471, 6916.75621008873, 7004.212893486023, 7091.717779159546, 7179.031290054321, 7266.595386981964, 7354.101613283157, 7441.516283988953, 7529.257362365723, 7616.8031623363495, 7704.715776205063, 7792.368242025375, 7879.847292900085, 7967.489462852478, 8055.075281381607, 8142.684745311737, 8230.281875133514, 8318.027338266373, 8405.739119052887, 8493.376342773438, 8580.764904737473, 8668.299074172974, 8755.882763385773], "timesteps_eval": [8808, 17642, 26476, 35310, 44144, 52978, 61812, 70646, 79480, 88314, 97148, 105982, 114816, 123650, 132484, 141318, 150152, 158986, 167820, 176654, 185488, 194322, 203156, 211990, 220824, 229658, 238492, 247326, 256160, 264994, 273828, 282662, 291496, 300330, 309164, 317998, 326832, 335666, 344500, 353334, 362168, 371002, 379836, 388670, 397504, 406338, 415172, 424006, 432840, 441674, 450508, 459342, 468176, 477010, 485844, 494678, 503512, 512346, 521180, 530014, 538848, 547682, 556516, 565350, 574184, 583018, 591852, 600686, 609520, 618354, 627188, 636022, 644856, 653690, 662524, 671358, 680192, 689026, 697860, 706694, 715528, 724362, 733196, 742030, 750864, 759698, 768532, 777366, 786200, 795034, 803868, 812702, 821536, 830370, 839204, 848038, 856872, 865706, 874540, 883374],