{"gamma": [0.99, 0.98, 0.99], "learning_rate": [-3, -3, -4], "returns_eval": [0.4, 0.0, 0.0, 0.0, 0.1, 0.0, 1.5, 0.5, 1.5, 0.2, 0.9, 2.0, 1.6, 3.3, 4.8, 1.6, 3.7, 6.0, 9.2, 10.2, 7.1, 9.7, 11.1, 12.9, 6.4, 6.1, 9.4, 7.6, 11.0, 7.8, 6.0, 3.7, 9.9, 7.3, 6.8, 8.3, 5.3, 2.5, 1.8, 5.0, 4.8, 4.2, 2.3, 3.1, 3.7, 3.7, 3.7, 4.1, 3.7, 4.3, 6.5, 4.4, 4.8, 3.7, 4.8, 7.1, 6.6, 5.7, 5.4, 6.5, 5.4, 5.9, 5.9, 7.5, 6.1, 6.0, 6.3, 8.3, 4.8, 6.4, 7.6, 8.1, 7.9, 5.5, 7.6, 10.3, 8.9, 8.2, 7.6, 10.3, 9.0, 9.7, 9.7, 9.4, 9.0, 9.6, 10.8, 10.6, 9.2, 10.2, 8.7, 9.7, 12.1, 13.7, 12.2, 8.6, 8.4, 9.2, 11.0, 7.8], "std_returns_eval": [0.9165151389911681, 0.0, 0.0, 0.0, 0.30000000000000004, 0.0, 3.2015621187164243, 1.02469507659596, 1.857417562100671, 0.4000000000000001, 2.118962010041709, 3.794733192202055, 3.2619012860600183, 3.4942810419312296, 5.81033561853358, 2.0591260281974, 2.451530134426253, 5.440588203494177, 3.682390527904394, 10.759182125050211, 6.410148204214938, 6.664082832618454, 6.456779382943171, 7.555792479945436, 5.257375771237966, 5.52177507691141, 8.627861844049198, 5.3516352641038605, 8.62554346113913, 4.237924020083418, 3.9496835316262997, 4.220189569201838, 4.7, 4.817675788178361, 8.35224520712844, 8.922443611477744, 4.001249804748511, 1.5, 2.993325909419153, 4.147288270665544, 3.627671429443411, 2.2715633383201093, 2.7946377224964243, 0.8306623862918076, 1.676305461424021, 2.282542442102666, 3.4942810419312305, 2.1656407827707715, 4.172529209005013, 1.5524174696260025, 3.3241540277189325, 2.0591260281974, 2.749545416973504, 2.0024984394500787, 1.2489995996796797, 3.9357337308308855, 2.7640549922170505, 2.4515301344262523, 2.615339366124404, 4.104875150354759, 3.1999999999999997, 2.118962010041709, 2.022374841615669, 3.2326459750489227, 3.753664875824692, 3.22490309931942, 2.147091055358389, 3.2264531609803355, 3.0594117081556713, 2.727636339397171, 2.1540659228538015, 2.8442925306655784, 3.176476034853718, 2.8722813232690143, 2.870540018881465, 4.775981574503821, 3.3000000000000003, 3.5721142198983507, 3.6932370625238775, 3.2572994949804666, 5.385164807134504, 4.172529209005013, 4.920365840057018, 1.3564659966250536, 3.63318042491699, 3.903844259188627, 4.166533331199932, 3.9799497484264794, 4.142463035441596, 4.214261501141095, 4.859012245302537, 2.0024984394500787, 5.166236541235796, 3.6891733491393435, 4.770744176750625, 4.882622246293481, 4.24735211631906, 2.891366458960192, 3.03315017762062, 3.919183588453085], "timestamps_eval": [89.33741617202759, 176.61246633529663, 263.797730922699, 351.19927740097046, 438.5691246986389, 525.8915369510651, 613.365749835968, 700.9380352497101, 788.6241195201874, 876.2095954418182, 963.8909606933594, 1051.4657521247864, 1139.256828546524, 1226.977245092392, 1314.725608587265, 1402.4690613746643, 1490.1737949848175, 1577.9816946983337, 1665.8800015449524, 1753.849187374115, 1841.698075056076, 1929.8197422027588, 2017.8162422180176, 2105.6508705615997, 2193.5516464710236, 2281.518265724182, 2369.428374528885, 2457.3603146076202, 2545.2649540901184, 2633.8189940452576, 2721.9829733371735, 2809.92911362648, 2897.9111328125, 2985.953540802002, 3073.9498834609985, 3161.955112695694, 3249.93895983696, 3338.0120780467987, 3426.0879378318787, 3514.1409628391266, 3602.043028831482, 3689.967407464981, 3778.178734779358, 3866.191009044647, 3954.156328678131, 4042.3103959560394, 4130.363036394119, 4218.579288482666, 4306.740124940872, 4395.02111697197, 4483.057910919189, 4571.268408536911, 4659.184973478317, 4747.234549283981, 4835.189742326736, 4923.289288759232, 5011.342260837555, 5099.332357406616, 5187.299679756165, 5275.189179897308, 5363.221659660339, 5451.273462772369, 5539.285533428192, 5627.199596405029, 5715.27033495903, 5803.26859164238, 5891.228518009186, 5979.2694001197815, 6067.395323514938, 6155.543326854706, 6243.490798473358, 6331.39997959137, 6419.706607341766, 6507.696125984192, 6595.725287914276, 6683.777517080307, 6771.685693025589, 6859.594516038895, 6947.428308963776, 7035.388263702393, 7123.237004041672, 7211.17770075798, 7299.054617166519, 7387.105525255203, 7475.142469882965, 7563.237754583359, 7651.133271932602, 7740.3465847969055, 7828.337122440338, 7916.30752825737, 8004.202906847, 8092.008462190628, 8179.876217126846, 8267.785386800766, 8355.617401599884, 8443.351111650467, 8531.209712028503, 8619.07067656517, 8706.902880907059, 8794.67251586914], "timesteps_eval": [8804, 17635, 26466, 35297, 44128, 52959, 61790, 70621, 79452, 88283, 97114, 105945, 114776, 123607, 132438, 141269, 150100, 158931, 167762, 176593, 185424, 194255, 203086, 211917, 220748, 229579, 238410, 247241, 256072, 264903, 273734, 282565, 291396, 300227, 309058, 317889, 326720, 335551, 344382, 353213, 362044, 370875, 379706, 388537, 397368, 406199, 415030, 423861, 432692, 441523, 450354, 459185, 468016, 476847, 485678, 494509, 503340, 512171, 521002, 529833, 538664, 547495, 556326, 565157, 573988, 582819, 591650, 600481, 609312, 618143, 626974, 635805, 644636, 653467, 662298, 671129, 679960, 688791, 697622, 706453, 715284, 724115, 732946, 741777, 750608, 759439, 768270, 777101, 785932, 794763, 803594, 812425, 821256, 830087, 838918, 847749, 856580, 865411, 874242, 883073],