{"gamma": [0.95, 0.95, 0.99], "learning_rate": [-5, -5, -3], "returns_eval": [0.0, 0.0, 1.3, 2.6, 0.0, 1.1, 17.4, 15.2, 17.9, 18.5, 21.1, 22.9, 30.5, 30.5, 30.5, 30.5, 30.5, 30.5, 30.5, 30.5, 30.5, 30.5, 30.5, 30.5, 31.0, 28.0, 29.7, 44.4, 42.5, 57.4, 59.0, 65.0, 69.9, 81.8, 87.9, 87.2, 84.0, 100.2, 91.6, 91.8, 93.1, 95.9, 104.4, 93.1, 100.5, 99.1, 111.7, 101.0, 108.3, 99.3, 104.0, 101.7, 114.3, 103.9, 103.2, 101.8, 103.1, 115.1, 105.5, 113.4, 108.6, 76.5, 94.1, 87.5, 87.4, 77.2, 79.7, 67.1, 68.6, 49.0, 43.7, 49.2, 47.8, 43.9, 47.4, 31.9, 33.5, 18.8, 21.2, 10.3, 5.2, 0.9, 1.0, 0.5, 2.2, 2.4, 2.8, 1.4, 3.6, 7.8, 4.7, 6.5, 8.7, 4.8, 3.7, 2.8, 1.7, 9.9, 6.7, 6.5], "std_returns_eval": [0.0, 0.0, 2.9681644159311658, 3.0397368307141326, 0.0, 2.662705391138869, 15.239422561238992, 9.042123644365853, 7.462573282722254, 10.818964830333815, 11.57972365818805, 10.044401425669925, 23.55525419094432, 23.55525419094432, 23.55525419094432, 23.55525419094432, 23.55525419094432, 23.55525419094432, 23.55525419094432, 23.55525419094432, 23.55525419094432, 23.55525419094432, 23.55525419094432, 23.55525419094432, 23.25510696599781, 14.89966442575134, 15.046926596484745, 24.401639289195305, 19.60229578391266, 21.331666601557412, 24.551985663078252, 26.313494636782853, 25.579093025359597, 19.36388390793541, 28.129877354869503, 23.574562562219477, 21.762352813976708, 9.713907555664713, 22.249494376277408, 23.532105728132365, 21.63538767852335, 15.871042813879622, 14.74584687293341, 22.62498618784109, 14.001785600415399, 16.914195221765652, 10.733592129385205, 16.25423021862309, 11.118003417880388, 19.49897433200013, 18.41738309315414, 12.594046212397348, 21.99568139431011, 11.112605455067682, 18.642961138188323, 16.246845847733027, 14.942891286494726, 16.92010638264429, 15.945218719101975, 16.347476869535555, 15.576905982896601, 36.718523935474316, 18.33275756671647, 10.375451797391765, 19.006314740106774, 22.13504009483606, 12.450301201175817, 21.191743675309024, 20.99619013059274, 19.219781476385208, 17.32079674841778, 18.312837027615355, 16.83330033000065, 17.541094606665798, 18.50513442264065, 8.239538822045807, 15.298692754611421, 11.754148203932091, 11.565465835840769, 9.230926280715279, 9.346657156438338, 1.7578395831246945, 2.1908902300206643, 1.02469507659596, 2.7129319932501077, 3.5552777669262356, 3.919183588453085, 2.4166091947189146, 4.431703961232068, 6.079473661428265, 3.8742741255621036, 4.738143096192854, 6.2136945531623935, 5.436910887627275, 3.2878564445547194, 2.227105745132009, 1.345362404707371, 6.503076195155644, 4.980963762164909, 5.103920062069938], "timestamps_eval": [90.31721520423889, 178.73528122901917, 267.07372999191284, 355.4747052192688, 443.9923138618469, 532.725020647049, 621.5229024887085, 710.0557661056519, 798.7534501552582, 887.4259428977966, 975.9016969203949, 1064.2919640541077, 1152.5995750427246, 1240.9201409816742, 1329.2109303474426, 1417.4905331134796, 1505.7071421146393, 1593.8991386890411, 1682.0812256336212, 1770.502076625824, 1858.7117624282837, 1947.0701801776886, 2035.6571621894836, 2124.3195476531982, 2213.0512816905975, 2301.8306183815002, 2390.547342300415, 2479.3508245944977, 2568.21546459198, 2658.538286924362, 2747.1377840042114, 2835.5731859207153, 2924.01819562912, 3012.4557814598083, 3100.9009380340576, 3189.4678416252136, 3277.9975152015686, 3366.527724504471, 3454.973968029022, 3543.413861513138, 3632.1010999679565, 3720.8667707443237, 3809.686635017395, 3898.326771736145, 3987.9944224357605, 4076.573568344116, 4165.0057582855225, 4253.4934730529785, 4342.030908823013, 4430.137966156006, 4518.242980957031, 4606.2769503593445, 4694.407843828201, 4784.153325796127, 4872.353136062622, 4960.691824197769, 5048.921422719955, 5137.420859575272, 5225.909297466278, 5314.442276477814, 5402.875111103058, 5491.064283370972, 5579.11213850975, 5667.1822345256805, 5755.177880764008, 5844.976656198502, 5933.052128076553, 6021.261009693146, 6109.38974738121, 6197.5861093997955, 6285.812421321869, 6374.099047660828, 6462.404983282089, 6550.756329059601, 6638.939208507538, 6727.27271437645, 6815.606078624725, 6903.831614255905, 6992.084495067596, 7080.366409063339, 7169.28463101387, 7257.458475112915, 7345.611874580383, 7433.6323256492615, 7521.68061542511, 7609.765635967255, 7697.958306789398, 7786.975612878799, 7875.433936595917, 7963.807354211807, 8051.92178940773, 8140.042313575745, 8228.147885084152, 8316.268439292908, 8404.33515906334, 8492.386803150177, 8580.518947601318, 8668.647240400314, 8756.700036764145, 8844.81756234169], "timesteps_eval": [8804, 17635, 26466, 35297, 44128, 52959, 61790, 70621, 79452, 88283, 97114, 105945, 114776, 123607, 132438, 141269, 150100, 158931, 167762, 176593, 185424, 194255, 203086, 211917, 220748, 229579, 238410, 247241, 256072, 264903, 273734, 282565, 291396, 300227, 309058, 317889, 326720, 335551, 344382, 353213, 362044, 370875, 379706, 388537, 397368, 406199, 415030, 423861, 432692, 441523, 450354, 459185, 468016, 476847, 485678, 494509, 503340, 512171, 521002, 529833, 538664, 547495, 556326, 565157, 573988, 582819, 591650, 600481, 609312, 618143, 626974, 635805, 644636, 653467, 662298, 671129, 679960, 688791, 697622, 706453, 715284, 724115, 732946, 741777, 750608, 759439, 768270, 777101, 785932, 794763, 803594, 812425, 821256, 830087, 838918, 847749, 856580, 865411, 874242, 883073],