{"gamma": [0.98, 0.98, 0.98], "learning_rate": [-4, -3, -5], "returns_eval": [1.8, 7.4, 0.8, 2.0, 3.2, 0.6, 3.6, 2.8, 3.8, 4.3, 23.6, 19.6, 40.7, 54.6, 62.0, 68.8, 75.9, 95.0, 95.0, 102.4, 116.1, 106.6, 120.5, 112.5, 108.9, 113.0, 114.6, 124.9, 124.8, 139.5, 120.6, 127.3, 115.1, 122.5, 90.4, 108.4, 100.1, 88.6, 83.1, 81.3, 74.8, 79.3, 90.3, 65.6, 67.5, 53.7, 71.4, 55.9, 49.3, 36.3, 28.0, 21.4, 27.8, 27.0, 22.0, 21.3, 30.7, 19.7, 21.6, 15.3, 11.4, 12.3, 14.9, 14.1, 15.6, 16.4, 17.1, 22.3, 22.1, 24.5, 27.8, 20.1, 31.9, 31.0, 33.5, 36.5, 47.3, 54.0, 48.9, 46.1, 52.7, 56.5, 56.5, 56.7, 71.4, 66.8, 69.5, 72.0, 76.8, 66.9, 86.2, 83.6, 65.7, 78.6, 91.3, 86.2, 80.2, 84.9, 87.2, 99.2], "std_returns_eval": [2.2715633383201097, 6.6663333249995835, 1.6000000000000003, 3.1937438845342623, 2.9933259094191533, 1.2, 4.963869458396343, 3.3704599092705436, 3.994996871087636, 3.551056180912941, 15.994999218505765, 11.79152237838694, 23.061006049173137, 27.521627858831316, 32.22111109195336, 23.70147674724088, 26.37593600234881, 21.475567512873788, 17.070442290696512, 13.055267136294072, 10.387011119662866, 21.331666601557412, 8.163945124754331, 12.159358535712318, 17.276863141207087, 13.076696830622021, 14.847221962373972, 8.63075894692929, 13.89820132247335, 16.560495161679196, 13.462540622037135, 9.869650449737316, 31.62419959461425, 16.58463143998081, 23.954957733212552, 11.73200750084997, 14.794931564559532, 9.509994742374992, 20.55456153752738, 21.429185705481206, 19.31734971469948, 25.94629067901614, 13.623876100434854, 17.573844200970942, 17.901117283566407, 13.89280389266328, 17.135927170713583, 17.50685579994306, 21.033544637079125, 10.080178569846865, 8.763560920082657, 6.529931086925803, 11.651609330903607, 7.681145747868608, 7.362064927722384, 3.579106033634656, 15.537374295549425, 6.573431371817918, 9.0575934993794, 5.967411499134277, 6.499230723708768, 4.775981574503821, 5.448853090330111, 4.90815647672321, 9.178235124467012, 8.260750571225353, 7.555792479945437, 10.526632889960588, 6.774215821775979, 12.886038956948719, 15.484185480676729, 7.764663547121665, 9.710303805751908, 12.907362240210041, 12.769103335786738, 15.964022049596398, 20.124860247961973, 12.782800945019837, 16.355121522018724, 12.621014222319852, 23.069677067527408, 12.330855606972293, 14.200352108310554, 8.729833904490967, 18.655830187906407, 21.67856083784161, 15.14760707174569, 20.1791972090071, 14.105318146004365, 21.96110197599383, 20.507559581773744, 15.640971836813723, 20.95733761716884, 17.81684596105607, 14.97364351118324, 19.838346705307877, 18.9356806056714, 18.21235844145398, 10.824047302187846, 11.931470990619722], "timestamps_eval": [90.16769242286682, 176.7500822544098, 263.10502576828003, 349.429039478302, 435.83228516578674, 522.155074596405, 608.7088584899902, 695.169625043869, 782.0277652740479, 869.030214548111, 955.7095680236816, 1042.5657238960266, 1129.0886335372925, 1215.692988395691, 1302.2910997867584, 1389.1168751716614, 1475.8607110977173, 1562.5073993206024, 1649.3749823570251, 1736.0712299346924, 1822.7366950511932, 1909.3659522533417, 1996.0390582084656, 2082.7415091991425, 2169.4465560913086, 2256.1878287792206, 2342.9084730148315, 2429.7640602588654, 2516.84090924263, 2603.7059853076935, 2690.2622418403625, 2776.9106483459473, 2863.571255683899, 2950.1418664455414, 3037.2662892341614, 3124.025889158249, 3210.61146068573, 3297.145392894745, 3384.073853492737, 3470.735484600067, 3557.3630480766296, 3644.0512585639954, 3730.4936418533325, 3817.0868587493896, 3903.605833530426, 3990.4528539180756, 4077.017078399658, 4163.5484211444855, 4250.084452867508, 4336.557687997818, 4423.181040287018, 4510.542013168335, 4597.060176372528, 4683.520653486252, 4770.07902264595, 4856.522232532501, 4942.899111509323, 5029.397047519684, 5115.820008993149, 5202.531417608261, 5288.8190286159515, 5375.259689331055, 5461.722946405411, 5548.150591611862, 5634.6315741539, 5721.178763866425, 5807.668449640274, 5894.2463800907135, 5980.691122293472, 6067.155351161957, 6154.324029445648, 6240.725666284561, 6327.178071260452, 6413.670627117157, 6500.323991537094, 6586.911889791489, 6673.420011997223, 6759.900489807129, 6846.361506462097, 6932.823520183563, 7019.276962041855, 7105.792818069458, 7192.385150432587, 7279.70735502243, 7366.214680194855, 7452.937394142151, 7539.583161115646, 7626.085889816284, 7713.455242395401, 7799.958498716354, 7886.460484266281, 7973.0188908576965, 8059.584588289261, 8146.164427280426, 8232.798638343811, 8319.626322746277, 8406.421903848648, 8493.968273878098, 8581.660705566406, 8668.408066272736], "timesteps_eval": [8805, 17638, 26471, 35304, 44137, 52970, 61803, 70636, 79469, 88302, 97135, 105968, 114801, 123634, 132467, 141300, 150133, 158966, 167799, 176632, 185465, 194298, 203131, 211964, 220797, 229630, 238463, 247296, 256129, 264962, 273795, 282628, 291461, 300294, 309127, 317960, 326793, 335626, 344459, 353292, 362125, 370958, 379791, 388624, 397457, 406290, 415123, 423956, 432789, 441622, 450455, 459288, 468121, 476954, 485787, 494620, 503453, 512286, 521119, 529952, 538785, 547618, 556451, 565284, 574117, 582950, 591783, 600616, 609449, 618282, 627115, 635948, 644781, 653614, 662447, 671280, 680113, 688946, 697779, 706612, 715445, 724278, 733111, 741944, 750777, 759610, 768443, 777276, 786109, 794942, 803775, 812608, 821441, 830274, 839107, 847940, 856773, 865606, 874439, 883272],