{"gamma": [0.95, 0.99, 0.98], "learning_rate": [-3, -5, -4], "returns_eval": [0.5, 0.3, 0.1, 0.7, 1.1, 0.2, 1.0, 2.0, 2.4, 6.4, 8.9, 16.2, 27.9, 29.0, 25.9, 25.3, 23.4, 39.1, 42.5, 41.8, 29.6, 36.4, 36.4, 46.6, 26.8, 42.2, 46.0, 45.1, 40.8, 37.2, 45.1, 40.8, 45.9, 45.0, 58.5, 65.6, 75.7, 76.8, 69.1, 81.2, 92.7, 84.9, 88.4, 75.0, 81.6, 91.1, 83.0, 80.5, 86.5, 100.0, 92.1, 88.8, 86.2, 89.2, 89.3, 92.1, 99.6, 103.4, 104.8, 100.8, 90.6, 89.4, 88.4, 88.4, 97.1, 107.6, 99.5, 100.5, 90.2, 96.8, 102.6, 101.5, 95.9, 101.5, 97.9, 98.6, 99.8, 103.8, 98.6, 102.2, 96.7, 96.9, 95.0, 99.4, 100.5, 96.5, 100.4, 97.6, 89.5, 96.3, 94.3, 101.1, 102.0, 98.0, 96.3, 95.9, 97.9, 97.9, 98.0, 101.3], "std_returns_eval": [1.02469507659596, 0.9000000000000001, 0.30000000000000004, 1.268857754044952, 1.9209372712298547, 0.4000000000000001, 2.6832815729997477, 2.1908902300206643, 3.006659275674582, 8.627861844049198, 6.876772498781678, 15.230233090796741, 16.00281225285106, 15.504837954651444, 14.962954253756175, 12.345444503945574, 10.190191362285598, 9.7, 19.298963702748395, 12.073110618229256, 15.951175505272332, 14.150618361046984, 12.595237195067032, 11.368377192897851, 13.422369388450015, 10.057832768544126, 15.80506248010428, 21.201179212487215, 21.27815781499893, 8.423775875461075, 15.60416611036937, 11.677328461596, 14.522052196573322, 11.46298390472568, 19.412624758130985, 19.345283662949992, 14.993665329064806, 22.355312567709717, 18.624983221468952, 10.017983829094554, 15.640012787718558, 12.833160171991933, 14.319217855735, 21.614809737770074, 17.585221067703415, 14.081548210335395, 17.64652940382329, 22.042005353415554, 14.451643505151932, 10.411532067856296, 11.605602095539895, 13.94130553427476, 10.322790320451151, 22.256684389189687, 14.297202523570826, 14.404513181638592, 12.768711759609895, 14.093970341958295, 11.805083650698965, 14.99866660740214, 14.11523999087511, 22.85694642772739, 28.848570155208733, 24.524273689550927, 13.284953895290718, 13.484806264830059, 8.309632964216892, 8.065358020571685, 20.178206064960282, 15.651198037211081, 10.809255293497328, 7.473285756613352, 11.193301568348813, 8.34565755348253, 12.809761902549166, 17.229045243425418, 8.182909018191515, 9.130169768410664, 6.468384651518492, 6.177378084592201, 7.267048919609664, 13.17915020022156, 16.284962388657824, 8.73155198117723, 9.002777349240622, 11.791946404220129, 5.023942674832188, 5.868560300448484, 16.261918705983007, 9.685556256612214, 8.556284240252891, 10.681292056675542, 5.477225575051661, 8.087026647662292, 11.815667564721004, 4.3920382511995495, 9.7205966895042, 6.425729530566938, 5.5677643628300215, 10.611785900591851], "timestamps_eval": [90.41433191299438, 178.3684697151184, 266.4615385532379, 354.412207365036, 442.3081283569336, 530.2427506446838, 618.4093959331512, 706.5602371692657, 794.8893399238586, 883.2618942260742, 971.4798629283905, 1059.9451632499695, 1148.4877648353577, 1236.586842060089, 1324.5836958885193, 1412.6095113754272, 1500.7099888324738, 1588.874672651291, 1676.9809205532074, 1765.0789890289307, 1853.0031428337097, 1941.5689573287964, 2029.439194202423, 2117.40207862854, 2205.266503095627, 2293.132999897003, 2381.0977871418, 2468.951924800873, 2556.817395210266, 2644.6285853385925, 2732.4597618579865, 2820.255407810211, 2908.813206911087, 2996.8367059230804, 3084.7220599651337, 3172.6567265987396, 3260.498515844345, 3349.2172763347626, 3437.080183982849, 3524.9351649284363, 3612.699761390686, 3700.66539645195, 3788.5484511852264, 3876.384401321411, 3964.1549105644226, 4051.871684551239, 4139.738968610764, 4227.519584178925, 4315.361437320709, 4403.220177412033, 4490.96528172493, 4578.801820278168, 4666.688294649124, 4754.5742247104645, 4842.386863231659, 4930.245451211929, 5018.090987920761, 5105.913160800934, 5193.755581617355, 5281.734851360321, 5369.683851957321, 5457.584063053131, 5545.580710172653, 5633.8285229206085, 5721.678358793259, 5810.365239620209, 5898.327546834946, 5986.23845243454, 6074.225547552109, 6162.211530208588, 6250.171632766724, 6338.184686422348, 6425.983575105667, 6513.902072429657, 6601.951337337494, 6689.837835550308, 6777.6751754283905, 6866.334945440292, 6954.198667526245, 7042.077926397324, 7129.911112308502, 7217.853579521179, 7305.826910495758, 7393.7719786167145, 7481.677553653717, 7569.583947181702, 7657.516666889191, 7746.096841096878, 7834.006365299225, 7921.885568141937, 8009.759684562683, 8097.881226062775, 8185.794874191284, 8273.818616390228, 8361.708168506622, 8449.568869113922, 8537.495492696762, 8625.37224650383, 8713.338653564453, 8801.239452838898], "timesteps_eval": [8804, 17635, 26466, 35297, 44128, 52959, 61790, 70621, 79452, 88283, 97114, 105945, 114776, 123607, 132438, 141269, 150100, 158931, 167762, 176593, 185424, 194255, 203086, 211917, 220748, 229579, 238410, 247241, 256072, 264903, 273734, 282565, 291396, 300227, 309058, 317889, 326720, 335551, 344382, 353213, 362044, 370875, 379706, 388537, 397368, 406199, 415030, 423861, 432692, 441523, 450354, 459185, 468016, 476847, 485678, 494509, 503340, 512171, 521002, 529833, 538664, 547495, 556326, 565157, 573988, 582819, 591650, 600481, 609312, 618143, 626974, 635805, 644636, 653467, 662298, 671129, 679960, 688791, 697622, 706453, 715284, 724115, 732946, 741777, 750608, 759439, 768270, 777101, 785932, 794763, 803594, 812425, 821256, 830087, 838918, 847749, 856580, 865411, 874242, 883073],