{"gamma": 0.8, "learning_rate": -5, "clip": 0.3, "returns_eval": [0.0, 0.0, 0.0, 4.0, 0.0, 0.0, 18.7, 18.7, 18.7, 23.6, 22.8, 22.8, 22.8, 22.8, 22.8, 22.8, 22.8, 22.8, 22.8, 24.4, 34.0, 45.8, 53.7, 69.0, 83.9, 81.3, 88.8, 93.1, 97.0, 96.2, 99.5, 99.8, 113.4, 114.9, 99.7, 106.6, 98.1, 102.8, 103.4, 106.1, 105.9, 96.4, 107.9, 109.3, 110.5, 115.1, 100.2, 113.5, 113.2, 105.0, 108.6, 107.7, 105.8, 108.7, 117.5, 110.8, 114.4, 108.3, 122.3, 112.7, 109.2, 121.4, 126.0, 135.5, 120.0, 126.0, 115.5, 123.5, 127.1, 131.5, 129.7, 137.7, 156.1, 131.1, 140.0, 128.1, 136.4, 137.2, 135.0, 144.8, 150.5, 139.3, 132.2, 137.2, 142.3, 141.4, 136.2, 158.9, 137.2, 134.5, 174.9, 142.0, 166.9, 146.6, 152.5, 148.1, 187.0, 162.5, 165.8, 151.0], "std_returns_eval": [0.0, 0.0, 0.0, 4.8373546489791295, 0.0, 0.0, 9.940321926376429, 9.940321926376429, 9.940321926376429, 11.876026271442818, 10.283968105745954, 10.283968105745954, 10.283968105745954, 10.283968105745954, 10.283968105745954, 10.283968105745954, 10.283968105745954, 10.283968105745954, 10.283968105745954, 7.964923100695951, 18.253766734567417, 21.770622407271688, 20.736682473336955, 21.73016336800071, 24.74853531019563, 29.728942127159517, 17.537388631150307, 22.726416347501864, 16.34625339336204, 17.01646261712463, 30.30264014900352, 15.72768260107, 29.213695418416346, 10.84850220076486, 24.248917501612315, 13.402984742213205, 15.514187055724191, 23.288623832249083, 10.470912090166738, 17.00264685276972, 7.449161026585478, 23.804201309852846, 19.325889371514055, 19.416745350341287, 12.322743201089601, 16.777663722938303, 20.404901371974333, 15.989058759038945, 10.870142593360953, 13.152946437965905, 15.100993344810137, 12.264175471673585, 12.687001221722966, 26.355454843352636, 15.628499608087784, 19.993999099729898, 13.032267646115928, 14.085808461000738, 16.876314763596937, 13.401865541781861, 9.282241108697834, 10.49952379872535, 13.66747965061591, 19.371370627810517, 12.67280552995271, 15.855598380382874, 12.43583531573171, 20.99166501257106, 20.858811087883222, 15.628499608087784, 11.506954418958998, 16.346559270990337, 66.12934295757066, 15.378231367748374, 22.825424421026653, 8.154140052758477, 20.431348462595412, 23.481056194302674, 23.25510696599781, 22.92945703674642, 25.605663436044768, 18.116567003712376, 25.81782330096788, 20.390193721492693, 16.087572843657927, 19.76967374541118, 24.032478024540044, 22.62056586383285, 12.967652061957864, 24.57742866941129, 57.39764803543783, 18.439088914585774, 40.42635279121776, 23.113632341109867, 21.209667607013554, 21.56594537691311, 80.76880585968819, 17.482848738120456, 19.8030300711785, 23.874672772626646], "timestamps_eval": [89.20744013786316, 175.59007573127747, 262.4331946372986, 348.8217601776123, 434.4922568798065, 520.0175054073334, 605.6755347251892, 691.2197155952454, 776.9184837341309, 862.6207537651062, 948.1646118164062, 1033.971037387848, 1120.3491594791412, 1207.067039489746, 1293.009635925293, 1378.8517723083496, 1465.175402879715, 1551.4270153045654, 1637.8505651950836, 1724.1948812007904, 1810.3660197257996, 1896.5694987773895, 1982.9053170681, 2068.7056403160095, 2154.478662967682, 2240.8325700759888, 2327.59179186821, 2414.275561571121, 2500.5103368759155, 2586.2277479171753, 2672.9296905994415, 2759.6115403175354, 2845.1759531497955, 2931.7734615802765, 3018.318194627762, 3104.0411002635956, 3189.7631990909576, 3275.4396166801453, 3361.193917274475, 3447.8674387931824, 3534.764494895935, 3620.756358385086, 3708.0837876796722, 3793.7273795604706, 3881.106753349304, 3966.552793264389, 4052.075501203537, 4138.804157495499, 4224.823400020599, 4311.517352104187, 4398.387962341309, 4484.143589258194, 4570.75606918335, 4656.792195320129, 4743.304365873337, 4829.689862251282, 4915.627646923065, 5002.073215484619, 5088.1964910030365, 5174.6826894283295, 5260.894233703613, 5347.079123020172, 5433.319614887238, 5519.6545622348785, 5606.488853693008, 5692.8950119018555, 5779.380302906036, 5865.8387060165405, 5952.827587127686, 6039.143102645874, 6125.622045993805, 6212.070582151413, 6312.577244520187, 6399.016403913498, 6486.272966384888, 6572.7394115924835, 6659.153110980988, 6745.374972105026, 6831.282382726669, 6917.137711763382, 7002.85098695755, 7088.524135351181, 7174.373135566711, 7260.888317346573, 7347.390113353729, 7433.946086406708, 7519.654233455658, 7605.440935611725, 7691.5242075920105, 7776.983491182327, 7876.79242515564, 7963.013822555542, 8063.2382225990295, 8149.985958576202, 8236.391590833664, 8322.83782339096, 8423.40578842163, 8509.827300310135, 8596.50907278061, 8683.013716697693], "timesteps_eval": [8800, 17634, 26468, 35302, 44136, 52970, 61804, 70638, 79472, 88306, 97140, 105974, 114808, 123642, 132476, 141310, 150144, 158978, 167812, 176646, 185480, 194314, 203148, 211982, 220816, 229650, 238484, 247318, 256152, 264986, 273820, 282654, 291488, 300322, 309156, 317990, 326824, 335658, 344492, 353326, 362160, 370994, 379828, 388662, 397496, 406330, 415164, 423998, 432832, 441666, 450500, 459334, 468168, 477002, 485836, 494670, 503504, 512338, 521172, 530006, 538840, 547674, 556508, 565342, 574176, 583010, 591844, 600678, 609512, 618346, 627180, 636014, 644848, 653682, 662516, 671350, 680184, 689018, 697852, 706686, 715520, 724354, 733188, 742022, 750856, 759690, 768524, 777358, 786192, 795026, 803860, 812694, 821528, 830362, 839196, 848030, 856864, 865698, 874532, 883366],