{"gamma": [0.98, 0.99, 0.95], "learning_rate": [-3, -5, -3], "returns_eval": [1.3, 0.2, 0.1, 1.4, 0.7, 1.1, 1.2, 2.7, 5.7, 7.6, 4.6, 6.9, 6.9, 14.0, 12.9, 12.1, 18.8, 19.7, 20.3, 22.6, 14.1, 23.7, 31.0, 18.7, 15.0, 23.9, 17.1, 13.3, 12.8, 7.9, 7.1, 9.7, 17.1, 12.3, 18.8, 16.4, 21.4, 24.9, 21.1, 21.0, 23.9, 26.2, 29.2, 22.2, 31.1, 32.4, 31.1, 30.5, 33.5, 31.3, 39.2, 42.1, 38.3, 34.1, 42.0, 39.6, 41.2, 40.6, 52.0, 40.4, 40.4, 30.1, 28.1, 35.7, 29.8, 35.5, 27.0, 22.5, 26.8, 30.1, 28.0, 19.0, 21.1, 24.9, 20.9, 25.5, 27.2, 25.6, 19.1, 19.2, 19.7, 8.5, 10.3, 8.9, 8.1, 12.3, 6.5, 9.7, 8.5, 6.1, 2.1, 2.3, 3.7, 6.1, 3.4, 4.6, 5.2, 1.7, 6.6, 6.6], "std_returns_eval": [1.8466185312619388, 0.4000000000000001, 0.30000000000000004, 3.2310988842807022, 1.4866068747318504, 1.5132745950421556, 1.5362291495737217, 3.0016662039607267, 5.197114584074513, 5.219195340279955, 3.52703841770968, 6.284106937345991, 6.876772498781678, 8.012490249604053, 11.894956914591999, 6.7889616289974715, 13.302631318652711, 10.714942836991712, 13.791664149043072, 13.741906709041508, 8.10493676718085, 10.705606008068855, 7.886697661252142, 7.389857914736926, 6.557438524302, 10.338762014864255, 8.178630692236935, 9.497894503520241, 5.5641710972974225, 5.223983154643591, 4.158124577258358, 6.723838189605696, 6.7149087856798175, 7.655716818169282, 7.138627319029898, 8.200000000000001, 7.213875518748574, 12.525573839150045, 11.326517558367179, 11.045361017187261, 9.093404203047394, 15.347964034359737, 10.740577265678043, 5.946427498927402, 10.48284312579369, 6.873136110975833, 13.299999999999999, 6.264982043070834, 7.242237223399963, 12.35354200219516, 15.157836257197134, 10.338762014864256, 9.306449376641984, 4.060788100849391, 16.619265928433784, 9.624967532412771, 9.260669522232181, 12.370933675353692, 17.515707236649053, 7.889233169326409, 11.637869220780924, 9.710303805751908, 11.536463929644993, 7.349149610669251, 8.681013765684282, 8.151686941977102, 10.276186062932103, 11.18257573191436, 11.556816170554933, 8.848163651289457, 8.449852069711044, 6.0332412515993425, 8.005623023850173, 11.388151737661383, 8.005623023850173, 12.36325199937298, 12.286578042726134, 5.624944444170094, 11.869709347747314, 10.380751417888783, 7.836453279386026, 5.352569476429054, 5.866003750424986, 5.127377497317708, 4.437341546466758, 9.737042672187485, 5.852349955359813, 8.729833904490967, 9.625487000666512, 6.252199612936234, 2.118962010041709, 2.4515301344262523, 3.63455636907725, 6.685057965343308, 2.8354893757515653, 4.029888335921977, 5.075431016179809, 1.676305461424021, 5.276362383309167, 6.931089380465383], "timestamps_eval": [88.51381421089172, 175.32179355621338, 262.04862213134766, 348.7859420776367, 435.56194376945496, 522.5191085338593, 609.7052946090698, 696.9939737319946, 784.0244047641754, 870.9694359302521, 958.218868970871, 1045.3804516792297, 1132.1659393310547, 1219.0456359386444, 1305.935108423233, 1393.0412456989288, 1480.3187069892883, 1567.560008764267, 1654.4670650959015, 1741.5626142024994, 1829.0015032291412, 1918.056156873703, 2005.6110348701477, 2093.607045173645, 2180.781871318817, 2267.9708108901978, 2355.3072123527527, 2442.7024574279785, 2530.485287427902, 2617.934257507324, 2705.1968760490417, 2792.221168279648, 2879.431152820587, 2967.3257133960724, 3054.598613023758, 3142.382699728012, 3229.88285112381, 3319.9391329288483, 3407.3847844600677, 3494.5686683654785, 3581.9233236312866, 3670.2744646072388, 3757.902067899704, 3845.220955848694, 3932.5246691703796, 4020.7932698726654, 4109.454894781113, 4196.882907629013, 4284.232056617737, 4371.554982662201, 4459.316827774048, 4547.28429889679, 4634.517415046692, 4721.668510913849, 4808.888012647629, 4896.019036054611, 4983.35747218132, 5070.688344717026, 5157.784442424774, 5244.998843669891, 5332.190115690231, 5419.632503032684, 5506.933133840561, 5594.2116866111755, 5681.123433351517, 5768.307511329651, 5855.352103710175, 5942.595828771591, 6029.748070001602, 6116.896161556244, 6204.051224470139, 6291.085004806519, 6378.199467658997, 6465.344836950302, 6552.505027294159, 6639.831194162369, 6727.2860605716705, 6814.526324272156, 6901.781848669052, 6989.027930259705, 7076.188788890839, 7163.09662771225, 7250.127211809158, 7337.0475425720215, 7424.471330881119, 7512.011430501938, 7599.90753531456, 7687.875521183014, 7775.708347320557, 7863.254371404648, 7951.851953029633, 8039.103770494461, 8126.348895549774, 8213.564387321472, 8300.912884235382, 8388.412854909897, 8475.72558927536, 8563.004475355148, 8650.124556779861, 8737.26400756836], "timesteps_eval": [8804, 17635, 26466, 35297, 44128, 52959, 61790, 70621, 79452, 88283, 97114, 105945, 114776, 123607, 132438, 141269, 150100, 158931, 167762, 176593, 185424, 194255, 203086, 211917, 220748, 229579, 238410, 247241, 256072, 264903, 273734, 282565, 291396, 300227, 309058, 317889, 326720, 335551, 344382, 353213, 362044, 370875, 379706, 388537, 397368, 406199, 415030, 423861, 432692, 441523, 450354, 459185, 468016, 476847, 485678, 494509, 503340, 512171, 521002, 529833, 538664, 547495, 556326, 565157, 573988, 582819, 591650, 600481, 609312, 618143, 626974, 635805, 644636, 653467, 662298, 671129, 679960, 688791, 697622, 706453, 715284, 724115, 732946, 741777, 750608, 759439, 768270, 777101, 785932, 794763, 803594, 812425, 821256, 830087, 838918, 847749, 856580, 865411, 874242, 883073],