{"gamma": [0.99, 0.99, 0.95], "learning_rate": [-5, -5, -4], "returns_eval": [3.4, 9.5, 9.2, 7.6, 13.7, 16.7, 12.2, 12.2, 12.2, 12.2, 12.5, 19.6, 19.6, 19.6, 19.6, 19.6, 19.6, 19.6, 17.2, 12.2, 12.2, 12.2, 12.2, 12.2, 12.2, 25.7, 12.2, 19.0, 12.2, 12.2, 12.2, 12.2, 12.2, 12.2, 12.2, 12.2, 12.2, 25.6, 14.2, 30.5, 31.9, 16.7, 13.0, 14.3, 24.0, 29.9, 24.6, 29.7, 41.4, 49.9, 42.7, 46.7, 72.9, 69.1, 73.0, 77.8, 63.9, 68.0, 66.0, 53.5, 69.7, 66.7, 57.5, 71.4, 69.9, 72.8, 66.7, 72.3, 87.5, 96.4, 87.1, 95.1, 92.0, 90.1, 103.4, 110.0, 128.4, 125.5, 142.0, 136.2, 160.1, 134.6, 176.8, 209.5, 191.1, 224.0, 233.8, 230.5, 271.8, 326.4, 280.3, 337.0, 376.0, 350.2, 348.5, 305.1, 357.8, 335.6, 398.8, 397.0], "std_returns_eval": [2.3748684174075834, 7.242237223399963, 7.180529228406497, 5.257375771237966, 11.144954015158609, 11.419719786404569, 7.56042326857432, 7.56042326857432, 7.56042326857432, 7.56042326857432, 7.486654793697917, 9.8812954616285, 9.8812954616285, 9.8812954616285, 9.8812954616285, 9.8812954616285, 9.8812954616285, 9.8812954616285, 11.496086290559932, 7.56042326857432, 7.56042326857432, 7.56042326857432, 7.56042326857432, 7.56042326857432, 7.56042326857432, 15.855913723276876, 7.56042326857432, 8.933084573650918, 7.56042326857432, 7.56042326857432, 7.56042326857432, 7.56042326857432, 7.56042326857432, 7.56042326857432, 7.56042326857432, 7.56042326857432, 7.56042326857432, 15.402597183592123, 9.516301802696255, 23.55525419094432, 7.189575787207475, 10.247438704378768, 7.280109889280518, 8.149233092751734, 11.840608092492547, 16.33064603743526, 11.01998185116473, 10.872442227944925, 22.553048574416717, 12.445481107614924, 15.199013125857876, 8.820997676000147, 24.047661008921427, 23.496595498071628, 24.20743687382041, 20.33125672456083, 29.820965779129285, 26.157216977346806, 18.09419796509367, 21.374049686477292, 26.705991837039118, 28.333901955078478, 18.938056922503954, 15.837929157563497, 20.73861133248801, 22.56457400439902, 21.033544637079125, 21.236996021094885, 26.062425059844298, 19.293522228976233, 28.45505227547474, 31.957628197349063, 24.839484696748443, 26.16658174083883, 22.222511109233356, 23.61778990506944, 19.18436863699194, 19.215878850575635, 18.568791021496256, 14.945233353815523, 20.275354497517423, 20.58737477193243, 38.99948717611554, 95.91584853401444, 80.49776394409972, 98.08159868191383, 84.33480894624711, 86.73436458520925, 90.47408468727384, 94.85483646077304, 93.77105096990222, 82.35168486436692, 23.358082113050294, 84.20665056870509, 85.46490507804944, 96.93549401535024, 83.78400802062409, 95.88242800430118, 24.567458150976876, 22.356207191739838], "timestamps_eval": [88.01590013504028, 173.80139589309692, 259.36212158203125, 345.1006498336792, 430.8383355140686, 516.714111328125, 602.4323933124542, 688.2868962287903, 773.966511964798, 859.8132889270782, 945.6141738891602, 1031.3203144073486, 1117.1794443130493, 1202.9507479667664, 1288.7121405601501, 1374.4602270126343, 1460.2681612968445, 1546.110872745514, 1631.8764669895172, 1717.6611678600311, 1803.4596650600433, 1890.3115108013153, 1976.2424302101135, 2062.0994367599487, 2148.0742251873016, 2233.85040307045, 2319.7558102607727, 2406.467169523239, 2492.2524082660675, 2578.0742337703705, 2663.8863337039948, 2749.83087182045, 2835.8214831352234, 2922.008603811264, 3008.08758020401, 3093.8318858146667, 3179.7828748226166, 3265.834593296051, 3351.752880334854, 3437.9978082180023, 3524.1812233924866, 3610.1564934253693, 3696.055320262909, 3781.9234800338745, 3867.701611995697, 3953.4934964179993, 4040.1018505096436, 4126.053493261337, 4211.907786369324, 4297.7444388866425, 4383.617653608322, 4469.647421121597, 4555.512762308121, 4641.551663160324, 4727.418119430542, 4813.287639141083, 4899.149062633514, 4985.148596048355, 5070.982385873795, 5156.898586988449, 5242.847975492477, 5328.837870597839, 5414.836408615112, 5500.666683673859, 5586.538592815399, 5672.305524110794, 5758.192541360855, 5844.07847571373, 5930.008540630341, 6016.160384654999, 6101.991696596146, 6187.776672363281, 6273.559668779373, 6359.388593912125, 6445.6245992183685, 6531.5019953250885, 6618.10550904274, 6704.01599240303, 6789.875216245651, 6875.899582386017, 6962.146025657654, 7048.390505313873, 7148.557919025421, 7248.7069256305695, 7348.961980104446, 7463.0087122917175, 7563.34223818779, 7677.459527492523, 7791.615432977676, 7905.968238592148, 8020.540464401245, 8134.854825496674, 8249.648305416107, 8364.047352552414, 8478.567857027054, 8593.193469285965, 8707.669373512268, 8822.101015090942, 8936.68635058403, 9051.367778301239], "timesteps_eval": [8805, 17638, 26471, 35304, 44137, 52970, 61803, 70636, 79469, 88302, 97135, 105968, 114801, 123634, 132467, 141300, 150133, 158966, 167799, 176632, 185465, 194298, 203131, 211964, 220797, 229630, 238463, 247296, 256129, 264962, 273795, 282628, 291461, 300294, 309127, 317960, 326793, 335626, 344459, 353292, 362125, 370958, 379791, 388624, 397457, 406290, 415123, 423956, 432789, 441622, 450455, 459288, 468121, 476954, 485787, 494620, 503453, 512286, 521119, 529952, 538785, 547618, 556451, 565284, 574117, 582950, 591783, 600616, 609449, 618282, 627115, 635948, 644781, 653614, 662447, 671280, 680113, 688946, 697779, 706612, 715445, 724278, 733111, 741944, 750777, 759610, 768443, 777276, 786109, 795823, 804656, 814810, 823643, 834673, 847036, 856306, 868219, 879035, 885569, 894557],