{"gamma": [0.95, 0.95, 0.99], "learning_rate": [-5, -4, -5], "returns_eval": [0.0, 4.6, 15.2, 31.5, 31.5, 31.5, 31.5, 31.5, 31.5, 31.5, 31.5, 31.5, 31.5, 31.5, 31.5, 31.5, 31.5, 31.5, 31.5, 31.5, 31.5, 31.5, 31.5, 31.5, 31.5, 31.5, 31.5, 31.5, 31.5, 31.5, 36.4, 41.9, 54.2, 53.4, 47.3, 60.1, 47.5, 76.6, 62.5, 65.4, 96.7, 88.7, 102.3, 97.9, 115.5, 118.3, 112.7, 136.0, 140.0, 134.0, 148.4, 179.6, 177.5, 198.8, 242.6, 253.0, 268.7, 270.8, 249.3, 291.1, 285.2, 313.1, 291.3, 278.0, 256.8, 272.9, 280.0, 289.2, 278.1, 286.4, 334.1, 346.2, 346.0, 312.6, 351.0, 348.7, 339.4, 319.3, 350.4, 335.8, 349.3, 317.5, 358.9, 356.2, 308.3, 300.6, 283.7, 283.8, 307.6, 318.4, 314.4, 354.9, 268.2, 310.8, 342.1, 356.1, 389.7, 367.4, 359.4, 391.0], "std_returns_eval": [0.0, 4.1521078984053394, 5.670978751503131, 23.64000846023537, 23.64000846023537, 23.64000846023537, 23.64000846023537, 23.64000846023537, 23.64000846023537, 23.64000846023537, 23.64000846023537, 23.64000846023537, 23.64000846023537, 23.64000846023537, 23.64000846023537, 23.64000846023537, 23.64000846023537, 23.64000846023537, 23.64000846023537, 23.64000846023537, 23.64000846023537, 23.64000846023537, 23.64000846023537, 23.64000846023537, 23.64000846023537, 23.64000846023537, 23.64000846023537, 23.64000846023537, 23.64000846023537, 23.64000846023537, 22.019082633025384, 21.5566695015719, 14.281456508353761, 20.22473732833136, 22.199324314041636, 17.461099621730586, 10.0024996875781, 19.54584354792599, 24.7759964481754, 23.946607275353223, 20.37670238286853, 22.4278844298788, 11.541663658242687, 18.689301752607026, 14.609928131240071, 15.453478572800362, 13.168523075880605, 24.835458522040618, 19.580602646496864, 24.560130292814, 14.472042012100435, 58.37842067065535, 41.18798368456509, 74.45911629881192, 103.76145719871131, 97.92037581627227, 102.8922251678911, 86.04975305019765, 84.71723555451983, 85.92374526287828, 105.10071360366685, 88.725926312437, 111.44958501492951, 90.33936019255394, 95.54349794727008, 87.90045506139317, 95.25859541269755, 86.08693280632085, 97.04890519732821, 111.69977618598884, 77.17570861352682, 56.14231915409266, 56.47831442244006, 92.81831715776795, 85.91623827891908, 79.14044478015019, 76.82733888401967, 94.28048578576588, 83.02915150716645, 77.12690840426575, 80.56308087455444, 90.25657870759339, 85.42300626880325, 71.84678141712403, 79.29949558477658, 90.38274171544033, 111.34545343210023, 104.48138590198735, 101.11696197967976, 98.05529052529496, 83.00746954340917, 62.247007960222476, 104.05556208103438, 102.55613097226319, 84.02672194010665, 66.35126223366063, 26.069330639661615, 66.17129286934023, 57.5711733422205, 28.660076761934885], "timestamps_eval": [88.3998167514801, 173.989324092865, 259.6737689971924, 345.3301491737366, 431.17388701438904, 516.9621760845184, 602.6322927474976, 688.3616831302643, 774.1612408161163, 860.2106831073761, 945.9376027584076, 1031.5369341373444, 1117.3551051616669, 1202.9799497127533, 1288.6318876743317, 1374.3601288795471, 1460.0084476470947, 1545.6461389064789, 1631.3820371627808, 1717.0056834220886, 1802.7831237316132, 1888.4635965824127, 1974.1825485229492, 2059.9880800247192, 2145.6474952697754, 2231.6256155967712, 2317.3472661972046, 2403.023839235306, 2488.952426671982, 2574.5265877246857, 2660.6078238487244, 2746.377687931061, 2832.035496234894, 2917.8721511363983, 3003.5224492549896, 3089.1078164577484, 3174.691376209259, 3260.3067893981934, 3346.1207735538483, 3431.723165035248, 3517.429485797882, 3602.9799032211304, 3689.6560027599335, 3775.2842659950256, 3860.9746384620667, 3946.720595598221, 4032.503319978714, 4118.2740268707275, 4204.153128385544, 4290.0856692790985, 4376.184668302536, 4475.889205217361, 4576.1834807395935, 4676.181887626648, 4790.26207280159, 4890.35867357254, 5004.158802270889, 5118.262945175171, 5218.193261146545, 5332.7092270851135, 5446.898522853851, 5560.970002412796, 5675.072331905365, 5789.164653539658, 5903.327399015427, 6017.374596834183, 6131.576408624649, 6246.123069047928, 6359.867173433304, 6473.635958433151, 6587.499316930771, 6701.4014394283295, 6815.489673137665, 6929.218624353409, 7043.343942403793, 7157.619712352753, 7271.869272470474, 7385.608068943024, 7499.4820125103, 7613.703669309616, 7727.578812599182, 7841.3997049331665, 7955.279099225998, 8069.251308441162, 8183.041720867157, 8296.98737502098, 8410.596601247787, 8524.220695018768, 8638.480037927628, 8752.181252241135, 8866.22664809227, 8980.654601812363, 9094.57157421112, 9208.866030454636, 9323.524763822556, 9437.90180182457, 9551.934785842896, 9666.020452260971, 9780.193086385727, 9894.169475078583], "timesteps_eval": [8805, 17638, 26471, 35304, 44137, 52970, 61803, 70636, 79469, 88302, 97135, 105968, 114801, 123634, 132467, 141300, 150133, 158966, 167799, 176632, 185465, 194298, 203131, 211964, 220797, 229630, 238463, 247296, 256129, 264962, 273795, 282628, 291461, 300294, 309127, 317960, 326793, 335626, 344459, 353292, 362125, 370958, 379791, 388624, 397457, 406290, 415123, 423956, 432789, 441622, 450455, 459288, 468121, 476954, 485787, 494620, 503453, 512286, 521561, 531717, 542311, 551353, 560774, 570624, 580052, 587055, 595956, 606256, 617000, 625171, 635841, 645195, 654905, 664617, 674771, 685801, 696164, 705589, 715010, 726483, 735094, 746270, 756785, 766057, 776214, 787685, 797835, 806874, 817406, 827119, 836828, 846542, 858018, 867506, 875387, 887161, 895772, 906664, 920643, 930578],