{"gamma": [0.95, 0.95, 0.98], "learning_rate": [-5, -3, -5], "returns_eval": [0.0, 0.0, 1.3, 2.6, 0.0, 1.1, 17.4, 15.2, 17.9, 18.5, 21.1, 22.9, 30.5, 30.5, 30.5, 30.5, 30.5, 30.5, 30.5, 30.5, 30.5, 30.5, 30.5, 30.5, 31.0, 28.0, 29.7, 44.4, 42.5, 57.4, 64.8, 64.8, 79.3, 80.2, 78.0, 79.4, 87.0, 76.3, 107.3, 92.9, 100.4, 107.3, 113.0, 106.6, 113.6, 114.0, 104.3, 104.6, 110.2, 104.3, 98.9, 95.9, 98.8, 77.6, 58.3, 76.5, 57.4, 81.7, 62.7, 57.9, 57.3, 68.3, 75.2, 86.1, 93.7, 93.0, 85.7, 101.5, 111.0, 119.5, 115.3, 104.5, 117.6, 115.1, 120.8, 118.8, 120.0, 122.6, 127.1, 119.9, 136.8, 125.7, 122.6, 122.6, 131.3, 131.0, 123.9, 130.1, 137.3, 127.1, 132.7, 121.7, 122.7, 137.2, 141.5, 133.2, 145.4, 140.7, 142.0, 146.6], "std_returns_eval": [0.0, 0.0, 2.9681644159311658, 3.0397368307141326, 0.0, 2.662705391138869, 15.239422561238992, 9.042123644365853, 7.462573282722254, 10.818964830333815, 11.57972365818805, 10.044401425669925, 23.55525419094432, 23.55525419094432, 23.55525419094432, 23.55525419094432, 23.55525419094432, 23.55525419094432, 23.55525419094432, 23.55525419094432, 23.55525419094432, 23.55525419094432, 23.55525419094432, 23.55525419094432, 23.25510696599781, 14.89966442575134, 15.046926596484745, 24.401639289195305, 19.60229578391266, 21.331666601557412, 27.694042680692178, 29.29778148597603, 29.52981544134673, 27.2609610982445, 28.121166405396487, 31.292810675936416, 24.112237556892143, 22.5257630281418, 20.435508312738396, 21.88812463414808, 11.706408501329518, 16.068914089010494, 15.811388300841896, 17.408044117591157, 16.273905493150686, 12.617448236470002, 22.873784120691532, 24.389341934541818, 11.7285975291166, 17.012054549642144, 18.21235844145398, 15.833192981834081, 19.49256268426499, 26.32565288839006, 16.894081803992783, 16.51211676315305, 16.206171663906314, 22.392186137132747, 22.969762732775454, 19.66443490161871, 20.876062847194152, 15.906288064787457, 25.623426780975255, 28.28939730711844, 14.539944979263161, 23.634720222587784, 26.5971803016786, 20.026232796010337, 16.437761404765553, 9.902019995940222, 11.126994203287786, 22.055611530855362, 15.519020587653076, 20.26548790431654, 13.592645070036957, 14.864723340849638, 12.93058390019569, 16.33523798418621, 11.734138229968147, 12.7, 17.376996288196647, 16.565325230734228, 16.267759526130202, 18.995789007040482, 13.76263056250512, 17.793257149830662, 20.55942606202809, 16.250846131817262, 15.874822833657074, 13.307516672918354, 10.742904635153382, 13.319534526401439, 13.835100288758301, 23.659247663440187, 13.588598161694238, 11.805083650698965, 16.18764961320821, 20.169531476958014, 17.49857137025763, 24.605690398767518], "timestamps_eval": [89.96381664276123, 177.84033226966858, 265.86517810821533, 353.8105957508087, 441.8098495006561, 529.9284539222717, 617.9102697372437, 705.9700622558594, 794.163866519928, 882.2760536670685, 970.6869330406189, 1059.4582960605621, 1147.5980315208435, 1235.691661119461, 1323.682834148407, 1411.9679067134857, 1500.6598119735718, 1588.7412278652191, 1676.733341217041, 1764.664823770523, 1852.6310713291168, 1940.6360139846802, 2028.9785051345825, 2116.983764410019, 2205.0003521442413, 2292.928102493286, 2380.805857181549, 2469.9163382053375, 2557.833862543106, 2645.8655416965485, 2733.846626996994, 2822.259124517441, 2910.474725008011, 2998.4261572360992, 3086.6073677539825, 3174.795464038849, 3263.0445034503937, 3351.240020751953, 3439.187346935272, 3527.1687552928925, 3615.2996821403503, 3703.3881363868713, 3791.4127860069275, 3879.7051174640656, 3967.888947725296, 4056.0107114315033, 4143.936779022217, 4232.955118179321, 4321.109858036041, 4409.105518341064, 4498.250310897827, 4586.272478103638, 4674.435893058777, 4762.356859445572, 4850.436782836914, 4938.486413478851, 5026.486827611923, 5114.478149652481, 5202.348355293274, 5290.432751655579, 5378.46239733696, 5466.439154624939, 5554.381567239761, 5642.657772541046, 5730.860428094864, 5819.177905797958, 5907.110079526901, 5995.202315092087, 6083.796967983246, 6172.041419029236, 6260.379100799561, 6348.713591575623, 6437.238875865936, 6525.536103248596, 6613.818786859512, 6702.085910558701, 6790.661720991135, 6878.904977798462, 6967.186020612717, 7055.609363555908, 7144.170373439789, 7233.221385240555, 7321.5175569057465, 7409.961505889893, 7498.513913154602, 7586.8698172569275, 7675.096797704697, 7763.690310716629, 7852.379325866699, 7940.67387676239, 8028.96778011322, 8117.949586868286, 8206.369092702866, 8294.804974079132, 8383.359384298325, 8471.983212471008, 8560.703165054321, 8649.06909608841, 8737.603003025055, 8826.261634349823], "timesteps_eval": [8804, 17635, 26466, 35297, 44128, 52959, 61790, 70621, 79452, 88283, 97114, 105945, 114776, 123607, 132438, 141269, 150100, 158931, 167762, 176593, 185424, 194255, 203086, 211917, 220748, 229579, 238410, 247241, 256072, 264903, 273734, 282565, 291396, 300227, 309058, 317889, 326720, 335551, 344382, 353213, 362044, 370875, 379706, 388537, 397368, 406199, 415030, 423861, 432692, 441523, 450354, 459185, 468016, 476847, 485678, 494509, 503340, 512171, 521002, 529833, 538664, 547495, 556326, 565157, 573988, 582819, 591650, 600481, 609312, 618143, 626974, 635805, 644636, 653467, 662298, 671129, 679960, 688791, 697622, 706453, 715284, 724115, 732946, 741777, 750608, 759439, 768270, 777101, 785932, 794763, 803594, 812425, 821256, 830087, 838918, 847749, 856580, 865411, 874242, 883073],