{"gamma": [0.99, 0.98, 0.98], "learning_rate": [-3, -4, -5], "returns_eval": [0.1, 0.4, 0.1, 0.0, 0.0, 0.0, 0.3, 0.1, 0.1, 0.2, 0.8, 0.2, 1.3, 0.6, 1.2, 3.3, 0.1, 0.5, 1.4, 1.0, 2.7, 2.9, 2.3, 2.4, 2.0, 2.6, 2.0, 2.8, 6.8, 4.4, 4.8, 5.7, 8.0, 10.4, 9.1, 10.6, 14.3, 13.8, 17.9, 20.0, 14.6, 19.4, 16.3, 25.2, 26.8, 20.2, 25.7, 25.4, 24.1, 25.4, 29.6, 25.9, 27.2, 27.3, 31.3, 25.9, 29.1, 30.2, 26.0, 32.4, 36.1, 27.7, 33.4, 30.7, 37.3, 39.1, 42.3, 34.2, 33.5, 44.2, 38.5, 33.0, 37.1, 35.9, 42.5, 40.5, 39.8, 39.2, 50.6, 41.1, 46.4, 40.2, 46.1, 44.6, 46.7, 48.1, 42.0, 43.0, 53.8, 49.8, 52.7, 50.6, 48.4, 53.5, 48.2, 59.6, 49.8, 49.2, 56.1, 56.1], "std_returns_eval": [0.30000000000000004, 1.2000000000000002, 0.30000000000000004, 0.0, 0.0, 0.0, 0.9000000000000001, 0.30000000000000004, 0.30000000000000004, 0.4000000000000001, 1.077032961426901, 0.4000000000000001, 3.257299494980466, 1.0198039027185568, 1.5999999999999999, 6.649060083951715, 0.30000000000000004, 0.806225774829855, 1.9595917942265424, 1.5491933384829668, 2.9342801502242417, 2.9137604568666933, 2.193171219946131, 2.244994432064365, 1.5491933384829668, 2.154065922853802, 2.0, 2.08806130178211, 4.578209256903839, 4.24735211631906, 3.1240998703626617, 4.473253849269008, 7.469939758793239, 7.2, 6.090155991434045, 4.923413450036469, 6.245798587850877, 8.121576201698781, 7.8287930104199335, 6.587867636800241, 8.499411744350311, 11.244554237496477, 10.49809506529637, 6.257795138864806, 6.896375859826668, 8.634813257969162, 7.197916365171244, 7.323933369440223, 8.005623023850173, 4.608687448721165, 12.563439019631527, 9.751410154434076, 8.692525524840292, 6.558200972827838, 3.8223029707232783, 8.104936767180853, 13.59742622704753, 14.126570709128242, 11.198214143335536, 8.368990381163071, 14.088647912415158, 14.953594885511643, 11.901260437449473, 10.488565202161828, 12.814444974324873, 13.780058055030104, 12.946428078817725, 6.04648658313239, 12.443873994861889, 14.105318146004363, 11.681181447096865, 11.322543883774529, 16.464810961562847, 8.870738413458037, 15.60929210438449, 10.947602477255009, 10.84250893474384, 12.432216214336043, 11.253443917308159, 9.449338601193208, 15.344054223053305, 10.342146779078316, 12.226610323388899, 13.200000000000001, 13.259336333316234, 15.776247969653623, 17.894133116750865, 10.667708282475669, 16.75589448522519, 19.4, 6.277738446287803, 9.123595782365635, 11.757550765359253, 13.894243412291294, 13.280060240827222, 18.61289875328397, 16.69011683602005, 6.734983296193095, 18.113254815189897, 12.0867696263311], "timestamps_eval": [88.52925658226013, 175.46859741210938, 262.38553953170776, 349.352826833725, 436.1850073337555, 523.1412234306335, 610.2147078514099, 697.4960668087006, 784.9723870754242, 872.159460067749, 959.5686039924622, 1046.8501570224762, 1134.2709228992462, 1221.5484285354614, 1308.8449964523315, 1396.2620289325714, 1483.6963829994202, 1571.160994052887, 1658.7736811637878, 1746.2315344810486, 1833.652007818222, 1920.9486224651337, 2008.3079788684845, 2095.626715898514, 2183.0212631225586, 2270.28742146492, 2357.5697906017303, 2444.904284954071, 2532.4150445461273, 2619.768098115921, 2707.242132663727, 2794.5846831798553, 2881.902243614197, 2969.3290305137634, 3056.751233100891, 3144.2266902923584, 3231.458171606064, 3318.690419435501, 3405.9105603694916, 3493.246558189392, 3580.546638250351, 3667.864355325699, 3755.220700740814, 3842.5751061439514, 3930.1214501857758, 4017.5638699531555, 4104.861428976059, 4192.161317825317, 4279.547404766083, 4367.079846382141, 4454.457409143448, 4541.905066251755, 4629.369094848633, 4716.747665882111, 4804.284034729004, 4891.639025688171, 4979.085003376007, 5066.496380329132, 5154.095759630203, 5241.561532497406, 5328.915744543076, 5416.190045595169, 5503.4979202747345, 5590.908667802811, 5678.405007600784, 5766.029063940048, 5853.938814640045, 5941.3370995521545, 6028.900604248047, 6116.350136995316, 6203.85536813736, 6291.515709877014, 6379.326407670975, 6466.660407543182, 6554.652255058289, 6641.999709367752, 6729.822825431824, 6817.164658784866, 6905.11283493042, 6992.53449177742, 7080.0645451545715, 7167.729908704758, 7255.484053850174, 7342.887192964554, 7430.386670827866, 7517.7136306762695, 7605.225037813187, 7692.700292825699, 7780.340495824814, 7867.869721889496, 7955.529588699341, 8043.22463965416, 8130.897238492966, 8218.473363399506, 8306.006883382797, 8393.795212507248, 8481.39375782013, 8569.305571079254, 8656.765689373016, 8744.198366165161], "timesteps_eval": [8808, 17642, 26476, 35310, 44144, 52978, 61812, 70646, 79480, 88314, 97148, 105982, 114816, 123650, 132484, 141318, 150152, 158986, 167820, 176654, 185488, 194322, 203156, 211990, 220824, 229658, 238492, 247326, 256160, 264994, 273828, 282662, 291496, 300330, 309164, 317998, 326832, 335666, 344500, 353334, 362168, 371002, 379836, 388670, 397504, 406338, 415172, 424006, 432840, 441674, 450508, 459342, 468176, 477010, 485844, 494678, 503512, 512346, 521180, 530014, 538848, 547682, 556516, 565350, 574184, 583018, 591852, 600686, 609520, 618354, 627188, 636022, 644856, 653690, 662524, 671358, 680192, 689026, 697860, 706694, 715528, 724362, 733196, 742030, 750864, 759698, 768532, 777366, 786200, 795034, 803868, 812702, 821536, 830370, 839204, 848038, 856872, 865706, 874540, 883374],