{"gamma": 0.95, "learning_rate": -3, "clip": 0.3, "returns_eval": [0.0, 0.2, 0.6, 0.3, 0.4, 0.5, 2.9, 9.4, 14.8, 11.8, 16.3, 35.4, 38.4, 37.3, 56.3, 37.9, 44.4, 40.7, 32.9, 35.4, 44.8, 33.5, 29.6, 38.4, 31.6, 19.1, 27.4, 25.4, 34.9, 29.0, 24.2, 30.7, 25.0, 27.9, 25.3, 20.7, 24.6, 20.5, 23.4, 28.5, 30.5, 33.7, 34.9, 36.8, 26.8, 22.9, 25.9, 17.6, 17.7, 20.9, 18.5, 18.5, 17.0, 21.9, 22.7, 19.2, 23.4, 14.4, 10.0, 13.3, 12.9, 10.7, 16.1, 16.2, 10.8, 7.7, 10.1, 11.0, 8.8, 7.5, 6.4, 7.4, 5.7, 4.3, 5.5, 7.4, 7.6, 5.8, 5.2, 5.2, 5.0, 6.4, 9.0, 6.4, 15.5, 12.7, 16.0, 21.9, 22.1, 27.5, 20.3, 21.8, 10.9, 9.9, 8.6, 2.4, 5.6, 0.5, 7.7, 4.8], "std_returns_eval": [0.0, 0.6000000000000001, 1.8000000000000003, 0.6403124237432849, 0.9165151389911681, 0.9219544457292888, 3.207802986469088, 6.053098380168623, 13.362634470792054, 8.255906976220118, 9.654532614269838, 12.084701072016635, 17.709884245810304, 15.42757271899893, 22.698237817064125, 13.88128236151113, 20.035967658189108, 16.953170794869024, 20.062153423797756, 24.30720057925223, 19.15097908724251, 15.40941270782245, 10.423051376636307, 13.02459212413195, 14.305243793798134, 7.244998274671983, 12.908911650483942, 15.18025032731674, 13.736447866897759, 6.0, 12.456323695216016, 10.479026672358458, 15.093044755780724, 11.139569111954017, 14.920120642943877, 10.640018796975877, 13.908270920570969, 6.407027391856539, 11.074294559925702, 14.520674915443841, 11.83427226321923, 12.174152947946727, 9.31074647920348, 16.581917862539303, 9.086253353280437, 12.949517365523706, 11.953660527219267, 9.478396488858229, 9.950376877284599, 16.25084613181726, 8.58195781858662, 10.327148686835104, 8.438009243891594, 8.21522975941635, 5.273518749374084, 8.8068155425216, 7.116178749862878, 10.229369482035539, 8.921883209278185, 5.64003546088143, 10.054352291420866, 8.136952746575341, 13.88128236151113, 7.846018098373213, 8.280096617793781, 4.124318125460256, 4.437341546466758, 7.848566748139434, 4.874423042781576, 4.631414470763764, 2.8354893757515653, 2.90516780926679, 5.158488150611572, 4.026164427839479, 3.9812058474788765, 3.411744421846396, 4.317406628984581, 2.8213471959331766, 2.6, 2.9257477676655586, 1.4832396974191326, 2.4576411454889016, 3.847076812334269, 2.90516780926679, 13.275918047351754, 2.72213151776324, 8.809086218218097, 8.275868534480233, 7.395268757793729, 11.360017605620161, 9.849365461794989, 9.713907555664713, 9.65867485734974, 10.054352291420866, 7.876547467006087, 2.90516780926679, 10.05186549850325, 0.6708203932499369, 9.055937278934744, 9.651942809610922], "timestamps_eval": [87.8492021560669, 173.5112156867981, 259.9583261013031, 345.59509444236755, 431.2900674343109, 516.7700464725494, 602.5598847866058, 688.6267161369324, 774.6090316772461, 860.8335185050964, 946.8614377975464, 1032.7158677577972, 1118.6827206611633, 1204.7855443954468, 1290.8599781990051, 1377.1068148612976, 1463.121280670166, 1549.2089259624481, 1635.439590215683, 1721.4351465702057, 1808.100138425827, 1894.1528949737549, 1980.331856250763, 2066.4058079719543, 2152.5907957553864, 2238.678782224655, 2324.447027206421, 2410.423970222473, 2496.4005887508392, 2582.6524860858917, 2668.606565475464, 2754.674260854721, 2840.654121875763, 2926.5693356990814, 3012.6528301239014, 3099.6375410556793, 3185.637406349182, 3272.0085830688477, 3358.2361030578613, 3444.2598345279694, 3530.327799320221, 3616.399946451187, 3702.3430342674255, 3789.2018303871155, 3875.4589080810547, 3961.559330224991, 4047.6218781471252, 4133.839863061905, 4220.073485136032, 4306.168768644333, 4392.625946998596, 4478.751813650131, 4565.026595830917, 4651.314902067184, 4737.592066526413, 4823.527751684189, 4909.639133453369, 4995.857573032379, 5082.279411077499, 5168.2788372039795, 5254.3207654953, 5340.385031700134, 5426.361260890961, 5512.6551876068115, 5598.888142347336, 5685.1155297756195, 5771.009101390839, 5857.170350313187, 5943.417236328125, 6029.4515862464905, 6115.45321893692, 6202.129518032074, 6288.040701389313, 6373.948147535324, 6460.009210109711, 6545.983803987503, 6632.619537353516, 6718.450292110443, 6804.105321884155, 6889.84456038475, 6975.700292825699, 7061.513113975525, 7147.534464597702, 7233.453440666199, 7319.325350761414, 7405.12543964386, 7490.854140043259, 7576.59814620018, 7662.538025140762, 7748.680958271027, 7834.526511669159, 7920.416040658951, 8006.190678834915, 8091.980302333832, 8177.800928354263, 8263.662045240402, 8349.65435886383, 8435.862315654755, 8521.558180570602, 8607.34170126915], "timesteps_eval": [8802, 17640, 26478, 35316, 44154, 52992, 61830, 70668, 79506, 88344, 97182, 106020, 114858, 123696, 132534, 141372, 150210, 159048, 167886, 176724, 185562, 194400, 203238, 212076, 220914, 229752, 238590, 247428, 256266, 265104, 273942, 282780, 291618, 300456, 309294, 318132, 326970, 335808, 344646, 353484, 362322, 371160, 379998, 388836, 397674, 406512, 415350, 424188, 433026, 441864, 450702, 459540, 468378, 477216, 486054, 494892, 503730, 512568, 521406, 530244, 539082, 547920, 556758, 565596, 574434, 583272, 592110, 600948, 609786, 618624, 627462, 636300, 645138, 653976, 662814, 671652, 680490, 689328, 698166, 707004, 715842, 724680, 733518, 742356, 751194, 760032, 768870, 777708, 786546, 795384, 804222, 813060, 821898, 830736, 839574, 848412, 857250, 866088, 874926, 883764],