{"gamma": [0.99, 0.95, 0.99], "learning_rate": [-4, -3, -3], "returns_eval": [0.0, 0.0, 0.3, 0.2, 1.2, 0.0, 0.2, 0.1, 1.1, 0.7, 2.0, 1.1, 7.2, 12.1, 15.9, 21.0, 21.6, 22.2, 44.7, 54.6, 70.9, 50.3, 62.2, 83.9, 71.7, 102.2, 74.4, 101.1, 103.1, 102.4, 91.5, 81.5, 82.1, 97.6, 101.9, 89.9, 76.7, 95.9, 100.3, 100.8, 94.8, 90.3, 94.7, 100.5, 91.3, 102.6, 107.2, 101.9, 83.4, 95.7, 79.8, 83.7, 78.0, 75.9, 73.3, 63.0, 62.8, 54.2, 43.0, 45.0, 38.8, 31.2, 21.3, 2.7, 3.2, 0.2, 0.0, 0.5, 0.0, 0.0, 0.0, 0.0, 0.0, 0.7, 0.1, 1.5, 3.7, 5.6, 0.5, 1.8, 2.9, 3.4, 1.9, 0.9, 3.5, 1.9, 3.0, 3.2, 3.7, 3.0, 3.6, 3.3, 3.5, 3.6, 5.0, 2.0, 1.3, 2.9, 2.1, 2.9], "std_returns_eval": [0.0, 0.0, 0.9000000000000001, 0.6000000000000001, 2.9933259094191533, 0.0, 0.4000000000000001, 0.30000000000000004, 2.1656407827707715, 0.9, 1.7888543819998317, 1.7578395831246947, 6.569627082262737, 13.25481044753187, 9.038252043398657, 12.946041866145807, 15.094369811290566, 14.606847709208171, 12.296747537458838, 16.044936896105263, 28.598776197592795, 10.991360243391169, 18.08203528367313, 18.05242365999646, 22.325097984107483, 14.386104406683554, 22.913751329714653, 11.273420066687837, 9.974467404327912, 16.007498243010993, 25.780806814372585, 25.235887145095575, 21.846967752985766, 19.85044080115099, 15.122499793354272, 17.68304272459918, 25.581438583472977, 11.166467659918244, 19.743606560099398, 19.963967541548445, 18.556939402821794, 14.866405079910878, 17.618456232031228, 19.825488644671537, 11.419719786404569, 15.755633912984905, 21.282856951076845, 10.994998863119541, 22.830681111171433, 26.119150062741323, 18.529975715040752, 14.946906034360422, 20.966640169564602, 16.6520269036535, 22.401116043626043, 15.811388300841896, 12.56821387469198, 11.356055653262713, 10.816653826391969, 12.790621564255586, 12.63962024745997, 8.588364221433556, 11.506954418958998, 2.7586228448267445, 3.249615361854384, 0.4000000000000001, 0.0, 1.5, 0.0, 0.0, 0.0, 0.0, 0.0, 2.0999999999999996, 0.30000000000000004, 2.1563858652847827, 3.925557285278104, 5.817215828899596, 1.02469507659596, 2.4000000000000004, 3.1128764832546763, 3.49857113690718, 2.1656407827707715, 1.445683229480096, 3.0413812651491097, 1.7578395831246945, 3.255764119219941, 3.7894590642992836, 2.8301943396169813, 2.3664319132398464, 2.009975124224178, 2.4919871588754225, 1.118033988749895, 2.3323807579381204, 2.4899799195977463, 2.3664319132398464, 1.5524174696260025, 2.7, 3.144837038703278, 3.269556544854363], "timestamps_eval": [89.40905952453613, 177.14599752426147, 265.0048859119415, 352.9472689628601, 440.7104334831238, 528.8251259326935, 616.9124629497528, 705.0635378360748, 793.1960823535919, 881.4017100334167, 969.6230511665344, 1057.897028207779, 1146.1965322494507, 1234.4803607463837, 1322.6900684833527, 1410.9658484458923, 1499.2231528759003, 1587.7266776561737, 1675.2852280139923, 1763.0597097873688, 1850.8657839298248, 1938.6159052848816, 2026.272742509842, 2114.0894861221313, 2202.798495531082, 2291.12083029747, 2379.4221189022064, 2467.7798385620117, 2556.186272621155, 2644.5710468292236, 2732.562065601349, 2820.513619661331, 2908.3495657444, 2996.3796536922455, 3084.2323207855225, 3172.166226387024, 3260.0914838314056, 3348.0238873958588, 3435.9542198181152, 3523.8783960342407, 3611.8521387577057, 3699.720904111862, 3787.51788187027, 3875.370940923691, 3963.6322457790375, 4051.8685553073883, 4140.227174758911, 4228.626306295395, 4316.965775966644, 4405.143459558487, 4494.049692869186, 4582.3328692913055, 4670.66347360611, 4758.99575138092, 4847.4437375068665, 4935.862558364868, 5024.2667808532715, 5112.671105384827, 5201.094566583633, 5289.431739807129, 5377.70184469223, 5465.984989643097, 5554.050879716873, 5642.16673374176, 5730.541209697723, 5819.027349233627, 5907.184494495392, 5995.4624989032745, 6083.8398060798645, 6171.914711475372, 6260.1126589775085, 6351.298211812973, 6439.211201429367, 6527.328590631485, 6615.50923538208, 6703.533133983612, 6791.656240940094, 6879.973845481873, 6968.130596876144, 7056.1909263134, 7143.993535757065, 7232.3657648563385, 7320.372872829437, 7408.16578912735, 7495.921155929565, 7584.242765188217, 7672.259206771851, 7760.155366659164, 7847.989229440689, 7936.200795412064, 8024.225184440613, 8112.060365438461, 8199.884375572205, 8287.961638212204, 8375.973932743073, 8464.21455693245, 8552.084380149841, 8640.200124263763, 8728.452318429947, 8816.735355377197], "timesteps_eval": [8808, 17642, 26476, 35310, 44144, 52978, 61812, 70646, 79480, 88314, 97148, 105982, 114816, 123650, 132484, 141318, 150152, 158986, 167820, 176654, 185488, 194322, 203156, 211990, 220824, 229658, 238492, 247326, 256160, 264994, 273828, 282662, 291496, 300330, 309164, 317998, 326832, 335666, 344500, 353334, 362168, 371002, 379836, 388670, 397504, 406338, 415172, 424006, 432840, 441674, 450508, 459342, 468176, 477010, 485844, 494678, 503512, 512346, 521180, 530014, 538848, 547682, 556516, 565350, 574184, 583018, 591852, 600686, 609520, 618354, 627188, 636022, 644856, 653690, 662524, 671358, 680192, 689026, 697860, 706694, 715528, 724362, 733196, 742030, 750864, 759698, 768532, 777366, 786200, 795034, 803868, 812702, 821536, 830370, 839204, 848038, 856872, 865706, 874540, 883374],