{"gamma": [0.98, 0.99, 0.98], "learning_rate": [-5, -4, -3], "returns_eval": [4.5, 6.8, 13.0, 6.1, 7.5, 12.2, 12.2, 12.2, 12.2, 13.5, 12.2, 19.6, 19.6, 15.2, 12.2, 19.6, 12.2, 12.2, 12.2, 12.2, 12.2, 12.2, 12.2, 15.6, 12.2, 12.2, 29.7, 13.3, 24.2, 14.5, 26.1, 22.7, 29.1, 36.2, 34.4, 53.4, 56.6, 52.6, 53.8, 53.9, 63.1, 68.4, 85.1, 103.4, 92.0, 93.5, 100.4, 98.2, 105.5, 111.3, 109.3, 121.0, 121.0, 114.7, 128.5, 126.9, 138.9, 140.6, 143.8, 147.6, 130.9, 143.8, 129.7, 123.1, 101.7, 130.1, 113.8, 114.2, 92.5, 103.6, 104.4, 103.4, 78.2, 66.3, 51.9, 60.7, 72.5, 59.7, 56.2, 46.2, 38.2, 44.3, 35.1, 40.2, 27.9, 35.9, 21.3, 13.8, 18.6, 16.3, 26.7, 13.1, 15.1, 12.2, 8.1, 4.6, 5.9, 6.9, 3.9, 7.2], "std_returns_eval": [4.031128874149275, 6.337191807101943, 10.648943609579309, 4.0853396431631, 5.6964901474504455, 7.56042326857432, 7.56042326857432, 7.56042326857432, 7.56042326857432, 7.283543093852058, 7.56042326857432, 9.8812954616285, 9.8812954616285, 9.785703858180055, 7.56042326857432, 9.8812954616285, 7.56042326857432, 7.56042326857432, 7.56042326857432, 7.56042326857432, 7.56042326857432, 7.56042326857432, 7.56042326857432, 10.910545357588685, 7.56042326857432, 7.56042326857432, 22.383252668010517, 9.466255859631094, 15.516442891333051, 7.710382610480495, 9.104394543296111, 10.517128885774863, 11.193301568348813, 21.678560837841612, 14.022838514366484, 30.30247514642987, 24.303086223770016, 18.216476058777122, 16.89852064531094, 19.856736892047493, 21.690781452036255, 24.458945193936717, 27.471621721332724, 17.10087717048456, 16.565023392678924, 24.005207768315607, 17.3216627377397, 18.845689162246096, 12.587692401707312, 13.914381049834734, 21.04780273567766, 11.8490505948789, 14.594519519326424, 32.21816257951406, 15.869782607206691, 11.193301568348813, 14.74754216810381, 14.430523206037957, 20.590288973202878, 22.34367919569201, 17.632073048850494, 44.16514462786237, 25.745096620521743, 19.62880536354671, 28.98982580147732, 21.63538767852335, 30.7336948641064, 28.645418481844523, 23.521266972678152, 21.63885394377438, 13.139254164525473, 20.524132137559437, 23.412817002659036, 22.71585349486125, 11.44945413545991, 25.56188568944005, 25.985572920372565, 25.826536740337446, 22.946895214821545, 14.790537515587458, 11.106754701531857, 13.168523075880605, 13.924438947404667, 19.05675733171832, 9.812746812182612, 20.037215375395853, 8.614522621712709, 9.558242516278817, 12.068139873236472, 13.357020625873123, 8.050465825031493, 5.337602458033007, 9.049309365912958, 3.627671429443411, 4.90815647672321, 2.154065922853802, 1.374772708486752, 4.2296571965113205, 2.662705391138869, 3.682390527904394], "timestamps_eval": [89.87584495544434, 177.27310037612915, 264.7500765323639, 352.26203322410583, 439.8679304122925, 527.3074765205383, 615.4835364818573, 702.9726283550262, 790.5186340808868, 878.0878260135651, 965.9800550937653, 1053.6101441383362, 1141.2992923259735, 1228.897142648697, 1316.5668714046478, 1404.8648476600647, 1492.6749308109283, 1580.2737574577332, 1668.1126110553741, 1755.8476674556732, 1843.855567932129, 1931.4494154453278, 2018.8512601852417, 2106.5853810310364, 2194.14217543602, 2281.715184688568, 2369.4138135910034, 2457.0342061519623, 2544.816229581833, 2633.3650376796722, 2720.8918590545654, 2808.594457626343, 2896.44801402092, 2983.9963417053223, 3071.4912877082825, 3159.0113508701324, 3246.6560831069946, 3334.575487613678, 3422.643936395645, 3510.459449529648, 3598.1501722335815, 3685.768389940262, 3773.4346582889557, 3861.0754356384277, 3948.8369994163513, 4036.6103732585907, 4124.46165394783, 4212.185791015625, 4299.811192989349, 4387.565858840942, 4475.375385284424, 4563.101394176483, 4650.923317193985, 4738.64554977417, 4826.399315834045, 4914.329426527023, 5001.932597875595, 5089.6499836444855, 5177.31626033783, 5264.956253051758, 5352.7075617313385, 5454.7497136592865, 5542.551106214523, 5630.207756280899, 5717.876359462738, 5805.604240655899, 5893.438762664795, 5981.083984375, 6068.779896497726, 6157.777751922607, 6245.493982791901, 6333.3253128528595, 6421.133404493332, 6508.926796197891, 6596.828342676163, 6684.4151129722595, 6772.080503940582, 6859.78292632103, 6947.970369100571, 7036.153154850006, 7124.136998176575, 7212.194679737091, 7300.191867589951, 7388.243811607361, 7476.312728404999, 7564.093084096909, 7651.700968503952, 7739.262095451355, 7826.848140239716, 7914.4400153160095, 8002.136944293976, 8090.02307510376, 8177.48036980629, 8265.241013765335, 8352.894791841507, 8440.826189517975, 8528.898057460785, 8617.066025972366, 8705.085188627243, 8793.030175924301], "timesteps_eval": [8805, 17638, 26471, 35304, 44137, 52970, 61803, 70636, 79469, 88302, 97135, 105968, 114801, 123634, 132467, 141300, 150133, 158966, 167799, 176632, 185465, 194298, 203131, 211964, 220797, 229630, 238463, 247296, 256129, 264962, 273795, 282628, 291461, 300294, 309127, 317960, 326793, 335626, 344459, 353292, 362125, 370958, 379791, 388624, 397457, 406290, 415123, 423956, 432789, 441622, 450455, 459288, 468121, 476954, 485787, 494620, 503453, 512286, 521119, 529952, 538785, 547618, 556451, 565284, 574117, 582950, 591783, 600616, 609449, 618282, 627115, 635948, 644781, 653614, 662447, 671280, 680113, 688946, 697779, 706612, 715445, 724278, 733111, 741944, 750777, 759610, 768443, 777276, 786109, 794942, 803775, 812608, 821441, 830274, 839107, 847940, 856773, 865606, 874439, 883272],