{"gamma": [0.95, 0.99, 0.98], "learning_rate": [-5, -5, -5], "returns_eval": [0.0, 0.0, 0.1, 0.0, 0.0, 0.1, 7.6, 0.8, 19.4, 3.5, 18.5, 27.3, 18.7, 18.7, 18.7, 18.7, 16.5, 14.2, 18.5, 22.8, 22.8, 22.8, 22.8, 22.8, 22.6, 32.7, 33.7, 37.2, 43.6, 65.1, 56.7, 51.8, 58.2, 55.8, 57.6, 63.0, 66.7, 63.9, 77.4, 86.4, 94.9, 79.2, 85.9, 100.5, 90.6, 97.1, 89.5, 94.5, 91.1, 89.8, 98.6, 95.6, 98.2, 96.4, 100.1, 106.7, 98.7, 96.4, 100.1, 97.9, 102.3, 87.6, 99.6, 94.5, 116.8, 105.7, 109.3, 114.0, 100.5, 93.3, 103.9, 107.3, 102.8, 111.8, 104.7, 117.1, 112.2, 107.4, 112.8, 123.5, 107.4, 113.6, 108.3, 112.2, 107.9, 116.3, 113.3, 108.0, 112.6, 116.9, 107.0, 117.5, 116.8, 113.7, 110.6, 120.8, 112.6, 112.4, 126.9, 122.7], "std_returns_eval": [0.0, 0.0, 0.30000000000000004, 0.0, 0.0, 0.30000000000000004, 8.924124606929242, 1.4000000000000001, 12.43543324536785, 3.930648801406709, 19.252272593125205, 21.559452683219952, 9.940321926376429, 9.940321926376429, 9.940321926376429, 9.940321926376429, 10.613670430157514, 7.4269778510508555, 9.82089608946149, 10.283968105745954, 10.283968105745954, 10.283968105745954, 10.283968105745954, 10.283968105745954, 10.121264743103996, 10.507616285342742, 21.06205118216172, 15.759441614473527, 12.86234815265082, 18.70534682918229, 21.954726142678258, 19.06724940834414, 20.133554082675023, 22.894540834006698, 17.88407112488653, 21.099763031844695, 20.678733036624852, 21.672332592501437, 24.270146270675834, 24.377038376308143, 25.575183283800722, 21.278157814998927, 23.80945190465333, 14.47929556297543, 18.995789007040482, 23.7, 25.104780421266383, 21.143556938225885, 26.155114222652518, 19.69162258423617, 15.081114017207085, 23.022597594537416, 21.525798475317938, 12.63487237766967, 11.22007130102122, 11.118003417880388, 19.411594473406865, 15.499677415998052, 22.602875923209417, 16.201543136380558, 19.844646633286267, 14.540976583434826, 12.53953747153379, 18.650737250843463, 23.314373249135393, 10.1, 26.97424697744128, 12.891857895586655, 17.625265955440216, 23.069677067527408, 10.004498987955369, 15.297385397511563, 10.409610943738484, 11.762652762026091, 21.8954333138214, 12.747156545677159, 14.715977711317723, 14.284257068535277, 14.309437445266672, 15.634896865665599, 16.243152403397563, 14.037093716293269, 9.930256794262673, 12.33531515608742, 17.276863141207087, 18.884120313109637, 11.162884931772789, 18.841443681416774, 15.291827882892221, 15.839507568103246, 8.23407554009556, 11.629703349613008, 9.94786409235671, 8.843641783790206, 15.64736399525492, 10.618851161966628, 11.680753400359071, 11.542963224406462, 20.309849827115908, 13.689777207829206], "timestamps_eval": [91.3818576335907, 179.30088686943054, 268.07610511779785, 356.19569396972656, 444.26149821281433, 532.0243120193481, 619.9278402328491, 708.1244380474091, 796.3035480976105, 884.2695257663727, 972.2618479728699, 1060.3494279384613, 1148.46346616745, 1236.4051275253296, 1324.3028240203857, 1412.342812538147, 1500.5279591083527, 1588.4473359584808, 1676.5792038440704, 1764.613038778305, 1852.5997622013092, 1940.584528207779, 2028.550311088562, 2116.5377900600433, 2204.484296798706, 2292.4142501354218, 2380.392879009247, 2468.2824943065643, 2556.1282811164856, 2643.9778850078583, 2731.868534564972, 2819.760468006134, 2907.63924241066, 2995.520848274231, 3084.2100069522858, 3172.285727262497, 3260.201082468033, 3348.774438381195, 3436.6430060863495, 3525.2591133117676, 3613.086189031601, 3701.6095495224, 3789.438957929611, 3877.9713718891144, 3965.813479423523, 4054.2724776268005, 4141.979062318802, 4230.465744018555, 4318.14955496788, 4406.566749334335, 4494.299734115601, 4582.133203983307, 4669.826079368591, 4757.475604057312, 4845.145206689835, 4932.812693119049, 5020.546569824219, 5108.280811786652, 5195.862866640091, 5283.499123573303, 5371.083224534988, 5458.751834154129, 5546.475498914719, 5634.122221231461, 5721.91871881485, 5809.65661907196, 5897.414689064026, 5985.228669881821, 6073.671612739563, 6161.46906876564, 6249.244157075882, 6336.916826725006, 6424.651105642319, 6512.337778568268, 6600.018879890442, 6687.815962791443, 6776.19485783577, 6863.990573644638, 6951.964485406876, 7039.777481555939, 7127.519005060196, 7215.214761734009, 7303.020654678345, 7390.805721521378, 7478.6045615673065, 7566.352031946182, 7654.1181428432465, 7741.780068397522, 7829.540907621384, 7917.252365350723, 8005.074632406235, 8092.786667346954, 8180.942020654678, 8268.750786781311, 8356.47375202179, 8444.957353115082, 8532.924803733826, 8620.681241989136, 8708.393155813217, 8796.177115917206], "timesteps_eval": [8808, 17642, 26476, 35310, 44144, 52978, 61812, 70646, 79480, 88314, 97148, 105982, 114816, 123650, 132484, 141318, 150152, 158986, 167820, 176654, 185488, 194322, 203156, 211990, 220824, 229658, 238492, 247326, 256160, 264994, 273828, 282662, 291496, 300330, 309164, 317998, 326832, 335666, 344500, 353334, 362168, 371002, 379836, 388670, 397504, 406338, 415172, 424006, 432840, 441674, 450508, 459342, 468176, 477010, 485844, 494678, 503512, 512346, 521180, 530014, 538848, 547682, 556516, 565350, 574184, 583018, 591852, 600686, 609520, 618354, 627188, 636022, 644856, 653690, 662524, 671358, 680192, 689026, 697860, 706694, 715528, 724362, 733196, 742030, 750864, 759698, 768532, 777366, 786200, 795034, 803868, 812702, 821536, 830370, 839204, 848038, 856872, 865706, 874540, 883374],