{"gamma": 0.99, "learning_rate": -5, "clip": 0.4, "returns_eval": [0.0, 0.6, 0.0, 0.0, 0.0, 0.0, 3.8, 0.0, 7.8, 6.2, 0.1, 6.1, 15.4, 18.7, 13.0, 13.0, 22.8, 25.0, 14.3, 13.0, 22.4, 22.8, 22.8, 22.8, 22.8, 22.8, 22.8, 22.8, 22.8, 22.8, 22.8, 22.8, 22.8, 22.8, 22.8, 22.8, 22.8, 22.8, 22.8, 22.8, 22.8, 22.8, 22.8, 22.8, 22.8, 22.8, 22.8, 22.8, 22.8, 22.8, 22.8, 22.8, 22.8, 22.8, 22.8, 22.8, 22.8, 22.8, 22.8, 22.8, 22.8, 22.8, 22.8, 22.8, 22.8, 22.8, 22.8, 22.8, 22.8, 22.8, 22.8, 22.8, 22.8, 22.8, 22.8, 22.8, 22.8, 22.8, 22.8, 22.8, 22.8, 22.8, 22.8, 22.8, 22.8, 22.8, 22.8, 22.8, 22.8, 22.8, 22.8, 22.8, 22.8, 22.8, 22.8, 22.8, 22.8, 22.8, 22.8, 22.8], "std_returns_eval": [0.0, 1.2, 0.0, 0.0, 0.0, 0.0, 2.891366458960192, 0.0, 4.791659420284375, 5.912698199637793, 0.30000000000000004, 6.315853069855251, 10.061808982484214, 9.940321926376429, 6.648308055437865, 6.648308055437865, 10.283968105745954, 9.20869154657707, 8.956003573022958, 6.648308055437865, 14.022838514366484, 10.283968105745954, 10.283968105745954, 10.283968105745954, 10.283968105745954, 10.283968105745954, 10.283968105745954, 10.283968105745954, 10.283968105745954, 10.283968105745954, 10.283968105745954, 10.283968105745954, 10.283968105745954, 10.283968105745954, 10.283968105745954, 10.283968105745954, 10.283968105745954, 10.283968105745954, 10.283968105745954, 10.283968105745954, 10.283968105745954, 10.283968105745954, 10.283968105745954, 10.283968105745954, 10.283968105745954, 10.283968105745954, 10.283968105745954, 10.283968105745954, 10.283968105745954, 10.283968105745954, 10.283968105745954, 10.283968105745954, 10.283968105745954, 10.283968105745954, 10.283968105745954, 10.283968105745954, 10.283968105745954, 10.283968105745954, 10.283968105745954, 10.283968105745954, 10.283968105745954, 10.283968105745954, 10.283968105745954, 10.283968105745954, 10.283968105745954, 10.283968105745954, 10.283968105745954, 10.283968105745954, 10.283968105745954, 10.283968105745954, 10.283968105745954, 10.283968105745954, 10.283968105745954, 10.283968105745954, 10.283968105745954, 10.283968105745954, 10.283968105745954, 10.283968105745954, 10.283968105745954, 10.283968105745954, 10.283968105745954, 10.283968105745954, 10.283968105745954, 10.283968105745954, 10.283968105745954, 10.283968105745954, 10.283968105745954, 10.283968105745954, 10.283968105745954, 10.283968105745954, 10.283968105745954, 10.283968105745954, 10.283968105745954, 10.283968105745954, 10.283968105745954, 10.283968105745954, 10.283968105745954, 10.283968105745954, 10.283968105745954, 10.283968105745954], "timestamps_eval": [87.47307252883911, 172.84582591056824, 257.9831552505493, 343.30689573287964, 428.7153251171112, 515.065066576004, 600.6798963546753, 686.2615971565247, 771.8673977851868, 857.4976286888123, 942.8771629333496, 1028.5039875507355, 1113.963088274002, 1199.7167193889618, 1285.1497776508331, 1370.7307283878326, 1456.2963109016418, 1541.9579169750214, 1627.3095381259918, 1712.6947615146637, 1798.2007608413696, 1883.737293958664, 1969.2989144325256, 2054.6931159496307, 2140.243536233902, 2225.8627626895905, 2311.310847043991, 2396.815984725952, 2482.116444826126, 2567.7967319488525, 2653.2420148849487, 2738.8530366420746, 2824.152185678482, 2909.6370775699615, 2995.1024672985077, 3080.688621044159, 3166.829749107361, 3252.2818303108215, 3338.052906036377, 3423.7905793190002, 3509.314294576645, 3594.7745974063873, 3680.193749666214, 3765.744753599167, 3851.3080570697784, 3936.5516214370728, 4021.8662252426147, 4107.152094125748, 4192.592560052872, 4277.97887969017, 4363.583665847778, 4449.055201053619, 4534.415167808533, 4619.873449087143, 4705.284720897675, 4790.8272449970245, 4876.290128707886, 4961.742229938507, 5047.26570224762, 5132.6715388298035, 5218.110121488571, 5303.599260807037, 5389.115620851517, 5474.683756351471, 5560.215135335922, 5645.568965435028, 5730.940649032593, 5817.184048175812, 5902.622040510178, 5988.149746417999, 6073.5396473407745, 6158.994054317474, 6244.296350479126, 6329.558962106705, 6415.030774116516, 6500.552830219269, 6586.130462884903, 6671.7975461483, 6757.149508714676, 6842.809080839157, 6928.346670627594, 7013.896342277527, 7099.4921679496765, 7185.104995250702, 7270.582738876343, 7356.145851135254, 7441.853417634964, 7527.578876018524, 7613.422434806824, 7699.07580780983, 7784.6829788684845, 7870.650572061539, 7956.398592948914, 8042.021550655365, 8127.541853189468, 8213.263355970383, 8298.732856035233, 8384.3117249012, 8469.895826816559, 8555.395751476288], "timesteps_eval": [8802, 17640, 26478, 35316, 44154, 52992, 61830, 70668, 79506, 88344, 97182, 106020, 114858, 123696, 132534, 141372, 150210, 159048, 167886, 176724, 185562, 194400, 203238, 212076, 220914, 229752, 238590, 247428, 256266, 265104, 273942, 282780, 291618, 300456, 309294, 318132, 326970, 335808, 344646, 353484, 362322, 371160, 379998, 388836, 397674, 406512, 415350, 424188, 433026, 441864, 450702, 459540, 468378, 477216, 486054, 494892, 503730, 512568, 521406, 530244, 539082, 547920, 556758, 565596, 574434, 583272, 592110, 600948, 609786, 618624, 627462, 636300, 645138, 653976, 662814, 671652, 680490, 689328, 698166, 707004, 715842, 724680, 733518, 742356, 751194, 760032, 768870, 777708, 786546, 795384, 804222, 813060, 821898, 830736, 839574, 848412, 857250, 866088, 874926, 883764],