{"gamma": [0.95, 0.99, 0.99], "learning_rate": [-5, -3, -4], "returns_eval": [0.0, 4.6, 15.2, 31.5, 31.5, 31.5, 31.5, 31.5, 31.5, 31.5, 31.5, 31.5, 31.5, 31.5, 31.5, 31.5, 31.5, 31.5, 31.5, 31.5, 31.5, 31.5, 31.5, 31.5, 31.5, 31.5, 31.5, 31.5, 31.5, 31.5, 24.0, 10.3, 14.0, 11.1, 5.1, 5.6, 6.1, 10.8, 9.4, 10.7, 13.2, 12.3, 11.1, 16.4, 16.5, 20.7, 22.2, 25.1, 22.6, 17.8, 17.8, 12.4, 8.6, 6.9, 9.0, 4.8, 4.9, 6.6, 5.0, 5.4, 4.4, 3.4, 9.5, 8.7, 8.4, 10.0, 9.5, 10.0, 16.6, 14.4, 16.9, 10.3, 19.1, 14.2, 18.7, 21.0, 18.5, 24.1, 23.1, 24.1, 30.6, 32.2, 26.4, 28.1, 29.9, 23.8, 25.2, 24.3, 31.0, 27.5, 30.2, 29.8, 27.2, 33.8, 33.1, 37.5, 33.1, 34.8, 37.5, 32.1], "std_returns_eval": [0.0, 4.1521078984053394, 5.670978751503131, 23.64000846023537, 23.64000846023537, 23.64000846023537, 23.64000846023537, 23.64000846023537, 23.64000846023537, 23.64000846023537, 23.64000846023537, 23.64000846023537, 23.64000846023537, 23.64000846023537, 23.64000846023537, 23.64000846023537, 23.64000846023537, 23.64000846023537, 23.64000846023537, 23.64000846023537, 23.64000846023537, 23.64000846023537, 23.64000846023537, 23.64000846023537, 23.64000846023537, 23.64000846023537, 23.64000846023537, 23.64000846023537, 23.64000846023537, 23.64000846023537, 12.00833044182246, 8.185963596303125, 10.158740079360236, 10.46374693883601, 3.5057096285916205, 7.045565981523415, 4.011234224026316, 6.954135460285484, 4.737087712930805, 6.9144775652250114, 10.156771140475698, 6.181423784210237, 5.717516943569123, 7.631513611335566, 7.800640999302558, 7.142128534267638, 9.173875952943773, 8.117265549432272, 9.112628599915613, 10.88852607105296, 6.554387843269575, 7.158212067269313, 8.077128202523468, 4.805205510693585, 10.039920318408907, 5.362835071116769, 5.647123161398199, 5.986651818838306, 5.329165037789691, 4.8, 5.023942674832188, 4.498888751680797, 5.426785420486054, 7.655716818169282, 4.8207883172775805, 9.284395510748128, 4.080441152620633, 7.6681158050723255, 5.868560300448484, 10.229369482035539, 10.63437821407533, 7.1000000000000005, 7.119691004531026, 6.982836100038437, 4.605431575867782, 7.694153624668538, 7.592759709091286, 7.725930364687478, 5.7870545184921145, 6.685057965343306, 12.411285187280164, 13.242356285797479, 9.562426470305535, 10.319399207318225, 6.518435395092905, 9.547774609824009, 7.166589146867566, 8.391066678319271, 5.882176467941097, 7.915175298121956, 4.749736834815167, 9.271461589199408, 6.982836100038437, 12.796874618437114, 7.529276193632426, 9.30859817588019, 8.203048213926332, 5.96322060635023, 8.40535543567314, 6.7889616289974715], "timestamps_eval": [87.98697090148926, 173.53192043304443, 259.47865557670593, 345.7965135574341, 432.10177063941956, 517.6744096279144, 603.3103518486023, 689.0096559524536, 774.7147197723389, 860.5562651157379, 946.2755944728851, 1031.9515147209167, 1117.6120500564575, 1204.1129937171936, 1289.9012665748596, 1376.4509906768799, 1463.037535905838, 1548.816081047058, 1634.5120661258698, 1720.2288625240326, 1805.9793033599854, 1891.7082901000977, 1977.4189667701721, 2063.1738617420197, 2148.8543326854706, 2234.59578871727, 2320.3384170532227, 2405.943190574646, 2491.6722173690796, 2577.376970767975, 2663.146636724472, 2748.6877059936523, 2834.276663541794, 2919.8135809898376, 3005.321326971054, 3090.8287830352783, 3177.240980386734, 3262.718812227249, 3348.221675157547, 3433.7933416366577, 3519.4803059101105, 3605.32066321373, 3691.0097851753235, 3776.693588256836, 3862.286909341812, 3947.952206134796, 4033.589619398117, 4119.166428089142, 4204.860038518906, 4290.5056693553925, 4376.113071680069, 4461.743603944778, 4547.431452035904, 4633.096424102783, 4718.628638267517, 4804.29505777359, 4889.928791284561, 4975.504374504089, 5061.1570563316345, 5146.9059364795685, 5232.489274740219, 5318.123889923096, 5403.784326076508, 5489.232150554657, 5574.725845813751, 5660.403038978577, 5745.997163772583, 5831.802131175995, 5917.461682319641, 6003.881007194519, 6089.466322422028, 6175.192001819611, 6260.787144422531, 6347.336870670319, 6433.257296800613, 6518.862960577011, 6604.434485912323, 6690.029951572418, 6776.450927019119, 6862.025211811066, 6947.689795017242, 7034.2159740924835, 7119.850791692734, 7205.6392385959625, 7291.205612182617, 7376.763263940811, 7462.295750141144, 7547.917571783066, 7633.556042671204, 7719.26634478569, 7804.974103689194, 7890.661072254181, 7976.435519933701, 8062.05712890625, 8147.688330888748, 8233.338614702225, 8319.112100601196, 8404.763427495956, 8490.378194332123, 8575.998755931854], "timesteps_eval": [8805, 17638, 26471, 35304, 44137, 52970, 61803, 70636, 79469, 88302, 97135, 105968, 114801, 123634, 132467, 141300, 150133, 158966, 167799, 176632, 185465, 194298, 203131, 211964, 220797, 229630, 238463, 247296, 256129, 264962, 273795, 282628, 291461, 300294, 309127, 317960, 326793, 335626, 344459, 353292, 362125, 370958, 379791, 388624, 397457, 406290, 415123, 423956, 432789, 441622, 450455, 459288, 468121, 476954, 485787, 494620, 503453, 512286, 521119, 529952, 538785, 547618, 556451, 565284, 574117, 582950, 591783, 600616, 609449, 618282, 627115, 635948, 644781, 653614, 662447, 671280, 680113, 688946, 697779, 706612, 715445, 724278, 733111, 741944, 750777, 759610, 768443, 777276, 786109, 794942, 803775, 812608, 821441, 830274, 839107, 847940, 856773, 865606, 874439, 883272],