{"gamma": 0.8, "learning_rate": -2, "clip": 0.3, "returns_eval": [0.0, 0.0, 0.0, 0.0, 0.0, 31.5, 31.5, 31.5, 31.5, 31.5, 31.5, 31.5, 31.5, 31.5, 31.5, 31.5, 31.5, 31.5, 31.5, 31.5, 31.5, 31.5, 31.5, 31.5, 31.5, 31.5, 31.5, 31.5, 31.5, 31.5, 31.5, 31.5, 31.5, 31.5, 31.5, 31.5, 31.5, 31.5, 31.5, 31.5, 31.5, 31.5, 31.5, 31.5, 31.5, 31.5, 31.5, 31.5, 31.5, 31.5, 31.5, 31.5, 31.5, 31.5, 31.5, 31.5, 31.5, 31.5, 31.5, 31.5, 31.5, 31.5, 31.5, 31.5, 31.5, 31.5, 31.5, 31.5, 31.5, 31.5, 31.5, 31.5, 31.5, 31.5, 31.5, 31.5, 31.5, 31.5, 31.5, 31.5, 31.5, 31.5, 31.5, 31.5, 31.5, 31.5, 31.5, 31.5, 31.5, 31.5, 31.5, 31.5, 31.5, 31.5, 31.5, 31.5, 31.5, 31.5, 31.5, 31.5], "std_returns_eval": [0.0, 0.0, 0.0, 0.0, 0.0, 23.64000846023537, 23.64000846023537, 23.64000846023537, 23.64000846023537, 23.64000846023537, 23.64000846023537, 23.64000846023537, 23.64000846023537, 23.64000846023537, 23.64000846023537, 23.64000846023537, 23.64000846023537, 23.64000846023537, 23.64000846023537, 23.64000846023537, 23.64000846023537, 23.64000846023537, 23.64000846023537, 23.64000846023537, 23.64000846023537, 23.64000846023537, 23.64000846023537, 23.64000846023537, 23.64000846023537, 23.64000846023537, 23.64000846023537, 23.64000846023537, 23.64000846023537, 23.64000846023537, 23.64000846023537, 23.64000846023537, 23.64000846023537, 23.64000846023537, 23.64000846023537, 23.64000846023537, 23.64000846023537, 23.64000846023537, 23.64000846023537, 23.64000846023537, 23.64000846023537, 23.64000846023537, 23.64000846023537, 23.64000846023537, 23.64000846023537, 23.64000846023537, 23.64000846023537, 23.64000846023537, 23.64000846023537, 23.64000846023537, 23.64000846023537, 23.64000846023537, 23.64000846023537, 23.64000846023537, 23.64000846023537, 23.64000846023537, 23.64000846023537, 23.64000846023537, 23.64000846023537, 23.64000846023537, 23.64000846023537, 23.64000846023537, 23.64000846023537, 23.64000846023537, 23.64000846023537, 23.64000846023537, 23.64000846023537, 23.64000846023537, 23.64000846023537, 23.64000846023537, 23.64000846023537, 23.64000846023537, 23.64000846023537, 23.64000846023537, 23.64000846023537, 23.64000846023537, 23.64000846023537, 23.64000846023537, 23.64000846023537, 23.64000846023537, 23.64000846023537, 23.64000846023537, 23.64000846023537, 23.64000846023537, 23.64000846023537, 23.64000846023537, 23.64000846023537, 23.64000846023537, 23.64000846023537, 23.64000846023537, 23.64000846023537, 23.64000846023537, 23.64000846023537, 23.64000846023537, 23.64000846023537, 23.64000846023537], "timestamps_eval": [87.38602495193481, 172.5588128566742, 257.6212365627289, 342.77351689338684, 428.02106976509094, 513.3650755882263, 598.7602536678314, 684.2083325386047, 769.4966504573822, 854.998377084732, 940.4967675209045, 1025.8730990886688, 1111.9911172389984, 1197.476807832718, 1282.886395931244, 1368.1964564323425, 1453.5602746009827, 1538.8265807628632, 1624.2280304431915, 1709.7757835388184, 1795.0407729148865, 1880.4033422470093, 1965.8175082206726, 2051.259425163269, 2136.5627946853638, 2221.786272287369, 2307.8428502082825, 2393.0479521751404, 2478.3961527347565, 2563.63724565506, 2648.9589898586273, 2734.2445182800293, 2819.710958003998, 2905.1745858192444, 2990.4582307338715, 3075.934599876404, 3161.137092113495, 3246.3455243110657, 3331.850937604904, 3417.2524271011353, 3502.495054960251, 3587.774069070816, 3673.269987344742, 3758.614080429077, 3843.8884794712067, 3929.290665626526, 4014.616447210312, 4100.0071041584015, 4185.406674146652, 4270.757373332977, 4356.138347625732, 4441.491243362427, 4526.833704948425, 4612.2758531570435, 4697.71234869957, 4783.000901222229, 4868.399442911148, 4953.822785377502, 5039.18928027153, 5124.611985683441, 5210.87322306633, 5296.303782939911, 5381.8188717365265, 5467.181219100952, 5552.568698644638, 5639.042489528656, 5724.401484012604, 5809.859290361404, 5895.252444267273, 5980.72443819046, 6066.02988743782, 6151.556579828262, 6236.986709356308, 6322.481976032257, 6407.877204418182, 6493.288406133652, 6578.628363370895, 6664.153123378754, 6749.50270819664, 6835.09721493721, 6920.479601144791, 7005.936282634735, 7091.267000436783, 7176.7973527908325, 7262.682310342789, 7348.360834598541, 7433.675732135773, 7519.145593881607, 7604.528440713882, 7690.11528968811, 7775.695623159409, 7861.257308244705, 7946.728437423706, 8032.2249302864075, 8117.723294258118, 8203.275639295578, 8288.841307163239, 8374.344680786133, 8459.740869283676, 8545.325929403305], "timesteps_eval": [8805, 17638, 26471, 35304, 44137, 52970, 61803, 70636, 79469, 88302, 97135, 105968, 114801, 123634, 132467, 141300, 150133, 158966, 167799, 176632, 185465, 194298, 203131, 211964, 220797, 229630, 238463, 247296, 256129, 264962, 273795, 282628, 291461, 300294, 309127, 317960, 326793, 335626, 344459, 353292, 362125, 370958, 379791, 388624, 397457, 406290, 415123, 423956, 432789, 441622, 450455, 459288, 468121, 476954, 485787, 494620, 503453, 512286, 521119, 529952, 538785, 547618, 556451, 565284, 574117, 582950, 591783, 600616, 609449, 618282, 627115, 635948, 644781, 653614, 662447, 671280, 680113, 688946, 697779, 706612, 715445, 724278, 733111, 741944, 750777, 759610, 768443, 777276, 786109, 794942, 803775, 812608, 821441, 830274, 839107, 847940, 856773, 865606, 874439, 883272],