{"gamma": 0.99, "learning_rate": -3, "clip": 0.2, "returns_eval": [0.0, 0.0, 0.0, 0.0, 0.0, 0.0, 0.0, 0.1, 0.3, 0.2, 0.0, 0.4, 0.0, 0.5, 5.2, 1.0, 4.2, 2.3, 3.0, 3.1, 4.2, 8.3, 5.6, 3.7, 4.8, 5.4, 5.7, 4.2, 4.8, 4.5, 5.8, 5.6, 6.8, 6.1, 6.0, 7.3, 6.4, 6.2, 7.0, 6.9, 4.8, 5.7, 5.9, 2.5, 4.5, 4.9, 6.7, 4.2, 4.9, 4.7, 8.5, 6.1, 6.3, 6.0, 4.3, 6.1, 4.7, 3.6, 5.0, 3.2, 1.4, 3.7, 4.2, 5.8, 6.4, 7.5, 6.9, 4.9, 4.7, 7.8, 2.6, 9.9, 7.6, 6.5, 8.1, 4.3, 3.1, 8.1, 1.6, 6.0, 3.1, 5.4, 5.1, 9.1, 7.5, 5.6, 4.7, 5.7, 12.1, 9.9, 7.8, 8.8, 10.0, 11.5, 8.8, 5.3, 2.7, 0.9, 1.4, 1.1], "std_returns_eval": [0.0, 0.0, 0.0, 0.0, 0.0, 0.0, 0.0, 0.30000000000000004, 0.6403124237432849, 0.6000000000000001, 0.0, 0.48989794855663565, 0.0, 1.02469507659596, 6.523802572120036, 1.2649110640673518, 7.180529228406497, 2.368543856465402, 3.5777087639996634, 4.504442251822083, 4.261455150532504, 9.033825324855467, 3.693237062523877, 3.874274125562103, 4.331281565541543, 3.6386810797320503, 4.473253849269008, 3.280243893371345, 3.7363083384538807, 3.383784863137726, 4.166533331199931, 4.454211490264018, 3.249615361854384, 2.2113344387495983, 3.3466401061363023, 3.7696153649941526, 5.043808085167397, 4.142463035441596, 4.049691346263317, 3.9862262855989496, 3.627671429443411, 4.148493702538308, 3.9862262855989496, 2.1563858652847827, 3.1064449134018135, 3.2078029864690882, 4.9, 2.6, 3.3896902513356584, 2.9681644159311658, 4.4328320518603, 4.205948168962618, 4.670117771534247, 4.6475800154489, 4.196427051671457, 3.3896902513356584, 4.026164427839479, 3.0724582991474434, 4.669047011971501, 3.026549190084311, 1.42828568570857, 3.4365680554879168, 3.026549190084311, 4.686149805543993, 5.730619512757761, 3.0740852297878796, 4.948737212663449, 4.253234063627347, 4.495553358597805, 6.9541354602854835, 3.5832945734337835, 6.4257295305669375, 6.3118935352238, 5.220153254455275, 4.0853396431631, 3.6345563690772495, 2.879236009777594, 6.759437846448476, 4.476605857119878, 4.732863826479693, 3.269556544854363, 5.314132102234569, 4.3, 6.80367547726962, 5.783597496368502, 6.8731361109758335, 4.879549159502341, 4.605431575867782, 5.08822169328342, 6.155485358604957, 5.929586832149437, 6.615134163416491, 5.549774770204643, 4.224926034855522, 3.9446165846632044, 4.428317965096905, 4.561797891182818, 2.7, 2.9393876913398134, 2.6999999999999997], "timestamps_eval": [87.6388247013092, 173.00911283493042, 258.34232473373413, 344.53223752975464, 430.1201481819153, 515.7428476810455, 601.3878600597382, 686.8550610542297, 772.3791282176971, 857.8239319324493, 943.3921134471893, 1028.9452002048492, 1114.5413286685944, 1200.0310969352722, 1285.605640411377, 1371.1642708778381, 1456.7939853668213, 1542.3696863651276, 1629.1661076545715, 1716.4275214672089, 1803.1187970638275, 1889.4715225696564, 1976.0766220092773, 2062.4849779605865, 2148.01101398468, 2233.4891295433044, 2319.2553067207336, 2404.9747681617737, 2490.7242312431335, 2576.3453590869904, 2661.923964738846, 2747.5867788791656, 2833.062250137329, 2918.678142309189, 3004.321942090988, 3090.6402254104614, 3176.338255882263, 3261.9614868164062, 3347.5190076828003, 3433.2146356105804, 3518.7754142284393, 3604.4949057102203, 3690.2740864753723, 3775.860446691513, 3861.4349982738495, 3946.9701714515686, 4032.4673109054565, 4118.281040906906, 4203.961110830307, 4289.560738563538, 4375.166264057159, 4460.758467912674, 4546.618586778641, 4632.23664355278, 4717.758936166763, 4804.086849689484, 4889.605636358261, 4975.152017354965, 5061.456881284714, 5146.997232437134, 5232.596765756607, 5318.243981599808, 5404.084082126617, 5489.924869775772, 5575.676545858383, 5661.4830486774445, 5747.397978782654, 5833.107968330383, 5919.026500463486, 6004.7976088523865, 6090.664647817612, 6176.596824884415, 6262.277428627014, 6348.007500171661, 6433.863349914551, 6519.550730228424, 6605.561434984207, 6691.5513327121735, 6777.4721710681915, 6863.1448366642, 6948.785528421402, 7034.506850242615, 7120.239495515823, 7205.897331476212, 7291.658178567886, 7377.286075115204, 7462.744588851929, 7548.2177085876465, 7633.8438510894775, 7720.124376535416, 7805.939972162247, 7891.518344163895, 7977.447099208832, 8063.6613512039185, 8149.424080610275, 8235.145990371704, 8320.88900399208, 8406.39710688591, 8492.203352689743, 8577.99127483368], "timesteps_eval": [8802, 17640, 26478, 35316, 44154, 52992, 61830, 70668, 79506, 88344, 97182, 106020, 114858, 123696, 132534, 141372, 150210, 159048, 167886, 176724, 185562, 194400, 203238, 212076, 220914, 229752, 238590, 247428, 256266, 265104, 273942, 282780, 291618, 300456, 309294, 318132, 326970, 335808, 344646, 353484, 362322, 371160, 379998, 388836, 397674, 406512, 415350, 424188, 433026, 441864, 450702, 459540, 468378, 477216, 486054, 494892, 503730, 512568, 521406, 530244, 539082, 547920, 556758, 565596, 574434, 583272, 592110, 600948, 609786, 618624, 627462, 636300, 645138, 653976, 662814, 671652, 680490, 689328, 698166, 707004, 715842, 724680, 733518, 742356, 751194, 760032, 768870, 777708, 786546, 795384, 804222, 813060, 821898, 830736, 839574, 848412, 857250, 866088, 874926, 883764],