{"gamma": [0.98, 0.98, 0.99], "learning_rate": [-5, -3, -5], "returns_eval": [0.3, 4.8, 11.8, 7.0, 4.6, 7.4, 5.7, 8.4, 20.6, 20.6, 10.5, 15.9, 20.6, 20.6, 20.6, 16.6, 30.5, 30.5, 30.5, 30.5, 30.5, 30.5, 30.5, 30.5, 30.5, 30.5, 30.5, 30.5, 30.5, 30.5, 21.6, 21.5, 17.1, 18.5, 28.4, 23.2, 27.0, 23.0, 31.2, 26.8, 24.3, 35.4, 37.0, 45.4, 40.0, 30.2, 28.6, 28.6, 24.1, 27.9, 25.5, 19.4, 21.9, 18.2, 23.9, 25.4, 28.8, 24.9, 19.9, 17.4, 13.6, 16.1, 17.8, 17.7, 18.4, 18.3, 23.3, 22.4, 24.2, 24.2, 25.4, 26.5, 25.8, 30.7, 26.9, 30.8, 29.9, 28.9, 29.6, 41.6, 45.3, 39.0, 41.1, 40.4, 57.6, 50.8, 58.6, 67.8, 55.7, 67.9, 63.2, 65.9, 77.4, 65.0, 88.7, 86.6, 86.5, 57.9, 75.3, 88.7], "std_returns_eval": [0.6403124237432849, 4.686149805543993, 7.769169839822013, 5.796550698475776, 3.2924155266308657, 3.8522720568516444, 4.627094120503711, 8.296987405076615, 9.728309205612248, 9.728309205612248, 8.80056816347672, 6.187891401761993, 9.728309205612248, 9.728309205612248, 9.728309205612248, 12.90891165048394, 23.55525419094432, 23.55525419094432, 23.55525419094432, 23.55525419094432, 23.55525419094432, 23.55525419094432, 23.55525419094432, 23.55525419094432, 23.55525419094432, 23.55525419094432, 23.55525419094432, 23.55525419094432, 23.55525419094432, 23.55525419094432, 9.167333309092673, 12.20860352374505, 9.669022701390249, 9.3834961501564, 11.394735626595292, 12.40806189539688, 6.899275324264136, 7.113367697511496, 12.726350615946428, 7.318469785412795, 11.20758671614902, 10.809255293497328, 9.909591313469996, 16.40243884305014, 14.359665734271115, 5.035871324805669, 11.010903686800642, 8.452218643646175, 10.329085148259743, 8.336066218546971, 7.592759709091286, 7.914543574963752, 7.968061244744546, 7.896834808959853, 8.227393268830657, 5.624944444170094, 11.160645142642965, 9.459915433025815, 9.843271813782245, 4.651881339845202, 7.158212067269312, 5.85576638878294, 6.493073232299171, 6.261788881781308, 5.71314274283428, 10.53612832116238, 10.000499987500625, 6.6211781428987395, 4.975942121849891, 4.935585071701226, 5.535341001239219, 13.017296186228537, 6.289674077406556, 12.822246293064255, 9.491575211733824, 10.067770358922576, 10.192644406629714, 9.914131328563284, 6.3118935352238, 16.517869111964778, 20.847301983710025, 19.24058211177614, 15.056227947264878, 18.83188785013335, 22.48644035858055, 18.898677202386416, 17.083325203250098, 24.346663015698887, 24.12902816111747, 21.65386801474508, 24.991198450654583, 23.670445707675213, 24.47937907709262, 23.532955615476777, 27.882073093656434, 23.799999999999997, 25.47645972265377, 16.133505508723143, 21.19929244102265, 15.192432326655268], "timestamps_eval": [89.41838264465332, 177.2842411994934, 264.7889597415924, 352.05452370643616, 439.302992105484, 526.6167576313019, 614.0234532356262, 701.4766545295715, 789.8003151416779, 877.2684714794159, 964.7078549861908, 1052.3286995887756, 1139.8556516170502, 1227.293711900711, 1314.9390003681183, 1402.4830467700958, 1490.3287274837494, 1578.255202293396, 1665.8594052791595, 1753.2498986721039, 1840.6917695999146, 1928.1271181106567, 2015.5738399028778, 2103.023936986923, 2190.486441373825, 2278.089053630829, 2365.6495656967163, 2453.0965497493744, 2540.47931933403, 2628.0989394187927, 2715.761021375656, 2803.3251860141754, 2890.7451384067535, 2978.208503007889, 3065.813599586487, 3153.4449739456177, 3240.9695262908936, 3328.3268823623657, 3415.834864616394, 3503.350984096527, 3591.0188796520233, 3678.4288713932037, 3765.832265138626, 3853.645313978195, 3941.372258424759, 4028.8064534664154, 4116.286685466766, 4203.880791902542, 4291.478900671005, 4379.032442808151, 4466.4744992256165, 4554.7551963329315, 4642.588497877121, 4730.0258820056915, 4817.566440343857, 4905.271864891052, 4993.1292181015015, 5080.722267866135, 5168.227116346359, 5255.690629005432, 5343.333724975586, 5430.722039937973, 5518.148116350174, 5605.524373531342, 5693.1529903411865, 5780.642078638077, 5868.147741556168, 5955.66938829422, 6043.513299465179, 6130.972374916077, 6219.52250790596, 6306.924316167831, 6394.592396259308, 6482.272588968277, 6570.035961389542, 6657.581755638123, 6745.104051828384, 6833.487418651581, 6923.246515989304, 7011.101894378662, 7099.504456520081, 7187.3792843818665, 7275.633654117584, 7363.290830612183, 7451.614422082901, 7539.272639036179, 7626.868879318237, 7714.513855457306, 7802.027777671814, 7889.658507823944, 7977.281585454941, 8064.99476981163, 8152.688025474548, 8240.451711177826, 8328.156105279922, 8415.91091299057, 8503.758301496506, 8591.474819421768, 8679.178414583206, 8766.893253564835], "timesteps_eval": [8804, 17635, 26466, 35297, 44128, 52959, 61790, 70621, 79452, 88283, 97114, 105945, 114776, 123607, 132438, 141269, 150100, 158931, 167762, 176593, 185424, 194255, 203086, 211917, 220748, 229579, 238410, 247241, 256072, 264903, 273734, 282565, 291396, 300227, 309058, 317889, 326720, 335551, 344382, 353213, 362044, 370875, 379706, 388537, 397368, 406199, 415030, 423861, 432692, 441523, 450354, 459185, 468016, 476847, 485678, 494509, 503340, 512171, 521002, 529833, 538664, 547495, 556326, 565157, 573988, 582819, 591650, 600481, 609312, 618143, 626974, 635805, 644636, 653467, 662298, 671129, 679960, 688791, 697622, 706453, 715284, 724115, 732946, 741777, 750608, 759439, 768270, 777101, 785932, 794763, 803594, 812425, 821256, 830087, 838918, 847749, 856580, 865411, 874242, 883073],