{"gamma": 0.95, "learning_rate": -6, "clip": 0.3, "returns_eval": [0.0, 0.0, 0.0, 0.0, 0.0, 0.0, 0.0, 0.4, 0.0, 0.0, 0.0, 0.0, 0.0, 30.5, 5.5, 30.5, 30.5, 30.5, 30.5, 30.5, 30.5, 30.5, 30.5, 30.5, 30.5, 30.5, 30.5, 30.5, 30.5, 30.5, 30.5, 30.5, 30.5, 30.5, 30.5, 30.5, 30.5, 30.5, 30.5, 30.5, 30.5, 30.5, 30.5, 30.5, 30.5, 30.5, 30.5, 30.5, 30.5, 30.5, 30.5, 30.5, 30.5, 30.5, 30.5, 30.5, 30.5, 30.5, 30.5, 30.5, 30.5, 30.5, 30.5, 30.5, 30.5, 30.5, 30.5, 30.5, 30.5, 30.5, 30.5, 30.5, 30.5, 30.5, 30.5, 30.5, 30.5, 30.5, 30.5, 30.5, 30.5, 30.5, 30.5, 30.5, 30.5, 30.5, 30.5, 30.5, 30.5, 30.5, 30.5, 30.5, 30.5, 30.5, 30.5, 30.5, 30.5, 30.5, 30.5, 30.5], "std_returns_eval": [0.0, 0.0, 0.0, 0.0, 0.0, 0.0, 0.0, 0.8000000000000002, 0.0, 0.0, 0.0, 0.0, 0.0, 23.55525419094432, 5.333854141237834, 23.55525419094432, 23.55525419094432, 23.55525419094432, 23.55525419094432, 23.55525419094432, 23.55525419094432, 23.55525419094432, 23.55525419094432, 23.55525419094432, 23.55525419094432, 23.55525419094432, 23.55525419094432, 23.55525419094432, 23.55525419094432, 23.55525419094432, 23.55525419094432, 23.55525419094432, 23.55525419094432, 23.55525419094432, 23.55525419094432, 23.55525419094432, 23.55525419094432, 23.55525419094432, 23.55525419094432, 23.55525419094432, 23.55525419094432, 23.55525419094432, 23.55525419094432, 23.55525419094432, 23.55525419094432, 23.55525419094432, 23.55525419094432, 23.55525419094432, 23.55525419094432, 23.55525419094432, 23.55525419094432, 23.55525419094432, 23.55525419094432, 23.55525419094432, 23.55525419094432, 23.55525419094432, 23.55525419094432, 23.55525419094432, 23.55525419094432, 23.55525419094432, 23.55525419094432, 23.55525419094432, 23.55525419094432, 23.55525419094432, 23.55525419094432, 23.55525419094432, 23.55525419094432, 23.55525419094432, 23.55525419094432, 23.55525419094432, 23.55525419094432, 23.55525419094432, 23.55525419094432, 23.55525419094432, 23.55525419094432, 23.55525419094432, 23.55525419094432, 23.55525419094432, 23.55525419094432, 23.55525419094432, 23.55525419094432, 23.55525419094432, 23.55525419094432, 23.55525419094432, 23.55525419094432, 23.55525419094432, 23.55525419094432, 23.55525419094432, 23.55525419094432, 23.55525419094432, 23.55525419094432, 23.55525419094432, 23.55525419094432, 23.55525419094432, 23.55525419094432, 23.55525419094432, 23.55525419094432, 23.55525419094432, 23.55525419094432, 23.55525419094432], "timestamps_eval": [88.25886535644531, 174.39541888237, 260.25119280815125, 346.06426763534546, 431.8954427242279, 517.7302923202515, 603.7987229824066, 689.726523399353, 775.7404654026031, 861.4899349212646, 947.3920521736145, 1033.1239974498749, 1118.993007183075, 1205.1583824157715, 1291.2327990531921, 1377.0568017959595, 1463.0006079673767, 1548.855402469635, 1634.7305846214294, 1720.642481803894, 1806.6857187747955, 1892.6814477443695, 1978.686107158661, 2064.769848585129, 2150.7868864536285, 2236.7460238933563, 2322.746149778366, 2408.658972263336, 2495.080896139145, 2581.1172592639923, 2666.9989919662476, 2753.0467031002045, 2839.220843553543, 2925.279884815216, 3011.1691315174103, 3097.174929380417, 3183.280296564102, 3269.4611303806305, 3355.72528219223, 3441.6894540786743, 3527.9173369407654, 3613.9177780151367, 3699.8360340595245, 3785.8004908561707, 3871.839773416519, 3958.024743080139, 4043.928186893463, 4129.975733757019, 4215.93226647377, 4301.996824026108, 4388.144299507141, 4474.0229415893555, 4559.911068439484, 4645.922836065292, 4732.0393924713135, 4817.949084043503, 4904.087101221085, 4990.06543302536, 5076.0529136657715, 5162.152174949646, 5248.355457544327, 5334.427696228027, 5421.754546165466, 5507.698363542557, 5593.708243608475, 5679.887469291687, 5765.910701274872, 5851.859390974045, 5937.831736326218, 6023.949269294739, 6109.857483148575, 6196.246627807617, 6282.205674409866, 6368.263715744019, 6454.267916202545, 6540.330323457718, 6626.551866769791, 6712.754918575287, 6798.94109249115, 6885.043696641922, 6971.173186540604, 7057.389097213745, 7143.674071550369, 7229.741027593613, 7316.67307138443, 7402.717742919922, 7488.7688846588135, 7574.628180265427, 7660.633841991425, 7746.7407858371735, 7832.811033964157, 7918.728290557861, 8004.7158098220825, 8090.752375125885, 8176.801311969757, 8262.691205739975, 8348.75610256195, 8434.822355270386, 8520.946145296097, 8606.948827028275], "timesteps_eval": [8804, 17635, 26466, 35297, 44128, 52959, 61790, 70621, 79452, 88283, 97114, 105945, 114776, 123607, 132438, 141269, 150100, 158931, 167762, 176593, 185424, 194255, 203086, 211917, 220748, 229579, 238410, 247241, 256072, 264903, 273734, 282565, 291396, 300227, 309058, 317889, 326720, 335551, 344382, 353213, 362044, 370875, 379706, 388537, 397368, 406199, 415030, 423861, 432692, 441523, 450354, 459185, 468016, 476847, 485678, 494509, 503340, 512171, 521002, 529833, 538664, 547495, 556326, 565157, 573988, 582819, 591650, 600481, 609312, 618143, 626974, 635805, 644636, 653467, 662298, 671129, 679960, 688791, 697622, 706453, 715284, 724115, 732946, 741777, 750608, 759439, 768270, 777101, 785932, 794763, 803594, 812425, 821256, 830087, 838918, 847749, 856580, 865411, 874242, 883073],