{"gamma": [0.98, 0.98, 0.95], "learning_rate": [-5, -3, -5], "returns_eval": [4.5, 6.8, 13.0, 6.1, 7.5, 12.2, 12.2, 12.2, 12.2, 13.5, 12.2, 19.6, 19.6, 15.2, 12.2, 19.6, 12.2, 12.2, 12.2, 12.2, 12.2, 12.2, 12.2, 15.6, 12.2, 12.2, 29.7, 13.3, 24.2, 14.5, 21.3, 11.1, 4.6, 7.7, 2.6, 5.0, 16.2, 6.6, 23.0, 30.4, 22.9, 36.8, 37.3, 29.3, 42.1, 34.7, 36.0, 36.0, 42.6, 35.8, 35.1, 24.9, 39.9, 26.1, 18.3, 21.8, 14.6, 18.1, 13.4, 14.4, 14.4, 12.3, 20.0, 18.2, 19.9, 20.2, 24.1, 23.5, 25.8, 26.0, 28.5, 37.8, 38.0, 36.6, 41.6, 47.0, 41.8, 63.5, 66.5, 62.6, 52.9, 60.2, 73.9, 73.3, 66.3, 78.9, 83.1, 86.1, 70.3, 83.8, 93.8, 85.6, 84.0, 84.6, 86.7, 99.2, 102.3, 103.0, 102.8, 107.4], "std_returns_eval": [4.031128874149275, 6.337191807101943, 10.648943609579309, 4.0853396431631, 5.6964901474504455, 7.56042326857432, 7.56042326857432, 7.56042326857432, 7.56042326857432, 7.283543093852058, 7.56042326857432, 9.8812954616285, 9.8812954616285, 9.785703858180055, 7.56042326857432, 9.8812954616285, 7.56042326857432, 7.56042326857432, 7.56042326857432, 7.56042326857432, 7.56042326857432, 7.56042326857432, 7.56042326857432, 10.910545357588685, 7.56042326857432, 7.56042326857432, 22.383252668010517, 9.466255859631094, 15.516442891333051, 7.710382610480495, 14.366976021418008, 9.761659694949419, 7.696752561957543, 6.3095166217389425, 1.5620499351813308, 3.03315017762062, 12.765578717786358, 4.565084884205332, 11.260550608207398, 11.33313725320575, 11.768177428981941, 17.20348801842231, 13.885604055999869, 11.000454536063499, 13.729166034395535, 13.251792331605563, 11.924764148611073, 9.486832980505138, 11.95156893466293, 9.19565114605812, 7.034912934784623, 8.642337646724988, 12.152777460317456, 8.16639455328972, 5.000999900019995, 7.291090453423274, 7.927168473042566, 8.34805366537614, 8.901685233707155, 7.914543574963751, 7.722693830523129, 5.622277118748238, 8.087026647662292, 6.289674077406556, 6.024118192731614, 8.55336191213724, 4.182104733265297, 8.028075734570521, 15.406492138056604, 7.224956747275377, 8.261355820929152, 14.878171930717832, 12.296340919151518, 7.2, 18.67190402717409, 17.69180601295413, 9.495261976375375, 23.290556025994743, 20.563316853076014, 25.176179217665258, 17.271074083565274, 17.679366504487653, 17.363467395655743, 22.454620905283615, 27.111067850603007, 21.23887944313447, 23.424132854814495, 18.870347108625214, 22.865038814749475, 13.166624472506232, 16.387800340497197, 22.80877024304467, 17.052858997833766, 16.823792675850473, 18.30327839486686, 13.12097557348538, 13.092364186807515, 20.410781464706343, 16.32666530556684, 19.99599959991998], "timestamps_eval": [89.85996460914612, 178.7894892692566, 266.4435510635376, 352.5625669956207, 438.7252399921417, 524.9679760932922, 611.2686579227448, 697.6103582382202, 783.9955232143402, 870.3982412815094, 956.8410134315491, 1043.1219375133514, 1129.5930676460266, 1215.9325184822083, 1302.2781221866608, 1388.8062570095062, 1475.1842203140259, 1561.5601832866669, 1647.959519147873, 1734.1946296691895, 1820.4011869430542, 1906.7902126312256, 1993.3337516784668, 2079.7782640457153, 2166.021179676056, 2252.294681787491, 2338.651542901993, 2424.78510928154, 2511.0438680648804, 2597.2142169475555, 2683.4744489192963, 2769.7921738624573, 2856.0093145370483, 2942.223313331604, 3028.734919309616, 3114.9465577602386, 3200.9510719776154, 3287.2058181762695, 3373.4032456874847, 3459.523148059845, 3545.7312393188477, 3631.937483072281, 3718.1896319389343, 3804.6369245052338, 3890.9363765716553, 3977.0892899036407, 4063.191099882126, 4149.360369682312, 4235.576963663101, 4321.713192224503, 4407.905674934387, 4493.9520037174225, 4580.068845272064, 4666.238317728043, 4752.413494110107, 4838.637528181076, 4925.121278047562, 5011.272819280624, 5097.390837430954, 5183.5554666519165, 5269.881962776184, 5356.013400316238, 5442.0050683021545, 5527.973695039749, 5614.272254943848, 5700.4478232860565, 5786.802457809448, 5873.106482505798, 5959.3868680000305, 6045.597757816315, 6131.864109277725, 6218.011001825333, 6304.08754658699, 6390.351151704788, 6476.555805683136, 6562.810079574585, 6648.891783952713, 6735.274530410767, 6821.3319709300995, 6907.744457483292, 6994.201777935028, 7080.624414682388, 7166.844747543335, 7253.042335987091, 7339.268328666687, 7425.64404463768, 7511.890396595001, 7598.17400598526, 7684.531404256821, 7770.71755695343, 7857.016074895859, 7943.2754628658295, 8029.633793354034, 8116.013176441193, 8202.289192914963, 8288.64505648613, 8374.878941297531, 8461.228718280792, 8547.641074895859, 8633.920737981796], "timesteps_eval": [8805, 17638, 26471, 35304, 44137, 52970, 61803, 70636, 79469, 88302, 97135, 105968, 114801, 123634, 132467, 141300, 150133, 158966, 167799, 176632, 185465, 194298, 203131, 211964, 220797, 229630, 238463, 247296, 256129, 264962, 273795, 282628, 291461, 300294, 309127, 317960, 326793, 335626, 344459, 353292, 362125, 370958, 379791, 388624, 397457, 406290, 415123, 423956, 432789, 441622, 450455, 459288, 468121, 476954, 485787, 494620, 503453, 512286, 521119, 529952, 538785, 547618, 556451, 565284, 574117, 582950, 591783, 600616, 609449, 618282, 627115, 635948, 644781, 653614, 662447, 671280, 680113, 688946, 697779, 706612, 715445, 724278, 733111, 741944, 750777, 759610, 768443, 777276, 786109, 794942, 803775, 812608, 821441, 830274, 839107, 847940, 856773, 865606, 874439, 883272],