{"gamma": [0.95, 0.95, 0.98], "learning_rate": [-3, -3, -5], "returns_eval": [0.5, 0.3, 0.1, 0.7, 1.1, 0.2, 1.0, 2.0, 2.4, 6.4, 8.9, 16.2, 27.9, 29.0, 25.9, 25.3, 23.4, 39.1, 42.5, 41.8, 29.6, 36.4, 36.4, 46.6, 26.8, 42.2, 46.0, 45.1, 40.8, 37.2, 44.6, 40.5, 41.0, 38.0, 30.3, 23.5, 29.8, 34.8, 31.8, 32.0, 37.6, 34.3, 17.1, 21.2, 18.9, 12.1, 17.7, 13.2, 7.9, 10.7, 13.0, 13.7, 8.6, 12.6, 16.1, 14.2, 13.2, 10.4, 12.1, 17.6, 18.0, 18.0, 21.5, 16.8, 16.7, 17.2, 21.9, 20.9, 24.3, 21.4, 20.3, 24.9, 23.9, 21.3, 29.8, 25.5, 31.1, 24.5, 25.4, 30.4, 27.3, 28.3, 28.5, 33.2, 29.4, 31.0, 27.6, 29.2, 30.5, 30.2, 27.0, 29.3, 38.0, 32.3, 36.9, 30.4, 31.9, 32.2, 36.1, 37.1], "std_returns_eval": [1.02469507659596, 0.9000000000000001, 0.30000000000000004, 1.268857754044952, 1.9209372712298547, 0.4000000000000001, 2.6832815729997477, 2.1908902300206643, 3.006659275674582, 8.627861844049198, 6.876772498781678, 15.230233090796741, 16.00281225285106, 15.504837954651444, 14.962954253756175, 12.345444503945574, 10.190191362285598, 9.7, 19.298963702748395, 12.073110618229256, 15.951175505272332, 14.150618361046984, 12.595237195067032, 11.368377192897851, 13.422369388450015, 10.057832768544126, 15.80506248010428, 21.201179212487215, 21.27815781499893, 8.423775875461075, 15.666524822052914, 13.6106575888162, 12.181953866272849, 9.327379053088816, 9.011659114724658, 10.519030373565807, 9.325234581499814, 16.70808187674456, 14.211263138792413, 15.440207252495027, 6.32771680782255, 9.338629449764028, 11.22898036332774, 13.898201322473351, 10.994998863119541, 9.689685237405806, 10.517128885774863, 9.14111590562115, 7.582216034906946, 7.043436661176133, 9.787747442593725, 9.57131129992124, 8.546344247688598, 7.364781055808787, 11.094593277808793, 9.57914401186244, 8.611620056644394, 9.635351576356724, 7.993122043357026, 13.987136947924691, 7.4565407529228995, 7.238784428341543, 7.605918747922567, 11.356055653262713, 7.963039620647382, 8.096912991998865, 9.213576938409968, 11.751170154499507, 8.602906485601247, 8.522910301065007, 10.93663568013491, 12.988071450373223, 8.94930164873215, 9.879777325425913, 6.8527366796047255, 9.189668111526117, 8.371977066380438, 9.135097153287424, 10.101485039339513, 11.101351269102334, 8.283115355951528, 6.768308503607087, 5.5901699437494745, 8.146164741766519, 10.287856919689348, 7.307530362578044, 6.135144660071187, 8.885943956609225, 9.08019823572151, 11.998333217576514, 8.12403840463596, 6.341135544995076, 12.385475364312828, 9.089004345911603, 7.647875521999557, 7.445804187594514, 12.660568707605515, 8.23164625090267, 8.324061508662703, 13.3], "timestamps_eval": [89.18493127822876, 176.36088824272156, 263.55490827560425, 350.8155686855316, 437.9764173030853, 525.2214069366455, 612.6196346282959, 700.0801084041595, 787.5549650192261, 875.1403458118439, 962.8476703166962, 1050.612705230713, 1138.5059773921967, 1226.3399090766907, 1314.1690325737, 1402.2590250968933, 1490.2433836460114, 1578.1185534000397, 1665.928245306015, 1754.0866293907166, 1842.273169517517, 1930.1362042427063, 2017.9239857196808, 2105.6593606472015, 2193.587576150894, 2281.310138940811, 2369.4953055381775, 2457.222137928009, 2544.914841413498, 2632.7342948913574, 2720.3415331840515, 2808.0429952144623, 2895.7368535995483, 2983.3652954101562, 3070.98530960083, 3158.718051671982, 3246.4510576725006, 3334.0951747894287, 3421.556498527527, 3509.2120871543884, 3596.7327919006348, 3684.772135734558, 3772.499792575836, 3860.0556128025055, 3947.695902824402, 4035.1811847686768, 4122.886225223541, 4210.470809698105, 4298.156268835068, 4385.5940618515015, 4473.40953040123, 4560.92827630043, 4648.370404005051, 4735.900934934616, 4823.313117980957, 4910.848834037781, 4998.298748493195, 5085.823951482773, 5173.374031305313, 5260.964313745499, 5348.5589427948, 5436.087381601334, 5523.8187510967255, 5611.4050126075745, 5698.976315021515, 5786.586343765259, 5874.836590766907, 5962.440494298935, 6050.257934331894, 6137.893421173096, 6225.796216249466, 6313.519177675247, 6401.189653873444, 6488.886652231216, 6576.803177118301, 6664.711536407471, 6752.3673276901245, 6839.980404138565, 6927.736234664917, 7015.301442623138, 7102.87401676178, 7190.506903409958, 7278.44177532196, 7366.041259765625, 7453.524312019348, 7541.178063154221, 7629.715074062347, 7717.364793777466, 7805.131055116653, 7892.8837287425995, 7980.694650411606, 8068.485504865646, 8156.1866726875305, 8243.988802194595, 8331.882662534714, 8419.67462515831, 8507.469975709915, 8595.41590332985, 8683.373059749603, 8771.522244930267], "timesteps_eval": [8804, 17635, 26466, 35297, 44128, 52959, 61790, 70621, 79452, 88283, 97114, 105945, 114776, 123607, 132438, 141269, 150100, 158931, 167762, 176593, 185424, 194255, 203086, 211917, 220748, 229579, 238410, 247241, 256072, 264903, 273734, 282565, 291396, 300227, 309058, 317889, 326720, 335551, 344382, 353213, 362044, 370875, 379706, 388537, 397368, 406199, 415030, 423861, 432692, 441523, 450354, 459185, 468016, 476847, 485678, 494509, 503340, 512171, 521002, 529833, 538664, 547495, 556326, 565157, 573988, 582819, 591650, 600481, 609312, 618143, 626974, 635805, 644636, 653467, 662298, 671129, 679960, 688791, 697622, 706453, 715284, 724115, 732946, 741777, 750608, 759439, 768270, 777101, 785932, 794763, 803594, 812425, 821256, 830087, 838918, 847749, 856580, 865411, 874242, 883073],