{"gamma": [0.99, 0.95, 0.99], "learning_rate": [-5, -5, -5], "returns_eval": [3.4, 9.5, 9.2, 7.6, 13.7, 16.7, 12.2, 12.2, 12.2, 12.2, 12.5, 19.6, 19.6, 19.6, 19.6, 19.6, 19.6, 19.6, 17.2, 12.2, 12.2, 12.2, 12.2, 12.2, 12.2, 25.7, 12.2, 19.0, 12.2, 12.2, 12.2, 12.2, 12.2, 12.2, 14.1, 15.8, 24.4, 31.5, 28.8, 31.1, 26.9, 29.0, 34.9, 41.0, 61.2, 52.1, 60.7, 65.1, 55.9, 77.8, 76.8, 81.2, 82.6, 87.6, 80.7, 89.8, 81.7, 79.1, 88.9, 76.8, 96.2, 83.2, 80.3, 81.4, 85.9, 88.7, 90.4, 88.3, 77.7, 73.4, 77.2, 89.4, 80.1, 75.7, 86.6, 95.1, 78.4, 80.5, 79.6, 79.6, 80.4, 99.2, 83.6, 72.6, 70.7, 79.9, 89.6, 82.3, 73.0, 89.8, 82.6, 81.3, 82.6, 74.7, 68.9, 73.2, 84.1, 90.3, 74.4, 80.9], "std_returns_eval": [2.3748684174075834, 7.242237223399963, 7.180529228406497, 5.257375771237966, 11.144954015158609, 11.419719786404569, 7.56042326857432, 7.56042326857432, 7.56042326857432, 7.56042326857432, 7.486654793697917, 9.8812954616285, 9.8812954616285, 9.8812954616285, 9.8812954616285, 9.8812954616285, 9.8812954616285, 9.8812954616285, 11.496086290559932, 7.56042326857432, 7.56042326857432, 7.56042326857432, 7.56042326857432, 7.56042326857432, 7.56042326857432, 15.855913723276876, 7.56042326857432, 8.933084573650918, 7.56042326857432, 7.56042326857432, 7.56042326857432, 7.56042326857432, 7.56042326857432, 7.56042326857432, 9.554580053565934, 10.979981785048645, 13.009227494359532, 23.64000846023537, 11.60861748874516, 23.64508405567635, 12.668464784653269, 13.863621460498695, 10.034440691936945, 17.193021840269964, 19.83834670530788, 22.757196663912715, 27.67327230379523, 22.26858774148015, 24.10580842867544, 30.746707140765494, 26.991850621993297, 18.25267103741258, 14.894294209528695, 28.928186946298585, 14.498620624045584, 22.279138223908035, 29.56027740059284, 27.09409529768433, 17.991386828146403, 25.584370228715812, 10.768472500777444, 19.103926298015285, 26.400946952713646, 23.230152819127127, 28.183150994876353, 18.761929538296428, 13.38805437694365, 18.226628870967883, 26.54825794661488, 21.914378841299612, 27.106456795383643, 18.890209104189395, 20.978322144537678, 34.07066186618628, 24.892569172345386, 26.288590681130092, 30.407893711995246, 24.138144087729692, 29.472699231661835, 20.32338554473639, 22.258481529520385, 19.030501832584445, 21.868699092538634, 25.196031433541272, 27.64796556710819, 24.11825035113451, 21.527656630483495, 29.863188041466707, 25.055937420100648, 19.109160107131867, 21.795412361320444, 24.65785878781854, 26.526213450094982, 24.863829149992164, 27.376815008324105, 22.946895214821552, 23.602754076590298, 10.373523991392704, 24.499795917517353, 23.054066886343502], "timestamps_eval": [94.53568005561829, 185.7741665840149, 276.86359572410583, 368.1305410861969, 459.36671352386475, 550.8992311954498, 642.2972571849823, 733.5859801769257, 824.9474260807037, 916.2529544830322, 1007.3910999298096, 1098.684335231781, 1189.9628336429596, 1281.0941045284271, 1372.3322541713715, 1463.574208498001, 1554.847111940384, 1646.08842253685, 1737.3955931663513, 1828.7981123924255, 1920.1622347831726, 2011.677975177765, 2103.08696103096, 2194.4432938098907, 2285.8365201950073, 2377.2632014751434, 2468.7703227996826, 2560.1890959739685, 2651.637585878372, 2742.99418592453, 2834.4745819568634, 2925.8486580848694, 3017.303781747818, 3108.668457508087, 3200.1412563323975, 3291.474270105362, 3382.8218955993652, 3474.320312023163, 3565.7433137893677, 3656.937448501587, 3748.1806786060333, 3839.433098554611, 3930.6965157985687, 4021.8856971263885, 4113.251783132553, 4204.555829524994, 4295.807066679001, 4387.147299528122, 4478.489198446274, 4569.67483663559, 4660.9683628082275, 4752.256193161011, 4843.501635789871, 4934.947322130203, 5026.377693653107, 5117.782587766647, 5209.105790138245, 5300.412420034409, 5392.034987926483, 5483.339076757431, 5574.735076665878, 5665.9570598602295, 5757.129469633102, 5848.400143146515, 5940.122667551041, 6031.513342142105, 6123.090976238251, 6214.32609295845, 6305.987222909927, 6397.422839164734, 6488.697352170944, 6580.105293273926, 6671.490129232407, 6762.771409273148, 6854.056319952011, 6945.368258237839, 7036.6499807834625, 7127.808192491531, 7219.198874235153, 7310.546949148178, 7401.8735704422, 7493.284400939941, 7584.6357798576355, 7675.93808555603, 7767.304325342178, 7858.700968742371, 7949.974647521973, 8041.230985879898, 8132.4618191719055, 8223.693437337875, 8314.959783792496, 8406.196278095245, 8497.544926404953, 8588.897961139679, 8680.176900863647, 8771.53384900093, 8862.998821735382, 8954.374059200287, 9045.803009986877, 9137.184275150299], "timesteps_eval": [8805, 17638, 26471, 35304, 44137, 52970, 61803, 70636, 79469, 88302, 97135, 105968, 114801, 123634, 132467, 141300, 150133, 158966, 167799, 176632, 185465, 194298, 203131, 211964, 220797, 229630, 238463, 247296, 256129, 264962, 273795, 282628, 291461, 300294, 309127, 317960, 326793, 335626, 344459, 353292, 362125, 370958, 379791, 388624, 397457, 406290, 415123, 423956, 432789, 441622, 450455, 459288, 468121, 476954, 485787, 494620, 503453, 512286, 521119, 529952, 538785, 547618, 556451, 565284, 574117, 582950, 591783, 600616, 609449, 618282, 627115, 635948, 644781, 653614, 662447, 671280, 680113, 688946, 697779, 706612, 715445, 724278, 733111, 741944, 750777, 759610, 768443, 777276, 786109, 794942, 803775, 812608, 821441, 830274, 839107, 847940, 856773, 865606, 874439, 883272],