{"gamma": [0.98, 0.98, 0.95], "learning_rate": [-4, -5, -4], "returns_eval": [0.1, 0.0, 0.0, 0.0, 0.0, 0.0, 0.0, 0.0, 0.4, 0.0, 1.1, 0.8, 0.6, 1.1, 7.5, 4.9, 7.7, 9.4, 13.9, 14.6, 22.2, 38.5, 45.1, 39.0, 61.1, 67.9, 79.4, 69.9, 82.3, 76.9, 81.7, 89.2, 96.4, 123.0, 103.6, 104.9, 116.0, 113.2, 114.6, 115.3, 119.4, 130.6, 119.9, 121.8, 125.8, 132.1, 126.4, 124.3, 130.2, 139.1, 136.0, 131.4, 129.7, 134.1, 145.9, 138.9, 139.3, 142.3, 144.6, 150.1, 148.6, 149.7, 146.4, 145.0, 171.6, 158.4, 161.9, 150.8, 164.9, 164.6, 155.7, 144.9, 168.4, 160.8, 167.8, 197.7, 178.7, 222.9, 212.3, 185.1, 168.2, 199.9, 176.4, 180.8, 199.7, 231.7, 241.9, 223.1, 193.2, 214.0, 171.6, 196.9, 213.0, 195.2, 211.1, 241.1, 200.1, 228.9, 237.6, 196.6], "std_returns_eval": [0.30000000000000004, 0.0, 0.0, 0.0, 0.0, 0.0, 0.0, 0.0, 1.2000000000000002, 0.0, 2.9816103031751147, 1.7776388834631178, 0.66332495807108, 2.022374841615669, 7.88986691902975, 5.107837115648853, 4.473253849269009, 7.445804187594515, 6.518435395092905, 13.492219980418346, 12.391932859727735, 13.850992744204294, 21.33752562974442, 9.143303560529969, 21.759825366946306, 18.4143965418365, 13.95850994913139, 17.346181135915767, 9.381364506296512, 14.088647912415158, 20.327567488511754, 13.151425778218877, 21.010473578670236, 15.84929020492716, 18.309560344257314, 17.137386031714406, 15.066519173319364, 20.6, 12.117755567760886, 11.815667564721005, 13.402984742213206, 14.242190842703941, 11.022250223978768, 12.998461447417537, 19.57447317298731, 16.31839452887446, 6.858571279792899, 11.576268828944844, 18.626862323000083, 11.431972708154966, 10.667708282475669, 15.16047492659778, 7.925276020429825, 15.214795430764095, 19.434248120264392, 13.590069904161641, 15.640012787718558, 11.445959985951378, 20.11566553708825, 24.15553766737557, 16.144348856488453, 19.18879881597595, 14.221111067704943, 20.489021450523204, 51.07093106650788, 14.582180906846547, 21.82865089738713, 21.618510586994656, 15.443121446132578, 17.88966181905069, 16.02529250903084, 13.041855696180662, 21.909815152118465, 18.416297130530882, 15.917286200857232, 65.60495408122775, 44.0523552151301, 78.34341069930515, 64.70092735038656, 53.95637126419826, 13.128594745821047, 64.24243146083435, 16.432893841317174, 65.7370519570204, 66.9821618044685, 82.967523766833, 87.49222822628305, 69.63684369642266, 44.653779235357, 74.75827713370607, 39.812560831978644, 58.594282997575796, 59.343070362090295, 55.992499497700585, 68.58199472164688, 70.01778345534797, 58.24508562960484, 74.20303228305431, 66.18791430465232, 31.270433319671156], "timestamps_eval": [89.39071607589722, 176.97358751296997, 264.4967529773712, 352.0681827068329, 439.6628737449646, 527.3396601676941, 614.9633188247681, 702.594973564148, 790.253098487854, 877.9371984004974, 965.584522485733, 1053.2592477798462, 1141.2603995800018, 1229.3488984107971, 1317.5480511188507, 1405.6034927368164, 1493.677838087082, 1581.9437251091003, 1670.1494953632355, 1758.591847896576, 1846.8505475521088, 1935.1370887756348, 2023.383377313614, 2111.8496725559235, 2201.109360218048, 2289.585284471512, 2377.991847753525, 2466.5121648311615, 2554.912358522415, 2643.5364441871643, 2732.0892281532288, 2820.8779757022858, 2909.5395126342773, 2998.171627521515, 3086.8354618549347, 3175.496433496475, 3264.2786202430725, 3353.0025012493134, 3441.7887802124023, 3530.5747520923615, 3619.502538204193, 3708.411345243454, 3797.136196374893, 3885.9704835414886, 3974.744101047516, 4063.5509967803955, 4152.701022148132, 4241.756423711777, 4330.821801185608, 4419.783193826675, 4508.697166442871, 4597.662799358368, 4686.5004715919495, 4775.411153078079, 4864.278427124023, 4953.133642435074, 5041.897763490677, 5130.396745920181, 5219.105686426163, 5307.801215648651, 5396.233750581741, 5484.636656761169, 5573.03332734108, 5661.631524324417, 5764.981727838516, 5853.889132976532, 5941.946735858917, 6029.864200592041, 6117.943233013153, 6206.212371349335, 6294.4671189785, 6382.477518558502, 6470.551397800446, 6558.749319314957, 6646.733289241791, 6749.045072555542, 6851.690314531326, 6968.932473182678, 7071.8349578380585, 7174.610302686691, 7262.6727776527405, 7365.115195989609, 7452.959786653519, 7555.401667833328, 7658.232002735138, 7760.843879699707, 7877.523283004761, 7979.951766967773, 8082.709643363953, 8185.356742143631, 8287.631125926971, 8390.206883907318, 8493.0290081501, 8597.19935464859, 8699.904233694077, 8816.69865989685, 8920.658580064774, 9023.378136634827, 9140.10034942627, 9242.671689987183], "timesteps_eval": [8808, 17642, 26476, 35310, 44144, 52978, 61812, 70646, 79480, 88314, 97148, 105982, 114816, 123650, 132484, 141318, 150152, 158986, 167820, 176654, 185488, 194322, 203156, 211990, 220824, 229658, 238492, 247326, 256160, 264994, 273828, 282662, 291496, 300330, 309164, 317998, 326832, 335666, 344500, 353334, 362168, 371002, 379836, 388670, 397504, 406338, 415172, 424006, 432840, 441674, 450508, 459342, 468176, 477010, 485844, 494678, 503512, 512346, 521180, 530014, 538848, 547682, 556516, 565350, 574184, 583018, 591852, 600686, 609520, 618354, 627188, 636022, 644856, 653690, 662524, 671800, 681072, 689906, 699178, 708012, 717285, 726561, 735395, 744229, 753505, 762339, 771173, 780449, 789720, 798554, 807388, 816222, 825936, 834770, 843604, 852438, 861711, 870545, 879820, 889972],