{"gamma": [0.98, 0.99, 0.95], "learning_rate": [-4, -3, -5], "returns_eval": [1.8, 7.4, 0.8, 2.0, 3.2, 0.6, 3.6, 2.8, 3.8, 4.3, 23.6, 19.6, 40.7, 54.6, 62.0, 68.8, 75.9, 95.0, 95.0, 102.4, 116.1, 106.6, 120.5, 112.5, 108.9, 113.0, 114.6, 124.9, 124.8, 139.5, 120.6, 122.7, 98.4, 84.1, 61.0, 61.2, 75.1, 61.4, 40.5, 34.3, 35.2, 40.4, 36.8, 31.8, 30.8, 30.9, 33.3, 29.5, 18.8, 16.5, 12.9, 13.9, 5.5, 10.9, 11.9, 11.5, 2.5, 1.3, 2.1, 2.4, 3.3, 3.5, 4.0, 5.3, 5.5, 6.9, 9.0, 9.2, 9.8, 14.3, 18.5, 13.2, 19.9, 16.3, 19.8, 33.1, 29.6, 30.6, 35.7, 33.9, 39.1, 37.8, 43.5, 46.1, 54.2, 50.0, 53.9, 49.4, 61.7, 61.4, 72.0, 56.8, 74.2, 70.7, 76.3, 89.3, 84.0, 71.8, 94.7, 84.0], "std_returns_eval": [2.2715633383201097, 6.6663333249995835, 1.6000000000000003, 3.1937438845342623, 2.9933259094191533, 1.2, 4.963869458396343, 3.3704599092705436, 3.994996871087636, 3.551056180912941, 15.994999218505765, 11.79152237838694, 23.061006049173137, 27.521627858831316, 32.22111109195336, 23.70147674724088, 26.37593600234881, 21.475567512873788, 17.070442290696512, 13.055267136294072, 10.387011119662866, 21.331666601557412, 8.163945124754331, 12.159358535712318, 17.276863141207087, 13.076696830622021, 14.847221962373972, 8.63075894692929, 13.89820132247335, 16.560495161679196, 13.462540622037135, 11.739250401963492, 10.355674772799695, 9.24608025057105, 15.238110119040353, 15.374004032782091, 17.75077463098442, 28.56291301670752, 14.901342221424217, 10.53612832116238, 11.608617488745162, 12.395160345876935, 11.320777358467925, 9.937806599043874, 9.724196624914574, 16.07762420259909, 12.9, 11.110805551354051, 7.025667228100119, 10.022474744293447, 7.340980860893182, 11.237882362794158, 4.522167621838006, 12.429400629153443, 12.988071450373223, 12.893796958227627, 1.4317821063276353, 1.3453624047073711, 1.7578395831246945, 2.4576411454889016, 2.7586228448267445, 2.692582403567252, 3.7682887362833544, 3.848376280978772, 4.904079934095692, 6.774215821775979, 2.756809750418044, 5.706137047074842, 8.715503427800371, 9.11098238391448, 5.937171043518958, 7.56042326857432, 6.729784543356496, 9.022749026765624, 4.975942121849891, 6.818357573492315, 10.190191362285598, 11.447270417003349, 10.53612832116238, 18.495675170158023, 12.01207725582882, 9.249864863877741, 14.513786549346797, 17.07307822274589, 18.56232744027537, 17.86057109949175, 14.01748907615055, 15.389606882568508, 15.754681843820268, 24.204131878668978, 14.317821063276353, 18.48675201326615, 23.671924298628532, 23.912549006745394, 23.72783175934961, 21.37311395187889, 13.311649033834989, 25.541339040856883, 18.444782460088817, 26.404545063303022], "timestamps_eval": [89.26290702819824, 177.98995900154114, 263.55958700180054, 349.1000156402588, 434.3985216617584, 519.7780892848969, 605.4247765541077, 691.1201014518738, 776.8036921024323, 862.4532885551453, 948.1072506904602, 1033.9586458206177, 1119.5327982902527, 1205.2312505245209, 1290.7749891281128, 1376.3375797271729, 1462.1404860019684, 1547.7437949180603, 1633.3922441005707, 1719.1040391921997, 1805.5244121551514, 1891.155919790268, 1976.8549857139587, 2062.799905061722, 2148.5299954414368, 2234.1531908512115, 2319.9139969348907, 2405.667905807495, 2491.412672996521, 2577.0448887348175, 2662.5938704013824, 2748.3532717227936, 2834.0259895324707, 2919.5616528987885, 3005.97216963768, 3091.6289188861847, 3177.2450082302094, 3262.775101661682, 3348.2885794639587, 3433.9022829532623, 3519.6718242168427, 3605.398453950882, 3691.0468316078186, 3776.6105592250824, 3862.169565677643, 3947.7685673236847, 4033.2506272792816, 4118.822778701782, 4204.293607711792, 4289.720450878143, 4375.165689706802, 4460.681338787079, 4546.280492544174, 4631.705136060715, 4717.22412610054, 4802.701848983765, 4888.28645324707, 4973.766529798508, 5059.215685606003, 5144.679553985596, 5230.338743448257, 5315.821033477783, 5401.227031469345, 5486.841124296188, 5572.270937681198, 5657.855921268463, 5743.276481866837, 5828.820636749268, 5914.246297359467, 5999.710334300995, 6085.1382076740265, 6170.710252761841, 6256.1265115737915, 6341.618700265884, 6427.318049192429, 6512.98891377449, 6598.45167183876, 6684.024169683456, 6769.540010690689, 6854.995616197586, 6940.483737230301, 7025.970591306686, 7111.556525230408, 7197.197029352188, 7282.730005264282, 7368.362414598465, 7453.93319439888, 7539.569547176361, 7625.090165376663, 7710.799814939499, 7796.362253665924, 7882.064178943634, 7967.817850351334, 8053.577172994614, 8139.185932397842, 8224.993080615997, 8310.924420833588, 8396.698816776276, 8482.36423110962, 8567.99833869934], "timesteps_eval": [8805, 17638, 26471, 35304, 44137, 52970, 61803, 70636, 79469, 88302, 97135, 105968, 114801, 123634, 132467, 141300, 150133, 158966, 167799, 176632, 185465, 194298, 203131, 211964, 220797, 229630, 238463, 247296, 256129, 264962, 273795, 282628, 291461, 300294, 309127, 317960, 326793, 335626, 344459, 353292, 362125, 370958, 379791, 388624, 397457, 406290, 415123, 423956, 432789, 441622, 450455, 459288, 468121, 476954, 485787, 494620, 503453, 512286, 521119, 529952, 538785, 547618, 556451, 565284, 574117, 582950, 591783, 600616, 609449, 618282, 627115, 635948, 644781, 653614, 662447, 671280, 680113, 688946, 697779, 706612, 715445, 724278, 733111, 741944, 750777, 759610, 768443, 777276, 786109, 794942, 803775, 812608, 821441, 830274, 839107, 847940, 856773, 865606, 874439, 883272],