{"gamma": [0.95, 0.98, 0.99], "learning_rate": [-5, -4, -3], "returns_eval": [0.0, 4.6, 15.2, 31.5, 31.5, 31.5, 31.5, 31.5, 31.5, 31.5, 31.5, 31.5, 31.5, 31.5, 31.5, 31.5, 31.5, 31.5, 31.5, 31.5, 31.5, 31.5, 31.5, 31.5, 31.5, 31.5, 31.5, 31.5, 31.5, 31.5, 36.4, 50.1, 50.7, 47.0, 45.6, 80.3, 66.7, 73.1, 56.0, 74.7, 93.8, 98.3, 103.5, 101.7, 114.2, 117.5, 128.4, 131.5, 130.4, 152.7, 159.7, 138.3, 148.1, 142.7, 159.4, 163.1, 152.7, 147.1, 153.8, 163.4, 142.7, 120.3, 116.5, 108.5, 104.6, 110.1, 96.7, 82.0, 90.5, 84.2, 64.9, 77.7, 62.0, 66.6, 55.0, 35.0, 27.1, 22.8, 11.1, 7.0, 10.1, 13.0, 8.4, 12.6, 14.2, 11.6, 5.1, 11.3, 5.2, 3.9, 2.7, 3.0, 2.6, 1.4, 0.9, 3.6, 3.8, 3.5, 2.2, 1.2], "std_returns_eval": [0.0, 4.1521078984053394, 5.670978751503131, 23.64000846023537, 23.64000846023537, 23.64000846023537, 23.64000846023537, 23.64000846023537, 23.64000846023537, 23.64000846023537, 23.64000846023537, 23.64000846023537, 23.64000846023537, 23.64000846023537, 23.64000846023537, 23.64000846023537, 23.64000846023537, 23.64000846023537, 23.64000846023537, 23.64000846023537, 23.64000846023537, 23.64000846023537, 23.64000846023537, 23.64000846023537, 23.64000846023537, 23.64000846023537, 23.64000846023537, 23.64000846023537, 23.64000846023537, 23.64000846023537, 22.019082633025384, 26.470549673174524, 19.76891499298836, 24.470390270692455, 16.906803364326446, 23.004564764411434, 20.119890655766497, 31.062678570915292, 19.50897229481861, 19.63695495742657, 8.97552226892675, 24.008540147205952, 20.160605149647665, 26.057820323273397, 19.51307254124783, 12.257650672131263, 19.427815111329423, 17.85077029150283, 14.534097839219328, 49.687121067737465, 76.58857617164585, 26.653517591492495, 21.70921463342237, 12.806638903318857, 56.933645588527, 15.293462655657809, 16.291408778862557, 15.029637387508723, 21.953587406162118, 23.52530552405218, 11.314150432091665, 18.937000818503442, 14.637281168304447, 12.71416532848303, 14.732277488562318, 15.05622794726488, 17.96691403663968, 19.21457779916072, 16.853782958137323, 15.702229141112417, 16.54962235218677, 22.19031320193566, 15.27743433957417, 23.934076125892137, 23.878860944358298, 12.521980673998822, 14.236923825040295, 20.404901371974333, 8.665448632355973, 10.059821071967434, 6.518435395092905, 5.89915248150105, 7.4859869088851605, 6.916646586316233, 10.879338215167317, 7.405403432629448, 4.7, 7.849203781276162, 3.815756805667783, 3.448187929913333, 2.685144316419511, 3.7682887362833544, 3.7202150475476548, 3.104834939252004, 1.8138357147217055, 5.660388679233963, 4.166533331199932, 2.8722813232690143, 2.9933259094191533, 1.32664991614216], "timestamps_eval": [88.33107447624207, 174.44048738479614, 260.5410404205322, 346.4857106208801, 432.4928901195526, 518.6110103130341, 604.6512501239777, 690.7861473560333, 777.0205311775208, 863.3296253681183, 949.6289761066437, 1035.7839858531952, 1121.8758606910706, 1208.0185377597809, 1294.286877632141, 1380.4271130561829, 1466.703572511673, 1552.8559153079987, 1639.0921185016632, 1725.273291349411, 1811.3578736782074, 1897.5766167640686, 1983.7185080051422, 2069.7926020622253, 2155.8456604480743, 2241.9667155742645, 2328.033730506897, 2414.137356519699, 2500.1642665863037, 2586.2719349861145, 2672.408685684204, 2758.640976667404, 2844.696616411209, 2931.619070291519, 3017.799726486206, 3103.8518941402435, 3189.9536249637604, 3276.2489833831787, 3362.245517730713, 3448.3001248836517, 3534.335038423538, 3620.419549226761, 3706.5090279579163, 3792.6209988594055, 3878.7228763103485, 3964.8846368789673, 4051.78706407547, 4137.828148603439, 4224.05503821373, 4324.184432268143, 4424.427208900452, 4510.670173883438, 4596.8547785282135, 4683.108989238739, 4783.897335529327, 4870.308802843094, 4956.556620597839, 5042.840143442154, 5129.096021413803, 5215.423841238022, 5301.635199546814, 5387.885937929153, 5474.078921556473, 5560.459751605988, 5646.599546670914, 5732.998185873032, 5819.192480325699, 5905.356053113937, 5991.576842308044, 6077.735977888107, 6164.070418596268, 6250.306759119034, 6336.532585144043, 6422.674388408661, 6508.932618141174, 6595.2328748703, 6681.402065992355, 6767.63983631134, 6853.8343501091, 6940.174275159836, 7026.361300230026, 7112.539468288422, 7198.637432336807, 7284.797793388367, 7370.944536924362, 7457.896999835968, 7544.051309108734, 7630.110137939453, 7716.248639583588, 7802.359631538391, 7888.58647274971, 7974.601656913757, 8060.78476691246, 8146.88854432106, 8232.967733383179, 8319.148175001144, 8405.23059630394, 8491.449150800705, 8577.534112215042, 8663.626179218292], "timesteps_eval": [8805, 17638, 26471, 35304, 44137, 52970, 61803, 70636, 79469, 88302, 97135, 105968, 114801, 123634, 132467, 141300, 150133, 158966, 167799, 176632, 185465, 194298, 203131, 211964, 220797, 229630, 238463, 247296, 256129, 264962, 273795, 282628, 291461, 300294, 309127, 317960, 326793, 335626, 344459, 353292, 362125, 370958, 379791, 388624, 397457, 406290, 415123, 423956, 432789, 441622, 450455, 459288, 468121, 476954, 485787, 494620, 503453, 512286, 521119, 529952, 538785, 547618, 556451, 565284, 574117, 582950, 591783, 600616, 609449, 618282, 627115, 635948, 644781, 653614, 662447, 671280, 680113, 688946, 697779, 706612, 715445, 724278, 733111, 741944, 750777, 759610, 768443, 777276, 786109, 794942, 803775, 812608, 821441, 830274, 839107, 847940, 856773, 865606, 874439, 883272],