{"gamma": [0.99, 0.95, 0.98], "learning_rate": [-3, -5, -3], "returns_eval": [0.4, 0.0, 0.0, 0.0, 0.1, 0.0, 1.5, 0.5, 1.5, 0.2, 0.9, 2.0, 1.6, 3.3, 4.8, 1.6, 3.7, 6.0, 9.2, 10.2, 7.1, 9.7, 11.1, 12.9, 6.4, 6.1, 9.4, 7.6, 11.0, 7.8, 5.4, 8.6, 7.9, 7.3, 9.9, 14.9, 10.1, 11.1, 13.9, 13.1, 16.9, 21.1, 24.3, 22.5, 23.0, 21.0, 23.7, 35.0, 32.6, 43.2, 44.9, 27.7, 44.7, 48.4, 51.9, 47.3, 45.7, 46.9, 53.3, 53.8, 46.5, 43.6, 32.3, 16.7, 8.5, 3.0, 3.0, 2.5, 2.8, 2.8, 2.5, 1.7, 0.8, 3.3, 3.8, 3.6, 2.9, 2.9, 4.3, 2.7, 2.0, 5.4, 2.9, 3.7, 3.2, 3.4, 2.5, 4.3, 4.0, 4.1, 2.9, 5.4, 6.1, 4.1, 4.5, 2.4, 5.9, 4.7, 4.2, 4.1], "std_returns_eval": [0.9165151389911681, 0.0, 0.0, 0.0, 0.30000000000000004, 0.0, 3.2015621187164243, 1.02469507659596, 1.857417562100671, 0.4000000000000001, 2.118962010041709, 3.794733192202055, 3.2619012860600183, 3.4942810419312296, 5.81033561853358, 2.0591260281974, 2.451530134426253, 5.440588203494177, 3.682390527904394, 10.759182125050211, 6.410148204214938, 6.664082832618454, 6.456779382943171, 7.555792479945436, 5.257375771237966, 5.52177507691141, 8.627861844049198, 5.3516352641038605, 8.62554346113913, 4.237924020083418, 3.5832945734337835, 3.9293765408777004, 6.10655385630881, 4.980963762164908, 7.422263805605404, 6.744627491566899, 6.862215385719104, 7.7775317421403045, 10.587256490706174, 6.315853069855252, 6.503076195155644, 10.709341716464182, 12.609916732476865, 8.868483523128406, 10.478549517943788, 14.38054240979804, 10.526632889960588, 13.512956745287095, 16.463292501805345, 14.92514656544451, 22.51865892987413, 5.848931526355904, 21.513019313894553, 18.01221807551752, 18.057962232765913, 12.008746812219833, 20.60606706773517, 16.23853441662763, 23.660304309116565, 17.971087891388212, 14.948244044034068, 14.974645237867906, 18.558286558839423, 10.469479452198184, 7.200694410957877, 3.4641016151377544, 1.6733200530681511, 4.341658669218482, 2.9597297173897483, 3.7363083384538807, 3.4132096331752027, 2.051828452868319, 1.2489995996796797, 2.72213151776324, 1.077032961426901, 2.5768197453450252, 1.9723082923316022, 2.2113344387495983, 2.41039415863879, 1.9519221295943134, 1.61245154965971, 0.66332495807108, 1.9723082923316022, 1.4177446878757824, 1.4000000000000001, 2.2, 1.284523257866513, 1.676305461424021, 2.0976176963403033, 1.3, 1.8138357147217055, 2.5768197453450252, 2.5475478405713994, 2.3000000000000003, 2.1095023109728985, 2.0591260281974, 2.913760456866693, 2.238302928559939, 2.227105745132009, 1.9209372712298547], "timestamps_eval": [89.06271600723267, 175.96395182609558, 263.07894468307495, 351.0218517780304, 438.49059104919434, 525.8854215145111, 613.3327782154083, 700.8669302463531, 788.503947019577, 876.1032001972198, 966.0225718021393, 1054.1523361206055, 1141.7428262233734, 1229.3495662212372, 1317.0334677696228, 1404.6713607311249, 1492.8336296081543, 1580.5946600437164, 1668.3763890266418, 1756.0605828762054, 1843.7508132457733, 1931.54501247406, 2019.217325925827, 2106.7513694763184, 2194.464944601059, 2282.043264389038, 2369.8028717041016, 2457.4512269496918, 2545.138620376587, 2632.7242093086243, 2720.396249294281, 2808.0339148044586, 2895.762769460678, 2983.5084166526794, 3071.191721200943, 3159.0881168842316, 3246.7669405937195, 3334.7246539592743, 3422.5551080703735, 3511.0393438339233, 3598.8452603816986, 3686.5484063625336, 3774.370638370514, 3862.140946149826, 3949.9251923561096, 4037.7442178726196, 4125.4889669418335, 4213.2807676792145, 4301.1588344573975, 4388.948244810104, 4476.839975833893, 4564.623818397522, 4652.467202425003, 4740.247883081436, 4828.611733198166, 4916.487829685211, 5004.539391040802, 5092.344155788422, 5180.437552213669, 5268.275573968887, 5356.128661394119, 5444.1644105911255, 5531.929361104965, 5619.534623146057, 5707.240821838379, 5795.0435428619385, 5882.68653678894, 5970.247312307358, 6057.9925673007965, 6145.6418743133545, 6233.469292879105, 6321.192703962326, 6408.91904258728, 6496.593152999878, 6584.359496593475, 6672.070830345154, 6759.931162118912, 6847.625505685806, 6935.464699268341, 7023.262107133865, 7111.031203746796, 7198.705306768417, 7286.6323075294495, 7374.2782766819, 7462.13192987442, 7549.863164901733, 7637.748698949814, 7725.3832051754, 7813.151916027069, 7900.971276283264, 7988.876769065857, 8076.774939537048, 8165.008242845535, 8252.906670093536, 8340.767194032669, 8428.69244670868, 8516.596288204193, 8604.61582994461, 8692.644900798798, 8780.521975517273], "timesteps_eval": [8804, 17635, 26466, 35297, 44128, 52959, 61790, 70621, 79452, 88283, 97114, 105945, 114776, 123607, 132438, 141269, 150100, 158931, 167762, 176593, 185424, 194255, 203086, 211917, 220748, 229579, 238410, 247241, 256072, 264903, 273734, 282565, 291396, 300227, 309058, 317889, 326720, 335551, 344382, 353213, 362044, 370875, 379706, 388537, 397368, 406199, 415030, 423861, 432692, 441523, 450354, 459185, 468016, 476847, 485678, 494509, 503340, 512171, 521002, 529833, 538664, 547495, 556326, 565157, 573988, 582819, 591650, 600481, 609312, 618143, 626974, 635805, 644636, 653467, 662298, 671129, 679960, 688791, 697622, 706453, 715284, 724115, 732946, 741777, 750608, 759439, 768270, 777101, 785932, 794763, 803594, 812425, 821256, 830087, 838918, 847749, 856580, 865411, 874242, 883073],