{"gamma": 0.9, "learning_rate": -4, "clip": 0.4, "returns_eval": [0.0, 0.0, 0.0, 4.6, 4.7, 14.1, 32.5, 48.3, 60.3, 69.6, 84.8, 100.7, 110.6, 127.8, 126.4, 143.9, 136.3, 143.1, 159.0, 147.2, 160.7, 161.6, 209.8, 197.0, 231.2, 288.7, 237.1, 269.9, 217.7, 219.1, 278.1, 254.4, 223.9, 287.5, 234.8, 262.9, 301.2, 257.1, 297.4, 319.8, 319.5, 351.5, 286.6, 414.6, 347.0, 348.2, 370.1, 365.5, 336.9, 389.6, 356.0, 348.7, 367.6, 388.2, 377.3, 385.5, 343.6, 382.5, 389.3, 403.0, 381.9, 360.4, 408.9, 393.4, 363.0, 380.6, 408.5, 368.7, 353.0, 395.7, 347.9, 417.8, 364.3, 363.2, 382.5, 364.4, 316.8, 374.1, 383.4, 398.3, 356.9, 375.3, 396.9, 369.5, 333.3, 409.8, 365.3, 429.1, 402.7, 404.3, 421.1, 348.9, 388.9, 350.9, 410.1, 434.0, 421.4, 419.3, 426.7, 435.7], "std_returns_eval": [0.0, 0.0, 0.0, 2.4979991993593593, 3.551056180912941, 12.111564721372709, 14.644111444536332, 22.987170334775875, 18.926436537288257, 25.811625287842684, 22.46686448973243, 19.261619869574833, 18.8, 29.04410439314664, 11.655041827466771, 23.84722206044134, 14.913416778190033, 22.38503964704999, 12.457929201917949, 18.723247581549522, 15.556670594957009, 23.078994778802652, 85.55325826641555, 57.51521537819362, 83.85559015354909, 108.59286348559006, 101.94650558013257, 87.03269500595738, 73.31582366720025, 82.5184221855944, 112.7141960890464, 90.37610303614557, 86.90506314363968, 90.58283501856188, 80.60124068524007, 86.17592471218397, 106.65439512743954, 88.87795002136356, 91.46605927883851, 83.62989895964242, 118.14080582085091, 83.89308672351972, 110.08106104139803, 27.97570374449944, 78.75404751503252, 83.55213941007136, 99.70702081598868, 66.77312333566552, 104.35176088595726, 74.40188169663453, 85.78577970736175, 93.04412931507285, 95.1222371477879, 76.77864286375477, 74.56279232968679, 73.72821712207613, 100.54372183284244, 106.16896910114556, 72.92880089511962, 23.66854452643846, 70.15190660274315, 88.50898259498864, 24.39446658568291, 72.40055248407984, 89.84987479123163, 96.91769704238746, 28.489471739574252, 92.45544873072652, 115.73331413210286, 75.71796352253538, 83.17505635705935, 39.086570583769564, 93.8850893379774, 98.83096680696795, 73.05648499620003, 87.18509046849697, 103.80635818677004, 94.46846034523902, 67.99294081005763, 78.45897016912726, 87.7604124876359, 95.21874815392187, 37.97749333486875, 91.40924460906567, 110.14994325917739, 31.628468189275306, 89.51206622573295, 31.472051092993606, 81.08520210247983, 25.721780653757236, 25.89768329407092, 115.21063318982324, 109.39419545844285, 115.05863722467775, 77.97236690007557, 23.727621035409346, 79.79248084876168, 23.891630333654504, 26.073166282597903, 27.856956043329646], "timestamps_eval": [89.55977582931519, 176.88020062446594, 263.97912335395813, 351.06364130973816, 438.94391202926636, 526.7094559669495, 614.3471610546112, 701.6352894306183, 788.9375219345093, 876.7934834957123, 965.6375188827515, 1054.10626912117, 1141.323884010315, 1228.5944168567657, 1316.0627748966217, 1403.2687945365906, 1492.6717817783356, 1579.7761888504028, 1667.410983324051, 1754.6538939476013, 1841.8270585536957, 1929.0715005397797, 2030.6075220108032, 2131.7891759872437, 2232.987793445587, 2348.376847267151, 2464.1263740062714, 2579.5593106746674, 2695.1089334487915, 2797.282548904419, 2912.7769210338593, 3028.365931034088, 3146.49063205719, 3262.786228656769, 3364.2302327156067, 3480.624993085861, 3596.723867893219, 3712.734330892563, 3828.9754405021667, 3945.738290786743, 4061.5706169605255, 4177.778213262558, 4279.90162229538, 4395.882682085037, 4512.338667631149, 4628.215137481689, 4747.80033826828, 4864.652971029282, 4981.046316385269, 5097.121456861496, 5213.908726215363, 5331.0386617183685, 5447.019755125046, 5562.834483385086, 5679.56189250946, 5795.882224082947, 5911.906785488129, 6028.489753246307, 6144.774471282959, 6260.478617429733, 6377.00790810585, 6493.891641616821, 6609.95530796051, 6725.185323476791, 6840.695930957794, 6956.513651132584, 7072.882331609726, 7188.7987105846405, 7305.003777265549, 7420.846150398254, 7537.5081532001495, 7653.354549407959, 7769.790508747101, 7885.488470554352, 8002.391067504883, 8118.8816039562225, 8234.61486029625, 8350.23239994049, 8466.727459430695, 8583.187280654907, 8699.098758935928, 8815.492737531662, 8931.848468542099, 9047.694499731064, 9163.9711728096, 9279.741256713867, 9395.93445277214, 9512.144966840744, 9629.993606567383, 9746.266324996948, 9862.62602686882, 9978.887788534164, 10095.833126544952, 10212.374315023422, 10328.588364362717, 10444.637687444687, 10560.544085979462, 10677.374476909637, 10793.416775226593, 10909.319959402084], "timesteps_eval": [8802, 17640, 26478, 35316, 44154, 52992, 61830, 70668, 79506, 88344, 97182, 106020, 114858, 123696, 132534, 141372, 150210, 159048, 167886, 176724, 185562, 194400, 203238, 212515, 221353, 230630, 240347, 249624, 259784, 269061, 278338, 287615, 296890, 306608, 316762, 327797, 338395, 348116, 359151, 369306, 377921, 388447, 397931, 408905, 419498, 430094, 440912, 449224, 457692, 467844, 475724, 487699, 499020, 505123, 512832, 521438, 528352, 539160, 547916, 553792, 561878, 567838, 576226, 588801, 594685, 600670, 609511, 620640, 631541, 641405, 647224, 654823, 664627, 674073, 681285, 687328, 694858, 698621, 707546, 718958, 726409, 729013, 734498, 744535, 752182, 762622, 774266, 780369, 786368, 796910, 806280, 814612, 824629, 833287, 842941, 848850, 853194, 860444, 869856, 878103],