{"gamma": [0.95, 0.95, 0.95], "learning_rate": [-5, -3, -5], "returns_eval": [0.0, 0.0, 1.3, 2.6, 0.0, 1.1, 17.4, 15.2, 17.9, 18.5, 21.1, 22.9, 30.5, 30.5, 30.5, 30.5, 30.5, 30.5, 30.5, 30.5, 30.5, 30.5, 30.5, 30.5, 31.0, 28.0, 29.7, 44.4, 42.5, 57.4, 64.8, 64.8, 79.3, 80.2, 78.0, 79.4, 87.0, 76.3, 107.3, 92.9, 100.4, 107.3, 113.0, 106.6, 113.6, 114.0, 104.3, 104.6, 110.2, 104.3, 98.9, 95.9, 98.8, 77.6, 58.3, 76.5, 57.4, 81.7, 62.7, 57.9, 57.3, 64.2, 69.4, 68.3, 85.2, 88.4, 86.7, 91.7, 101.2, 100.5, 109.9, 106.7, 119.9, 115.8, 117.1, 119.9, 121.9, 123.0, 128.1, 127.4, 123.8, 140.9, 123.6, 127.2, 140.6, 130.5, 141.9, 140.1, 139.9, 146.3, 145.2, 152.1, 155.0, 159.2, 157.7, 152.0, 145.8, 180.1, 153.9, 161.4], "std_returns_eval": [0.0, 0.0, 2.9681644159311658, 3.0397368307141326, 0.0, 2.662705391138869, 15.239422561238992, 9.042123644365853, 7.462573282722254, 10.818964830333815, 11.57972365818805, 10.044401425669925, 23.55525419094432, 23.55525419094432, 23.55525419094432, 23.55525419094432, 23.55525419094432, 23.55525419094432, 23.55525419094432, 23.55525419094432, 23.55525419094432, 23.55525419094432, 23.55525419094432, 23.55525419094432, 23.25510696599781, 14.89966442575134, 15.046926596484745, 24.401639289195305, 19.60229578391266, 21.331666601557412, 27.694042680692178, 29.29778148597603, 29.52981544134673, 27.2609610982445, 28.121166405396487, 31.292810675936416, 24.112237556892143, 22.5257630281418, 20.435508312738396, 21.88812463414808, 11.706408501329518, 16.068914089010494, 15.811388300841896, 17.408044117591157, 16.273905493150686, 12.617448236470002, 22.873784120691532, 24.389341934541818, 11.7285975291166, 17.012054549642144, 18.21235844145398, 15.833192981834081, 19.49256268426499, 26.32565288839006, 16.894081803992783, 16.51211676315305, 16.206171663906314, 22.392186137132747, 22.969762732775454, 19.66443490161871, 20.876062847194152, 24.870866490735704, 13.857849761056006, 20.75596299861801, 19.035755829490984, 22.926840166058646, 22.777401080895952, 15.918856742869446, 13.847743498491008, 19.127205755154097, 7.147726911403373, 6.197580172938467, 14.145317246354002, 16.345029825607536, 12.210241602851273, 16.52543494132605, 16.531485111749642, 14.44299137990465, 15.750872991678905, 15.90723106011854, 14.183088521193119, 18.002499826412997, 13.99428454762872, 10.037928073063684, 13.778243719719867, 17.698870020427858, 22.389506470666117, 24.7, 26.277176408434755, 17.692088627406317, 11.94822162499508, 16.071403174583107, 22.7508241608958, 20.492925608609426, 19.514353691577902, 16.583123951777, 20.06888138387389, 58.72725091471591, 17.137386031714403, 15.512575543732252], "timestamps_eval": [90.57615637779236, 179.02224469184875, 267.50495743751526, 356.00943994522095, 444.5515458583832, 533.0861494541168, 621.6393659114838, 710.2676532268524, 798.9367253780365, 887.5493385791779, 976.1714158058167, 1064.7048962116241, 1153.3111026287079, 1241.8520476818085, 1330.3781270980835, 1418.9552574157715, 1507.4576139450073, 1595.9855268001556, 1684.4355082511902, 1772.9051036834717, 1861.347764492035, 1949.809267282486, 2038.329259634018, 2126.800584793091, 2215.6188821792603, 2304.120712041855, 2392.68496632576, 2481.202827692032, 2569.698546886444, 2658.169193506241, 2746.6799850463867, 2835.1166620254517, 2923.6021983623505, 3012.1390771865845, 3100.674607515335, 3189.1566302776337, 3277.8210718631744, 3366.3922321796417, 3454.969880104065, 3543.5052587985992, 3632.1208460330963, 3720.8129999637604, 3809.5560994148254, 3898.979548215866, 3987.6061561107635, 4076.3400156497955, 4165.320511102676, 4254.288603067398, 4343.074747800827, 4433.097663164139, 4521.359344005585, 4609.633769273758, 4698.133229255676, 4786.747858285904, 4875.419617652893, 4964.2259957790375, 5053.130006313324, 5142.02338719368, 5230.810791015625, 5319.701744556427, 5408.3877584934235, 5497.082159280777, 5585.686579465866, 5674.350357294083, 5762.938648223877, 5851.475870132446, 5940.0399215221405, 6028.570887327194, 6117.32272195816, 6205.8662831783295, 6294.533543586731, 6383.140184879303, 6471.851089477539, 6560.503417730331, 6649.127297401428, 6737.659399271011, 6826.342427492142, 6914.907732248306, 7003.521379470825, 7092.166632175446, 7180.741885185242, 7269.450414180756, 7358.2087688446045, 7446.900729894638, 7535.544069051743, 7624.304565668106, 7712.864330291748, 7801.391563177109, 7890.070110082626, 7978.661925792694, 8067.6602873802185, 8156.619932413101, 8245.68779349327, 8334.708307027817, 8423.860681056976, 8513.088322877884, 8601.714666128159, 8704.722555160522, 8793.620029211044, 8882.344836235046], "timesteps_eval": [8804, 17635, 26466, 35297, 44128, 52959, 61790, 70621, 79452, 88283, 97114, 105945, 114776, 123607, 132438, 141269, 150100, 158931, 167762, 176593, 185424, 194255, 203086, 211917, 220748, 229579, 238410, 247241, 256072, 264903, 273734, 282565, 291396, 300227, 309058, 317889, 326720, 335551, 344382, 353213, 362044, 370875, 379706, 388537, 397368, 406199, 415030, 423861, 432692, 441523, 450354, 459185, 468016, 476847, 485678, 494509, 503340, 512171, 521002, 529833, 538664, 547495, 556326, 565157, 573988, 582819, 591650, 600481, 609312, 618143, 626974, 635805, 644636, 653467, 662298, 671129, 679960, 688791, 697622, 706453, 715284, 724115, 732946, 741777, 750608, 759439, 768270, 777101, 785932, 794763, 803594, 812425, 821256, 830087, 838918, 847749, 856580, 865411, 874681, 883512],