{"gamma": [0.98, 0.99, 0.95], "learning_rate": [-4, -5, -4], "returns_eval": [0.1, 0.0, 0.0, 0.0, 0.0, 0.0, 0.0, 0.0, 0.4, 0.0, 1.1, 0.8, 0.6, 1.1, 7.5, 4.9, 7.7, 9.4, 13.9, 14.6, 22.2, 38.5, 45.1, 39.0, 61.1, 67.9, 79.4, 69.9, 82.3, 76.9, 81.7, 100.4, 96.3, 102.9, 105.8, 102.8, 106.6, 112.6, 110.8, 119.1, 122.9, 123.8, 129.3, 119.8, 132.7, 125.1, 128.4, 129.0, 132.9, 127.9, 141.0, 127.1, 129.3, 137.1, 126.7, 128.9, 139.0, 131.9, 131.6, 140.0, 144.6, 132.3, 138.8, 146.3, 149.5, 145.2, 161.6, 173.0, 156.4, 153.6, 155.9, 161.9, 173.1, 159.8, 152.9, 164.4, 187.7, 206.1, 164.1, 185.3, 183.0, 171.2, 176.3, 161.7, 172.1, 198.3, 205.1, 217.6, 206.6, 193.3, 215.1, 268.9, 240.2, 234.4, 243.1, 261.4, 259.8, 245.3, 266.3, 253.6], "std_returns_eval": [0.30000000000000004, 0.0, 0.0, 0.0, 0.0, 0.0, 0.0, 0.0, 1.2000000000000002, 0.0, 2.9816103031751147, 1.7776388834631178, 0.66332495807108, 2.022374841615669, 7.88986691902975, 5.107837115648853, 4.473253849269009, 7.445804187594515, 6.518435395092905, 13.492219980418346, 12.391932859727735, 13.850992744204294, 21.33752562974442, 9.143303560529969, 21.759825366946306, 18.4143965418365, 13.95850994913139, 17.346181135915767, 9.381364506296512, 14.088647912415158, 20.327567488511754, 12.240914998479484, 16.08135566424672, 13.981773850266638, 15.63841424185969, 14.246403054806501, 18.418468991748473, 20.18018830437417, 12.69488085804668, 11.475626344561764, 21.39369065869655, 17.16275036233995, 20.209156340629363, 13.151425778218876, 13.236691429507601, 16.275441622272496, 14.270248771482578, 15.251229458637097, 9.9443451267542, 7.034912934784622, 18.45535152740256, 15.99656213065795, 12.681088281373961, 10.406248123122953, 15.349592828475942, 7.077428911688198, 13.542525613784159, 22.708808863522542, 14.827002394280512, 8.306623862918075, 16.799999999999997, 13.364505228402583, 13.35514881983724, 9.879777325425913, 16.3783393541592, 11.391224692718515, 52.74883884977943, 36.20220987729893, 13.514436725220923, 11.918053532351665, 16.434415109762806, 10.014489502715554, 35.27449503536514, 20.917934888511343, 19.937151250868315, 15.640971836813723, 42.08336963694804, 62.695215128429055, 18.976037521042162, 41.646248330431874, 37.282703764614496, 19.56936381183609, 38.54620603898651, 15.238438240187213, 18.392661580097645, 54.92913616651913, 59.365730855435444, 62.56388734725489, 66.35992766723001, 51.79198779734178, 61.37988269783512, 83.42355782391446, 67.73152884735438, 68.38157646617984, 81.97859476717078, 83.33450665840651, 71.53432742397176, 73.13555906670844, 80.88763811609287, 65.95028430567984], "timestamps_eval": [89.02041721343994, 176.04303884506226, 263.0832750797272, 350.4706275463104, 437.76954770088196, 524.8486654758453, 612.2022805213928, 699.4631140232086, 787.005824804306, 874.6158013343811, 961.9742646217346, 1049.606284379959, 1137.2130899429321, 1225.158096075058, 1312.7587203979492, 1400.5814180374146, 1488.1233389377594, 1575.817059993744, 1663.6920557022095, 1751.3253955841064, 1838.8214190006256, 1926.3907451629639, 2014.1065397262573, 2101.892149448395, 2189.740135192871, 2277.6407704353333, 2365.6196205615997, 2453.4974358081818, 2541.2244935035706, 2628.972008228302, 2716.7371957302094, 2804.5670783519745, 2892.358562231064, 2980.1170921325684, 3067.779099225998, 3155.411530017853, 3242.9838750362396, 3330.683235645294, 3418.2658150196075, 3505.9474766254425, 3593.615605354309, 3681.441119670868, 3769.411704301834, 3857.3019247055054, 3945.1265835762024, 4032.9058735370636, 4122.0617752075195, 4209.920645952225, 4297.674680709839, 4385.503266811371, 4473.371806383133, 4561.06018781662, 4648.784601926804, 4736.4598841667175, 4824.0848026275635, 4911.880018234253, 4999.486631155014, 5087.00895690918, 5174.761729955673, 5262.696555137634, 5350.474733352661, 5438.1441078186035, 5525.80912566185, 5613.551644563675, 5701.185121536255, 5788.938262462616, 5890.81782245636, 5992.989372968674, 6080.883600950241, 6168.675028085709, 6256.530557870865, 6344.3338968753815, 6446.4961931705475, 6534.995154619217, 6622.8043603897095, 6710.746004581451, 6812.720541000366, 6914.886700868607, 7002.840562105179, 7104.938228130341, 7207.075595140457, 7294.758836507797, 7396.572541236877, 7484.224660873413, 7572.100237369537, 7673.887224197388, 7775.987237930298, 7877.956673145294, 7980.3353090286255, 8082.787085771561, 8184.7885658741, 8300.930388689041, 8416.827487707138, 8533.212393760681, 8649.461047172546, 8765.413305282593, 8882.465365409851, 8984.951514005661, 9101.057550907135, 9217.811649084091], "timesteps_eval": [8808, 17642, 26476, 35310, 44144, 52978, 61812, 70646, 79480, 88314, 97148, 105982, 114816, 123650, 132484, 141318, 150152, 158986, 167820, 176654, 185488, 194322, 203156, 211990, 220824, 229658, 238492, 247326, 256160, 264994, 273828, 282662, 291496, 300330, 309164, 317998, 326832, 335666, 344500, 353334, 362168, 371002, 379836, 388670, 397504, 406338, 415172, 424006, 432840, 441674, 450508, 459342, 468176, 477010, 485844, 494678, 503512, 512346, 521180, 530014, 538848, 547682, 556516, 565350, 574184, 583018, 591852, 600686, 609520, 618354, 627188, 636022, 644856, 653690, 662524, 671358, 680192, 689026, 697860, 706694, 715965, 724799, 733633, 742467, 751301, 760572, 769406, 778240, 787512, 796346, 805180, 814456, 823290, 833004, 843157, 854189, 864339, 875374, 883543, 892962],