{"gamma": [0.98, 0.98, 0.98], "learning_rate": [-4, -5, -5], "returns_eval": [0.1, 0.0, 0.0, 0.0, 0.0, 0.0, 0.0, 0.0, 0.4, 0.0, 1.1, 0.8, 0.6, 1.1, 7.5, 4.9, 7.7, 9.4, 13.9, 14.6, 22.2, 38.5, 45.1, 39.0, 61.1, 67.9, 79.4, 69.9, 82.3, 76.9, 81.7, 89.2, 96.4, 123.0, 103.6, 104.9, 116.0, 113.2, 114.6, 115.3, 119.4, 130.6, 119.9, 121.8, 125.8, 132.1, 126.4, 124.3, 130.2, 139.1, 136.0, 131.4, 129.7, 134.1, 145.9, 138.9, 139.3, 142.3, 144.6, 150.1, 148.2, 146.8, 164.9, 164.8, 143.3, 157.2, 142.2, 151.7, 160.1, 155.8, 163.5, 152.9, 178.4, 181.3, 163.7, 152.4, 154.6, 180.2, 166.5, 183.5, 180.6, 159.1, 164.6, 164.4, 161.1, 152.0, 165.8, 161.7, 181.8, 170.7, 159.7, 227.8, 181.3, 224.7, 188.5, 172.3, 228.3, 171.1, 187.7, 214.9], "std_returns_eval": [0.30000000000000004, 0.0, 0.0, 0.0, 0.0, 0.0, 0.0, 0.0, 1.2000000000000002, 0.0, 2.9816103031751147, 1.7776388834631178, 0.66332495807108, 2.022374841615669, 7.88986691902975, 5.107837115648853, 4.473253849269009, 7.445804187594515, 6.518435395092905, 13.492219980418346, 12.391932859727735, 13.850992744204294, 21.33752562974442, 9.143303560529969, 21.759825366946306, 18.4143965418365, 13.95850994913139, 17.346181135915767, 9.381364506296512, 14.088647912415158, 20.327567488511754, 13.151425778218877, 21.010473578670236, 15.84929020492716, 18.309560344257314, 17.137386031714406, 15.066519173319364, 20.6, 12.117755567760886, 11.815667564721005, 13.402984742213206, 14.242190842703941, 11.022250223978768, 12.998461447417537, 19.57447317298731, 16.31839452887446, 6.858571279792899, 11.576268828944844, 18.626862323000083, 11.431972708154966, 10.667708282475669, 15.16047492659778, 7.925276020429825, 15.214795430764095, 19.434248120264392, 13.590069904161641, 15.640012787718558, 11.445959985951378, 20.11566553708825, 24.15553766737557, 20.841305141473267, 19.203124745728235, 45.39482349343369, 46.08861030666905, 23.694092090645718, 15.663971399361019, 16.69610733075228, 19.17837323653912, 22.002045359466017, 18.037738217415175, 19.668502739151243, 19.861772327765717, 49.00653017711007, 64.53069037287607, 15.27121475194426, 21.923503369671554, 19.96597105076535, 49.71076342201958, 20.79062288629179, 55.83950214677778, 56.524684873071166, 18.833215338863408, 13.35065541462291, 10.6226173799116, 15.597756248896827, 18.595698427324532, 22.36425719759098, 16.217583050504167, 60.408277578490846, 59.71440362257669, 15.780050697003482, 83.52700162222992, 49.445019971681674, 79.95504987178734, 54.914934216477036, 11.437219941926447, 93.9947338950433, 19.94216638181519, 52.33746268209799, 78.91824884017637], "timestamps_eval": [93.6975040435791, 183.09911108016968, 272.18537306785583, 361.309690952301, 450.4226155281067, 539.6123180389404, 628.8339965343475, 718.5676083564758, 807.7249147891998, 896.6699845790863, 985.7606956958771, 1074.7303421497345, 1163.7397665977478, 1252.9266006946564, 1341.8905611038208, 1430.8091638088226, 1519.7170341014862, 1608.7621095180511, 1697.8892300128937, 1787.0561594963074, 1876.4810464382172, 1965.4461801052094, 2054.54527926445, 2143.5334582328796, 2232.5469539165497, 2321.4987580776215, 2410.5119416713715, 2499.7512650489807, 2588.832555770874, 2677.8795626163483, 2766.884650707245, 2856.0116832256317, 2944.937253475189, 3033.9775018692017, 3123.1605257987976, 3212.008218765259, 3300.9606988430023, 3389.5888719558716, 3478.3316168785095, 3567.0288269519806, 3655.759595632553, 3744.5542483329773, 3833.2184274196625, 3921.786643743515, 4010.44748210907, 4099.582422018051, 4188.61205124855, 4277.422429561615, 4365.954891443253, 4454.644362926483, 4543.135991573334, 4631.574021816254, 4720.000097751617, 4808.758283853531, 4897.727322340012, 4986.572172641754, 5075.091439962387, 5163.512895822525, 5251.859027862549, 5340.20565366745, 5428.76758646965, 5517.109550714493, 5620.14967918396, 5722.725855112076, 5810.99377322197, 5899.23167181015, 5987.452178001404, 6075.92068362236, 6164.535916566849, 6252.999989032745, 6341.170753955841, 6429.439183473587, 6532.133865594864, 6634.671182155609, 6722.917456626892, 6811.246695756912, 6899.48143196106, 7002.1381504535675, 7090.651178598404, 7193.201659202576, 7295.597529888153, 7383.677505016327, 7472.022145748138, 7561.269980430603, 7649.567460775375, 7737.651381969452, 7825.719784021378, 7914.105004310608, 8016.466355800629, 8118.645414113998, 8206.828062534332, 8323.43646121025, 8425.963499546051, 8528.675299167633, 8631.026085853577, 8719.30019068718, 8821.71579170227, 8909.962541818619, 9012.177510261536, 9129.060404539108], "timesteps_eval": [8808, 17642, 26476, 35310, 44144, 52978, 61812, 70646, 79480, 88314, 97148, 105982, 114816, 123650, 132484, 141318, 150152, 158986, 167820, 176654, 185488, 194322, 203156, 211990, 220824, 229658, 238492, 247326, 256160, 264994, 273828, 282662, 291496, 300330, 309164, 317998, 326832, 335666, 344500, 353334, 362168, 371002, 379836, 388670, 397504, 406338, 415172, 424006, 432840, 441674, 450508, 459342, 468176, 477010, 485844, 494678, 503512, 512346, 521180, 530014, 538848, 547682, 556516, 565350, 574184, 583018, 591852, 600686, 609520, 618354, 627188, 636022, 644856, 653690, 662524, 671358, 680192, 689026, 697860, 706694, 715528, 724362, 733196, 742030, 750864, 759698, 768532, 777366, 786200, 795034, 804306, 813140, 821974, 830808, 839642, 849356, 858190, 867465, 876299, 885575],