{"gamma": 0.98, "learning_rate": -1, "clip": 0.3, "returns_eval": [0.0, 0.0, 0.0, 0.0, 0.0, 0.0, 0.0, 0.0, 0.0, 0.0, 0.0, 0.0, 0.0, 0.0, 0.0, 0.0, 0.0, 0.0, 0.0, 0.0, 0.0, 0.0, 0.0, 0.0, 0.0, 0.0, 0.0, 0.0, 0.0, 0.0, 0.0, 0.0, 0.0, 0.0, 0.0, 0.0, 0.0, 0.0, 0.0, 0.0, 0.0, 0.0, 0.0, 0.0, 0.0, 0.0, 0.0, 0.0, 0.0, 0.0, 0.0, 22.8, 22.8, 22.8, 22.8, 22.8, 22.8, 22.8, 22.8, 22.8, 22.8, 22.8, 22.8, 22.8, 22.8, 22.8, 22.8, 22.8, 22.8, 22.8, 22.8, 22.8, 22.8, 22.8, 22.8, 22.8, 22.8, 22.8, 22.8, 22.8, 22.8, 22.8, 22.8, 22.8, 22.8, 22.8, 22.8, 22.8, 22.8, 22.8, 22.8, 22.8, 22.8, 22.8, 22.8, 22.8, 22.8, 22.8, 22.8, 22.8], "std_returns_eval": [0.0, 0.0, 0.0, 0.0, 0.0, 0.0, 0.0, 0.0, 0.0, 0.0, 0.0, 0.0, 0.0, 0.0, 0.0, 0.0, 0.0, 0.0, 0.0, 0.0, 0.0, 0.0, 0.0, 0.0, 0.0, 0.0, 0.0, 0.0, 0.0, 0.0, 0.0, 0.0, 0.0, 0.0, 0.0, 0.0, 0.0, 0.0, 0.0, 0.0, 0.0, 0.0, 0.0, 0.0, 0.0, 0.0, 0.0, 0.0, 0.0, 0.0, 0.0, 10.283968105745954, 10.283968105745954, 10.283968105745954, 10.283968105745954, 10.283968105745954, 10.283968105745954, 10.283968105745954, 10.283968105745954, 10.283968105745954, 10.283968105745954, 10.283968105745954, 10.283968105745954, 10.283968105745954, 10.283968105745954, 10.283968105745954, 10.283968105745954, 10.283968105745954, 10.283968105745954, 10.283968105745954, 10.283968105745954, 10.283968105745954, 10.283968105745954, 10.283968105745954, 10.283968105745954, 10.283968105745954, 10.283968105745954, 10.283968105745954, 10.283968105745954, 10.283968105745954, 10.283968105745954, 10.283968105745954, 10.283968105745954, 10.283968105745954, 10.283968105745954, 10.283968105745954, 10.283968105745954, 10.283968105745954, 10.283968105745954, 10.283968105745954, 10.283968105745954, 10.283968105745954, 10.283968105745954, 10.283968105745954, 10.283968105745954, 10.283968105745954, 10.283968105745954, 10.283968105745954, 10.283968105745954, 10.283968105745954], "timestamps_eval": [87.30544066429138, 172.22320008277893, 256.86769342422485, 341.6812722682953, 426.30708527565, 510.93685698509216, 595.6109349727631, 680.3116502761841, 764.9925589561462, 849.6397173404694, 934.4905138015747, 1019.2336723804474, 1104.0250520706177, 1188.8288412094116, 1273.5531783103943, 1358.3261830806732, 1443.161055803299, 1528.2508568763733, 1612.9267239570618, 1697.8959112167358, 1782.5818631649017, 1867.2628798484802, 1951.9576652050018, 2036.596661567688, 2121.4069924354553, 2206.176125764847, 2291.0850536823273, 2375.8673977851868, 2460.6686255931854, 2545.529227256775, 2630.28977560997, 2715.051456928253, 2799.821558237076, 2884.5925557613373, 2969.4541676044464, 3054.2333862781525, 3139.1195890903473, 3223.827615737915, 3308.8770673274994, 3394.0172419548035, 3479.0657522678375, 3564.2137496471405, 3649.0716574192047, 3733.9347925186157, 3819.1579003334045, 3904.3443393707275, 3989.4756524562836, 4074.5177023410797, 4159.5750207901, 4244.49063706398, 4329.412530660629, 4414.461712360382, 4499.482584476471, 4584.575340986252, 4669.5615520477295, 4754.564472436905, 4839.5351440906525, 4924.633941650391, 5009.902593612671, 5095.091253519058, 5180.226466655731, 5265.333080768585, 5350.32466340065, 5435.742081642151, 5521.025858163834, 5606.137081384659, 5691.092796325684, 5776.245204925537, 5861.429919242859, 5946.589996337891, 6031.579551696777, 6116.833295583725, 6201.898307800293, 6286.910788059235, 6371.9277629852295, 6457.1351861953735, 6542.25847864151, 6627.907660484314, 6713.055332899094, 6797.953724145889, 6883.04482293129, 6968.412295103073, 7053.486416101456, 7138.653796195984, 7223.836120605469, 7308.975033760071, 7394.159206151962, 7479.244302034378, 7564.323105335236, 7649.409363269806, 7734.6344084739685, 7819.946377754211, 7904.913875341415, 7990.277704954147, 8075.445416212082, 8160.544158697128, 8245.700233697891, 8330.796843528748, 8415.982041835785, 8501.161090135574], "timesteps_eval": [8802, 17640, 26478, 35316, 44154, 52992, 61830, 70668, 79506, 88344, 97182, 106020, 114858, 123696, 132534, 141372, 150210, 159048, 167886, 176724, 185562, 194400, 203238, 212076, 220914, 229752, 238590, 247428, 256266, 265104, 273942, 282780, 291618, 300456, 309294, 318132, 326970, 335808, 344646, 353484, 362322, 371160, 379998, 388836, 397674, 406512, 415350, 424188, 433026, 441864, 450702, 459540, 468378, 477216, 486054, 494892, 503730, 512568, 521406, 530244, 539082, 547920, 556758, 565596, 574434, 583272, 592110, 600948, 609786, 618624, 627462, 636300, 645138, 653976, 662814, 671652, 680490, 689328, 698166, 707004, 715842, 724680, 733518, 742356, 751194, 760032, 768870, 777708, 786546, 795384, 804222, 813060, 821898, 830736, 839574, 848412, 857250, 866088, 874926, 883764],