{"gamma": [0.99, 0.99, 0.99], "learning_rate": [-4, -3, -3], "returns_eval": [3.7, 0.1, 0.0, 1.7, 2.1, 2.5, 0.5, 4.6, 3.2, 7.1, 2.9, 11.1, 26.9, 37.8, 44.8, 59.3, 57.2, 68.6, 68.3, 75.6, 83.0, 100.2, 92.5, 102.5, 118.5, 117.1, 113.8, 113.7, 113.4, 109.9, 108.2, 100.3, 87.9, 73.6, 87.3, 80.3, 86.9, 85.2, 76.0, 68.2, 63.6, 55.7, 35.0, 39.0, 41.5, 38.3, 38.9, 34.0, 36.2, 27.8, 38.3, 39.4, 28.9, 31.3, 23.4, 15.1, 17.9, 6.5, 10.4, 10.8, 12.5, 7.5, 7.6, 8.8, 7.8, 7.8, 7.9, 4.6, 4.5, 2.8, 1.4, 1.3, 2.6, 4.4, 8.1, 10.5, 9.9, 10.1, 9.8, 11.5, 5.7, 3.0, 2.8, 2.2, 0.8, 3.7, 3.0, 7.7, 7.2, 6.2, 5.5, 5.7, 4.4, 3.4, 3.6, 4.4, 6.0, 4.8, 6.6, 5.0], "std_returns_eval": [5.386093203798093, 0.30000000000000004, 0.0, 4.148493702538308, 2.6248809496813372, 2.9748949561287032, 0.6708203932499369, 6.086049621881176, 3.815756805667783, 8.166394553289718, 3.3600595232822887, 11.121600604229592, 14.272000560538105, 27.38174574419973, 23.15080992103732, 16.667633305301624, 21.724640388278008, 21.597222043586996, 22.21733557382613, 16.95405556201819, 18.72431574183687, 29.828845100003452, 19.085334683992315, 27.764185563419648, 10.461835403025608, 14.542695761102891, 11.443775600735973, 15.7419820861288, 15.736581585592216, 14.969635934116766, 9.836666101886351, 16.358789686281806, 21.644629818964333, 24.004999479275146, 14.036025078347503, 31.02595687484916, 9.038252043398657, 22.36872817126624, 20.67849124090053, 16.16044553841261, 26.33324894501246, 22.512441004919925, 12.263767773404714, 17.57270610919104, 21.10568643754569, 9.000555538409838, 18.53887806745597, 10.392304845413264, 16.28987415543779, 5.173006862551025, 22.06830306117804, 8.101851640211638, 8.104936767180853, 11.705127081753533, 8.742997197757756, 7.917701686727026, 10.653168542738822, 7.379024325749306, 8.052328855678958, 7.8204859184068605, 6.74166151627327, 6.135959582656978, 3.9547439866570384, 5.775811631277461, 5.635601121442148, 5.912698199637792, 4.253234063627347, 6.086049621881176, 4.964876634922564, 3.789459064299283, 1.4966629547095767, 2.6476404589747453, 3.2924155266308657, 3.954743986657038, 3.961060464067672, 4.716990566028302, 3.961060464067672, 6.073713855624086, 9.05317623820502, 9.76985158536198, 4.838388161361178, 1.7320508075688772, 1.98997487421324, 1.6613247725836149, 1.1661903789690602, 2.4515301344262523, 1.7888543819998317, 5.831809324729334, 5.2115256883181535, 5.134199061197375, 2.6551836094703507, 5.64003546088143, 3.9799497484264803, 1.8, 2.65329983228432, 2.5768197453450252, 3.3466401061363023, 1.9390719429665317, 2.33238075793812, 2.4899799195977463], "timestamps_eval": [88.25659275054932, 174.28839349746704, 260.09803557395935, 345.996036529541, 431.9342484474182, 517.8922247886658, 603.7687523365021, 689.8956270217896, 775.9350128173828, 862.0400598049164, 948.2202484607697, 1034.4742424488068, 1120.8235557079315, 1206.9991536140442, 1293.1225912570953, 1379.487322807312, 1465.68736743927, 1551.9827229976654, 1638.1757032871246, 1724.5056664943695, 1810.6759114265442, 1896.9703986644745, 1983.4123692512512, 2069.843904733658, 2155.9925088882446, 2242.3272161483765, 2328.7672729492188, 2415.0344898700714, 2501.294488430023, 2587.6587195396423, 2673.8443484306335, 2760.1942653656006, 2846.4731678962708, 2932.755290031433, 3018.934326171875, 3105.2418446540833, 3191.415736436844, 3277.769549846649, 3364.0068094730377, 3450.412457704544, 3536.6310176849365, 3622.8471603393555, 3709.0171616077423, 3795.3691585063934, 3881.5424196720123, 3967.864020586014, 4054.886091709137, 4141.171753883362, 4227.263351678848, 4313.460812330246, 4399.566405773163, 4485.943811416626, 4572.208900690079, 4658.668525695801, 4744.8041162490845, 4831.079974651337, 4917.479241371155, 5003.826669454575, 5090.003463983536, 5176.257863998413, 5262.380150318146, 5348.604846000671, 5434.902582883835, 5521.139081001282, 5607.188641309738, 5693.330296993256, 5779.540030241013, 5865.915774106979, 5952.0345294475555, 6038.148630619049, 6124.153732061386, 6210.3455722332, 6296.444052696228, 6382.60671710968, 6468.706183433533, 6554.78112077713, 6640.960179567337, 6727.1385016441345, 6813.327223777771, 6899.590014696121, 6985.700741291046, 7071.983955144882, 7158.0105147361755, 7244.1679401397705, 7330.163500785828, 7416.311994552612, 7502.37504196167, 7588.5257868766785, 7674.870826482773, 7761.03352689743, 7847.263750553131, 7933.495532751083, 8019.714120149612, 8105.922988653183, 8192.118470907211, 8278.524415969849, 8364.689731121063, 8451.709723234177, 8537.86276602745, 8624.263337135315], "timesteps_eval": [8805, 17638, 26471, 35304, 44137, 52970, 61803, 70636, 79469, 88302, 97135, 105968, 114801, 123634, 132467, 141300, 150133, 158966, 167799, 176632, 185465, 194298, 203131, 211964, 220797, 229630, 238463, 247296, 256129, 264962, 273795, 282628, 291461, 300294, 309127, 317960, 326793, 335626, 344459, 353292, 362125, 370958, 379791, 388624, 397457, 406290, 415123, 423956, 432789, 441622, 450455, 459288, 468121, 476954, 485787, 494620, 503453, 512286, 521119, 529952, 538785, 547618, 556451, 565284, 574117, 582950, 591783, 600616, 609449, 618282, 627115, 635948, 644781, 653614, 662447, 671280, 680113, 688946, 697779, 706612, 715445, 724278, 733111, 741944, 750777, 759610, 768443, 777276, 786109, 794942, 803775, 812608, 821441, 830274, 839107, 847940, 856773, 865606, 874439, 883272],