{"gamma": [0.99, 0.95, 0.99], "learning_rate": [-4, -3, -3], "returns_eval": [0.6, 4.1, 7.1, 15.8, 5.2, 0.7, 2.9, 1.3, 3.0, 4.8, 6.9, 4.4, 8.1, 5.7, 10.4, 18.7, 19.2, 33.5, 50.4, 57.2, 65.2, 80.2, 84.0, 80.3, 80.9, 74.9, 82.5, 107.5, 109.3, 118.8, 110.5, 86.9, 83.9, 92.0, 95.4, 93.8, 94.7, 96.7, 104.4, 97.5, 110.1, 99.0, 98.6, 103.3, 104.3, 85.2, 77.7, 87.3, 82.4, 87.1, 67.2, 72.5, 50.3, 55.4, 47.7, 59.2, 37.6, 39.1, 31.8, 31.7, 23.7, 27.9, 16.3, 6.1, 3.1, 0.9, 0.5, 0.4, 0.1, 0.0, 0.7, 0.2, 0.5, 0.0, 0.4, 0.3, 0.4, 1.3, 1.1, 2.7, 2.0, 2.2, 2.3, 0.8, 1.1, 2.0, 1.1, 0.9, 1.1, 1.8, 1.6, 2.2, 4.1, 3.1, 2.7, 1.0, 1.9, 1.4, 0.9, 1.7], "std_returns_eval": [1.4966629547095764, 4.928488612140643, 9.883825170448938, 15.54863338046145, 4.894895300208167, 0.7810249675906655, 3.176476034853718, 2.002498439450079, 3.3763886032268267, 5.015974481593781, 7.841555968046138, 4.029888335921977, 10.14347080638575, 4.920365840057018, 9.830564581955606, 12.977287852244013, 13.60735095453924, 27.100737997331365, 21.280037593951754, 29.109448637856403, 23.21120419107979, 23.54485081711073, 20.847062143141418, 21.54089134646011, 19.87687098111773, 27.555217291830598, 24.800201612083722, 18.282505298782223, 13.498518437221176, 13.151425778218876, 22.45996438109375, 24.712142764236376, 14.187670703818863, 19.98999749874922, 15.047923444781343, 12.073110618229256, 12.930970574554719, 16.547205202087753, 16.37192719260625, 27.882790391207262, 15.089400253157844, 12.48198702130394, 14.458215657542254, 10.81711606667877, 13.704378862246914, 15.942396306703706, 21.156795598577776, 17.922332437492614, 18.051038751274124, 16.410057891427442, 23.237039398339885, 14.773286702694158, 23.36257691266098, 18.034411551253896, 16.62558269655533, 15.998749951168062, 22.145879978000423, 14.355835050598763, 12.039933554633928, 14.805742129322663, 8.854942122905152, 12.095040305844377, 4.561797891182818, 5.08822169328342, 1.7, 1.044030650891055, 0.6708203932499369, 0.4898979485566356, 0.30000000000000004, 0.0, 1.1874342087037917, 0.6000000000000001, 0.9219544457292888, 0.0, 0.9165151389911681, 0.6403124237432849, 0.66332495807108, 1.6155494421403513, 1.044030650891055, 2.7586228448267445, 1.61245154965971, 2.5219040425836985, 2.6851443164195103, 1.1661903789690602, 0.7, 2.0976176963403033, 1.57797338380595, 1.3, 1.57797338380595, 1.777638883463118, 2.3323807579381204, 1.5362291495737217, 4.887739763939975, 2.4677925358506134, 2.1, 1.0954451150103321, 1.972308292331602, 1.9595917942265424, 1.445683229480096, 1.4866068747318506], "timestamps_eval": [89.98181796073914, 177.98139715194702, 266.01781582832336, 353.9760115146637, 442.07005429267883, 530.175811290741, 618.4007506370544, 706.5523092746735, 794.8055844306946, 883.0815405845642, 971.3497638702393, 1059.7654979228973, 1148.1420090198517, 1236.5048043727875, 1324.8772611618042, 1413.7661428451538, 1502.2514235973358, 1591.5273776054382, 1679.9286415576935, 1768.9312179088593, 1859.3551828861237, 1947.7068469524384, 2036.0708570480347, 2124.544901371002, 2212.9326372146606, 2301.3366091251373, 2389.811461210251, 2478.1991255283356, 2566.6080713272095, 2655.0395579338074, 2743.537410259247, 2831.9916887283325, 2920.3078787326813, 3010.1675250530243, 3098.519984483719, 3187.0102903842926, 3276.090377807617, 3364.5240292549133, 3452.895885705948, 3541.0366203784943, 3629.135434150696, 3717.2914230823517, 3805.6157784461975, 3893.7655398845673, 3981.8069562911987, 4070.25425696373, 4158.177859306335, 4246.642736196518, 4335.0415642261505, 4423.142190694809, 4511.201316833496, 4599.293770313263, 4687.334175825119, 4775.977698802948, 4864.121719360352, 4952.430456161499, 5041.268179655075, 5129.4752361774445, 5218.082262039185, 5306.050397396088, 5394.140720129013, 5482.32307600975, 5570.422483921051, 5658.455871343613, 5746.529198884964, 5834.75116109848, 5923.016751050949, 6011.438412189484, 6100.236611366272, 6188.344590187073, 6276.701309204102, 6364.87584400177, 6455.084661245346, 6543.300112962723, 6631.448347091675, 6719.522525310516, 6807.693363428116, 6895.752728223801, 6984.010407447815, 7072.183901548386, 7160.291480779648, 7248.437867641449, 7338.065010309219, 7426.272851228714, 7514.4111478328705, 7602.639195919037, 7690.904454231262, 7779.134907484055, 7867.248769283295, 7955.181302785873, 8043.0543003082275, 8130.943259239197, 8218.914264202118, 8306.924076795578, 8395.349291801453, 8483.27411866188, 8571.913095235825, 8659.802481412888, 8748.478391647339, 8836.397335529327], "timesteps_eval": [8804, 17635, 26466, 35297, 44128, 52959, 61790, 70621, 79452, 88283, 97114, 105945, 114776, 123607, 132438, 141269, 150100, 158931, 167762, 176593, 185424, 194255, 203086, 211917, 220748, 229579, 238410, 247241, 256072, 264903, 273734, 282565, 291396, 300227, 309058, 317889, 326720, 335551, 344382, 353213, 362044, 370875, 379706, 388537, 397368, 406199, 415030, 423861, 432692, 441523, 450354, 459185, 468016, 476847, 485678, 494509, 503340, 512171, 521002, 529833, 538664, 547495, 556326, 565157, 573988, 582819, 591650, 600481, 609312, 618143, 626974, 635805, 644636, 653467, 662298, 671129, 679960, 688791, 697622, 706453, 715284, 724115, 732946, 741777, 750608, 759439, 768270, 777101, 785932, 794763, 803594, 812425, 821256, 830087, 838918, 847749, 856580, 865411, 874242, 883073],