{"gamma": [0.95, 0.98, 0.98], "learning_rate": [-3, -4, -3], "returns_eval": [0.2, 0.0, 0.0, 0.0, 0.0, 0.2, 0.5, 1.7, 2.3, 2.5, 4.6, 3.0, 5.5, 4.5, 7.7, 26.5, 25.4, 31.2, 25.7, 22.9, 29.9, 26.4, 29.3, 33.7, 26.3, 28.9, 28.1, 24.0, 21.6, 29.5, 28.4, 32.0, 18.2, 25.6, 42.7, 31.0, 38.8, 29.9, 41.7, 39.5, 42.7, 34.7, 38.0, 34.7, 42.5, 41.6, 40.4, 43.1, 47.5, 39.7, 49.8, 54.3, 54.4, 56.5, 57.3, 57.4, 57.5, 59.9, 55.8, 57.2, 47.8, 35.0, 27.2, 22.9, 14.2, 9.8, 12.7, 8.6, 5.2, 6.2, 5.6, 5.8, 7.5, 4.9, 5.6, 9.1, 7.4, 7.7, 7.5, 6.0, 3.2, 6.6, 5.4, 6.5, 7.9, 4.8, 6.8, 5.8, 5.7, 5.9, 6.6, 6.2, 4.9, 3.6, 4.5, 4.6, 5.1, 4.7, 3.2, 4.3], "std_returns_eval": [0.4000000000000001, 0.0, 0.0, 0.0, 0.0, 0.6000000000000001, 1.02469507659596, 3.195309061734091, 3.0675723300355937, 2.8722813232690143, 4.431703961232068, 2.4899799195977463, 7.762087348130012, 3.6124783736376886, 5.586591089385369, 18.287974190707946, 12.183595528414426, 17.848249213858484, 12.625767303415662, 8.383913167489272, 19.403350226185168, 11.403508232118746, 7.029224708315989, 7.642643521714199, 10.863240768757727, 11.631422956801115, 11.175419455215094, 12.876334882255899, 12.043255373859678, 10.111874208078342, 10.883014288330232, 6.957010852370434, 6.794115100585212, 8.392854103342914, 11.670903992407787, 11.50651989091402, 10.17644338656684, 11.148542505637229, 15.824348327814324, 9.749358953285082, 13.19128500184876, 13.191285001848758, 14.491376746189438, 11.506954418958998, 14.887914561818254, 8.368990381163071, 13.908270920570969, 7.8670197660867744, 16.63279892261071, 7.430343195303969, 15.43243337908834, 19.08428673018722, 18.74673304872078, 12.10991329448729, 10.954907576059233, 17.839282496782207, 22.86153975566825, 18.641083659487183, 18.361917111238686, 11.830469136936202, 19.31734971469948, 6.04979338490167, 9.346657156438337, 11.700000000000001, 6.384355879804947, 6.823488843692793, 8.283115355951528, 7.3375745311376575, 5.192301994298868, 7.691553809211764, 7.405403432629447, 7.533923280734944, 5.220153254455275, 2.7730849247724096, 5.660388679233963, 6.992138442565336, 7.631513611335566, 5.692978130996114, 3.905124837953327, 3.847076812334269, 2.4413111231467406, 5.0635955604688645, 2.8000000000000003, 2.8372521918222215, 4.570557952810575, 5.6, 6.734983296193095, 3.9949968710876362, 5.119570294468081, 3.7, 4.409081537009721, 4.354308211415448, 2.2561028345356955, 2.8, 2.9068883707497264, 2.2891046284519194, 1.6401219466856727, 1.4866068747318506, 2.4000000000000004, 3.3181320046074116], "timestamps_eval": [90.0233256816864, 177.96868562698364, 265.98437762260437, 353.8778555393219, 441.85913944244385, 529.9107382297516, 617.9476826190948, 706.0234713554382, 794.3700759410858, 882.6550750732422, 970.878457069397, 1059.1435737609863, 1147.505529165268, 1235.9024240970612, 1324.318843126297, 1412.8004162311554, 1501.2178325653076, 1589.5691871643066, 1678.1857776641846, 1766.6929485797882, 1855.1476392745972, 1943.5175368785858, 2031.9105575084686, 2120.3415656089783, 2208.7500190734863, 2297.0790736675262, 2385.804931163788, 2474.1416738033295, 2562.877712726593, 2651.1821250915527, 2739.5294954776764, 2827.9577717781067, 2916.3282980918884, 3004.6910166740417, 3092.954756259918, 3181.2071504592896, 3269.4644813537598, 3357.8032529354095, 3446.127223968506, 3534.4804430007935, 3622.769948720932, 3711.8424923419952, 3800.1728472709656, 3888.3780477046967, 3976.704989671707, 4064.986513376236, 4153.245925426483, 4241.584544420242, 4329.808283567429, 4418.183288574219, 4506.507905483246, 4594.8856337070465, 4683.200591802597, 4771.589615345001, 4859.904443025589, 4948.287044286728, 5037.70533823967, 5126.052891492844, 5214.563451528549, 5303.037556171417, 5391.400378704071, 5479.944023132324, 5568.274813890457, 5656.51655960083, 5744.765485286713, 5833.073700428009, 5921.418174743652, 6009.723625659943, 6098.028936624527, 6186.269071817398, 6275.260829210281, 6363.532275438309, 6451.785316228867, 6540.033861398697, 6628.492075204849, 6716.934736251831, 6805.1921508312225, 6893.639205217361, 6982.121283054352, 7070.661667108536, 7159.233979940414, 7247.881212472916, 7336.675420284271, 7425.390174627304, 7514.198091745377, 7602.9587943553925, 7691.731714248657, 7780.637290477753, 7869.575955152512, 7958.37785243988, 8047.192726135254, 8136.238896608353, 8225.068651676178, 8313.914024114609, 8402.726716041565, 8491.579006671906, 8580.430571079254, 8669.24492764473, 8758.012116909027, 8846.782014846802], "timesteps_eval": [8808, 17642, 26476, 35310, 44144, 52978, 61812, 70646, 79480, 88314, 97148, 105982, 114816, 123650, 132484, 141318, 150152, 158986, 167820, 176654, 185488, 194322, 203156, 211990, 220824, 229658, 238492, 247326, 256160, 264994, 273828, 282662, 291496, 300330, 309164, 317998, 326832, 335666, 344500, 353334, 362168, 371002, 379836, 388670, 397504, 406338, 415172, 424006, 432840, 441674, 450508, 459342, 468176, 477010, 485844, 494678, 503512, 512346, 521180, 530014, 538848, 547682, 556516, 565350, 574184, 583018, 591852, 600686, 609520, 618354, 627188, 636022, 644856, 653690, 662524, 671358, 680192, 689026, 697860, 706694, 715528, 724362, 733196, 742030, 750864, 759698, 768532, 777366, 786200, 795034, 803868, 812702, 821536, 830370, 839204, 848038, 856872, 865706, 874540, 883374],