{"gamma": [0.98, 0.95, 0.98], "learning_rate": [-5, -3, -5], "returns_eval": [4.5, 6.8, 13.0, 6.1, 7.5, 12.2, 12.2, 12.2, 12.2, 13.5, 12.2, 19.6, 19.6, 15.2, 12.2, 19.6, 12.2, 12.2, 12.2, 12.2, 12.2, 12.2, 12.2, 15.6, 12.2, 12.2, 29.7, 13.3, 24.2, 14.5, 21.3, 20.3, 30.4, 26.1, 31.9, 45.2, 73.4, 74.9, 92.4, 79.3, 81.6, 104.9, 93.8, 101.5, 94.8, 97.1, 98.3, 98.8, 94.2, 89.3, 94.4, 94.0, 94.8, 63.1, 85.2, 86.4, 74.7, 62.0, 54.8, 64.8, 66.1, 64.5, 66.4, 83.2, 80.1, 75.4, 83.7, 89.4, 77.1, 86.4, 93.1, 95.1, 86.9, 96.1, 82.4, 98.7, 97.7, 97.7, 93.9, 109.0, 100.9, 109.3, 102.7, 104.4, 106.1, 104.7, 115.1, 101.4, 107.2, 107.3, 116.8, 107.0, 106.9, 111.7, 107.2, 111.2, 121.2, 122.5, 107.1, 114.0], "std_returns_eval": [4.031128874149275, 6.337191807101943, 10.648943609579309, 4.0853396431631, 5.6964901474504455, 7.56042326857432, 7.56042326857432, 7.56042326857432, 7.56042326857432, 7.283543093852058, 7.56042326857432, 9.8812954616285, 9.8812954616285, 9.785703858180055, 7.56042326857432, 9.8812954616285, 7.56042326857432, 7.56042326857432, 7.56042326857432, 7.56042326857432, 7.56042326857432, 7.56042326857432, 7.56042326857432, 10.910545357588685, 7.56042326857432, 7.56042326857432, 22.383252668010517, 9.466255859631094, 15.516442891333051, 7.710382610480495, 14.366976021418008, 14.51240848377691, 13.29812016790343, 11.734138229968147, 10.96767979109529, 14.427751037497147, 18.249383551232626, 22.092758994747577, 16.722440013347335, 25.737326978534504, 19.77978766316767, 13.397387805090963, 12.221292893961751, 12.808200498118383, 27.01777192886194, 14.869095466772684, 21.972937900972642, 23.3443783382638, 17.405746177627663, 12.442266674525184, 18.645106596638165, 13.512956745287095, 5.793099343184096, 13.874076545846213, 15.734039532173549, 13.462540622037135, 24.112444919584576, 20.64945519862449, 18.648324321504067, 13.68064325973015, 14.638647478507023, 17.630938715791626, 18.48891559827131, 17.342433508593885, 23.023683458560665, 20.02098898656108, 13.51332675546625, 21.959963570097287, 18.822592807581, 19.602040710089348, 10.615554625171498, 12.103305333668153, 18.47403583411053, 18.349114420047634, 16.912717108732117, 16.11241757155021, 15.805378831271334, 18.756598838808706, 14.279005567615695, 13.813037319865606, 18.261708572858126, 11.11800341788039, 14.373934743138358, 11.341957503006261, 10.985900054160334, 13.069429979918787, 20.329535164385828, 20.19504889818294, 19.487431847218865, 19.41159447340687, 17.50885490259143, 11.679041056525147, 13.678084661238211, 15.15288751360611, 15.866946776238962, 12.757742747053648, 8.8068155425216, 10.249390225764653, 11.708543888972702, 9.85900603509299], "timestamps_eval": [89.18096208572388, 175.36450099945068, 261.55567169189453, 347.80289483070374, 433.9356412887573, 520.1416440010071, 606.4819386005402, 692.8267560005188, 779.2178635597229, 865.5920042991638, 951.9002108573914, 1038.3233168125153, 1124.698573589325, 1210.9735236167908, 1297.369390964508, 1383.6913232803345, 1469.849553823471, 1556.1934790611267, 1642.5957140922546, 1728.8836650848389, 1815.2026748657227, 1901.5527052879333, 1987.7394466400146, 2074.0536847114563, 2160.091980457306, 2246.290103673935, 2332.4235734939575, 2418.686445951462, 2504.8825306892395, 2591.246933698654, 2677.5102047920227, 2763.60152053833, 2849.5907804965973, 2935.5447883605957, 3021.672260284424, 3107.7981493473053, 3194.0011937618256, 3280.2607424259186, 3366.6202034950256, 3452.7594718933105, 3539.0051333904266, 3625.173058986664, 3711.3909916877747, 3797.6035912036896, 3883.9779562950134, 3970.3008728027344, 4056.5526688098907, 4142.628511667252, 4228.725232839584, 4314.865349531174, 4401.146350860596, 4487.568728685379, 4573.869378566742, 4660.125879049301, 4746.309184789658, 4832.588436365128, 4919.507692575455, 5005.743435621262, 5091.869767665863, 5178.053149938583, 5264.237819671631, 5350.438556432724, 5436.602121353149, 5522.710394382477, 5608.982312917709, 5695.136719703674, 5781.382974386215, 5867.67208480835, 5954.588401794434, 6040.744201898575, 6127.010245323181, 6213.177745580673, 6299.337934970856, 6385.561880111694, 6471.788009643555, 6557.970929145813, 6644.115194320679, 6730.448231458664, 6816.638179302216, 6903.6356637477875, 6989.723584890366, 7075.85551571846, 7162.752609014511, 7248.915430545807, 7335.084351062775, 7421.950070858002, 7508.0713040828705, 7595.131063699722, 7681.273720264435, 7767.543537378311, 7853.69718670845, 7939.818480491638, 8026.028020620346, 8112.167475223541, 8198.553882360458, 8284.66980791092, 8370.999849319458, 8457.289880037308, 8543.525429487228, 8629.738758325577], "timesteps_eval": [8805, 17638, 26471, 35304, 44137, 52970, 61803, 70636, 79469, 88302, 97135, 105968, 114801, 123634, 132467, 141300, 150133, 158966, 167799, 176632, 185465, 194298, 203131, 211964, 220797, 229630, 238463, 247296, 256129, 264962, 273795, 282628, 291461, 300294, 309127, 317960, 326793, 335626, 344459, 353292, 362125, 370958, 379791, 388624, 397457, 406290, 415123, 423956, 432789, 441622, 450455, 459288, 468121, 476954, 485787, 494620, 503453, 512286, 521119, 529952, 538785, 547618, 556451, 565284, 574117, 582950, 591783, 600616, 609449, 618282, 627115, 635948, 644781, 653614, 662447, 671280, 680113, 688946, 697779, 706612, 715445, 724278, 733111, 741944, 750777, 759610, 768443, 777276, 786109, 794942, 803775, 812608, 821441, 830274, 839107, 847940, 856773, 865606, 874439, 883272],