{"gamma": [0.98, 0.98, 0.98], "learning_rate": [-5, -4, -3], "returns_eval": [0.3, 4.8, 11.8, 7.0, 4.6, 7.4, 5.7, 8.4, 20.6, 20.6, 10.5, 15.9, 20.6, 20.6, 20.6, 16.6, 30.5, 30.5, 30.5, 30.5, 30.5, 30.5, 30.5, 30.5, 30.5, 30.5, 30.5, 30.5, 30.5, 30.5, 30.5, 30.7, 30.6, 32.6, 47.5, 66.8, 73.8, 66.3, 90.5, 101.3, 94.0, 97.4, 116.9, 117.4, 121.4, 133.9, 126.7, 138.2, 141.2, 143.0, 143.3, 143.9, 146.2, 166.2, 148.4, 149.7, 163.4, 188.1, 203.9, 184.7, 149.5, 135.8, 127.9, 126.9, 119.4, 106.2, 113.3, 92.2, 95.5, 86.3, 82.6, 87.5, 87.4, 93.0, 60.5, 61.9, 63.3, 47.8, 51.3, 51.1, 40.1, 46.4, 43.6, 37.7, 27.3, 22.9, 25.2, 24.2, 17.0, 19.8, 10.7, 13.0, 13.6, 8.7, 12.5, 9.4, 5.7, 7.4, 5.2, 8.2], "std_returns_eval": [0.6403124237432849, 4.686149805543993, 7.769169839822013, 5.796550698475776, 3.2924155266308657, 3.8522720568516444, 4.627094120503711, 8.296987405076615, 9.728309205612248, 9.728309205612248, 8.80056816347672, 6.187891401761993, 9.728309205612248, 9.728309205612248, 9.728309205612248, 12.90891165048394, 23.55525419094432, 23.55525419094432, 23.55525419094432, 23.55525419094432, 23.55525419094432, 23.55525419094432, 23.55525419094432, 23.55525419094432, 23.55525419094432, 23.55525419094432, 23.55525419094432, 23.55525419094432, 23.55525419094432, 23.55525419094432, 23.55525419094432, 23.541665191740364, 23.423065555131764, 12.403225386970922, 17.339261806662936, 21.022844717116666, 22.59557478799776, 20.69806754264755, 23.474454200257775, 18.67110066386018, 23.6981011897578, 27.423347716863454, 18.880942773071478, 25.16426037061292, 19.355619339096332, 21.992953416946982, 14.913416778190031, 13.797101144805746, 19.030501832584445, 18.09419796509367, 12.165936051122413, 24.390366950909126, 13.746272221951665, 67.60443772416127, 22.10520300743696, 19.824479816630753, 15.107613974417006, 82.61168198263488, 71.91863458103192, 48.797643385720995, 19.744619520264248, 28.71863506505837, 7.4357245780085215, 19.638991827484425, 16.469365500832144, 12.520383380711632, 24.40512241313286, 27.6, 17.09532099727876, 19.07380402541664, 24.63818175109519, 21.68524844220144, 22.04631488480558, 21.109239683134017, 26.669270706189174, 19.018149226462597, 21.872585581041854, 12.584116973391497, 11.576268828944844, 12.949517365523706, 16.158279611394278, 12.595237195067032, 10.451794104363135, 14.635914730552374, 9.69587541174081, 10.290286682109492, 5.455272678794342, 8.657944328765344, 8.23407554009556, 7.922120928135344, 5.797413216254298, 6.196773353931867, 7.631513611335565, 3.9, 5.678908345800274, 4.24735211631906, 2.193171219946131, 2.1071307505705477, 2.521904042583698, 3.7629775444453557], "timestamps_eval": [90.50874543190002, 178.81652450561523, 266.9256956577301, 355.8137345314026, 445.8805320262909, 535.7023766040802, 625.5736410617828, 714.8860311508179, 807.5526874065399, 900.9507396221161, 989.780339717865, 1081.1048216819763, 1170.0300314426422, 1258.7406797409058, 1347.5052564144135, 1435.4404187202454, 1523.8782517910004, 1612.336668252945, 1702.4673426151276, 1792.9444568157196, 1881.8399767875671, 1971.5672254562378, 2062.3066217899323, 2151.5331857204437, 2240.152366876602, 2328.975339412689, 2417.6157262325287, 2506.105208158493, 2595.111645936966, 2683.589391708374, 2771.8637759685516, 2860.806832551956, 2949.2237570285797, 3037.9328651428223, 3127.480231285095, 3216.278361558914, 3306.1777946949005, 3395.620947599411, 3484.900557756424, 3573.2108478546143, 3664.7495465278625, 3754.613383293152, 3845.1876368522644, 3934.9730608463287, 4024.3823521137238, 4115.688414573669, 4207.693243980408, 4298.381773710251, 4389.71923160553, 4479.197968006134, 4568.963108778, 4657.70339512825, 4746.134286403656, 4849.089853048325, 4938.843457460403, 5027.194937467575, 5115.588428020477, 5218.524772882462, 5321.962377309799, 5425.57645201683, 5514.635256290436, 5604.80430150032, 5695.1379861831665, 5784.509144544601, 5873.3015122413635, 5962.552466392517, 6051.07629275322, 6139.994533777237, 6229.444808483124, 6317.7478659152985, 6406.0176413059235, 6494.330486774445, 6584.759578704834, 6674.3918471336365, 6763.329993247986, 6852.146946191788, 6943.512272119522, 7033.894532203674, 7123.192152738571, 7212.894876003265, 7302.7233629226685, 7392.102022647858, 7481.238254308701, 7569.486505031586, 7658.838755846024, 7747.567577123642, 7836.009845495224, 7924.782426834106, 8013.662865161896, 8105.292833805084, 8194.4904692173, 8283.612857341766, 8373.683861494064, 8462.338431119919, 8551.34883403778, 8639.868202924728, 8728.52865099907, 8816.948834180832, 8905.293558597565, 8993.042969465256], "timesteps_eval": [8804, 17635, 26466, 35297, 44128, 52959, 61790, 70621, 79452, 88283, 97114, 105945, 114776, 123607, 132438, 141269, 150100, 158931, 167762, 176593, 185424, 194255, 203086, 211917, 220748, 229579, 238410, 247241, 256072, 264903, 273734, 282565, 291396, 300227, 309058, 317889, 326720, 335551, 344382, 353213, 362044, 370875, 379706, 388537, 397368, 406199, 415030, 423861, 432692, 441523, 450354, 459185, 468016, 476847, 485678, 494509, 503340, 512171, 521002, 529833, 539103, 547934, 556765, 565596, 574427, 583258, 592089, 600920, 609751, 618582, 627413, 636244, 645075, 653906, 662737, 671568, 680399, 689230, 698061, 706892, 715723, 724554, 733385, 742216, 751047, 759878, 768709, 777540, 786371, 795202, 804033, 812864, 821695, 830526, 839357, 848188, 857019, 865850, 874681, 883512],