{"gamma": [0.98, 0.99, 0.95], "learning_rate": [-3, -3, -5], "returns_eval": [0.0, 0.0, 0.0, 0.2, 0.4, 0.7, 3.9, 7.7, 9.7, 7.4, 6.7, 8.1, 9.6, 9.9, 12.7, 11.5, 21.6, 14.5, 14.6, 13.4, 9.2, 12.4, 10.2, 8.3, 11.3, 7.0, 16.5, 14.9, 16.6, 20.5, 10.1, 13.3, 14.7, 11.7, 4.7, 4.7, 1.5, 2.0, 4.0, 0.6, 1.2, 1.3, 1.2, 2.2, 1.3, 1.4, 0.9, 1.0, 2.7, 3.0, 3.1, 5.4, 2.6, 3.2, 4.1, 6.7, 4.8, 6.9, 5.8, 6.8, 4.6, 5.3, 7.6, 5.6, 9.7, 7.2, 7.1, 4.6, 6.7, 8.4, 9.3, 10.9, 10.2, 13.2, 11.3, 11.1, 11.9, 13.3, 9.5, 17.6, 14.7, 20.5, 19.2, 17.3, 19.9, 22.6, 19.4, 15.7, 17.6, 24.4, 20.1, 24.5, 21.4, 25.5, 17.9, 26.9, 27.9, 35.7, 32.0, 28.3], "std_returns_eval": [0.0, 0.0, 0.0, 0.4000000000000001, 0.9165151389911681, 1.552417469626002, 5.61159513863928, 6.797793759742936, 8.1, 4.5431266766402185, 4.001249804748512, 9.093404203047392, 4.862098312457287, 6.549045732013177, 7.975587752636166, 6.232976816898969, 9.254188241007421, 9.372833082905082, 9.58331884056875, 6.053098380168622, 5.173006862551025, 6.770524351924303, 6.539113089708726, 4.290687590584986, 6.000833275471, 4.449719092257398, 9.297849213662266, 11.605602095539895, 10.864621484432856, 10.052362906302179, 9.10439454329611, 7.470609078247905, 6.558200972827838, 9.220086767487604, 8.911228871485683, 6.245798587850877, 2.4186773244895647, 3.924283374069717, 3.82099463490856, 1.2806248474865698, 2.4413111231467406, 1.6763054614240211, 2.4413111231467406, 2.4819347291981715, 1.676305461424021, 2.3748684174075834, 1.6401219466856725, 1.8439088914585775, 3.606937759374287, 4.857983120596447, 3.7269290307168452, 5.9194594347794975, 3.1685959035509725, 3.249615361854384, 2.7367864366808017, 2.193171219946131, 4.019950248448356, 2.879236009777594, 4.975942121849892, 3.187475490101846, 3.1048349392520045, 3.5227829907617076, 5.868560300448484, 3.2619012860600183, 4.026164427839479, 4.093897898091744, 4.253234063627348, 5.295280917949491, 4.026164427839479, 4.2, 7.416872656315464, 5.166236541235795, 6.925315877272314, 4.166533331199932, 7.563729238940273, 5.3, 7.38173421358423, 10.658799181896617, 4.863126566315131, 11.943198901466893, 8.062877898120496, 6.756478372643548, 8.24378553820998, 8.49764673306675, 13.011149065320865, 8.42852300228219, 9.961927524329818, 9.798469268207151, 10.219589032832975, 9.340235543068493, 8.466994744299775, 11.271645842555557, 7.351190379795643, 11.664047325006875, 11.0131739294356, 13.110682667199296, 8.324061508662703, 18.910579049833455, 12.296340919151518, 9.849365461794989], "timestamps_eval": [89.1232419013977, 178.1422038078308, 263.65533113479614, 349.25010561943054, 435.42289876937866, 521.0497152805328, 606.7597768306732, 693.2192730903625, 779.087925195694, 864.6672921180725, 950.5400462150574, 1036.5593514442444, 1122.2486538887024, 1208.194605588913, 1294.0672981739044, 1380.7019565105438, 1467.3438539505005, 1553.9271161556244, 1640.419410943985, 1727.0990722179413, 1813.738302230835, 1900.3569540977478, 1986.952443599701, 2073.4375672340393, 2160.0527260303497, 2246.4727783203125, 2333.1516168117523, 2419.7160279750824, 2506.236184120178, 2592.8690390586853, 2679.4822673797607, 2766.0959491729736, 2852.6286487579346, 2939.2135820388794, 3025.793668270111, 3112.342587709427, 3198.87775683403, 3285.6148381233215, 3372.2184579372406, 3458.7153363227844, 3545.2106988430023, 3631.6815826892853, 3718.129849910736, 3804.5756702423096, 3891.010350227356, 3977.525959253311, 4063.8100304603577, 4150.236921548843, 4236.878698587418, 4323.384296178818, 4410.007515192032, 4496.546579122543, 4583.006021976471, 4669.466972112656, 4756.056538105011, 4842.1980793476105, 4928.565462350845, 5014.978996038437, 5101.529082775116, 5187.893081665039, 5274.26384139061, 5360.695207595825, 5447.057200670242, 5533.396722078323, 5619.802889823914, 5706.172771215439, 5792.621452569962, 5879.18442773819, 5965.598339319229, 6052.102654695511, 6138.656415462494, 6225.187721014023, 6311.7981469631195, 6398.248569488525, 6484.711170434952, 6571.161326408386, 6657.62683057785, 6744.010318040848, 6830.352770328522, 6916.872402667999, 7003.309444904327, 7089.676025629044, 7176.024966955185, 7262.430809259415, 7348.853451728821, 7435.410465955734, 7521.767891168594, 7608.195241212845, 7694.569063663483, 7781.048967838287, 7867.507429122925, 7953.9377784729, 8040.353245258331, 8126.958119392395, 8213.353056430817, 8299.888462305069, 8386.36066532135, 8472.916664361954, 8559.447417736053, 8645.772281646729], "timesteps_eval": [8805, 17638, 26471, 35304, 44137, 52970, 61803, 70636, 79469, 88302, 97135, 105968, 114801, 123634, 132467, 141300, 150133, 158966, 167799, 176632, 185465, 194298, 203131, 211964, 220797, 229630, 238463, 247296, 256129, 264962, 273795, 282628, 291461, 300294, 309127, 317960, 326793, 335626, 344459, 353292, 362125, 370958, 379791, 388624, 397457, 406290, 415123, 423956, 432789, 441622, 450455, 459288, 468121, 476954, 485787, 494620, 503453, 512286, 521119, 529952, 538785, 547618, 556451, 565284, 574117, 582950, 591783, 600616, 609449, 618282, 627115, 635948, 644781, 653614, 662447, 671280, 680113, 688946, 697779, 706612, 715445, 724278, 733111, 741944, 750777, 759610, 768443, 777276, 786109, 794942, 803775, 812608, 821441, 830274, 839107, 847940, 856773, 865606, 874439, 883272],