{"gamma": [0.95, 0.95, 0.95], "learning_rate": [-5, -3, -5], "returns_eval": [0.0, 4.6, 15.2, 31.5, 31.5, 31.5, 31.5, 31.5, 31.5, 31.5, 31.5, 31.5, 31.5, 31.5, 31.5, 31.5, 31.5, 31.5, 31.5, 31.5, 31.5, 31.5, 31.5, 31.5, 31.5, 31.5, 31.5, 31.5, 31.5, 31.5, 24.0, 20.5, 30.2, 30.9, 45.9, 49.3, 54.2, 65.7, 69.3, 106.5, 112.2, 126.2, 111.8, 132.7, 118.3, 118.1, 108.3, 120.1, 113.8, 113.6, 109.2, 112.1, 108.1, 111.3, 107.6, 104.8, 101.3, 90.6, 73.8, 56.8, 70.5, 72.0, 83.1, 80.5, 74.8, 74.3, 82.8, 95.1, 99.3, 93.9, 101.7, 99.7, 114.2, 110.0, 103.9, 110.8, 113.3, 117.2, 121.3, 119.0, 134.9, 117.7, 128.9, 120.1, 128.8, 127.2, 125.3, 133.9, 124.7, 136.2, 146.8, 141.2, 135.3, 144.1, 151.1, 137.4, 155.1, 185.5, 166.4, 153.0], "std_returns_eval": [0.0, 4.1521078984053394, 5.670978751503131, 23.64000846023537, 23.64000846023537, 23.64000846023537, 23.64000846023537, 23.64000846023537, 23.64000846023537, 23.64000846023537, 23.64000846023537, 23.64000846023537, 23.64000846023537, 23.64000846023537, 23.64000846023537, 23.64000846023537, 23.64000846023537, 23.64000846023537, 23.64000846023537, 23.64000846023537, 23.64000846023537, 23.64000846023537, 23.64000846023537, 23.64000846023537, 23.64000846023537, 23.64000846023537, 23.64000846023537, 23.64000846023537, 23.64000846023537, 23.64000846023537, 12.00833044182246, 14.793579688500008, 9.484724561103501, 20.554561537527384, 11.700000000000001, 15.786386540307442, 18.967340351245877, 23.3111561274854, 19.488714683118534, 17.223530416264836, 16.910351859142374, 11.9565881421081, 9.682974749528164, 13.476275449841474, 12.434226956268734, 7.23118247591637, 17.641145087550296, 9.213576938409968, 20.80288441538817, 13.139254164525473, 20.00399960007998, 12.364869590901474, 16.62197340871414, 9.011659114724658, 11.646458689232535, 16.491209779758428, 16.805058762170393, 27.8754372163021, 23.570320320267182, 20.133554082675023, 24.7275150389197, 21.563858652847824, 25.83969814065172, 24.08422720371156, 34.09046787593271, 26.739670902986074, 19.06200409191017, 15.089400253157846, 22.698237817064125, 9.710303805751908, 20.21410398706804, 19.9, 19.046259475288053, 16.012495120998476, 14.862368586466964, 9.785703858180053, 11.269871339105872, 16.79166459884189, 16.757386431063765, 19.282116066448722, 19.61861361054853, 15.040279252726657, 17.189822570346678, 14.404513181638594, 14.218298069740978, 17.168575945604807, 15.98155186457185, 25.874504826179766, 21.730393461693232, 24.044957891416654, 23.352944139872385, 28.484381685407882, 17.57868026900768, 15.527073130503378, 38.78259919087425, 25.815499220429576, 18.457789683491356, 70.28122082035854, 19.043108989868223, 10.981803130633876], "timestamps_eval": [88.93862795829773, 177.67092418670654, 263.854083776474, 349.9311330318451, 435.82411646842957, 521.6448566913605, 607.6021022796631, 693.5888607501984, 779.6322600841522, 865.5399842262268, 951.34410405159, 1037.165845155716, 1122.887389421463, 1208.7357695102692, 1294.476710319519, 1380.3788931369781, 1466.633950471878, 1553.6003649234772, 1639.810438156128, 1726.0509269237518, 1812.1524896621704, 1898.0758137702942, 1984.0787947177887, 2069.8995316028595, 2155.9133477211, 2242.157326221466, 2328.366157770157, 2414.723308801651, 2500.9471230506897, 2587.065710544586, 2673.228066921234, 2759.1935946941376, 2845.052754640579, 2930.76917052269, 3016.6008954048157, 3102.409991979599, 3188.206862449646, 3274.180583000183, 3360.162838935852, 3446.1194598674774, 3531.957804918289, 3617.793702840805, 3703.94154381752, 3790.0567631721497, 3875.9215626716614, 3961.899535179138, 4047.7654600143433, 4133.64754486084, 4219.638990879059, 4305.618767023087, 4391.66872382164, 4477.6457624435425, 4563.627120733261, 4649.498022317886, 4735.610704898834, 4821.532043218613, 4907.438007593155, 4993.378437995911, 5079.381160736084, 5165.386779546738, 5251.313826799393, 5337.248619794846, 5423.478847980499, 5509.5702385902405, 5595.478144168854, 5681.432905197144, 5767.582558631897, 5853.664693117142, 5939.638212680817, 6025.704069375992, 6111.664577960968, 6197.712795257568, 6283.7877769470215, 6369.8931975364685, 6455.954299211502, 6541.958521604538, 6627.862890720367, 6713.859300851822, 6799.991120100021, 6885.9482934474945, 6971.983723640442, 7058.389284610748, 7144.824672222137, 7231.18896651268, 7317.547632455826, 7403.936945438385, 7490.4392013549805, 7576.836183547974, 7662.810920476913, 7748.8867020606995, 7835.032122850418, 7921.204566240311, 8007.27473115921, 8093.364948987961, 8193.325029373169, 8279.429304361343, 8365.626938343048, 8465.790706157684, 8551.709389686584, 8637.705095767975], "timesteps_eval": [8805, 17638, 26471, 35304, 44137, 52970, 61803, 70636, 79469, 88302, 97135, 105968, 114801, 123634, 132467, 141300, 150133, 158966, 167799, 176632, 185465, 194298, 203131, 211964, 220797, 229630, 238463, 247296, 256129, 264962, 273795, 282628, 291461, 300294, 309127, 317960, 326793, 335626, 344459, 353292, 362125, 370958, 379791, 388624, 397457, 406290, 415123, 423956, 432789, 441622, 450455, 459288, 468121, 476954, 485787, 494620, 503453, 512286, 521119, 529952, 538785, 547618, 556451, 565284, 574117, 582950, 591783, 600616, 609449, 618282, 627115, 635948, 644781, 653614, 662447, 671280, 680113, 688946, 697779, 706612, 715445, 724278, 733111, 741944, 750777, 759610, 768443, 777276, 786109, 794942, 803775, 812608, 821441, 830274, 839107, 847940, 856773, 865606, 874439, 883272],