{"gamma": 1.0, "learning_rate": -3, "clip": 0.3, "returns_eval": [0.1, 0.0, 0.0, 0.0, 0.0, 0.7, 1.1, 2.3, 1.9, 1.7, 0.6, 0.0, 0.8, 0.5, 0.0, 0.3, 0.0, 2.3, 0.5, 1.0, 1.8, 0.0, 0.0, 0.0, 0.0, 0.3, 0.6, 0.5, 0.0, 0.8, 0.7, 1.1, 0.2, 0.1, 0.2, 0.7, 0.0, 0.3, 0.1, 0.4, 1.6, 0.7, 1.1, 0.0, 0.0, 0.0, 0.0, 0.0, 0.7, 0.0, 1.7, 0.0, 1.4, 2.1, 1.6, 1.1, 0.7, 4.4, 4.1, 2.0, 14.2, 6.1, 3.8, 9.3, 8.0, 17.1, 3.6, 6.5, 8.5, 4.9, 8.2, 10.0, 6.4, 7.1, 8.7, 10.6, 5.7, 11.7, 7.6, 7.9, 10.2, 11.4, 8.7, 3.4, 9.4, 11.6, 7.3, 4.0, 7.1, 7.2, 7.4, 10.8, 8.8, 15.4, 13.3, 18.1, 11.3, 16.3, 15.0, 5.8], "std_returns_eval": [0.30000000000000004, 0.0, 0.0, 0.0, 0.0, 2.1, 1.8138357147217055, 3.348133808556641, 4.134005321718878, 3.0347981810987035, 0.66332495807108, 0.0, 1.1661903789690602, 1.02469507659596, 0.0, 0.9000000000000001, 0.0, 4.817675788178361, 1.02469507659596, 1.4142135623730951, 3.370459909270543, 0.0, 0.0, 0.0, 0.0, 0.6403124237432849, 1.2806248474865698, 1.02469507659596, 0.0, 1.077032961426901, 1.1, 1.6401219466856727, 0.6000000000000001, 0.30000000000000004, 0.4000000000000001, 1.268857754044952, 0.0, 0.6403124237432849, 0.30000000000000004, 0.9165151389911681, 3.5832945734337835, 1.4177446878757824, 1.8138357147217055, 0.0, 0.0, 0.0, 0.0, 0.0, 2.0999999999999996, 0.0, 3.5791060336346563, 0.0, 3.8781438859330635, 2.3853720883753127, 2.4979991993593593, 3.3, 2.1, 4.363484845854286, 5.85576638878294, 5.674504383644443, 10.989085494252924, 5.3, 4.686149805543993, 8.556284240252891, 8.843076387773658, 12.05363015858708, 3.8000000000000003, 6.756478372643548, 8.902246907382429, 4.887739763939975, 7.972452571197899, 5.138093031466052, 4.608687448721165, 7.955501241279521, 6.986415389883427, 8.97997772825746, 4.62709412050371, 9.413288479590966, 6.280127387243033, 9.038252043398657, 9.03105752390051, 9.614572273377533, 7.7207512587830465, 5.238320341483518, 8.708616422830897, 9.156418513807678, 9.413288479590966, 6.826419266350405, 6.949100661236676, 8.022468448052631, 7.96492310069595, 8.715503427800371, 7.4404300950953095, 9.531002045955084, 10.668176976409793, 9.267685795278128, 9.220086767487604, 6.1489836558572835, 9.622889378975527, 8.541662601625049], "timestamps_eval": [87.70328164100647, 173.12859845161438, 258.59967708587646, 344.26051568984985, 429.72384762763977, 515.3157398700714, 600.9830169677734, 686.5857117176056, 772.2009308338165, 857.7467427253723, 943.3972792625427, 1029.043627023697, 1114.5837709903717, 1200.0604870319366, 1285.5680215358734, 1370.9542918205261, 1456.4784705638885, 1541.8911468982697, 1627.412631034851, 1713.1465322971344, 1798.7292294502258, 1884.149738073349, 1969.4921481609344, 2054.839257478714, 2140.2739431858063, 2225.704885482788, 2311.1454412937164, 2396.796383857727, 2482.246523618698, 2568.464385032654, 2654.036020040512, 2739.6422078609467, 2825.3248858451843, 2910.8884341716766, 2996.247614145279, 3081.7375428676605, 3167.1351251602173, 3252.9412879943848, 3338.5035026073456, 3423.927229642868, 3509.347046852112, 3594.8229377269745, 3680.283356666565, 3765.847017288208, 3851.387043237686, 3936.9796464443207, 4022.4743518829346, 4108.138415813446, 4193.707301616669, 4279.355614900589, 4364.952782869339, 4450.5178146362305, 4536.200474023819, 4621.992923259735, 4707.736188411713, 4793.406681776047, 4879.119867801666, 4964.9557938575745, 5050.780114650726, 5136.458513259888, 5222.111125707626, 5307.85795545578, 5393.676019191742, 5479.478312969208, 5565.539384841919, 5651.3874843120575, 5737.16889667511, 5822.895262479782, 5908.725560903549, 5994.478857040405, 6080.492589473724, 6166.3696875572205, 6252.202300310135, 6338.076596260071, 6424.075665473938, 6509.89484834671, 6595.682544708252, 6681.6004114151, 6767.688955545425, 6853.684643983841, 6939.5331065654755, 7025.360935926437, 7111.334742307663, 7197.04523062706, 7283.8876094818115, 7369.754006385803, 7455.743581295013, 7541.414006471634, 7627.30912232399, 7712.947407960892, 7798.762240886688, 7884.643727064133, 7970.609649896622, 8056.49871969223, 8142.523637533188, 8228.34736275673, 8314.011280059814, 8399.85105586052, 8486.444049596786, 8572.222514390945], "timesteps_eval": [8805, 17638, 26471, 35304, 44137, 52970, 61803, 70636, 79469, 88302, 97135, 105968, 114801, 123634, 132467, 141300, 150133, 158966, 167799, 176632, 185465, 194298, 203131, 211964, 220797, 229630, 238463, 247296, 256129, 264962, 273795, 282628, 291461, 300294, 309127, 317960, 326793, 335626, 344459, 353292, 362125, 370958, 379791, 388624, 397457, 406290, 415123, 423956, 432789, 441622, 450455, 459288, 468121, 476954, 485787, 494620, 503453, 512286, 521119, 529952, 538785, 547618, 556451, 565284, 574117, 582950, 591783, 600616, 609449, 618282, 627115, 635948, 644781, 653614, 662447, 671280, 680113, 688946, 697779, 706612, 715445, 724278, 733111, 741944, 750777, 759610, 768443, 777276, 786109, 794942, 803775, 812608, 821441, 830274, 839107, 847940, 856773, 865606, 874439, 883272],