{"gamma": 0.9, "learning_rate": -6, "clip": 0.4, "returns_eval": [0.0, 0.0, 0.0, 0.6, 0.0, 0.0, 0.0, 0.0, 0.0, 0.0, 0.0, 0.0, 0.0, 0.0, 0.0, 0.0, 0.0, 0.0, 0.3, 0.0, 0.0, 6.1, 18.7, 22.8, 22.8, 22.8, 22.8, 22.8, 22.8, 22.8, 22.8, 22.8, 22.8, 22.8, 22.8, 22.8, 22.8, 22.8, 22.8, 22.8, 22.8, 22.8, 22.8, 22.8, 22.8, 22.8, 22.8, 22.8, 22.8, 22.8, 22.8, 22.8, 22.8, 22.8, 22.8, 22.8, 22.8, 22.8, 22.8, 22.8, 22.8, 22.8, 22.8, 22.8, 22.8, 22.8, 22.8, 22.8, 22.8, 22.8, 22.8, 22.8, 22.8, 22.8, 22.8, 22.8, 22.8, 22.8, 22.8, 22.8, 22.8, 22.8, 22.8, 22.8, 22.8, 22.8, 22.8, 22.8, 22.8, 22.8, 22.8, 22.8, 22.8, 22.8, 22.8, 22.8, 22.8, 22.8, 22.8, 22.8], "std_returns_eval": [0.0, 0.0, 0.0, 0.8, 0.0, 0.0, 0.0, 0.0, 0.0, 0.0, 0.0, 0.0, 0.0, 0.0, 0.0, 0.0, 0.0, 0.0, 0.6403124237432849, 0.0, 0.0, 6.315853069855251, 9.940321926376429, 10.283968105745954, 10.283968105745954, 10.283968105745954, 10.283968105745954, 10.283968105745954, 10.283968105745954, 10.283968105745954, 10.283968105745954, 10.283968105745954, 10.283968105745954, 10.283968105745954, 10.283968105745954, 10.283968105745954, 10.283968105745954, 10.283968105745954, 10.283968105745954, 10.283968105745954, 10.283968105745954, 10.283968105745954, 10.283968105745954, 10.283968105745954, 10.283968105745954, 10.283968105745954, 10.283968105745954, 10.283968105745954, 10.283968105745954, 10.283968105745954, 10.283968105745954, 10.283968105745954, 10.283968105745954, 10.283968105745954, 10.283968105745954, 10.283968105745954, 10.283968105745954, 10.283968105745954, 10.283968105745954, 10.283968105745954, 10.283968105745954, 10.283968105745954, 10.283968105745954, 10.283968105745954, 10.283968105745954, 10.283968105745954, 10.283968105745954, 10.283968105745954, 10.283968105745954, 10.283968105745954, 10.283968105745954, 10.283968105745954, 10.283968105745954, 10.283968105745954, 10.283968105745954, 10.283968105745954, 10.283968105745954, 10.283968105745954, 10.283968105745954, 10.283968105745954, 10.283968105745954, 10.283968105745954, 10.283968105745954, 10.283968105745954, 10.283968105745954, 10.283968105745954, 10.283968105745954, 10.283968105745954, 10.283968105745954, 10.283968105745954, 10.283968105745954, 10.283968105745954, 10.283968105745954, 10.283968105745954, 10.283968105745954, 10.283968105745954, 10.283968105745954, 10.283968105745954, 10.283968105745954, 10.283968105745954], "timestamps_eval": [87.49687790870667, 172.69584679603577, 257.93953371047974, 343.2878894805908, 428.70285058021545, 513.7710723876953, 598.901670217514, 684.2337617874146, 769.4796600341797, 854.7441847324371, 940.101936340332, 1025.353441476822, 1110.7724080085754, 1196.04834318161, 1281.4544925689697, 1367.044603586197, 1452.3707420825958, 1537.909298658371, 1623.198834657669, 1708.846687555313, 1794.3812918663025, 1879.8623032569885, 1965.5140643119812, 2051.0078871250153, 2136.7548220157623, 2222.279815196991, 2307.769627571106, 2393.192393064499, 2479.3486008644104, 2564.863535642624, 2650.4866230487823, 2736.0317730903625, 2821.5380387306213, 2907.1532905101776, 2992.6018328666687, 3078.020015478134, 3163.360647916794, 3248.9783115386963, 3334.5200850963593, 3419.9816172122955, 3505.4292142391205, 3591.064046859741, 3676.695041656494, 3762.1611659526825, 3847.658501625061, 3933.083284854889, 4018.5545399188995, 4103.983629226685, 4189.418925523758, 4274.813547372818, 4360.142112255096, 4445.621980667114, 4531.144672632217, 4616.583489656448, 4702.058669567108, 4787.806855201721, 4873.296837091446, 4958.665736436844, 5044.17182636261, 5129.7179346084595, 5215.084501028061, 5300.561153650284, 5385.989370107651, 5471.4126172065735, 5556.961122751236, 5642.492791414261, 5728.120209932327, 5813.55731511116, 5899.016528367996, 5984.469078540802, 6069.947877645493, 6155.580744743347, 6241.274751186371, 6326.870376586914, 6412.419674396515, 6497.925173997879, 6583.323398351669, 6668.879946231842, 6754.412830591202, 6839.995032072067, 6925.536927938461, 7010.970494031906, 7097.144160270691, 7182.694406986237, 7268.247156381607, 7353.60563325882, 7438.948190689087, 7524.478187799454, 7609.932162284851, 7695.353922843933, 7780.81049489975, 7866.263801336288, 7951.737626314163, 8037.964435100555, 8123.303597211838, 8208.758767604828, 8294.2146525383, 8379.623880147934, 8465.137011289597, 8550.57265329361], "timesteps_eval": [8802, 17640, 26478, 35316, 44154, 52992, 61830, 70668, 79506, 88344, 97182, 106020, 114858, 123696, 132534, 141372, 150210, 159048, 167886, 176724, 185562, 194400, 203238, 212076, 220914, 229752, 238590, 247428, 256266, 265104, 273942, 282780, 291618, 300456, 309294, 318132, 326970, 335808, 344646, 353484, 362322, 371160, 379998, 388836, 397674, 406512, 415350, 424188, 433026, 441864, 450702, 459540, 468378, 477216, 486054, 494892, 503730, 512568, 521406, 530244, 539082, 547920, 556758, 565596, 574434, 583272, 592110, 600948, 609786, 618624, 627462, 636300, 645138, 653976, 662814, 671652, 680490, 689328, 698166, 707004, 715842, 724680, 733518, 742356, 751194, 760032, 768870, 777708, 786546, 795384, 804222, 813060, 821898, 830736, 839574, 848412, 857250, 866088, 874926, 883764],