{"gamma": [0.99, 0.98, 0.98], "learning_rate": [-3, -5, -4], "returns_eval": [0.0, 0.5, 0.0, 0.0, 0.3, 1.4, 0.7, 3.3, 1.9, 2.5, 4.3, 8.4, 3.0, 11.0, 4.2, 9.0, 15.1, 14.7, 14.4, 11.0, 11.2, 21.7, 19.1, 17.1, 22.5, 15.7, 18.9, 14.3, 15.7, 8.7, 9.7, 10.8, 10.3, 13.6, 13.6, 18.6, 11.3, 16.9, 17.6, 17.1, 21.8, 28.7, 30.4, 28.8, 22.5, 33.0, 31.1, 33.4, 28.5, 41.7, 34.9, 50.0, 42.8, 49.7, 41.7, 47.2, 54.3, 48.1, 52.1, 62.8, 50.2, 55.1, 55.2, 50.5, 64.8, 66.4, 72.7, 68.8, 68.0, 62.1, 75.1, 78.3, 73.6, 76.2, 80.1, 64.9, 82.3, 66.7, 79.5, 74.8, 87.7, 77.9, 83.0, 84.5, 89.3, 90.0, 88.2, 93.9, 82.6, 93.6, 92.4, 89.4, 104.7, 82.6, 90.1, 91.5, 89.5, 88.0, 93.3, 95.7], "std_returns_eval": [0.0, 1.5, 0.0, 0.0, 0.6403124237432849, 1.4966629547095767, 0.9, 3.7696153649941526, 2.6248809496813377, 2.7658633371878665, 4.196427051671457, 7.578918128598567, 1.9493588689617927, 9.327379053088816, 3.8418745424597094, 10.119288512538814, 6.977822009767805, 7.975587752636165, 10.258654882585729, 6.782329983125268, 8.328265125462805, 10.050373127401787, 12.128066622508303, 7.034912934784622, 8.488227141164401, 7.389857914736926, 4.1340053217188775, 6.634003316248793, 8.112336284942828, 5.710516614107694, 8.038034585643434, 6.764613810115105, 4.220189569201838, 7.952358140828417, 7.863841300534999, 5.023942674832188, 5.9506302187247355, 8.371977066380438, 5.96992462263972, 7.2862884927787475, 10.543244282477762, 9.1, 9.748846085563152, 8.14616474176652, 11.191514642799696, 11.515207336387824, 14.003213916812099, 8.101851640211638, 8.464632301523794, 6.649060083951716, 11.700000000000001, 16.186414056238647, 19.29144888285999, 6.435060217278468, 10.677546534667972, 14.441606558828557, 17.000294115102832, 10.64377752492037, 20.11690831116949, 17.057549648176316, 19.004210059878837, 18.619613314996634, 13.60735095453924, 16.032778923193572, 22.92945703674642, 24.727312834192073, 20.233882474700696, 17.58863269273652, 18.29207478663916, 19.075901027212318, 20.637102509800158, 19.1835867344978, 16.322989922192562, 24.276737836867618, 17.44964183013508, 23.088741845323664, 12.337341690980272, 24.8235775020443, 16.77050983124842, 24.656844891429238, 16.89408180399278, 25.161279776672725, 24.0, 24.021865040000534, 22.414504232750723, 20.566963801203133, 18.63223014027038, 22.92356865760652, 22.98782286342054, 19.121715404220406, 16.98940846527624, 19.749430371532238, 11.393419153177856, 21.6573313222105, 19.58800653461194, 13.433167906342867, 16.070158679988197, 16.44992401198255, 10.354226190305097, 18.02803372528463], "timestamps_eval": [88.04690384864807, 173.743102312088, 259.38879680633545, 345.3991062641144, 431.4009630680084, 517.5963830947876, 603.7423918247223, 689.9842994213104, 776.0787317752838, 862.1577169895172, 948.3649551868439, 1034.8847777843475, 1121.2495968341827, 1207.684648990631, 1294.2613317966461, 1380.7412793636322, 1466.9881474971771, 1553.146420955658, 1639.3955776691437, 1725.7304441928864, 1812.188220500946, 1898.4474773406982, 1984.9461269378662, 2071.482808113098, 2157.7341406345367, 2244.0534653663635, 2330.2314562797546, 2416.636389732361, 2502.9214556217194, 2589.1044359207153, 2675.315019607544, 2761.4813079833984, 2847.83535861969, 2934.1270167827606, 3020.3940136432648, 3106.546972513199, 3192.7360558509827, 3278.851061820984, 3365.025813102722, 3451.4006960392, 3538.012959241867, 3624.4964814186096, 3711.097491502762, 3797.249260663986, 3883.432290792465, 3969.7474014759064, 4056.2018508911133, 4142.346635818481, 4228.683857917786, 4315.067136764526, 4401.808861732483, 4488.404725551605, 4575.196211338043, 4662.017021656036, 4748.589419126511, 4835.230591058731, 4921.666182518005, 5007.918787479401, 5094.080257892609, 5180.44628071785, 5267.039629459381, 5353.466964960098, 5439.834139585495, 5526.15238904953, 5612.3906445503235, 5698.586301803589, 5784.8577308654785, 5871.057536840439, 5957.234630346298, 6043.519663095474, 6129.721609115601, 6215.969879627228, 6302.3603184223175, 6388.5736672878265, 6474.884167909622, 6561.33403468132, 6647.556161880493, 6733.852952003479, 6820.298730611801, 6906.807548761368, 6993.248101711273, 7079.906060934067, 7166.356172800064, 7252.6899609565735, 7339.239625453949, 7425.484468221664, 7511.935173273087, 7598.171347856522, 7684.592884063721, 7770.870803356171, 7857.324827432632, 7943.839338302612, 8030.316870927811, 8116.734291791916, 8203.130774259567, 8289.936292886734, 8376.582259654999, 8463.024370193481, 8549.394458770752, 8635.812780618668], "timesteps_eval": [8805, 17638, 26471, 35304, 44137, 52970, 61803, 70636, 79469, 88302, 97135, 105968, 114801, 123634, 132467, 141300, 150133, 158966, 167799, 176632, 185465, 194298, 203131, 211964, 220797, 229630, 238463, 247296, 256129, 264962, 273795, 282628, 291461, 300294, 309127, 317960, 326793, 335626, 344459, 353292, 362125, 370958, 379791, 388624, 397457, 406290, 415123, 423956, 432789, 441622, 450455, 459288, 468121, 476954, 485787, 494620, 503453, 512286, 521119, 529952, 538785, 547618, 556451, 565284, 574117, 582950, 591783, 600616, 609449, 618282, 627115, 635948, 644781, 653614, 662447, 671280, 680113, 688946, 697779, 706612, 715445, 724278, 733111, 741944, 750777, 759610, 768443, 777276, 786109, 794942, 803775, 812608, 821441, 830274, 839107, 847940, 856773, 865606, 874439, 883272],