{"gamma": [0.98, 0.95, 0.98], "learning_rate": [-3, -4, -3], "returns_eval": [0.0, 0.0, 0.0, 0.2, 0.4, 0.7, 3.9, 7.7, 9.7, 7.4, 6.7, 8.1, 9.6, 9.9, 12.7, 11.5, 21.6, 14.5, 14.6, 13.4, 9.2, 12.4, 10.2, 8.3, 11.3, 7.0, 16.5, 14.9, 16.6, 20.5, 19.0, 11.8, 16.7, 25.5, 28.6, 28.7, 35.8, 32.1, 41.5, 40.0, 40.7, 44.1, 47.2, 49.0, 53.5, 55.6, 48.1, 52.9, 52.0, 63.3, 64.2, 71.3, 66.6, 74.3, 77.6, 68.5, 65.3, 69.7, 70.5, 77.3, 73.2, 56.7, 41.3, 31.1, 10.7, 2.4, 2.6, 0.7, 0.2, 0.8, 0.2, 0.0, 3.4, 2.1, 1.2, 3.7, 3.3, 5.2, 5.1, 6.8, 6.1, 7.0, 6.5, 8.6, 9.4, 10.0, 9.9, 8.0, 7.8, 8.3, 7.4, 8.9, 10.1, 8.4, 7.9, 7.7, 7.3, 6.9, 11.2, 10.3], "std_returns_eval": [0.0, 0.0, 0.0, 0.4000000000000001, 0.9165151389911681, 1.552417469626002, 5.61159513863928, 6.797793759742936, 8.1, 4.5431266766402185, 4.001249804748512, 9.093404203047392, 4.862098312457287, 6.549045732013177, 7.975587752636166, 6.232976816898969, 9.254188241007421, 9.372833082905082, 9.58331884056875, 6.053098380168622, 5.173006862551025, 6.770524351924303, 6.539113089708726, 4.290687590584986, 6.000833275471, 4.449719092257398, 9.297849213662266, 11.605602095539895, 10.864621484432856, 10.052362906302179, 7.3484692283495345, 5.929586832149438, 3.3181320046074116, 10.892658077806354, 12.051555916146263, 8.866228059327145, 7.743384273042375, 15.109268678529745, 16.638810053606598, 15.861904047118681, 17.099999999999998, 15.604166110369372, 10.107423014794621, 12.521980673998822, 19.525624189766635, 15.519020587653076, 13.538463723776049, 18.72137815439878, 13.682105101189656, 15.722913216067816, 13.392535234226566, 19.63186185770468, 21.550870052041983, 19.72333643175008, 17.88966181905069, 19.87586476106134, 17.059015211904818, 20.332486321156104, 14.361406616345072, 18.011385288200348, 17.12191578065959, 15.588778014969614, 12.426182036329584, 20.90191378797645, 8.34326075344646, 3.8, 2.973213749463701, 1.4866068747318502, 0.6000000000000001, 1.2489995996796797, 0.4000000000000001, 0.0, 3.0397368307141326, 2.3853720883753127, 3.2802438933713454, 1.7349351572897473, 2.9, 4.28485705712571, 2.879236009777594, 3.4583232931581165, 3.1128764832546763, 3.5496478698597698, 3.9560080889704965, 4.983974317750845, 4.223742416388575, 2.0976176963403033, 5.262128846769148, 4.0743097574926725, 4.190465367951392, 4.450842616853577, 3.8781438859330635, 2.2561028345356955, 2.773084924772409, 2.4979991993593593, 3.7, 1.7916472867168918, 3.0016662039607267, 3.419064199455752, 3.6000000000000005, 3.257299494980466], "timestamps_eval": [87.7478392124176, 173.11971998214722, 258.5768015384674, 344.10245537757874, 429.5380291938782, 515.0467846393585, 600.6262793540955, 686.221483707428, 772.0915031433105, 857.754406452179, 943.3989186286926, 1029.041573047638, 1114.8428003787994, 1200.7322616577148, 1286.5409700870514, 1372.358773469925, 1458.9706056118011, 1544.877911567688, 1630.7893798351288, 1716.700670003891, 1802.5455288887024, 1888.3524644374847, 1974.1389255523682, 2059.979600906372, 2145.8115670681, 2231.574161529541, 2317.4515426158905, 2403.324652671814, 2489.233976125717, 2574.991316795349, 2660.932774782181, 2746.742988348007, 2832.654603242874, 2918.6356246471405, 3004.5227715969086, 3090.440746307373, 3176.3324887752533, 3262.1831295490265, 3348.11221075058, 3434.1085393428802, 3520.000247001648, 3605.870514154434, 3691.8222444057465, 3778.8263976573944, 3864.7393815517426, 3950.8104844093323, 4036.827788591385, 4122.741934299469, 4208.687373876572, 4294.541615247726, 4380.414985179901, 4466.322415828705, 4552.458599328995, 4638.539694309235, 4724.6216340065, 4810.67994427681, 4896.797412872314, 4982.795459985733, 5068.816775798798, 5154.829251766205, 5240.977885007858, 5327.191543579102, 5413.15938949585, 5498.950496673584, 5584.906477212906, 5670.807185411453, 5756.641565799713, 5842.4818642139435, 5928.1544823646545, 6013.882160425186, 6099.602940320969, 6185.21569776535, 6270.997183561325, 6356.719934463501, 6442.5142369270325, 6528.256528377533, 6614.152675151825, 6699.898418903351, 6785.785178661346, 6871.516006469727, 6957.40610742569, 7043.329566240311, 7129.246138572693, 7215.431652069092, 7301.270605564117, 7387.421968698502, 7473.505630731583, 7559.633938789368, 7645.667772531509, 7731.67621421814, 7817.585232496262, 7903.50465464592, 7989.353763341904, 8075.179471254349, 8161.597295045853, 8247.533790111542, 8333.575997591019, 8419.616536855698, 8505.622895479202, 8591.47409749031], "timesteps_eval": [8805, 17638, 26471, 35304, 44137, 52970, 61803, 70636, 79469, 88302, 97135, 105968, 114801, 123634, 132467, 141300, 150133, 158966, 167799, 176632, 185465, 194298, 203131, 211964, 220797, 229630, 238463, 247296, 256129, 264962, 273795, 282628, 291461, 300294, 309127, 317960, 326793, 335626, 344459, 353292, 362125, 370958, 379791, 388624, 397457, 406290, 415123, 423956, 432789, 441622, 450455, 459288, 468121, 476954, 485787, 494620, 503453, 512286, 521119, 529952, 538785, 547618, 556451, 565284, 574117, 582950, 591783, 600616, 609449, 618282, 627115, 635948, 644781, 653614, 662447, 671280, 680113, 688946, 697779, 706612, 715445, 724278, 733111, 741944, 750777, 759610, 768443, 777276, 786109, 794942, 803775, 812608, 821441, 830274, 839107, 847940, 856773, 865606, 874439, 883272],