{"gamma": [0.99, 0.99, 0.98], "learning_rate": [-5, -4, -4], "returns_eval": [3.4, 9.5, 9.2, 7.6, 13.7, 16.7, 12.2, 12.2, 12.2, 12.2, 12.5, 19.6, 19.6, 19.6, 19.6, 19.6, 19.6, 19.6, 17.2, 12.2, 12.2, 12.2, 12.2, 12.2, 12.2, 25.7, 12.2, 19.0, 12.2, 12.2, 12.2, 12.2, 15.7, 25.0, 26.1, 30.6, 43.4, 69.6, 47.8, 59.9, 48.9, 73.9, 78.6, 70.5, 94.0, 89.7, 82.0, 88.1, 105.6, 99.8, 107.6, 112.4, 127.3, 112.4, 127.9, 129.4, 122.8, 125.8, 150.3, 137.7, 141.9, 170.4, 140.2, 150.7, 193.7, 157.6, 163.1, 181.9, 163.8, 202.9, 205.1, 223.7, 203.8, 248.8, 219.1, 195.4, 222.5, 249.2, 248.7, 230.9, 210.3, 242.0, 318.8, 267.3, 291.1, 283.9, 242.3, 323.0, 248.3, 254.3, 247.2, 229.2, 328.8, 354.9, 354.5, 328.7, 312.1, 308.3, 331.5, 371.0], "std_returns_eval": [2.3748684174075834, 7.242237223399963, 7.180529228406497, 5.257375771237966, 11.144954015158609, 11.419719786404569, 7.56042326857432, 7.56042326857432, 7.56042326857432, 7.56042326857432, 7.486654793697917, 9.8812954616285, 9.8812954616285, 9.8812954616285, 9.8812954616285, 9.8812954616285, 9.8812954616285, 9.8812954616285, 11.496086290559932, 7.56042326857432, 7.56042326857432, 7.56042326857432, 7.56042326857432, 7.56042326857432, 7.56042326857432, 15.855913723276876, 7.56042326857432, 8.933084573650918, 7.56042326857432, 7.56042326857432, 7.56042326857432, 7.56042326857432, 9.716480844420989, 13.0, 10.690650120549265, 16.948156241904307, 14.478950238190611, 33.493880038000974, 20.696859665176262, 27.77210831031739, 24.622956768024427, 26.25433297572041, 26.639069052802878, 21.60208323287363, 20.268201696253172, 19.82447981663075, 19.88969582472291, 15.352198539622915, 21.420550879937704, 10.264501936285074, 14.478950238190613, 10.678951259369995, 20.040209579742424, 19.739300899474635, 22.962795997003504, 20.24944443682345, 16.27144738491324, 18.126224096595518, 52.184384637552256, 13.274411474713295, 18.56582882609877, 46.409481789823936, 28.89221348391293, 20.683568357515103, 91.8814997700843, 16.01998751560063, 13.531075345293145, 63.30631879994287, 13.234802605252561, 69.45710906739495, 74.58612471498972, 83.17697998845594, 73.3686581586443, 92.04433714248802, 87.84924587041144, 48.767202093210145, 72.39924032750619, 79.23357874032953, 91.41121375411225, 86.76917655481122, 60.357352493296126, 87.72000911992657, 69.02579228085686, 81.25152306264788, 97.22185968186373, 86.45975942598962, 105.17894275947063, 94.43410400909197, 86.83323096603051, 95.93440467319323, 98.91390195518525, 82.37329664399743, 72.85849298468916, 62.10386461404798, 56.40611668959316, 76.58988183826895, 85.67315799011963, 84.82576259604154, 68.26455888673127, 25.577333715616255], "timestamps_eval": [88.02092099189758, 173.49547290802002, 258.8937804698944, 344.43452405929565, 429.8685381412506, 515.4403276443481, 601.1142776012421, 686.6354076862335, 772.160905122757, 857.6244802474976, 943.0524084568024, 1028.576485157013, 1114.5290431976318, 1200.0539345741272, 1285.5913589000702, 1371.2904181480408, 1456.7322602272034, 1542.2020375728607, 1627.836321592331, 1713.3861148357391, 1798.8399727344513, 1884.4128048419952, 1969.9284131526947, 2055.3787593841553, 2140.8332567214966, 2226.4041860103607, 2311.886237859726, 2397.485029935837, 2482.850764989853, 2568.3816468715668, 2654.250022649765, 2739.679041862488, 2825.3530054092407, 2910.9674434661865, 2996.622399330139, 3082.2629585266113, 3167.943333387375, 3253.7864956855774, 3339.373111486435, 3424.8540530204773, 3510.505672931671, 3596.265558242798, 3681.919663667679, 3767.617180585861, 3853.272799730301, 3938.7982182502747, 4024.3657240867615, 4109.928773403168, 4195.467980384827, 4281.076805830002, 4366.651513576508, 4452.230102300644, 4537.738080739975, 4623.4923396110535, 4709.191316127777, 4794.9936780929565, 4880.628925085068, 4966.268194198608, 5066.052135229111, 5151.562260389328, 5237.827501773834, 5337.369656085968, 5423.090368270874, 5508.658406972885, 5608.417665719986, 5694.106235980988, 5779.6628448963165, 5879.391698360443, 5965.037101984024, 6079.082654714584, 6192.543914079666, 6292.37301659584, 6392.0536007881165, 6505.771804094315, 6619.441952466965, 6719.254747390747, 6818.853892326355, 6932.5951998233795, 7032.565874814987, 7132.397432804108, 7232.058008670807, 7345.958414316177, 7459.765108585358, 7573.661382198334, 7687.561441421509, 7801.609585762024, 7901.3575603961945, 8015.314368009567, 8130.870965957642, 8231.092772006989, 8345.195719242096, 8459.460281848907, 8573.485346317291, 8687.832714796066, 8802.035634756088, 8916.295298814774, 9030.501572847366, 9144.528459072113, 9259.091298103333, 9373.336281299591], "timesteps_eval": [8805, 17638, 26471, 35304, 44137, 52970, 61803, 70636, 79469, 88302, 97135, 105968, 114801, 123634, 132467, 141300, 150133, 158966, 167799, 176632, 185465, 194298, 203131, 211964, 220797, 229630, 238463, 247296, 256129, 264962, 273795, 282628, 291461, 300294, 309127, 317960, 326793, 335626, 344459, 353292, 362125, 370958, 379791, 388624, 397457, 406290, 415123, 423956, 432789, 441622, 450455, 459288, 468121, 476954, 485787, 494620, 503453, 512286, 521119, 529952, 538785, 547618, 556451, 565284, 574117, 582950, 591783, 600616, 609449, 618282, 627115, 635948, 644781, 653614, 662889, 671722, 680555, 689388, 698221, 707492, 717643, 727356, 736631, 745464, 755175, 765322, 775915, 787391, 796007, 804539, 813519, 824914, 833747, 843900, 853613, 864205, 874352, 882083, 893037, 904513],