{"gamma": 0.98, "learning_rate": -3, "clip": 0.3, "returns_eval": [0.0, 0.0, 0.0, 0.0, 0.0, 0.0, 0.0, 0.3, 0.2, 0.2, 0.4, 0.5, 1.2, 0.0, 7.2, 0.5, 3.7, 2.9, 9.7, 6.7, 6.1, 8.6, 3.9, 3.7, 4.2, 1.5, 2.7, 2.5, 2.9, 2.9, 2.3, 2.4, 2.2, 1.9, 1.8, 0.9, 1.8, 2.2, 3.2, 1.5, 2.2, 1.5, 1.7, 2.7, 2.2, 3.2, 3.6, 2.4, 2.4, 3.5, 3.0, 3.9, 2.5, 5.0, 4.8, 5.5, 6.3, 4.1, 2.0, 4.4, 4.6, 2.7, 4.4, 4.4, 8.2, 7.7, 8.0, 10.4, 10.0, 15.0, 13.3, 12.2, 11.2, 12.7, 11.8, 13.8, 20.6, 14.0, 11.2, 14.5, 15.2, 13.2, 8.5, 17.8, 14.4, 16.8, 14.7, 12.4, 14.4, 18.2, 14.3, 12.1, 16.3, 8.8, 15.6, 24.3, 21.9, 21.2, 18.1, 15.2], "std_returns_eval": [0.0, 0.0, 0.0, 0.0, 0.0, 0.0, 0.0, 0.6403124237432849, 0.6000000000000001, 0.6000000000000001, 1.2000000000000002, 1.5, 3.6000000000000005, 0.0, 6.705221845696084, 0.5, 6.132699242584786, 4.4147480109288235, 8.173738434767778, 5.040833264451424, 8.129575634681062, 6.118823416311342, 2.3853720883753127, 3.4655446902326914, 2.4, 2.0124611797498106, 1.676305461424021, 2.3769728648009427, 3.2078029864690882, 2.467792535850613, 2.6095976701399777, 2.1540659228538015, 2.4413111231467406, 1.5132745950421556, 2.5612496949731396, 1.445683229480096, 2.227105745132009, 2.2271057451320084, 2.638181191654584, 1.5, 2.7129319932501077, 1.9621416870348585, 1.9519221295943134, 1.6155494421403513, 1.7776388834631176, 2.08806130178211, 1.6852299546352716, 1.5620499351813308, 2.4166091947189146, 3.170173496829472, 2.04939015319192, 1.9723082923316022, 2.6172504656604803, 2.6832815729997477, 4.166533331199931, 2.0124611797498106, 4.243819034784589, 2.3, 1.5491933384829668, 1.9595917942265424, 2.4166091947189146, 2.193171219946131, 1.9595917942265426, 2.2891046284519194, 4.214261501141095, 4.796873982084583, 5.60357029044876, 6.437390775772434, 7.402702209328699, 7.0992957397195395, 5.478138369920935, 8.423775875461075, 5.3814496188294845, 6.197580172938468, 3.655133376499413, 9.568698971124547, 8.333066662399862, 8.136338242723197, 8.930845424706442, 4.387482193696061, 6.462197768561405, 7.096477999684069, 4.716990566028302, 5.325410782277739, 10.451794104363136, 5.249761899362675, 14.028898745090435, 7.418894796396563, 5.7654141221598305, 8.28009661779378, 3.976179070414209, 7.133722730804723, 5.848931526355903, 6.013318551349164, 7.735631842325487, 8.877499647986475, 8.572630868059116, 4.812483766206386, 6.122907805936653, 9.4], "timestamps_eval": [86.93687272071838, 171.93664288520813, 256.9599997997284, 342.0953106880188, 427.0802421569824, 512.0559833049774, 597.6170952320099, 682.6037299633026, 767.8108079433441, 853.1069157123566, 938.2399349212646, 1023.299147605896, 1108.3701028823853, 1193.4865400791168, 1278.5763268470764, 1363.8366241455078, 1449.0126025676727, 1534.0664172172546, 1619.2865812778473, 1704.6181871891022, 1789.8622415065765, 1875.2765929698944, 1960.7480521202087, 2046.03662443161, 2131.280106782913, 2216.4470455646515, 2301.713374853134, 2386.9768767356873, 2472.1713495254517, 2557.473864555359, 2642.7268896102905, 2727.943197965622, 2813.263748407364, 2898.4160826206207, 2983.8331594467163, 3069.016102552414, 3154.3260412216187, 3239.623528957367, 3325.0487942695618, 3410.3704974651337, 3495.9416234493256, 3581.2686455249786, 3666.4270515441895, 3751.7268373966217, 3836.920044183731, 3922.2278068065643, 4008.1227130889893, 4093.3120148181915, 4178.641179561615, 4263.883040904999, 4350.082065343857, 4435.408776283264, 4520.5329620838165, 4605.8370950222015, 4691.095237493515, 4776.319391489029, 4861.711446285248, 4946.97850561142, 5032.284643650055, 5117.594577074051, 5202.903623580933, 5288.299969911575, 5373.687064886093, 5459.651676654816, 5545.085145235062, 5630.331072807312, 5715.567692518234, 5800.7414491176605, 5885.893830060959, 5971.208662986755, 6056.57971072197, 6141.9456515312195, 6227.261421442032, 6312.537751197815, 6397.866646051407, 6483.4584147930145, 6569.304779291153, 6654.963615894318, 6740.75860118866, 6826.287912130356, 6912.078478574753, 6997.614213466644, 7083.197050571442, 7168.891535758972, 7254.483415365219, 7340.163542032242, 7425.771731376648, 7511.488250255585, 7597.037900686264, 7682.741875171661, 7768.412621259689, 7854.128955125809, 7939.82940030098, 8025.354278564453, 8111.134692192078, 8196.585752725601, 8282.193670988083, 8367.837301492691, 8453.473604679108, 8539.270411968231], "timesteps_eval": [8802, 17640, 26478, 35316, 44154, 52992, 61830, 70668, 79506, 88344, 97182, 106020, 114858, 123696, 132534, 141372, 150210, 159048, 167886, 176724, 185562, 194400, 203238, 212076, 220914, 229752, 238590, 247428, 256266, 265104, 273942, 282780, 291618, 300456, 309294, 318132, 326970, 335808, 344646, 353484, 362322, 371160, 379998, 388836, 397674, 406512, 415350, 424188, 433026, 441864, 450702, 459540, 468378, 477216, 486054, 494892, 503730, 512568, 521406, 530244, 539082, 547920, 556758, 565596, 574434, 583272, 592110, 600948, 609786, 618624, 627462, 636300, 645138, 653976, 662814, 671652, 680490, 689328, 698166, 707004, 715842, 724680, 733518, 742356, 751194, 760032, 768870, 777708, 786546, 795384, 804222, 813060, 821898, 830736, 839574, 848412, 857250, 866088, 874926, 883764],