{"gamma": [0.99, 0.95, 0.98], "learning_rate": [-5, -3, -3], "returns_eval": [3.4, 9.5, 9.2, 7.6, 13.7, 16.7, 12.2, 12.2, 12.2, 12.2, 12.5, 19.6, 19.6, 19.6, 19.6, 19.6, 19.6, 19.6, 17.2, 12.2, 12.2, 12.2, 12.2, 12.2, 12.2, 25.7, 12.2, 19.0, 12.2, 12.2, 13.8, 12.6, 13.6, 24.4, 23.3, 26.8, 65.1, 77.9, 69.2, 80.0, 54.9, 88.1, 90.0, 91.7, 77.5, 79.7, 80.6, 81.0, 81.0, 86.4, 58.3, 82.8, 73.9, 55.8, 66.4, 52.3, 60.5, 53.6, 40.8, 34.6, 45.2, 32.0, 21.1, 11.7, 4.5, 2.4, 1.3, 0.8, 2.2, 0.6, 2.2, 2.6, 1.0, 1.6, 3.2, 4.6, 4.9, 7.9, 7.6, 6.8, 6.8, 7.7, 5.2, 8.0, 5.6, 7.4, 1.4, 3.3, 3.0, 2.2, 3.1, 3.2, 1.3, 1.1, 0.1, 0.7, 0.8, 1.0, 1.2, 0.5], "std_returns_eval": [2.3748684174075834, 7.242237223399963, 7.180529228406497, 5.257375771237966, 11.144954015158609, 11.419719786404569, 7.56042326857432, 7.56042326857432, 7.56042326857432, 7.56042326857432, 7.486654793697917, 9.8812954616285, 9.8812954616285, 9.8812954616285, 9.8812954616285, 9.8812954616285, 9.8812954616285, 9.8812954616285, 11.496086290559932, 7.56042326857432, 7.56042326857432, 7.56042326857432, 7.56042326857432, 7.56042326857432, 7.56042326857432, 15.855913723276876, 7.56042326857432, 8.933084573650918, 7.56042326857432, 7.56042326857432, 10.077698149875298, 7.977468270071653, 8.799999999999999, 12.41933975700802, 11.463420083029323, 12.424169992397884, 20.56915165970634, 31.564061842544916, 17.853851125177446, 20.518284528683193, 20.3, 14.942891286494726, 12.712198865656562, 12.696850003051937, 14.486200329969208, 19.328993765843062, 17.00117642988273, 17.15225932639779, 16.425589791541732, 10.678951259369995, 13.711673858431727, 25.11095378515121, 19.90703393275854, 12.188519188154071, 20.397058611476314, 11.645170672858342, 21.850629281556174, 23.950782868207042, 6.779380502671317, 10.947145746723207, 18.5245782678041, 8.637129152675673, 11.734138229968147, 9.4451045520947, 5.748912940721924, 3.0066592756745814, 2.3259406699226015, 0.9797958971132712, 3.2186953878862163, 0.48989794855663565, 2.5219040425836985, 1.562049935181331, 1.1832159566199232, 1.2, 2.1354156504062622, 2.537715508089904, 2.5865034312755126, 3.98622628559895, 3.52703841770968, 2.9597297173897483, 3.7894590642992836, 7.836453279386026, 3.8935844667863564, 3.82099463490856, 3.6386810797320503, 3.0397368307141326, 1.8, 2.758622844826744, 2.04939015319192, 1.661324772583615, 2.8442925306655784, 2.5219040425836985, 1.6155494421403511, 1.044030650891055, 0.30000000000000004, 1.004987562112089, 0.8717797887081348, 0.7745966692414834, 1.077032961426901, 0.806225774829855], "timestamps_eval": [88.09939670562744, 174.0440354347229, 259.8918488025665, 345.62844133377075, 431.4337487220764, 517.3132367134094, 603.1596193313599, 689.1349635124207, 775.1676743030548, 861.1968922615051, 947.1562554836273, 1033.2122604846954, 1119.1349339485168, 1205.110447883606, 1291.0463421344757, 1377.0457785129547, 1463.1160724163055, 1549.1901144981384, 1635.1597800254822, 1721.1255793571472, 1807.3174738883972, 1893.4068856239319, 1979.4388587474823, 2065.4706637859344, 2151.4418346881866, 2237.4013528823853, 2323.5598735809326, 2409.583509206772, 2495.663432121277, 2581.7312021255493, 2667.6736209392548, 2753.5033280849457, 2839.2781484127045, 2925.178503036499, 3011.066839694977, 3096.9739723205566, 3182.89985203743, 3268.958113670349, 3355.0916426181793, 3441.243189573288, 3527.531440973282, 3613.5819687843323, 3699.799076318741, 3785.9635441303253, 3871.966980934143, 3958.1920866966248, 4044.3019433021545, 4130.463269710541, 4216.702159881592, 4302.793014287949, 4388.85147190094, 4475.018725395203, 4561.215597867966, 4647.308140993118, 4733.259083986282, 4819.381085395813, 4905.413409233093, 4991.436477899551, 5077.533964633942, 5163.521568059921, 5249.616941452026, 5335.559674501419, 5421.563680171967, 5507.637637853622, 5593.659095525742, 5679.576992511749, 5765.710790157318, 5851.560347557068, 5937.503407716751, 6023.439588069916, 6109.552353620529, 6195.492194414139, 6281.390945672989, 6367.430899143219, 6453.448330640793, 6539.322138547897, 6625.268835306168, 6711.165379047394, 6797.1071672439575, 6883.22687458992, 6969.226133108139, 7055.110654592514, 7141.141399145126, 7227.158202886581, 7313.205881118774, 7399.212017059326, 7485.302092790604, 7571.40486907959, 7657.276061534882, 7743.228355407715, 7829.146751880646, 7915.2425854206085, 8001.115359544754, 8087.118844985962, 8172.920621395111, 8258.948001146317, 8344.85032248497, 8430.770473718643, 8516.740411996841, 8602.652674674988], "timesteps_eval": [8805, 17638, 26471, 35304, 44137, 52970, 61803, 70636, 79469, 88302, 97135, 105968, 114801, 123634, 132467, 141300, 150133, 158966, 167799, 176632, 185465, 194298, 203131, 211964, 220797, 229630, 238463, 247296, 256129, 264962, 273795, 282628, 291461, 300294, 309127, 317960, 326793, 335626, 344459, 353292, 362125, 370958, 379791, 388624, 397457, 406290, 415123, 423956, 432789, 441622, 450455, 459288, 468121, 476954, 485787, 494620, 503453, 512286, 521119, 529952, 538785, 547618, 556451, 565284, 574117, 582950, 591783, 600616, 609449, 618282, 627115, 635948, 644781, 653614, 662447, 671280, 680113, 688946, 697779, 706612, 715445, 724278, 733111, 741944, 750777, 759610, 768443, 777276, 786109, 794942, 803775, 812608, 821441, 830274, 839107, 847940, 856773, 865606, 874439, 883272],