{"gamma": [0.95, 0.95, 0.95], "learning_rate": [-5, -4, -4], "returns_eval": [0.0, 0.0, 1.3, 2.6, 0.0, 1.1, 17.4, 15.2, 17.9, 18.5, 21.1, 22.9, 30.5, 30.5, 30.5, 30.5, 30.5, 30.5, 30.5, 30.5, 30.5, 30.5, 30.5, 30.5, 31.0, 28.0, 29.7, 44.4, 42.5, 57.4, 67.0, 66.8, 65.5, 67.8, 90.9, 92.9, 110.0, 97.2, 115.6, 116.6, 116.5, 135.6, 139.8, 131.8, 136.8, 153.1, 142.5, 153.8, 160.4, 192.6, 177.6, 174.6, 219.5, 253.3, 256.7, 286.1, 304.7, 281.2, 351.7, 265.5, 325.2, 348.8, 300.9, 354.9, 381.4, 324.0, 369.4, 367.0, 294.4, 338.2, 340.4, 325.5, 320.2, 326.1, 361.4, 340.2, 369.7, 383.2, 366.8, 382.3, 338.7, 340.9, 390.0, 408.0, 327.4, 396.4, 394.3, 389.2, 395.6, 341.5, 392.1, 393.5, 415.1, 391.0, 425.9, 374.8, 429.7, 417.0, 415.8, 432.7], "std_returns_eval": [0.0, 0.0, 2.9681644159311658, 3.0397368307141326, 0.0, 2.662705391138869, 15.239422561238992, 9.042123644365853, 7.462573282722254, 10.818964830333815, 11.57972365818805, 10.044401425669925, 23.55525419094432, 23.55525419094432, 23.55525419094432, 23.55525419094432, 23.55525419094432, 23.55525419094432, 23.55525419094432, 23.55525419094432, 23.55525419094432, 23.55525419094432, 23.55525419094432, 23.55525419094432, 23.25510696599781, 14.89966442575134, 15.046926596484745, 24.401639289195305, 19.60229578391266, 21.331666601557412, 21.2179169571379, 21.907989410258534, 22.548835890129673, 20.706520712084878, 26.53846265328872, 17.91340280348767, 9.767292357659825, 18.845689162246096, 11.663618649458668, 14.981321704042003, 11.817360111293892, 11.95156893466293, 21.320412753978285, 12.294714311442947, 16.749925372968082, 43.33924318674705, 37.40120318920235, 20.6920274502041, 42.39622624715554, 77.02363273697236, 55.38989077440034, 46.312417341356735, 70.65302541292907, 94.91264404703938, 104.96766168682619, 93.91107495924004, 87.33389948925904, 104.23128129309359, 87.36709907053113, 102.11782410529516, 96.21517551821022, 91.15898200396931, 98.90849306303276, 83.79075127960127, 75.49331096196536, 98.81497862166444, 64.84782186010568, 71.22359159716673, 110.6392335475983, 72.57658024459406, 74.09210484255391, 100.3147546475592, 107.2341363559198, 97.03757004377222, 64.52317413147, 84.98564584681345, 63.80289962062853, 63.62358053426417, 67.47710722904472, 67.25481395409551, 84.5388076566023, 99.99344978547344, 68.86944169949398, 21.82658928921328, 92.15443559590607, 72.87413807380503, 73.7415079856657, 69.81231982966902, 35.46322038394144, 102.31837567123512, 25.153329799452, 22.334950190228767, 28.553283523966204, 69.86701653856417, 23.539116381036905, 97.73924493262675, 24.984195004042057, 25.760434778939583, 31.288336485022658, 27.29120737527015], "timestamps_eval": [89.92117691040039, 177.96185779571533, 265.9336323738098, 354.0554792881012, 443.6925845146179, 531.9834940433502, 620.2746784687042, 708.4974946975708, 796.9976625442505, 885.4984891414642, 973.9702475070953, 1062.3990664482117, 1150.6051199436188, 1239.118973016739, 1327.8515288829803, 1416.3622589111328, 1504.328183889389, 1593.4221425056458, 1682.075756072998, 1769.8334896564484, 1858.581431388855, 1946.499107837677, 2034.4703226089478, 2122.3594381809235, 2210.2936856746674, 2298.0445761680603, 2385.9441332817078, 2473.847499370575, 2561.686648130417, 2649.5736787319183, 2737.349398136139, 2825.2071175575256, 2913.0980875492096, 3001.128014087677, 3089.0569236278534, 3179.6006417274475, 3267.5844752788544, 3355.3958752155304, 3443.121416568756, 3530.8853986263275, 3618.7713384628296, 3706.5786125659943, 3794.4953830242157, 3882.299786567688, 3970.0474197864532, 4072.0263283252716, 4159.784041881561, 4247.799172639847, 4349.820255994797, 4452.069129705429, 4554.307397603989, 4656.396837234497, 4758.536849975586, 4875.096914291382, 4991.559918880463, 5108.174813747406, 5224.635894060135, 5341.380864620209, 5457.961848974228, 5560.248407363892, 5676.750416517258, 5793.4716901779175, 5910.012904167175, 6026.799173116684, 6143.378579616547, 6259.943344116211, 6376.664563894272, 6493.250202655792, 6609.647636890411, 6726.178662538528, 6842.747717618942, 6959.386907815933, 7075.948319196701, 7192.473799228668, 7309.130662202835, 7425.592461109161, 7542.421461820602, 7658.976385831833, 7775.678506851196, 7892.423594713211, 8008.959156990051, 8125.448798894882, 8241.952016115189, 8358.541328430176, 8475.130088090897, 8591.763350009918, 8708.611834526062, 8825.30966091156, 8942.041636705399, 9058.614983558655, 9175.519340276718, 9292.125803232193, 9408.832314491272, 9526.085225105286, 9642.991750955582, 9759.63506102562, 9877.033143520355, 9993.784414052963, 10110.722846269608, 10227.554959058762], "timesteps_eval": [8804, 17635, 26466, 35297, 44128, 52959, 61790, 70621, 79452, 88283, 97114, 105945, 114776, 123607, 132438, 141269, 150100, 158931, 167762, 176593, 185424, 194255, 203086, 211917, 220748, 229579, 238410, 247241, 256072, 264903, 273734, 282565, 291396, 300227, 309058, 317889, 326720, 335551, 344382, 353213, 362044, 370875, 379706, 388537, 397368, 406199, 415030, 423861, 432692, 441523, 450354, 459185, 468016, 476847, 485678, 494947, 504661, 513930, 524526, 533357, 543068, 554977, 564470, 574543, 584254, 592425, 602938, 612871, 622295, 633178, 643692, 652747, 661639, 671350, 681661, 689598, 701292, 706833, 715583, 726926, 732448, 739376, 750269, 758206, 771071, 781650, 787752, 796061, 803271, 811153, 820928, 832315, 841287, 848281, 854839, 865584, 875965, 883612, 890893, 900325],