{"gamma": [0.95, 0.95, 0.99], "learning_rate": [-3, -4, -5], "returns_eval": [0.1, 0.0, 0.8, 0.0, 1.4, 1.7, 1.1, 2.1, 2.6, 2.2, 12.2, 19.3, 10.2, 13.3, 38.6, 25.9, 42.5, 39.2, 50.7, 51.2, 40.2, 34.8, 29.1, 24.6, 26.9, 29.0, 27.2, 38.8, 39.0, 33.4, 36.8, 38.6, 50.1, 49.2, 44.9, 56.4, 62.1, 61.5, 65.5, 71.1, 72.8, 70.7, 82.2, 74.4, 72.2, 80.5, 89.3, 89.2, 90.3, 92.8, 98.4, 109.1, 100.9, 101.7, 104.8, 108.5, 105.4, 112.6, 104.5, 110.0, 116.0, 112.2, 116.1, 117.8, 122.7, 125.4, 118.0, 119.9, 122.0, 132.0, 122.7, 113.4, 120.2, 117.3, 122.5, 119.2, 115.3, 120.0, 113.0, 120.0, 118.5, 121.3, 122.4, 121.7, 126.5, 125.4, 124.4, 116.4, 121.1, 123.7, 121.9, 130.7, 123.4, 127.2, 130.1, 122.7, 118.2, 119.6, 123.2, 117.9], "std_returns_eval": [0.30000000000000004, 0.0, 2.4000000000000004, 0.0, 2.576819745345025, 3.2572994949804666, 1.7000000000000002, 3.3600595232822887, 3.8000000000000003, 3.370459909270544, 7.922120928135344, 14.085808461000738, 6.4156059729381765, 9.767804256842988, 14.423591785682234, 11.103603018840326, 17.7214559221301, 14.59314907756376, 13.528118864054973, 17.19767426136453, 14.323407415835103, 9.130169768410664, 12.747156545677157, 13.944174410842686, 9.170059977993601, 7.429670248402684, 8.423775875461075, 11.855800268223145, 13.62350909274112, 8.946507698538017, 10.796295661012625, 13.380582946942186, 16.458736281987143, 6.384355879804947, 12.644761761298628, 14.887578715157144, 11.827510304370909, 18.006943105369107, 18.402445489662508, 16.658031096140984, 17.78651174345324, 18.215652609774924, 19.71699774306423, 19.8, 20.444070044880984, 14.03744991086344, 16.27298374607435, 11.574109036984229, 16.32207094703365, 22.094343167426363, 20.279053232338043, 13.456968455042169, 16.336768346279506, 13.453995689013729, 10.225458424931373, 11.10180165558726, 11.377170122662314, 17.539669324134934, 20.553588494469768, 11.260550608207398, 22.090722034374522, 10.600000000000001, 11.299999999999999, 17.1743995528228, 9.869650449737316, 14.705101155721438, 14.839137441239636, 8.287943049997388, 18.471599822430107, 15.517731793016658, 15.887416404186048, 15.67290655877205, 12.496399481450647, 12.73616896872839, 17.833956375409244, 15.412981541544776, 12.272326592785902, 9.622889378975527, 23.379478180660918, 12.041594578792296, 12.290240030202828, 15.225307878660452, 13.698175060934213, 11.171839597846006, 12.28210079750203, 21.326978220085472, 15.067846561469889, 12.249081598226049, 28.144093518889537, 9.644169222903548, 14.590750494748375, 13.733535597216035, 12.650691680694775, 13.826062346163493, 16.747835681066373, 15.421089455677247, 14.817557153593166, 15.8, 12.1309521472966, 25.52430214521055], "timestamps_eval": [88.09835433959961, 173.99026536941528, 259.80241417884827, 345.57559847831726, 431.37572836875916, 517.2811460494995, 603.0181517601013, 689.0152840614319, 775.2088270187378, 861.4250493049622, 947.4981229305267, 1033.894168138504, 1120.2471539974213, 1206.575734615326, 1293.038125038147, 1379.3297243118286, 1465.6543381214142, 1552.0398139953613, 1638.3242099285126, 1724.4577386379242, 1810.6529133319855, 1896.9739906787872, 1983.2275431156158, 2069.396707057953, 2155.526364326477, 2241.5334107875824, 2327.801779985428, 2414.0496203899384, 2500.8619813919067, 2587.8735444545746, 2674.86327624321, 2761.6957478523254, 2848.5839569568634, 2935.595259666443, 3022.725180387497, 3109.761521577835, 3196.810103416443, 3283.939208507538, 3371.055542945862, 3458.1983103752136, 3545.300949573517, 3632.3141901493073, 3719.445204973221, 3807.4338250160217, 3894.4487183094025, 3981.9860332012177, 4069.0776562690735, 4156.1585330963135, 4243.307296991348, 4330.414198875427, 4417.512918949127, 4504.566023111343, 4591.697324514389, 4678.720863819122, 4765.714751005173, 4852.837579965591, 4940.101467370987, 5027.078871488571, 5114.10093164444, 5201.11471581459, 5288.204127550125, 5375.172224998474, 5462.245886564255, 5549.32906293869, 5636.586770534515, 5723.790191888809, 5810.892040729523, 5898.003462791443, 5985.353539466858, 6072.6413230896, 6159.83561873436, 6246.940101146698, 6334.272885084152, 6421.5624005794525, 6508.795937299728, 6596.019579410553, 6683.390142202377, 6770.573630809784, 6857.944241285324, 6945.095697641373, 7032.309308290482, 7119.465270519257, 7206.821885347366, 7293.952157258987, 7381.20063829422, 7468.407520771027, 7555.8312883377075, 7643.0761132240295, 7730.22908449173, 7817.389412403107, 7904.588578224182, 7991.677962303162, 8078.8017337322235, 8165.830561637878, 8253.115545272827, 8340.318837165833, 8427.737142801285, 8514.981071949005, 8602.170434236526, 8689.081228971481], "timesteps_eval": [8805, 17638, 26471, 35304, 44137, 52970, 61803, 70636, 79469, 88302, 97135, 105968, 114801, 123634, 132467, 141300, 150133, 158966, 167799, 176632, 185465, 194298, 203131, 211964, 220797, 229630, 238463, 247296, 256129, 264962, 273795, 282628, 291461, 300294, 309127, 317960, 326793, 335626, 344459, 353292, 362125, 370958, 379791, 388624, 397457, 406290, 415123, 423956, 432789, 441622, 450455, 459288, 468121, 476954, 485787, 494620, 503453, 512286, 521119, 529952, 538785, 547618, 556451, 565284, 574117, 582950, 591783, 600616, 609449, 618282, 627115, 635948, 644781, 653614, 662447, 671280, 680113, 688946, 697779, 706612, 715445, 724278, 733111, 741944, 750777, 759610, 768443, 777276, 786109, 794942, 803775, 812608, 821441, 830274, 839107, 847940, 856773, 865606, 874439, 883272],