{"gamma": 0.8, "learning_rate": -1, "clip": 0.4, "returns_eval": [0.0, 0.0, 0.0, 0.0, 0.0, 0.0, 0.0, 0.0, 0.0, 0.0, 0.0, 0.0, 0.0, 0.0, 0.0, 0.0, 0.0, 0.0, 0.0, 0.0, 0.0, 0.0, 0.0, 0.0, 0.0, 0.0, 0.0, 0.0, 0.0, 0.0, 0.0, 0.0, 0.0, 0.0, 0.0, 0.0, 0.0, 0.0, 0.0, 0.0, 0.0, 22.8, 22.8, 22.8, 22.8, 22.8, 22.8, 22.8, 22.8, 22.8, 22.8, 22.8, 22.8, 22.8, 22.8, 22.8, 22.8, 22.8, 22.8, 22.8, 22.8, 22.8, 22.8, 22.8, 22.8, 22.8, 22.8, 22.8, 22.8, 22.8, 22.8, 22.8, 22.8, 22.8, 22.8, 22.8, 22.8, 22.8, 22.8, 22.8, 22.8, 22.8, 22.8, 22.8, 22.8, 22.8, 22.8, 22.8, 22.8, 22.8, 22.8, 22.8, 22.8, 22.8, 22.8, 22.8, 22.8, 22.8, 22.8, 22.8], "std_returns_eval": [0.0, 0.0, 0.0, 0.0, 0.0, 0.0, 0.0, 0.0, 0.0, 0.0, 0.0, 0.0, 0.0, 0.0, 0.0, 0.0, 0.0, 0.0, 0.0, 0.0, 0.0, 0.0, 0.0, 0.0, 0.0, 0.0, 0.0, 0.0, 0.0, 0.0, 0.0, 0.0, 0.0, 0.0, 0.0, 0.0, 0.0, 0.0, 0.0, 0.0, 0.0, 10.283968105745954, 10.283968105745954, 10.283968105745954, 10.283968105745954, 10.283968105745954, 10.283968105745954, 10.283968105745954, 10.283968105745954, 10.283968105745954, 10.283968105745954, 10.283968105745954, 10.283968105745954, 10.283968105745954, 10.283968105745954, 10.283968105745954, 10.283968105745954, 10.283968105745954, 10.283968105745954, 10.283968105745954, 10.283968105745954, 10.283968105745954, 10.283968105745954, 10.283968105745954, 10.283968105745954, 10.283968105745954, 10.283968105745954, 10.283968105745954, 10.283968105745954, 10.283968105745954, 10.283968105745954, 10.283968105745954, 10.283968105745954, 10.283968105745954, 10.283968105745954, 10.283968105745954, 10.283968105745954, 10.283968105745954, 10.283968105745954, 10.283968105745954, 10.283968105745954, 10.283968105745954, 10.283968105745954, 10.283968105745954, 10.283968105745954, 10.283968105745954, 10.283968105745954, 10.283968105745954, 10.283968105745954, 10.283968105745954, 10.283968105745954, 10.283968105745954, 10.283968105745954, 10.283968105745954, 10.283968105745954, 10.283968105745954, 10.283968105745954, 10.283968105745954, 10.283968105745954, 10.283968105745954], "timestamps_eval": [87.08259630203247, 172.08809113502502, 256.8243360519409, 341.56498169898987, 426.2745897769928, 511.20875549316406, 596.3502180576324, 681.6886897087097, 766.6365294456482, 851.6335096359253, 936.6791865825653, 1021.5608325004578, 1106.5548577308655, 1191.7457466125488, 1276.7822632789612, 1361.9067826271057, 1446.7774031162262, 1531.724758386612, 1616.4939568042755, 1701.1806902885437, 1786.1040925979614, 1870.9968600273132, 1955.8341915607452, 2040.698975801468, 2125.6111261844635, 2210.7318613529205, 2295.604751110077, 2380.780700445175, 2465.5986819267273, 2550.578456401825, 2635.5103163719177, 2720.5508987903595, 2805.9427461624146, 2890.9412817955017, 2975.928190469742, 3060.974559545517, 3145.875944852829, 3230.8686990737915, 3315.7837991714478, 3400.9115595817566, 3485.783974170685, 3570.78924703598, 3655.82839512825, 3740.8263716697693, 3825.8094158172607, 3911.3789150714874, 3996.398642539978, 4081.377873659134, 4166.583277225494, 4251.651031494141, 4336.635547161102, 4422.063529253006, 4507.377122402191, 4592.72101688385, 4677.831967353821, 4762.9810264110565, 4847.8591458797455, 4932.775046348572, 5017.935858249664, 5103.075289487839, 5188.069779157639, 5273.363975048065, 5358.623330593109, 5443.922182559967, 5529.751485109329, 5614.8220307827, 5699.948408126831, 5785.171324968338, 5870.034224271774, 5955.890111923218, 6041.127897977829, 6126.432694673538, 6211.580778837204, 6296.651197433472, 6381.74874830246, 6466.942199468613, 6552.042998790741, 6637.321132659912, 6722.264612436295, 6807.462537288666, 6892.713714122772, 6977.96441078186, 7062.86145567894, 7148.058403015137, 7233.1234266757965, 7318.02946972847, 7403.114888429642, 7488.136526584625, 7573.104962825775, 7658.308128595352, 7743.232081413269, 7828.340214014053, 7913.542512178421, 7998.725068092346, 8084.632651567459, 8169.758465051651, 8254.853898763657, 8340.44189119339, 8425.456053495407, 8510.397107839584], "timesteps_eval": [8800, 17634, 26468, 35302, 44136, 52970, 61804, 70638, 79472, 88306, 97140, 105974, 114808, 123642, 132476, 141310, 150144, 158978, 167812, 176646, 185480, 194314, 203148, 211982, 220816, 229650, 238484, 247318, 256152, 264986, 273820, 282654, 291488, 300322, 309156, 317990, 326824, 335658, 344492, 353326, 362160, 370994, 379828, 388662, 397496, 406330, 415164, 423998, 432832, 441666, 450500, 459334, 468168, 477002, 485836, 494670, 503504, 512338, 521172, 530006, 538840, 547674, 556508, 565342, 574176, 583010, 591844, 600678, 609512, 618346, 627180, 636014, 644848, 653682, 662516, 671350, 680184, 689018, 697852, 706686, 715520, 724354, 733188, 742022, 750856, 759690, 768524, 777358, 786192, 795026, 803860, 812694, 821528, 830362, 839196, 848030, 856864, 865698, 874532, 883366],