{"gamma": [0.99, 0.98, 0.98], "learning_rate": [-3, -5, -5], "returns_eval": [0.0, 0.5, 0.0, 0.0, 0.3, 1.4, 0.7, 3.3, 1.9, 2.5, 4.3, 8.4, 3.0, 11.0, 4.2, 9.0, 15.1, 14.7, 14.4, 11.0, 11.2, 21.7, 19.1, 17.1, 22.5, 15.7, 18.9, 14.3, 15.7, 8.7, 9.7, 10.8, 10.3, 13.6, 13.6, 18.6, 11.3, 16.9, 17.6, 17.1, 21.8, 28.7, 30.4, 28.8, 22.5, 33.0, 31.1, 33.4, 28.5, 41.7, 34.9, 50.0, 42.8, 49.7, 41.7, 47.2, 54.3, 48.1, 52.1, 62.8, 58.9, 69.2, 54.0, 54.3, 54.0, 68.1, 57.8, 62.4, 54.8, 68.1, 67.7, 58.8, 64.6, 65.1, 75.7, 69.3, 65.8, 75.5, 75.4, 74.9, 75.2, 76.2, 76.8, 66.3, 74.2, 83.2, 68.6, 70.0, 78.5, 69.8, 78.6, 87.7, 82.0, 95.6, 85.0, 89.1, 90.8, 98.4, 90.8, 82.6], "std_returns_eval": [0.0, 1.5, 0.0, 0.0, 0.6403124237432849, 1.4966629547095767, 0.9, 3.7696153649941526, 2.6248809496813377, 2.7658633371878665, 4.196427051671457, 7.578918128598567, 1.9493588689617927, 9.327379053088816, 3.8418745424597094, 10.119288512538814, 6.977822009767805, 7.975587752636165, 10.258654882585729, 6.782329983125268, 8.328265125462805, 10.050373127401787, 12.128066622508303, 7.034912934784622, 8.488227141164401, 7.389857914736926, 4.1340053217188775, 6.634003316248793, 8.112336284942828, 5.710516614107694, 8.038034585643434, 6.764613810115105, 4.220189569201838, 7.952358140828417, 7.863841300534999, 5.023942674832188, 5.9506302187247355, 8.371977066380438, 5.96992462263972, 7.2862884927787475, 10.543244282477762, 9.1, 9.748846085563152, 8.14616474176652, 11.191514642799696, 11.515207336387824, 14.003213916812099, 8.101851640211638, 8.464632301523794, 6.649060083951716, 11.700000000000001, 16.186414056238647, 19.29144888285999, 6.435060217278468, 10.677546534667972, 14.441606558828557, 17.000294115102832, 10.64377752492037, 20.11690831116949, 17.057549648176316, 15.26073392730507, 19.07249328221143, 13.1224997618594, 16.08135566424672, 14.642404174178502, 19.356910910576616, 13.969967788080256, 17.681628884240276, 15.619218930535547, 19.154372868877747, 24.621332214159327, 22.85519634568909, 20.185143051264216, 25.719447894540817, 13.623876100434853, 10.373523991392702, 19.5437969698828, 17.77216925420192, 21.434551546510132, 19.449678660584603, 20.629105651966594, 17.89301539707603, 16.363373735266208, 21.31220307711054, 23.730992393913915, 20.94182418033348, 20.66494616494318, 18.498648599289623, 21.256763629489793, 18.076504086797314, 21.280037593951754, 19.723336431750077, 16.53481176185565, 12.265398485169571, 26.370437994087244, 14.48758088847134, 19.255129186790725, 10.892199043352083, 15.810123339177338, 21.504418150696385], "timestamps_eval": [89.49750447273254, 175.03620958328247, 270.707480430603, 356.46056032180786, 441.9845471382141, 527.3543872833252, 613.0186822414398, 698.4301087856293, 784.138692855835, 869.7273194789886, 955.545417547226, 1041.115972518921, 1127.6280467510223, 1213.1794764995575, 1299.0507440567017, 1384.6572320461273, 1470.548380613327, 1556.2065324783325, 1642.0070288181305, 1727.5840644836426, 1813.403392791748, 1898.9631581306458, 1985.5467505455017, 2071.2154672145844, 2156.8434381484985, 2242.55331325531, 2328.2040119171143, 2413.947691679001, 2499.6301810741425, 2585.6075582504272, 2671.275042772293, 2757.056643486023, 2842.8665285110474, 2928.7326645851135, 3014.5221276283264, 3100.4348998069763, 3186.129434108734, 3272.0669374465942, 3357.7744901180267, 3443.5946338176727, 3529.454926252365, 3615.4698276519775, 3701.1655271053314, 3787.036874771118, 3872.70437002182, 3958.557629585266, 4044.2527685165405, 4130.083080530167, 4215.89121389389, 4301.88866519928, 4387.618944406509, 4473.630366325378, 4559.528393745422, 4645.990637779236, 4731.881378173828, 4817.851751565933, 4903.894760608673, 4989.9477434158325, 5075.9827716350555, 5162.121409893036, 5248.004292488098, 5334.069588184357, 5420.122626781464, 5506.087403535843, 5592.145608186722, 5678.265171766281, 5764.159962177277, 5850.287991285324, 5936.276280403137, 6022.382075786591, 6108.239341259003, 6194.4172122478485, 6280.398030281067, 6366.578978776932, 6452.735944032669, 6538.689704418182, 6624.725572824478, 6710.643124341965, 6796.661517381668, 6882.716642379761, 6968.684854030609, 7054.7455995082855, 7140.91721200943, 7227.074044466019, 7313.1213545799255, 7399.212024927139, 7485.147904872894, 7571.092707157135, 7657.090703010559, 7743.1858422756195, 7829.389288663864, 7915.6228630542755, 8001.903926610947, 8087.950600862503, 8175.488956212997, 8261.895060062408, 8348.17068362236, 8434.48928642273, 8520.5476167202, 8606.560425043106], "timesteps_eval": [8805, 17638, 26471, 35304, 44137, 52970, 61803, 70636, 79469, 88302, 97135, 105968, 114801, 123634, 132467, 141300, 150133, 158966, 167799, 176632, 185465, 194298, 203131, 211964, 220797, 229630, 238463, 247296, 256129, 264962, 273795, 282628, 291461, 300294, 309127, 317960, 326793, 335626, 344459, 353292, 362125, 370958, 379791, 388624, 397457, 406290, 415123, 423956, 432789, 441622, 450455, 459288, 468121, 476954, 485787, 494620, 503453, 512286, 521119, 529952, 538785, 547618, 556451, 565284, 574117, 582950, 591783, 600616, 609449, 618282, 627115, 635948, 644781, 653614, 662447, 671280, 680113, 688946, 697779, 706612, 715445, 724278, 733111, 741944, 750777, 759610, 768443, 777276, 786109, 794942, 803775, 812608, 821441, 830274, 839107, 847940, 856773, 865606, 874439, 883272],