{"gamma": [0.99, 0.98, 0.98], "learning_rate": [-3, -3, -5], "returns_eval": [0.0, 0.5, 0.0, 0.0, 0.3, 1.4, 0.7, 3.3, 1.9, 2.5, 4.3, 8.4, 3.0, 11.0, 4.2, 9.0, 15.1, 14.7, 14.4, 11.0, 11.2, 21.7, 19.1, 17.1, 22.5, 15.7, 18.9, 14.3, 15.7, 8.7, 12.4, 7.8, 8.0, 4.5, 5.6, 4.1, 9.6, 6.5, 5.5, 6.3, 4.7, 7.7, 5.5, 6.2, 3.8, 4.9, 3.2, 7.4, 2.7, 5.2, 5.1, 5.3, 6.5, 4.5, 3.3, 4.4, 3.3, 3.9, 4.0, 3.3, 4.2, 3.6, 3.7, 4.7, 4.3, 5.0, 4.1, 5.4, 6.6, 5.2, 5.1, 4.3, 4.4, 6.7, 5.8, 5.6, 6.6, 6.5, 5.7, 5.4, 5.2, 6.7, 5.5, 5.5, 8.3, 7.4, 6.4, 6.9, 5.7, 8.3, 7.6, 5.6, 7.3, 7.8, 8.1, 11.1, 7.9, 8.8, 9.2, 9.5], "std_returns_eval": [0.0, 1.5, 0.0, 0.0, 0.6403124237432849, 1.4966629547095767, 0.9, 3.7696153649941526, 2.6248809496813377, 2.7658633371878665, 4.196427051671457, 7.578918128598567, 1.9493588689617927, 9.327379053088816, 3.8418745424597094, 10.119288512538814, 6.977822009767805, 7.975587752636165, 10.258654882585729, 6.782329983125268, 8.328265125462805, 10.050373127401787, 12.128066622508303, 7.034912934784622, 8.488227141164401, 7.389857914736926, 4.1340053217188775, 6.634003316248793, 8.112336284942828, 5.710516614107694, 9.318798205777396, 5.455272678794342, 6.957010852370434, 4.272001872658765, 5.589275444992849, 2.467792535850613, 6.8731361109758335, 3.905124837953327, 2.0124611797498106, 2.4103941586387903, 2.193171219946131, 4.382921400162226, 3.3241540277189325, 3.4583232931581165, 3.1874754901018454, 3.645545226711637, 2.227105745132009, 2.835489375751565, 2.4919871588754225, 2.85657137141714, 3.806573262134856, 5.25452186216786, 3.6945906403822333, 2.6551836094703507, 1.791647286716892, 2.4979991993593593, 1.9519221295943134, 1.9209372712298547, 1.9493588689617927, 2.193171219946131, 2.4000000000000004, 2.5377155080899043, 1.9000000000000001, 3.606937759374287, 2.238302928559939, 2.8284271247461903, 2.808914381037628, 2.4979991993593593, 4.029888335921977, 4.955804677345546, 2.7367864366808017, 2.147091055358389, 2.2891046284519194, 4.220189569201838, 2.181742422927143, 3.4698703145794947, 3.2310988842807027, 2.9068883707497264, 3.0016662039607267, 3.32264954516723, 3.9949968710876362, 2.6476404589747453, 2.5, 3.8013155617496426, 3.4655446902326914, 3.104834939252005, 4.317406628984581, 4.805205510693585, 2.3259406699226015, 3.5510561809129406, 3.9293765408777004, 3.1368774282716245, 2.8301943396169813, 4.489988864128729, 3.672873534441392, 5.485435260760991, 3.9357337308308855, 3.340658617698013, 4.467661580737736, 4.904079934095692], "timestamps_eval": [89.00580644607544, 174.82373428344727, 260.5596513748169, 346.7426755428314, 433.1272554397583, 519.0685818195343, 605.2926964759827, 691.4867868423462, 777.6850333213806, 864.1163773536682, 950.4901742935181, 1037.0635175704956, 1123.3463118076324, 1209.8322772979736, 1296.1299014091492, 1382.352075099945, 1468.605007648468, 1554.895489692688, 1641.0294253826141, 1727.1916654109955, 1813.447098493576, 1899.7896673679352, 1985.934569120407, 2072.2494900226593, 2158.4193077087402, 2244.6993033885956, 2331.0143008232117, 2417.317876815796, 2503.3937804698944, 2589.6330008506775, 2676.044285297394, 2762.698980331421, 2849.0502853393555, 2935.545387029648, 3021.945192337036, 3108.376569032669, 3194.676913499832, 3281.168944835663, 3367.299474477768, 3453.4466524124146, 3539.5345408916473, 3625.7062482833862, 3711.9616985321045, 3798.279737472534, 3884.332837820053, 3970.569991827011, 4056.6211454868317, 4142.9582777023315, 4229.563834428787, 4316.090161561966, 4402.447048425674, 4488.9239156246185, 4575.10598897934, 4661.426753520966, 4747.613614082336, 4834.638737678528, 4920.988246917725, 5007.958389043808, 5095.053214550018, 5181.363904476166, 5267.6636843681335, 5353.890642881393, 5439.97381734848, 5526.225994586945, 5612.557254076004, 5698.9021100997925, 5785.061680793762, 5871.233551502228, 5957.428196430206, 6043.774626493454, 6129.858018159866, 6216.044431686401, 6302.306331157684, 6388.592494010925, 6474.93547129631, 6561.125044822693, 6647.338532447815, 6733.506513118744, 6819.668085098267, 6905.805545568466, 6992.024303674698, 7078.279089450836, 7164.405185222626, 7250.564870595932, 7336.818208694458, 7422.979537725449, 7509.192078590393, 7595.400419950485, 7681.405433416367, 7767.6253571510315, 7853.754014492035, 7940.040614128113, 8026.037551403046, 8112.24289560318, 8198.396961212158, 8284.44622850418, 8370.624009609222, 8456.659929275513, 8542.846554517746, 8628.88223361969], "timesteps_eval": [8805, 17638, 26471, 35304, 44137, 52970, 61803, 70636, 79469, 88302, 97135, 105968, 114801, 123634, 132467, 141300, 150133, 158966, 167799, 176632, 185465, 194298, 203131, 211964, 220797, 229630, 238463, 247296, 256129, 264962, 273795, 282628, 291461, 300294, 309127, 317960, 326793, 335626, 344459, 353292, 362125, 370958, 379791, 388624, 397457, 406290, 415123, 423956, 432789, 441622, 450455, 459288, 468121, 476954, 485787, 494620, 503453, 512286, 521119, 529952, 538785, 547618, 556451, 565284, 574117, 582950, 591783, 600616, 609449, 618282, 627115, 635948, 644781, 653614, 662447, 671280, 680113, 688946, 697779, 706612, 715445, 724278, 733111, 741944, 750777, 759610, 768443, 777276, 786109, 794942, 803775, 812608, 821441, 830274, 839107, 847940, 856773, 865606, 874439, 883272],