{"gamma": 0.9, "learning_rate": -5, "clip": 0.2, "returns_eval": [0.0, 0.0, 0.0, 0.0, 0.0, 6.4, 0.0, 0.0, 21.1, 14.9, 23.5, 13.0, 18.7, 13.0, 13.0, 13.0, 11.0, 13.0, 16.9, 13.3, 19.9, 28.9, 34.1, 57.3, 63.2, 71.8, 50.1, 69.7, 65.3, 94.5, 101.1, 98.4, 87.6, 77.3, 103.3, 104.6, 84.3, 97.9, 100.0, 97.1, 107.5, 102.2, 107.4, 96.5, 101.8, 91.3, 104.4, 95.2, 103.0, 99.1, 97.1, 105.6, 101.8, 125.8, 113.1, 115.5, 109.4, 115.3, 119.8, 110.5, 117.2, 115.9, 127.5, 134.5, 126.2, 116.1, 122.5, 124.7, 123.2, 135.6, 136.0, 137.4, 135.6, 147.1, 117.7, 137.7, 137.8, 137.6, 141.2, 134.3, 139.4, 148.3, 140.4, 145.4, 158.4, 138.3, 145.8, 148.7, 136.6, 137.1, 137.6, 141.8, 154.3, 137.9, 144.0, 148.3, 131.5, 140.6, 159.0, 169.5], "std_returns_eval": [0.0, 0.0, 0.0, 0.0, 0.0, 5.083306010855534, 0.0, 0.0, 11.228980363327741, 10.123734488813898, 13.245754036671524, 6.648308055437865, 9.940321926376429, 6.648308055437865, 6.648308055437865, 6.648308055437865, 7.362064927722384, 6.648308055437865, 8.84816365128946, 6.753517601961218, 8.455175929571187, 15.927648916271353, 12.525573839150045, 28.71950556677465, 23.051247254758255, 25.261828912412497, 17.008527273106274, 23.84554465723104, 23.490636432417066, 8.188406438373708, 21.323461257497573, 22.698898651696737, 19.340113753543434, 17.152550830707366, 12.7283148923964, 17.024687956024334, 20.411026431808864, 22.443039009902378, 20.43036955123426, 28.977404990785494, 14.058805070133095, 11.881077392223316, 14.705101155721438, 18.424168909342967, 19.68654362756449, 22.57454318474684, 12.993844696624627, 12.998461447417537, 28.495613697550013, 14.031749712705112, 14.522052196573322, 14.458215657542254, 11.469960767151735, 19.742340286804907, 19.7, 10.268885041717041, 13.558761005342634, 21.656638705025305, 12.391932859727735, 17.419816302131316, 20.355834544424848, 6.518435395092905, 12.443873994861889, 15.05489953470298, 14.817557153593166, 10.143470806385752, 20.15068237057991, 15.563097378092834, 18.940960904874917, 16.414627622946554, 18.97893569197177, 15.95117550527233, 18.413038858374247, 15.858436240689056, 19.839606850943394, 18.01138528820035, 20.629105651966594, 21.914378841299612, 21.079848196796863, 14.980320423809365, 16.181470884935027, 20.933466029303414, 20.57765778702717, 17.030560765870277, 13.108775686539152, 15.199013125857876, 23.020860105565124, 19.874858490062262, 25.88513086696685, 18.057962232765913, 11.438531374263045, 18.513778652668396, 24.27364826308563, 10.7, 22.018174311236617, 20.090047287151915, 19.127205755154097, 12.986146464598342, 23.99583297158071, 58.94276885250641], "timestamps_eval": [87.69555258750916, 173.20668983459473, 259.26024055480957, 344.78607749938965, 430.3129789829254, 515.9715313911438, 601.9458739757538, 687.7484347820282, 773.3809030056, 859.0755310058594, 944.8402354717255, 1030.6622111797333, 1116.46995139122, 1203.107548713684, 1289.0277898311615, 1374.8057804107666, 1460.7762205600739, 1546.594943523407, 1632.4386913776398, 1718.3252537250519, 1804.3230454921722, 1890.143572807312, 1976.6327621936798, 2063.3414788246155, 2149.1373648643494, 2235.0167107582092, 2320.9317693710327, 2406.7436814308167, 2492.6898925304413, 2578.6521697044373, 2664.504063606262, 2750.4611217975616, 2836.3160054683685, 2922.2056283950806, 3008.187160730362, 3094.061884880066, 3180.036516189575, 3265.8642797470093, 3351.748841524124, 3437.661476612091, 3523.5253427028656, 3610.130444288254, 3696.239063978195, 3782.100421190262, 3868.0732407569885, 3953.8920724391937, 4039.7561678886414, 4125.528827190399, 4211.430048942566, 4297.175162792206, 4383.111639738083, 4469.010214328766, 4554.711395263672, 4640.440742731094, 4726.143104791641, 4811.76070523262, 4897.6272830963135, 4983.495540380478, 5069.4121878147125, 5155.421289920807, 5241.193879365921, 5326.986636161804, 5412.800021886826, 5498.458652257919, 5584.2609531879425, 5670.250150918961, 5755.988051652908, 5841.83687710762, 5927.5767340660095, 6013.448315382004, 6099.30787563324, 6185.033231019974, 6270.755533695221, 6356.411163806915, 6442.189121007919, 6528.005779743195, 6613.955681562424, 6699.791314840317, 6785.590595245361, 6871.397903680801, 6957.2534532547, 7043.094285726547, 7128.838260173798, 7214.740218639374, 7300.562141418457, 7386.338077068329, 7472.022112131119, 7557.717821836472, 7643.697993516922, 7729.660732269287, 7815.5782833099365, 7901.321325063705, 7987.108048915863, 8072.974367618561, 8158.792512178421, 8244.475769042969, 8330.29002904892, 8416.23807811737, 8502.075824975967, 8602.086750984192], "timesteps_eval": [8802, 17640, 26478, 35316, 44154, 52992, 61830, 70668, 79506, 88344, 97182, 106020, 114858, 123696, 132534, 141372, 150210, 159048, 167886, 176724, 185562, 194400, 203238, 212076, 220914, 229752, 238590, 247428, 256266, 265104, 273942, 282780, 291618, 300456, 309294, 318132, 326970, 335808, 344646, 353484, 362322, 371160, 379998, 388836, 397674, 406512, 415350, 424188, 433026, 441864, 450702, 459540, 468378, 477216, 486054, 494892, 503730, 512568, 521406, 530244, 539082, 547920, 556758, 565596, 574434, 583272, 592110, 600948, 609786, 618624, 627462, 636300, 645138, 653976, 662814, 671652, 680490, 689328, 698166, 707004, 715842, 724680, 733518, 742356, 751194, 760032, 768870, 777708, 786546, 795384, 804222, 813060, 821898, 830736, 839574, 848412, 857250, 866088, 874926, 883764],