{"gamma": [0.99, 0.98, 0.95], "learning_rate": [-3, -3, -5], "returns_eval": [0.4, 0.0, 0.0, 0.0, 0.1, 0.0, 1.5, 0.5, 1.5, 0.2, 0.9, 2.0, 1.6, 3.3, 4.8, 1.6, 3.7, 6.0, 9.2, 10.2, 7.1, 9.7, 11.1, 12.9, 6.4, 6.1, 9.4, 7.6, 11.0, 7.8, 6.0, 3.7, 9.9, 7.3, 6.8, 8.3, 5.3, 2.5, 1.8, 5.0, 4.8, 4.2, 2.3, 3.1, 3.7, 3.7, 3.7, 4.1, 3.7, 4.3, 6.5, 4.4, 4.8, 3.7, 4.8, 7.1, 6.6, 5.7, 5.4, 6.5, 6.5, 7.2, 4.8, 6.1, 6.9, 6.2, 7.3, 6.2, 8.7, 6.0, 7.6, 7.3, 5.8, 6.9, 7.0, 8.3, 10.5, 8.3, 9.4, 8.4, 12.0, 10.2, 7.7, 11.1, 14.2, 14.1, 11.6, 11.3, 13.3, 13.0, 13.3, 11.7, 12.0, 12.4, 14.6, 15.0, 13.5, 14.7, 13.2, 15.8], "std_returns_eval": [0.9165151389911681, 0.0, 0.0, 0.0, 0.30000000000000004, 0.0, 3.2015621187164243, 1.02469507659596, 1.857417562100671, 0.4000000000000001, 2.118962010041709, 3.794733192202055, 3.2619012860600183, 3.4942810419312296, 5.81033561853358, 2.0591260281974, 2.451530134426253, 5.440588203494177, 3.682390527904394, 10.759182125050211, 6.410148204214938, 6.664082832618454, 6.456779382943171, 7.555792479945436, 5.257375771237966, 5.52177507691141, 8.627861844049198, 5.3516352641038605, 8.62554346113913, 4.237924020083418, 3.9496835316262997, 4.220189569201838, 4.7, 4.817675788178361, 8.35224520712844, 8.922443611477744, 4.001249804748511, 1.5, 2.993325909419153, 4.147288270665544, 3.627671429443411, 2.2715633383201093, 2.7946377224964243, 0.8306623862918076, 1.676305461424021, 2.282542442102666, 3.4942810419312305, 2.1656407827707715, 4.172529209005013, 1.5524174696260025, 3.3241540277189325, 2.0591260281974, 2.749545416973504, 2.0024984394500787, 1.2489995996796797, 3.9357337308308855, 2.7640549922170505, 2.4515301344262523, 2.615339366124404, 4.104875150354759, 3.0413812651491097, 2.7129319932501073, 2.2271057451320084, 2.3853720883753127, 3.6180105030251086, 2.638181191654584, 4.196427051671457, 3.736308338453881, 5.21632054229799, 3.1937438845342623, 2.3748684174075834, 2.6095976701399777, 2.7129319932501073, 2.8442925306655784, 3.286335345030997, 4.313930922024599, 4.924428900898052, 2.2825424421026654, 3.7202150475476548, 5.141984052872977, 7.402702209328699, 5.793099343184096, 4.450842616853578, 4.988987873306569, 6.029925372672534, 6.847627326307997, 3.6386810797320503, 8.485870609430714, 3.769615364994153, 7.874007874011811, 5.797413216254298, 6.034069936618235, 7.848566748139434, 5.314132102234569, 6.902173570694959, 7.58946638440411, 7.214568594171102, 7.34914961066925, 8.170679286326198, 5.325410782277739], "timestamps_eval": [89.84370827674866, 177.39184021949768, 264.93179297447205, 352.6165053844452, 440.7180881500244, 528.3569469451904, 615.9752268791199, 703.5854194164276, 791.3965451717377, 879.2707731723785, 967.0526442527771, 1054.7168045043945, 1142.4555552005768, 1230.4203214645386, 1318.5182876586914, 1406.5947177410126, 1494.573712348938, 1582.5321350097656, 1670.5821199417114, 1758.6498246192932, 1846.6225373744965, 1934.5652422904968, 2022.5497965812683, 2110.5472435951233, 2198.470650434494, 2286.5176305770874, 2374.4021978378296, 2462.3664062023163, 2550.115540266037, 2637.986260652542, 2726.500470161438, 2814.3511090278625, 2902.4553532600403, 2990.6102678775787, 3078.491772890091, 3166.505496263504, 3254.536818742752, 3342.3031470775604, 3429.963881254196, 3517.9313175678253, 3605.779840707779, 3694.4951391220093, 3782.2729637622833, 3869.9732794761658, 3957.9191319942474, 4045.883531332016, 4133.607265472412, 4221.324991226196, 4309.197991609573, 4397.06933093071, 4484.710629940033, 4572.414564847946, 4660.316469669342, 4748.161455154419, 4835.781775712967, 4923.332855463028, 5010.902242898941, 5098.298655033112, 5185.748172283173, 5273.1075649261475, 5360.646981477737, 5448.61626291275, 5536.184883594513, 5623.821610450745, 5711.743839025497, 5799.639519929886, 5887.207403898239, 5974.943107843399, 6062.774022579193, 6150.647564649582, 6238.56347155571, 6326.309121370316, 6414.073558092117, 6501.979078769684, 6589.834881067276, 6677.626641988754, 6765.4619035720825, 6853.288594245911, 6941.187198638916, 7028.997144460678, 7116.897318601608, 7204.921043395996, 7292.812079191208, 7380.584658622742, 7468.506339073181, 7556.351761102676, 7644.212153434753, 7732.3795664310455, 7820.814339399338, 7909.216707706451, 7997.128395557404, 8085.054456472397, 8173.198312282562, 8261.375328302383, 8349.068251609802, 8437.110123157501, 8525.334741830826, 8613.680843353271, 8701.544411420822, 8789.574345588684], "timesteps_eval": [8804, 17635, 26466, 35297, 44128, 52959, 61790, 70621, 79452, 88283, 97114, 105945, 114776, 123607, 132438, 141269, 150100, 158931, 167762, 176593, 185424, 194255, 203086, 211917, 220748, 229579, 238410, 247241, 256072, 264903, 273734, 282565, 291396, 300227, 309058, 317889, 326720, 335551, 344382, 353213, 362044, 370875, 379706, 388537, 397368, 406199, 415030, 423861, 432692, 441523, 450354, 459185, 468016, 476847, 485678, 494509, 503340, 512171, 521002, 529833, 538664, 547495, 556326, 565157, 573988, 582819, 591650, 600481, 609312, 618143, 626974, 635805, 644636, 653467, 662298, 671129, 679960, 688791, 697622, 706453, 715284, 724115, 732946, 741777, 750608, 759439, 768270, 777101, 785932, 794763, 803594, 812425, 821256, 830087, 838918, 847749, 856580, 865411, 874242, 883073],