{"gamma": 1.0, "learning_rate": -5, "clip": 0.2, "returns_eval": [1.0, 0.0, 0.0, 0.0, 0.0, 5.5, 1.9, 0.0, 0.3, 0.0, 0.0, 0.0, 11.6, 0.4, 0.3, 32.3, 13.0, 18.4, 18.7, 18.7, 18.7, 18.7, 22.1, 13.0, 18.0, 22.4, 22.8, 22.8, 22.8, 22.8, 22.8, 22.8, 22.8, 22.8, 22.8, 22.8, 22.8, 22.8, 22.8, 22.8, 22.8, 22.8, 22.8, 22.8, 22.8, 22.8, 22.8, 22.8, 22.8, 22.8, 22.8, 22.8, 22.8, 22.8, 22.8, 22.8, 22.8, 22.8, 22.8, 22.8, 22.8, 23.7, 24.3, 24.1, 30.5, 27.7, 37.1, 49.6, 51.0, 64.6, 56.3, 63.2, 54.7, 62.0, 54.8, 68.3, 55.3, 48.9, 70.3, 73.0, 67.2, 71.6, 80.8, 77.8, 72.5, 76.3, 74.3, 62.8, 77.1, 78.1, 71.8, 76.5, 88.0, 72.1, 85.4, 77.9, 80.5, 87.1, 86.0, 77.3], "std_returns_eval": [1.7888543819998317, 0.0, 0.0, 0.0, 0.0, 3.383784863137726, 2.022374841615669, 0.0, 0.45825756949558394, 0.0, 0.0, 0.0, 9.911609354691093, 0.9165151389911681, 0.9000000000000001, 19.58596436226718, 6.648308055437865, 11.62067123706716, 9.940321926376429, 9.940321926376429, 9.940321926376429, 9.940321926376429, 10.830050784737807, 6.648308055437865, 12.441864811996632, 10.461357464497617, 10.283968105745954, 10.283968105745954, 10.283968105745954, 10.283968105745954, 10.283968105745954, 10.283968105745954, 10.283968105745954, 10.283968105745954, 10.283968105745954, 10.283968105745954, 10.283968105745954, 10.283968105745954, 10.283968105745954, 10.283968105745954, 10.283968105745954, 10.283968105745954, 10.283968105745954, 10.283968105745954, 10.283968105745954, 10.283968105745954, 10.283968105745954, 10.283968105745954, 10.283968105745954, 10.283968105745954, 10.283968105745954, 10.283968105745954, 10.283968105745954, 10.283968105745954, 10.283968105745954, 10.283968105745954, 10.283968105745954, 10.283968105745954, 10.283968105745954, 10.283968105745954, 10.283968105745954, 11.384638773364747, 12.39395013706284, 10.774506949276148, 11.342398335449166, 13.107631364972086, 13.389921583041478, 24.63818175109519, 21.410277905716217, 20.2, 24.29012144885241, 26.171740484728947, 17.435882541471766, 24.51938009004306, 23.18965286501719, 23.895815533268582, 19.72333643175008, 8.676981041814024, 21.75339054032727, 24.331050121192877, 23.429895432971954, 21.891550881561592, 11.897898974188678, 16.123275101541868, 25.687545620397447, 22.26679141681621, 23.156208670678367, 17.051686133634995, 18.217848391069676, 22.020217982572287, 19.296631830451656, 20.120884672399473, 12.497999839974394, 22.901746658279144, 16.267759526130202, 25.7, 30.871507899679923, 22.500888871331284, 19.763602910400724, 19.534840669941488], "timestamps_eval": [88.19788765907288, 174.2751967906952, 260.2069318294525, 346.3750870227814, 432.40446758270264, 518.4325110912323, 604.3939068317413, 690.4120852947235, 776.6017389297485, 862.6368844509125, 948.7059967517853, 1034.6789462566376, 1120.7963383197784, 1207.0296065807343, 1293.4556756019592, 1379.6714081764221, 1465.9686028957367, 1552.1301400661469, 1638.3621571063995, 1724.5696814060211, 1810.640290737152, 1896.7447879314423, 1982.7653768062592, 2068.9300899505615, 2155.157558441162, 2241.181074857712, 2327.35923576355, 2413.3748967647552, 2499.450881242752, 2585.5354175567627, 2671.638298034668, 2757.7143836021423, 2843.8615934848785, 2930.337902069092, 3016.499665260315, 3102.6518697738647, 3188.9725782871246, 3275.1759173870087, 3361.518988609314, 3447.583490371704, 3533.835524082184, 3620.010306596756, 3706.1167879104614, 3792.4506571292877, 3878.5848531723022, 3964.7780199050903, 4050.9874210357666, 4137.314118862152, 4223.617256402969, 4309.667636871338, 4395.737679243088, 4481.724920034409, 4567.824363946915, 4653.858161449432, 4739.9704122543335, 4826.207334756851, 4912.259794712067, 4998.424820899963, 5084.77225279808, 5170.718197107315, 5256.869352579117, 5343.1429896354675, 5429.318644046783, 5515.359491348267, 5601.72980260849, 5687.852185726166, 5774.0121920108795, 5860.132816076279, 5946.308540344238, 6032.509999752045, 6118.71212887764, 6204.827327013016, 6291.3013417720795, 6377.4589211940765, 6463.639448881149, 6549.913448095322, 6636.187229394913, 6722.287462711334, 6808.35489821434, 6894.501727104187, 6980.619585037231, 7067.07862496376, 7153.244519233704, 7239.496323347092, 7325.915974140167, 7412.169914722443, 7498.388785839081, 7584.729435443878, 7670.786896705627, 7757.04750585556, 7843.323967218399, 7929.638859987259, 8015.868272066116, 8101.989511728287, 8188.317941427231, 8274.924791097641, 8361.231731891632, 8447.679777860641, 8533.85648727417, 8619.954195261002], "timesteps_eval": [8802, 17640, 26478, 35316, 44154, 52992, 61830, 70668, 79506, 88344, 97182, 106020, 114858, 123696, 132534, 141372, 150210, 159048, 167886, 176724, 185562, 194400, 203238, 212076, 220914, 229752, 238590, 247428, 256266, 265104, 273942, 282780, 291618, 300456, 309294, 318132, 326970, 335808, 344646, 353484, 362322, 371160, 379998, 388836, 397674, 406512, 415350, 424188, 433026, 441864, 450702, 459540, 468378, 477216, 486054, 494892, 503730, 512568, 521406, 530244, 539082, 547920, 556758, 565596, 574434, 583272, 592110, 600948, 609786, 618624, 627462, 636300, 645138, 653976, 662814, 671652, 680490, 689328, 698166, 707004, 715842, 724680, 733518, 742356, 751194, 760032, 768870, 777708, 786546, 795384, 804222, 813060, 821898, 830736, 839574, 848412, 857250, 866088, 874926, 883764],