{"gamma": [0.98, 0.95, 0.99], "learning_rate": [-5, -3, -4], "returns_eval": [0.3, 4.8, 11.8, 7.0, 4.6, 7.4, 5.7, 8.4, 20.6, 20.6, 10.5, 15.9, 20.6, 20.6, 20.6, 16.6, 30.5, 30.5, 30.5, 30.5, 30.5, 30.5, 30.5, 30.5, 30.5, 30.5, 30.5, 30.5, 30.5, 30.5, 21.6, 15.7, 25.6, 36.7, 34.1, 55.2, 85.6, 77.0, 95.5, 96.2, 101.6, 115.4, 114.5, 105.0, 102.5, 106.7, 110.4, 104.5, 106.7, 100.4, 108.7, 107.5, 101.1, 101.7, 94.7, 87.5, 96.2, 87.3, 69.1, 51.1, 73.1, 68.0, 57.0, 57.4, 57.8, 47.2, 44.6, 53.4, 40.6, 45.1, 41.4, 39.9, 39.7, 37.3, 37.1, 35.2, 31.8, 32.6, 30.5, 30.1, 30.5, 28.7, 31.9, 27.8, 24.8, 30.3, 27.9, 28.4, 26.5, 24.3, 30.3, 27.7, 26.0, 26.4, 24.8, 23.8, 25.8, 33.0, 30.9, 30.7], "std_returns_eval": [0.6403124237432849, 4.686149805543993, 7.769169839822013, 5.796550698475776, 3.2924155266308657, 3.8522720568516444, 4.627094120503711, 8.296987405076615, 9.728309205612248, 9.728309205612248, 8.80056816347672, 6.187891401761993, 9.728309205612248, 9.728309205612248, 9.728309205612248, 12.90891165048394, 23.55525419094432, 23.55525419094432, 23.55525419094432, 23.55525419094432, 23.55525419094432, 23.55525419094432, 23.55525419094432, 23.55525419094432, 23.55525419094432, 23.55525419094432, 23.55525419094432, 23.55525419094432, 23.55525419094432, 23.55525419094432, 9.167333309092673, 8.718371407550839, 9.8, 6.618912297349165, 7.449161026585477, 20.49780476051033, 18.645106596638165, 18.384776310850235, 15.480633061990714, 23.58304475677388, 15.370100845472681, 12.109500402576483, 13.720422734012244, 8.136338242723197, 9.30859817588019, 18.900000000000002, 7.525955088890712, 8.697700845625814, 12.798828071350908, 17.511139311878026, 9.360021367496977, 10.375451797391765, 15.430165261590687, 13.791664149043072, 13.535508856337836, 19.535864454894234, 19.848425630260955, 18.04466680213298, 16.908281994336388, 17.501142819827507, 20.270421801235415, 28.882520665620582, 18.487833837418595, 22.249494376277408, 16.755894485225195, 31.246759832020985, 25.41731693157246, 24.48754785600224, 18.853116453255147, 24.010206163213176, 7.787168933572714, 8.41961994391671, 6.293647591023825, 8.509406559801922, 10.192644406629714, 6.20966987850401, 8.761278445523804, 8.200000000000001, 5.73149195236284, 5.448853090330111, 4.588027898781785, 5.9, 3.806573262134856, 4.6, 9.21737489744233, 4.1000000000000005, 4.3, 7.709734106958553, 5.200961449578338, 4.539823785126467, 4.450842616853577, 5.404627646748664, 5.157518783291051, 5.44426303552648, 7.011419257183241, 4.166533331199932, 6.997142273814361, 4.58257569495584, 4.825971404805461, 6.1], "timestamps_eval": [90.82022500038147, 178.23902463912964, 265.77811193466187, 353.22997188568115, 440.9612753391266, 528.5804314613342, 616.3613467216492, 704.4052548408508, 792.873024225235, 880.5850746631622, 968.2413017749786, 1055.9033930301666, 1143.6431238651276, 1231.2564103603363, 1318.9640710353851, 1406.6475496292114, 1495.0111327171326, 1582.7289888858795, 1670.6196632385254, 1758.3491094112396, 1846.0971944332123, 1933.845683813095, 2021.6771008968353, 2111.1442346572876, 2199.3361237049103, 2287.8108882904053, 2375.6874873638153, 2463.455953836441, 2551.326009750366, 2639.251033782959, 2727.24768614769, 2815.1883096694946, 2903.0289714336395, 2990.9790019989014, 3078.6919815540314, 3166.455706834793, 3254.185441017151, 3342.1020605564117, 3430.047379016876, 3518.0266234874725, 3605.987207889557, 3694.146429538727, 3782.037699699402, 3869.900117635727, 3957.8413002490997, 4046.093155860901, 4133.970048666, 4221.902390003204, 4309.811759471893, 4397.618734836578, 4485.51745223999, 4573.5763058662415, 4661.963305473328, 4749.943081378937, 4837.862226486206, 4925.92706823349, 5014.08421254158, 5102.492322921753, 5190.336713314056, 5278.216191530228, 5366.006791353226, 5453.815445661545, 5541.639632940292, 5629.424741268158, 5717.3043122291565, 5805.169885635376, 5893.017693758011, 5980.733915090561, 6068.629303693771, 6156.433389425278, 6244.231413125992, 6332.08935213089, 6419.898059129715, 6507.688648223877, 6595.624467849731, 6683.407941579819, 6771.3082139492035, 6859.365484952927, 6947.338872432709, 7035.284364700317, 7123.113893985748, 7211.048473596573, 7299.161651849747, 7386.914368629456, 7474.793288946152, 7562.764094352722, 7650.6786236763, 7738.605821609497, 7826.476524591446, 7914.225035905838, 8001.975915431976, 8089.864082098007, 8177.561767101288, 8265.499293088913, 8353.240068912506, 8441.048677444458, 8529.097265481949, 8617.075608968735, 8704.997702360153, 8792.98959851265], "timesteps_eval": [8804, 17635, 26466, 35297, 44128, 52959, 61790, 70621, 79452, 88283, 97114, 105945, 114776, 123607, 132438, 141269, 150100, 158931, 167762, 176593, 185424, 194255, 203086, 211917, 220748, 229579, 238410, 247241, 256072, 264903, 273734, 282565, 291396, 300227, 309058, 317889, 326720, 335551, 344382, 353213, 362044, 370875, 379706, 388537, 397368, 406199, 415030, 423861, 432692, 441523, 450354, 459185, 468016, 476847, 485678, 494509, 503340, 512171, 521002, 529833, 538664, 547495, 556326, 565157, 573988, 582819, 591650, 600481, 609312, 618143, 626974, 635805, 644636, 653467, 662298, 671129, 679960, 688791, 697622, 706453, 715284, 724115, 732946, 741777, 750608, 759439, 768270, 777101, 785932, 794763, 803594, 812425, 821256, 830087, 838918, 847749, 856580, 865411, 874242, 883073],