{"gamma": [0.95, 0.95, 0.98], "learning_rate": [-3, -4, -5], "returns_eval": [0.2, 0.0, 0.0, 0.0, 0.0, 0.2, 0.5, 1.7, 2.3, 2.5, 4.6, 3.0, 5.5, 4.5, 7.7, 26.5, 25.4, 31.2, 25.7, 22.9, 29.9, 26.4, 29.3, 33.7, 26.3, 28.9, 28.1, 24.0, 21.6, 29.5, 28.4, 22.8, 29.0, 31.9, 31.7, 50.2, 36.6, 49.7, 50.7, 49.5, 54.2, 70.1, 56.5, 56.5, 65.4, 65.4, 80.5, 68.1, 72.0, 68.4, 77.8, 80.1, 81.2, 84.9, 91.1, 80.9, 88.4, 96.6, 92.9, 104.2, 86.6, 94.8, 102.4, 94.5, 100.0, 106.9, 108.0, 112.3, 106.7, 103.3, 101.6, 107.5, 109.3, 100.5, 103.4, 109.8, 118.5, 110.6, 112.0, 112.0, 102.8, 110.0, 113.7, 106.1, 112.5, 110.6, 116.1, 106.0, 111.7, 111.8, 110.7, 109.5, 106.1, 118.2, 112.1, 114.5, 113.1, 118.2, 106.9, 123.8], "std_returns_eval": [0.4000000000000001, 0.0, 0.0, 0.0, 0.0, 0.6000000000000001, 1.02469507659596, 3.195309061734091, 3.0675723300355937, 2.8722813232690143, 4.431703961232068, 2.4899799195977463, 7.762087348130012, 3.6124783736376886, 5.586591089385369, 18.287974190707946, 12.183595528414426, 17.848249213858484, 12.625767303415662, 8.383913167489272, 19.403350226185168, 11.403508232118746, 7.029224708315989, 7.642643521714199, 10.863240768757727, 11.631422956801115, 11.175419455215094, 12.876334882255899, 12.043255373859678, 10.111874208078342, 10.883014288330232, 9.526804291051644, 12.385475364312828, 10.454185764563398, 14.832734070291961, 14.434680460612906, 13.727344972717777, 19.052821313390833, 16.38932579455299, 21.001190442448735, 18.4, 22.549722836434153, 16.169415573854238, 19.215878850575635, 19.805049861083408, 13.712767773137559, 13.06330739131557, 26.135990511170604, 14.45683229480096, 12.877888025604198, 13.60735095453924, 22.151523649627354, 17.20348801842231, 15.845819637999165, 15.20164464786623, 19.608416560242695, 19.13217185789423, 19.350452191098793, 12.103305333668155, 16.53360214835231, 21.09597117935081, 18.405433980213562, 11.551623262554921, 14.375326083258077, 11.090536506409418, 14.92280134559192, 16.852299546352718, 11.576268828944842, 18.905290264896752, 11.9, 11.560276813294742, 14.928161306738348, 10.844814429025513, 9.952386648437649, 22.817537115122658, 11.54816002660164, 12.917043005270207, 8.01498596380555, 15.342750731208534, 11.224972160321824, 15.561490931141527, 14.4083309234623, 13.138112497615477, 13.209466302617983, 9.78008179924892, 8.212186067059124, 8.16639455328972, 13.394028520202577, 11.000454536063499, 11.889491158161478, 20.322647465327936, 8.593602271457529, 20.685502169393907, 9.47417542586161, 10.558882516630252, 15.532224567009067, 12.0287156421623, 10.505236789335116, 19.725364381932213, 11.720068259186888], "timestamps_eval": [88.91491508483887, 176.00703859329224, 263.0359525680542, 350.1632602214813, 437.33613753318787, 524.7434666156769, 612.1794471740723, 699.5105130672455, 786.8339154720306, 874.3338463306427, 961.8116600513458, 1049.2482163906097, 1136.708815574646, 1224.1412916183472, 1311.7385821342468, 1399.9084417819977, 1487.3823080062866, 1574.8301877975464, 1662.287754058838, 1750.5227427482605, 1838.0516529083252, 1925.4803738594055, 2012.9307684898376, 2100.4731254577637, 2187.97572183609, 2275.326626777649, 2362.764812231064, 2450.4112474918365, 2537.80828499794, 2625.162084341049, 2712.5547993183136, 2799.9710824489594, 2887.4122054576874, 2974.6888785362244, 3061.9985902309418, 3149.289041042328, 3236.6109549999237, 3323.895810365677, 3411.2676746845245, 3498.642162799835, 3586.0401129722595, 3673.4357385635376, 3760.9676315784454, 3848.4329035282135, 3935.9738895893097, 4023.441489458084, 4111.010212182999, 4198.656673669815, 4286.234434366226, 4373.894761800766, 4461.481288909912, 4549.070689678192, 4636.679852724075, 4724.4674191474915, 4812.16668844223, 4899.845408201218, 4987.613550186157, 5075.217351436615, 5162.82799911499, 5250.390502691269, 5337.9139766693115, 5425.433888196945, 5512.916568994522, 5600.557090044022, 5688.241811752319, 5776.755548000336, 5864.642942428589, 5952.217160224915, 6040.06479883194, 6127.765366792679, 6215.557041883469, 6303.325914621353, 6391.236995220184, 6478.858704566956, 6566.591778516769, 6654.208201408386, 6742.218654870987, 6829.990202903748, 6918.064547777176, 7005.701873064041, 7093.368279218674, 7181.219365596771, 7268.907016038895, 7356.688343763351, 7444.5523936748505, 7532.3330800533295, 7620.06999373436, 7707.72704410553, 7795.824937820435, 7883.715739965439, 7971.757860183716, 8059.881165504456, 8147.704446315765, 8235.257616758347, 8323.057676315308, 8411.148240804672, 8498.808291435242, 8586.772382974625, 8674.371840000153, 8761.908430337906], "timesteps_eval": [8808, 17642, 26476, 35310, 44144, 52978, 61812, 70646, 79480, 88314, 97148, 105982, 114816, 123650, 132484, 141318, 150152, 158986, 167820, 176654, 185488, 194322, 203156, 211990, 220824, 229658, 238492, 247326, 256160, 264994, 273828, 282662, 291496, 300330, 309164, 317998, 326832, 335666, 344500, 353334, 362168, 371002, 379836, 388670, 397504, 406338, 415172, 424006, 432840, 441674, 450508, 459342, 468176, 477010, 485844, 494678, 503512, 512346, 521180, 530014, 538848, 547682, 556516, 565350, 574184, 583018, 591852, 600686, 609520, 618354, 627188, 636022, 644856, 653690, 662524, 671358, 680192, 689026, 697860, 706694, 715528, 724362, 733196, 742030, 750864, 759698, 768532, 777366, 786200, 795034, 803868, 812702, 821536, 830370, 839204, 848038, 856872, 865706, 874540, 883374],