{"gamma": [0.99, 0.95, 0.99], "learning_rate": [-3, -5, -3], "returns_eval": [0.0, 0.5, 0.0, 0.0, 0.3, 1.4, 0.7, 3.3, 1.9, 2.5, 4.3, 8.4, 3.0, 11.0, 4.2, 9.0, 15.1, 14.7, 14.4, 11.0, 11.2, 21.7, 19.1, 17.1, 22.5, 15.7, 18.9, 14.3, 15.7, 8.7, 9.7, 14.3, 16.6, 18.1, 17.7, 20.1, 24.7, 22.2, 17.8, 33.8, 33.6, 25.1, 39.3, 31.6, 35.8, 40.7, 36.1, 36.8, 49.3, 45.6, 49.3, 51.0, 47.6, 54.8, 48.1, 50.5, 66.1, 60.8, 63.5, 70.9, 71.0, 63.5, 39.0, 25.4, 15.0, 10.8, 7.8, 6.4, 4.8, 5.8, 2.6, 3.0, 2.1, 5.0, 4.1, 4.5, 3.5, 3.8, 6.2, 5.5, 4.5, 3.9, 6.1, 5.1, 3.7, 5.8, 6.3, 6.3, 6.2, 6.4, 8.2, 7.7, 4.5, 7.5, 7.2, 6.8, 9.4, 6.0, 5.2, 5.9], "std_returns_eval": [0.0, 1.5, 0.0, 0.0, 0.6403124237432849, 1.4966629547095767, 0.9, 3.7696153649941526, 2.6248809496813377, 2.7658633371878665, 4.196427051671457, 7.578918128598567, 1.9493588689617927, 9.327379053088816, 3.8418745424597094, 10.119288512538814, 6.977822009767805, 7.975587752636165, 10.258654882585729, 6.782329983125268, 8.328265125462805, 10.050373127401787, 12.128066622508303, 7.034912934784622, 8.488227141164401, 7.389857914736926, 4.1340053217188775, 6.634003316248793, 8.112336284942828, 5.710516614107694, 8.038034585643434, 6.527633568147036, 10.258654882585729, 6.4567793829431706, 10.583477689304212, 7.712976079309464, 10.286398786747478, 12.006664815842907, 10.562196741208714, 20.448960853794013, 13.039938650162432, 8.665448632355972, 21.711978260858682, 13.252924205623453, 12.631706139710504, 13.023440405668543, 18.822592807581, 13.31014650557987, 15.849605673328279, 9.86103442849684, 11.4109596441316, 19.590814173994914, 15.317963311093289, 18.26362505090378, 10.894494022211404, 21.15301396964508, 22.137976420621644, 20.52705531731232, 17.379585725787596, 24.035182545593447, 20.91411006952005, 24.01353784847206, 21.77154105707724, 11.85073837362044, 8.414273587185052, 5.635601121442148, 4.64327470649756, 3.1048349392520045, 4.331281565541543, 3.893584466786357, 4.079215610874228, 2.8635642126552705, 1.9209372712298545, 4.753945729601885, 3.269556544854363, 2.6172504656604803, 4.295346318982906, 3.1874754901018454, 4.422668877499196, 4.177319714841085, 3.9560080889704965, 3.080584360149872, 4.72122865364515, 2.6627053911388696, 3.7161808352124095, 3.9698866482558417, 3.4655446902326914, 2.7586228448267445, 3.2802438933713454, 2.5768197453450252, 2.7129319932501077, 4.243819034784589, 3.5, 4.129164564412516, 4.853864439804639, 4.578209256903839, 5.748043145279966, 3.5496478698597698, 3.4871191548325386, 5.699999999999999], "timestamps_eval": [87.60756731033325, 173.0077259540558, 258.41540026664734, 343.9445753097534, 429.63597655296326, 515.131206035614, 600.7742035388947, 686.4581046104431, 772.2433984279633, 858.1943225860596, 944.1101551055908, 1030.0899381637573, 1115.986370563507, 1201.928031206131, 1287.8802418708801, 1373.8994913101196, 1460.1975555419922, 1546.0113711357117, 1631.955394268036, 1717.8075549602509, 1803.8172404766083, 1890.060837507248, 1976.2172980308533, 2062.2240364551544, 2148.1424221992493, 2234.0205137729645, 2319.882890224457, 2405.7859959602356, 2491.7802510261536, 2577.7771167755127, 2663.725456237793, 2749.6915757656097, 2835.748018026352, 2921.5580537319183, 3007.4921159744263, 3093.3668706417084, 3179.2696464061737, 3265.267557621002, 3351.29611492157, 3437.2612879276276, 3523.258635997772, 3609.2354702949524, 3695.2729313373566, 3781.192543029785, 3867.2940928936005, 3953.549388408661, 4039.645284175873, 4125.586459875107, 4211.549423456192, 4297.431483507156, 4383.308123111725, 4469.463746786118, 4555.603056669235, 4641.643754005432, 4727.691879749298, 4814.424664020538, 4900.4590764045715, 4986.425699710846, 5072.467356443405, 5158.80192399025, 5244.906943798065, 5331.061935901642, 5417.165100812912, 5503.134761810303, 5589.111446142197, 5675.021194219589, 5761.030998468399, 5847.051563978195, 5933.139556646347, 6019.00031542778, 6104.909929990768, 6191.013348579407, 6277.050388097763, 6363.116106510162, 6449.001570940018, 6535.067694187164, 6621.11733007431, 6707.003144025803, 6793.0470678806305, 6879.027640104294, 6965.213546514511, 7051.094992160797, 7136.986442565918, 7222.849535226822, 7308.878830194473, 7394.967522621155, 7480.935734033585, 7566.737159252167, 7652.581750869751, 7738.330288410187, 7824.324571847916, 7910.335359811783, 7996.257296085358, 8082.0916583538055, 8168.090072631836, 8254.295516729355, 8340.529285907745, 8426.552667856216, 8512.708133459091, 8598.78030705452], "timesteps_eval": [8805, 17638, 26471, 35304, 44137, 52970, 61803, 70636, 79469, 88302, 97135, 105968, 114801, 123634, 132467, 141300, 150133, 158966, 167799, 176632, 185465, 194298, 203131, 211964, 220797, 229630, 238463, 247296, 256129, 264962, 273795, 282628, 291461, 300294, 309127, 317960, 326793, 335626, 344459, 353292, 362125, 370958, 379791, 388624, 397457, 406290, 415123, 423956, 432789, 441622, 450455, 459288, 468121, 476954, 485787, 494620, 503453, 512286, 521119, 529952, 538785, 547618, 556451, 565284, 574117, 582950, 591783, 600616, 609449, 618282, 627115, 635948, 644781, 653614, 662447, 671280, 680113, 688946, 697779, 706612, 715445, 724278, 733111, 741944, 750777, 759610, 768443, 777276, 786109, 794942, 803775, 812608, 821441, 830274, 839107, 847940, 856773, 865606, 874439, 883272],