{"gamma": [0.99, 0.99, 0.98], "learning_rate": [-3, -5, -4], "returns_eval": [0.0, 0.5, 0.0, 0.0, 0.3, 1.4, 0.7, 3.3, 1.9, 2.5, 4.3, 8.4, 3.0, 11.0, 4.2, 9.0, 15.1, 14.7, 14.4, 11.0, 11.2, 21.7, 19.1, 17.1, 22.5, 15.7, 18.9, 14.3, 15.7, 8.7, 9.7, 11.9, 9.7, 15.1, 11.7, 19.4, 15.8, 17.9, 17.5, 20.3, 21.2, 19.2, 25.9, 17.4, 22.8, 24.0, 25.9, 22.7, 26.9, 25.1, 30.7, 27.3, 24.7, 31.7, 33.0, 34.7, 27.9, 33.2, 31.4, 38.3, 40.4, 41.5, 34.3, 39.3, 39.4, 38.7, 45.8, 45.1, 46.6, 37.7, 43.6, 44.0, 36.1, 48.8, 53.8, 44.6, 48.3, 47.5, 53.2, 58.9, 55.7, 59.0, 55.5, 53.4, 48.2, 45.8, 47.0, 46.1, 48.4, 55.9, 61.1, 66.2, 52.8, 59.8, 57.0, 66.5, 67.5, 61.0, 62.5, 86.0], "std_returns_eval": [0.0, 1.5, 0.0, 0.0, 0.6403124237432849, 1.4966629547095767, 0.9, 3.7696153649941526, 2.6248809496813377, 2.7658633371878665, 4.196427051671457, 7.578918128598567, 1.9493588689617927, 9.327379053088816, 3.8418745424597094, 10.119288512538814, 6.977822009767805, 7.975587752636165, 10.258654882585729, 6.782329983125268, 8.328265125462805, 10.050373127401787, 12.128066622508303, 7.034912934784622, 8.488227141164401, 7.389857914736926, 4.1340053217188775, 6.634003316248793, 8.112336284942828, 5.710516614107694, 8.038034585643434, 7.4357245780085215, 9.706183596038146, 9.374966666607408, 6.986415389883427, 8.06473806146238, 8.657944328765346, 7.034912934784622, 9.841239759298622, 8.12465383877984, 10.80555412739208, 10.017983829094554, 9.115371632577578, 12.034949106664305, 5.287721626560914, 7.1693793315739685, 5.85576638878294, 10.040418317978588, 5.243090691567332, 7.272551134230684, 11.849472562101656, 14.339107364128354, 4.980963762164909, 12.247856955402442, 10.871982339941507, 14.986994361779148, 12.4213525833542, 8.840814442120138, 9.101648202386203, 12.915494570476191, 19.975985582694037, 9.902019995940222, 10.75220907534819, 16.031531430278267, 8.284926070883191, 12.482387592123551, 8.35224520712844, 13.50148140020198, 16.038703189472646, 16.970857373745147, 15.02797391533536, 12.0, 8.490583018850943, 10.860939185908371, 11.496086290559932, 5.407402333838309, 10.247438704378768, 16.107451691686055, 10.952625256074453, 18.785366645343924, 18.433936096232948, 16.864163187066236, 11.526057435220423, 13.901079094804114, 14.119490075778232, 9.368030742904295, 10.207840124139876, 9.353608929178085, 12.515590277729613, 9.863569333664158, 15.629779269074788, 10.283968105745952, 7.560423268574319, 12.718490476467718, 10.26645021416848, 13.485177047410241, 16.596686416269964, 13.274034804836093, 13.566502865514016, 11.575836902790225], "timestamps_eval": [87.45953750610352, 172.66481566429138, 257.8927700519562, 343.1908977031708, 428.4433834552765, 513.780200958252, 599.1606359481812, 684.4718000888824, 769.7823860645294, 855.2093732357025, 940.6513714790344, 1026.3845264911652, 1112.6480209827423, 1198.277714729309, 1284.6065559387207, 1370.2267925739288, 1455.8067219257355, 1541.420404434204, 1626.9928889274597, 1712.6188969612122, 1798.3172678947449, 1883.95019364357, 1969.5505201816559, 2055.2983486652374, 2140.859927177429, 2226.551599264145, 2312.2468812465668, 2397.8364131450653, 2483.4497315883636, 2569.076690673828, 2654.6721651554108, 2740.3234407901764, 2825.9430623054504, 2911.615476131439, 2997.105823278427, 3082.851066350937, 3168.5067868232727, 3254.233862876892, 3339.8313241004944, 3425.3171710968018, 3510.848846912384, 3596.604900121689, 3682.2796573638916, 3767.9534618854523, 3853.542964696884, 3939.377727985382, 4024.9436314105988, 4110.481937170029, 4196.031446695328, 4281.573299884796, 4367.377679824829, 4453.020420074463, 4538.7301280498505, 4624.306874036789, 4710.0557515621185, 4795.698960781097, 4881.314228057861, 4966.997075080872, 5052.643998384476, 5138.296210765839, 5223.9032990932465, 5309.628559589386, 5395.348107337952, 5480.958212852478, 5566.572919845581, 5652.337196826935, 5738.297210454941, 5824.115793704987, 5909.9577379226685, 5995.723467588425, 6081.407955408096, 6167.140167951584, 6252.752067804337, 6338.454524755478, 6424.227080106735, 6510.124995470047, 6595.87004160881, 6681.489268779755, 6767.180283546448, 6852.873727560043, 6938.558171272278, 7024.298914909363, 7109.983528137207, 7195.809690237045, 7281.520573854446, 7367.2393045425415, 7453.048696756363, 7538.765121459961, 7624.381277322769, 7710.936046361923, 7796.629674911499, 7883.437650203705, 7969.153089523315, 8054.8023891448975, 8140.478803873062, 8226.197132110596, 8311.83604836464, 8397.795590162277, 8483.493433237076, 8569.161250114441], "timesteps_eval": [8805, 17638, 26471, 35304, 44137, 52970, 61803, 70636, 79469, 88302, 97135, 105968, 114801, 123634, 132467, 141300, 150133, 158966, 167799, 176632, 185465, 194298, 203131, 211964, 220797, 229630, 238463, 247296, 256129, 264962, 273795, 282628, 291461, 300294, 309127, 317960, 326793, 335626, 344459, 353292, 362125, 370958, 379791, 388624, 397457, 406290, 415123, 423956, 432789, 441622, 450455, 459288, 468121, 476954, 485787, 494620, 503453, 512286, 521119, 529952, 538785, 547618, 556451, 565284, 574117, 582950, 591783, 600616, 609449, 618282, 627115, 635948, 644781, 653614, 662447, 671280, 680113, 688946, 697779, 706612, 715445, 724278, 733111, 741944, 750777, 759610, 768443, 777276, 786109, 794942, 803775, 812608, 821441, 830274, 839107, 847940, 856773, 865606, 874439, 883272],