{"gamma": [0.99, 0.99, 0.95], "learning_rate": [-5, -5, -4], "returns_eval": [5.8, 5.3, 0.0, 0.0, 2.2, 8.4, 8.9, 20.2, 15.9, 13.8, 13.8, 16.2, 13.8, 20.6, 20.6, 13.8, 20.2, 16.9, 13.8, 30.5, 30.5, 30.5, 30.5, 30.5, 30.5, 30.5, 30.5, 30.5, 30.5, 30.5, 30.5, 30.5, 30.5, 30.5, 30.5, 30.5, 30.5, 30.5, 30.5, 30.5, 32.4, 31.9, 32.5, 31.6, 31.4, 50.2, 60.6, 42.9, 74.7, 78.9, 93.4, 82.3, 79.2, 62.8, 88.1, 75.2, 80.8, 89.6, 88.8, 89.3, 83.6, 82.1, 86.5, 94.2, 96.2, 84.7, 108.3, 113.0, 113.8, 122.1, 137.7, 123.5, 138.6, 131.8, 136.9, 142.9, 168.1, 195.3, 162.3, 215.5, 222.6, 210.4, 247.0, 238.2, 267.4, 333.5, 281.3, 351.4, 296.2, 313.2, 310.8, 389.0, 336.7, 354.6, 393.7, 340.3, 358.3, 382.2, 357.3, 369.0], "std_returns_eval": [6.241794613730893, 4.859012245302537, 0.0, 0.0, 4.166533331199932, 6.945502141674135, 7.119691004531025, 11.142710621747296, 8.466994744299774, 6.896375859826668, 6.896375859826668, 11.115754585272203, 6.896375859826668, 9.728309205612248, 9.728309205612248, 6.896375859826668, 13.325164164091937, 9.761659694949419, 6.896375859826668, 23.55525419094432, 23.55525419094432, 23.55525419094432, 23.55525419094432, 23.55525419094432, 23.55525419094432, 23.55525419094432, 23.55525419094432, 23.55525419094432, 23.55525419094432, 23.55525419094432, 23.55525419094432, 23.55525419094432, 23.55525419094432, 23.55525419094432, 23.55525419094432, 23.55525419094432, 23.55525419094432, 23.55525419094432, 23.55525419094432, 23.55525419094432, 24.05493712317702, 14.243946082459033, 26.081602711489953, 16.347476869535555, 8.522910301065007, 23.476797055816622, 24.74752512878813, 12.636850873536494, 19.758795509848266, 21.951993075800658, 9.372299611087985, 27.531981403451514, 29.99933332592576, 28.23402203016779, 23.11038727498957, 30.47556398165586, 23.098917723564455, 23.816800792717732, 21.292252111977255, 21.457166634949733, 18.43474979488466, 22.589599376704314, 26.4962261463779, 23.348661631879462, 16.581917862539303, 28.77168747223562, 13.304510513355988, 17.291616465790582, 15.321879780235843, 17.874283202411224, 12.14125199474914, 20.71834935510066, 12.232742946698421, 20.023985617254123, 21.983857714241147, 13.080137613954983, 43.85761051402596, 71.8860904487092, 16.124825580452026, 97.86444706838128, 83.40287764819628, 87.88082839846243, 102.11757928975794, 94.65917810756652, 103.93478724661922, 83.35136471588213, 105.48369542256282, 94.05338909364193, 90.90852545278689, 110.0325406413939, 107.87937708385232, 74.82112001300167, 86.57950103806328, 59.10871340166355, 17.646812743382302, 82.7696200305402, 56.95621125039832, 28.389434654462566, 58.048341922918006, 65.22882798272555], "timestamps_eval": [90.27237510681152, 178.28788924217224, 266.34700751304626, 354.3288564682007, 442.542560338974, 530.7078626155853, 619.0367960929871, 707.8078851699829, 797.0310683250427, 885.2038605213165, 973.4838724136353, 1061.6345059871674, 1149.7921283245087, 1237.914894104004, 1325.999193906784, 1414.0660297870636, 1502.4113955497742, 1590.3635828495026, 1681.0594429969788, 1768.9411759376526, 1856.7965195178986, 1944.4755454063416, 2032.3722922801971, 2120.1355023384094, 2207.8818879127502, 2297.2347168922424, 2384.9280757904053, 2472.4855749607086, 2560.120940685272, 2647.680624485016, 2735.2329137325287, 2822.79048705101, 2912.0017323493958, 2999.606210231781, 3087.1957104206085, 3174.770236492157, 3262.3081500530243, 3349.9298927783966, 3439.1465187072754, 3526.760423898697, 3614.319948911667, 3702.3347046375275, 3789.8277595043182, 3877.3746106624603, 3965.048794746399, 4052.5851995944977, 4140.171617507935, 4227.648724555969, 4315.262167930603, 4402.860598087311, 4490.833746910095, 4578.625790834427, 4666.197638273239, 4753.897110939026, 4841.613273143768, 4929.30512714386, 5016.957994222641, 5104.596929550171, 5192.256389141083, 5279.898414611816, 5367.6187398433685, 5455.243285894394, 5542.976280450821, 5630.576412677765, 5718.320776462555, 5806.082926988602, 5893.836214542389, 5981.4289338588715, 6069.290110588074, 6157.063588857651, 6244.833896636963, 6332.516252994537, 6420.294727087021, 6507.968191385269, 6595.604234218597, 6683.358405590057, 6785.228602170944, 6887.131039857864, 6974.823308944702, 7076.897740125656, 7179.072523593903, 7281.310060501099, 7397.5901601314545, 7514.371194124222, 7630.647275686264, 7747.488662004471, 7864.139516830444, 7980.681660652161, 8096.990858078003, 8213.510926008224, 8329.767453670502, 8446.226823091507, 8563.11394071579, 8679.506722211838, 8795.889118432999, 8913.637714862823, 9030.377401351929, 9146.988276004791, 9263.44971871376, 9379.87537765503], "timesteps_eval": [8804, 17635, 26466, 35297, 44128, 52959, 61790, 70621, 79452, 88283, 97114, 105945, 114776, 123607, 132438, 141269, 150100, 158931, 167762, 176593, 185424, 194255, 203086, 211917, 220748, 229579, 238410, 247241, 256072, 264903, 273734, 282565, 291396, 300227, 309058, 317889, 326720, 335551, 344382, 353213, 362044, 370875, 379706, 388537, 397368, 406199, 415030, 423861, 432692, 441523, 450354, 459185, 468016, 476847, 485678, 494509, 503340, 512171, 521002, 529833, 538664, 547495, 556326, 565157, 573988, 582819, 591650, 600481, 609312, 618143, 626974, 635805, 644636, 653467, 662298, 671129, 679960, 688791, 697622, 706453, 715284, 724115, 732946, 741777, 751045, 759876, 769144, 777975, 787243, 796954, 807986, 817030, 825345, 837983, 846147, 856448, 865203, 873523, 884625, 892928],