{"gamma": [0.95, 0.95, 0.98], "learning_rate": [-5, -5, -5], "returns_eval": [0.0, 0.0, 0.1, 0.0, 0.0, 0.1, 7.6, 0.8, 19.4, 3.5, 18.5, 27.3, 18.7, 18.7, 18.7, 18.7, 16.5, 14.2, 18.5, 22.8, 22.8, 22.8, 22.8, 22.8, 22.6, 32.7, 33.7, 37.2, 43.6, 65.1, 56.7, 56.6, 68.1, 65.7, 58.1, 63.4, 85.7, 72.1, 75.0, 84.3, 92.1, 85.6, 92.3, 88.8, 89.9, 89.9, 101.7, 105.4, 105.9, 96.6, 108.6, 104.3, 108.0, 97.8, 99.8, 94.2, 117.2, 113.7, 111.5, 114.2, 113.3, 111.5, 124.2, 108.0, 117.5, 118.2, 119.3, 124.0, 127.8, 125.9, 115.7, 114.3, 116.4, 124.6, 127.2, 116.0, 115.3, 135.6, 119.4, 120.3, 128.2, 129.2, 126.8, 127.9, 131.4, 121.0, 129.6, 131.0, 140.5, 150.4, 137.7, 129.8, 127.1, 145.7, 131.3, 147.3, 133.5, 131.1, 140.7, 133.1], "std_returns_eval": [0.0, 0.0, 0.30000000000000004, 0.0, 0.0, 0.30000000000000004, 8.924124606929242, 1.4000000000000001, 12.43543324536785, 3.930648801406709, 19.252272593125205, 21.559452683219952, 9.940321926376429, 9.940321926376429, 9.940321926376429, 9.940321926376429, 10.613670430157514, 7.4269778510508555, 9.82089608946149, 10.283968105745954, 10.283968105745954, 10.283968105745954, 10.283968105745954, 10.283968105745954, 10.121264743103996, 10.507616285342742, 21.06205118216172, 15.759441614473527, 12.86234815265082, 18.70534682918229, 21.954726142678258, 20.972362766269327, 27.80089926603095, 28.393837359539834, 14.355835050598763, 22.334726324716854, 30.91941137861457, 25.03377718203947, 26.283074401599215, 26.29847904347322, 27.624083695210597, 18.666547618668, 23.000217390276987, 23.87802336877992, 26.86428856307198, 19.9972498109115, 21.07154479386834, 10.248902380255165, 8.227393268830657, 21.818340908510894, 19.298704619740676, 10.237675517420934, 13.053735097664577, 15.522886329545804, 21.876014262200506, 27.84169535067863, 10.303397497913007, 15.569521508382973, 12.816005617976296, 16.4851448279959, 22.882526084329065, 16.77050983124842, 25.031180555459226, 23.28948260481542, 11.968709203585824, 15.16443206981389, 11.75627492022877, 16.822603841260722, 18.389127222356148, 14.088647912415158, 16.08135566424672, 10.8816359064251, 7.927168473042565, 20.367621363330574, 10.618851161966628, 17.204650534085253, 17.1583798768998, 22.316809807855606, 12.84678948220138, 17.251376756653364, 15.13803157613301, 19.9939990997299, 19.716997743064233, 15.971537183377185, 14.71189994528239, 15.665248162732693, 15.350570021989412, 13.30413469565007, 22.258706161859454, 19.4381069037085, 15.646405337968208, 20.33617466486753, 16.034026319050373, 19.884918908559822, 19.20442657305862, 20.085069081285233, 19.340372281835734, 21.48697279748825, 20.30295544988463, 25.64156781478075], "timestamps_eval": [93.12600255012512, 181.98622846603394, 272.09595561027527, 361.090304851532, 449.9222548007965, 539.5354263782501, 628.5464913845062, 717.5817160606384, 806.5186951160431, 895.6231508255005, 984.603021144867, 1073.702654838562, 1162.6978373527527, 1251.6687684059143, 1340.7677023410797, 1429.751677274704, 1518.472639799118, 1607.1870646476746, 1696.128341436386, 1784.832082748413, 1873.571427822113, 1962.3359093666077, 2051.0857191085815, 2139.7077560424805, 2228.377979040146, 2317.094125032425, 2405.7615535259247, 2494.2911903858185, 2582.866858482361, 2671.647336244583, 2760.270187854767, 2848.918568134308, 2937.425714969635, 3026.093504190445, 3114.762673139572, 3202.9697008132935, 3291.163027524948, 3379.2742490768433, 3467.448260784149, 3556.378251314163, 3644.3360979557037, 3732.311779499054, 3820.3139662742615, 3908.477023601532, 3996.6553795337677, 4084.6545214653015, 4172.5226354599, 4260.340950727463, 4348.256894111633, 4436.130949258804, 4524.015392780304, 4611.844906330109, 4700.077809333801, 4788.245021343231, 4876.062906503677, 4964.14534163475, 5052.368950366974, 5140.262629985809, 5228.331085920334, 5316.380836009979, 5404.410164356232, 5492.441909313202, 5580.5662434101105, 5668.798248291016, 5756.701159954071, 5844.544006586075, 5932.360209941864, 6020.330154657364, 6108.389215230942, 6196.465501785278, 6284.490426063538, 6372.724007368088, 6460.912372589111, 6548.826452255249, 6637.675706624985, 6725.584079742432, 6813.371400117874, 6901.237926244736, 6989.174862146378, 7077.402413845062, 7165.356826543808, 7253.115634918213, 7340.848972320557, 7428.611374139786, 7516.421632051468, 7604.355828762054, 7692.773908376694, 7780.937017917633, 7868.82079410553, 7957.082098484039, 8045.086416721344, 8132.946081876755, 8220.740675926208, 8309.02018737793, 8397.43335390091, 8485.30559682846, 8573.359334468842, 8661.438534736633, 8749.706963300705, 8838.099997282028], "timesteps_eval": [8808, 17642, 26476, 35310, 44144, 52978, 61812, 70646, 79480, 88314, 97148, 105982, 114816, 123650, 132484, 141318, 150152, 158986, 167820, 176654, 185488, 194322, 203156, 211990, 220824, 229658, 238492, 247326, 256160, 264994, 273828, 282662, 291496, 300330, 309164, 317998, 326832, 335666, 344500, 353334, 362168, 371002, 379836, 388670, 397504, 406338, 415172, 424006, 432840, 441674, 450508, 459342, 468176, 477010, 485844, 494678, 503512, 512346, 521180, 530014, 538848, 547682, 556516, 565350, 574184, 583018, 591852, 600686, 609520, 618354, 627188, 636022, 644856, 653690, 662524, 671358, 680192, 689026, 697860, 706694, 715528, 724362, 733196, 742030, 750864, 759698, 768532, 777366, 786200, 795034, 803868, 812702, 821536, 830370, 839204, 848038, 856872, 865706, 874540, 883374],