{"gamma": [0.99, 0.98, 0.99], "learning_rate": [-3, -5, -3], "returns_eval": [0.1, 0.4, 0.1, 0.0, 0.0, 0.0, 0.3, 0.1, 0.1, 0.2, 0.8, 0.2, 1.3, 0.6, 1.2, 3.3, 0.1, 0.5, 1.4, 1.0, 2.7, 2.9, 2.3, 2.4, 2.0, 2.6, 2.0, 2.8, 6.8, 4.4, 5.9, 3.9, 6.2, 8.4, 12.4, 11.5, 12.0, 9.8, 23.7, 22.2, 19.1, 23.5, 22.1, 26.9, 21.6, 17.3, 27.1, 26.0, 23.4, 26.8, 30.9, 28.3, 31.5, 40.2, 35.4, 35.1, 35.6, 39.5, 44.8, 34.5, 33.5, 26.6, 11.4, 11.0, 6.5, 4.3, 2.9, 3.1, 3.4, 3.0, 3.4, 4.1, 3.2, 2.8, 6.2, 4.7, 1.5, 1.9, 5.0, 3.2, 2.9, 4.0, 4.3, 3.5, 6.3, 3.7, 4.0, 5.2, 3.6, 5.6, 2.2, 7.1, 6.0, 4.3, 4.1, 8.4, 4.7, 3.8, 5.3, 4.9], "std_returns_eval": [0.30000000000000004, 1.2000000000000002, 0.30000000000000004, 0.0, 0.0, 0.0, 0.9000000000000001, 0.30000000000000004, 0.30000000000000004, 0.4000000000000001, 1.077032961426901, 0.4000000000000001, 3.257299494980466, 1.0198039027185568, 1.5999999999999999, 6.649060083951715, 0.30000000000000004, 0.806225774829855, 1.9595917942265424, 1.5491933384829668, 2.9342801502242417, 2.9137604568666933, 2.193171219946131, 2.244994432064365, 1.5491933384829668, 2.154065922853802, 2.0, 2.08806130178211, 4.578209256903839, 4.24735211631906, 3.5902646142032486, 2.4269322199023193, 5.173006862551025, 4.6946778377222005, 7.722693830523129, 6.931810730249348, 6.260990336999411, 7.533923280734945, 12.696850003051937, 11.643023662262308, 10.153324578678651, 10.52853266129711, 6.640030120413611, 9.523129737644027, 8.101851640211638, 10.526632889960588, 6.977822009767804, 11.55854662143991, 8.968834929911466, 15.62561998769969, 8.757282683572571, 6.618912297349165, 11.360017605620161, 20.053927296168197, 14.388884598883958, 10.377379245262263, 17.511139311878026, 15.920113064925136, 10.428806259586953, 9.436630754670864, 14.49310180741169, 8.260750571225353, 5.1613951602255765, 6.371812928829597, 3.3541019662496847, 3.822302970723278, 2.5865034312755126, 2.662705391138869, 3.1048349392520045, 3.7682887362833544, 3.555277766926235, 4.72122865364515, 2.638181191654584, 2.4819347291981715, 4.093897898091744, 3.195309061734091, 2.1095023109728985, 1.57797338380595, 3.687817782917155, 1.98997487421324, 2.467792535850613, 2.8635642126552705, 3.5227829907617076, 2.247220505424423, 3.257299494980466, 2.325940669922601, 3.872983346207417, 4.4, 1.907878402833891, 3.5552777669262356, 3.0594117081556704, 4.085339643163099, 3.9749213828703582, 2.8301943396169813, 2.7367864366808017, 4.498888751680798, 3.9761790704142084, 2.785677655436824, 3.1, 4.548626166217664], "timestamps_eval": [89.78354573249817, 177.51877784729004, 265.4189929962158, 353.3912317752838, 441.40314984321594, 529.6480329036713, 617.7068905830383, 705.792115688324, 793.9420962333679, 882.104984998703, 970.3120214939117, 1058.6191143989563, 1146.891100883484, 1235.249074935913, 1323.599779844284, 1412.042641401291, 1500.47998213768, 1589.081024646759, 1677.5911948680878, 1766.2988181114197, 1854.8983073234558, 1943.6600527763367, 2032.33119058609, 2121.1115896701813, 2209.7732055187225, 2298.4141087532043, 2387.1603949069977, 2475.9637191295624, 2564.7790443897247, 2653.64879322052, 2742.4547436237335, 2831.259274959564, 2920.066198825836, 3008.8780493736267, 3097.6469650268555, 3186.3773844242096, 3275.154958486557, 3363.8567044734955, 3452.544375896454, 3541.2621874809265, 3629.897720813751, 3718.5275073051453, 3807.3608062267303, 3896.085913181305, 3984.638184785843, 4073.3122017383575, 4161.869709253311, 4250.44877576828, 4339.06542801857, 4427.811168909073, 4516.594830036163, 4605.2323586940765, 4693.946372747421, 4782.500737667084, 4871.011181592941, 4959.434155464172, 5047.885584831238, 5136.36976480484, 5224.733243942261, 5313.088871240616, 5401.677654266357, 5490.474063634872, 5578.657224655151, 5666.844591617584, 5754.874116182327, 5842.999055862427, 5931.1259977817535, 6019.235771179199, 6107.425861358643, 6195.3925495147705, 6283.496099948883, 6371.512983798981, 6459.510409832001, 6547.478738307953, 6635.5982077121735, 6723.639188051224, 6811.597633600235, 6899.583647966385, 6987.595209598541, 7075.674106359482, 7163.7309238910675, 7251.756583452225, 7339.855931758881, 7428.062628030777, 7516.0624563694, 7604.28954410553, 7692.5579125881195, 7780.791930198669, 7869.66836476326, 7957.828350067139, 8046.016023635864, 8134.285474777222, 8222.521174430847, 8310.90051484108, 8399.158425807953, 8487.373339176178, 8575.621917963028, 8663.679535150528, 8751.721376895905, 8839.855876684189], "timesteps_eval": [8808, 17642, 26476, 35310, 44144, 52978, 61812, 70646, 79480, 88314, 97148, 105982, 114816, 123650, 132484, 141318, 150152, 158986, 167820, 176654, 185488, 194322, 203156, 211990, 220824, 229658, 238492, 247326, 256160, 264994, 273828, 282662, 291496, 300330, 309164, 317998, 326832, 335666, 344500, 353334, 362168, 371002, 379836, 388670, 397504, 406338, 415172, 424006, 432840, 441674, 450508, 459342, 468176, 477010, 485844, 494678, 503512, 512346, 521180, 530014, 538848, 547682, 556516, 565350, 574184, 583018, 591852, 600686, 609520, 618354, 627188, 636022, 644856, 653690, 662524, 671358, 680192, 689026, 697860, 706694, 715528, 724362, 733196, 742030, 750864, 759698, 768532, 777366, 786200, 795034, 803868, 812702, 821536, 830370, 839204, 848038, 856872, 865706, 874540, 883374],