{"gamma": 0.9, "learning_rate": -5, "clip": 0.3, "returns_eval": [0.0, 0.0, 0.0, 0.0, 0.0, 0.0, 0.3, 20.2, 23.8, 18.7, 13.0, 13.0, 13.0, 13.0, 13.0, 15.9, 22.8, 22.8, 22.8, 22.8, 22.0, 22.8, 22.8, 22.8, 22.8, 22.8, 22.8, 22.8, 22.8, 22.8, 29.0, 29.1, 39.3, 57.8, 70.4, 75.9, 68.9, 62.0, 71.4, 72.5, 78.5, 74.6, 80.3, 81.4, 78.7, 82.2, 67.7, 63.8, 75.0, 75.8, 65.2, 71.2, 87.3, 75.9, 88.9, 89.1, 91.7, 87.1, 84.4, 75.8, 93.3, 81.9, 72.7, 83.0, 85.1, 84.3, 81.3, 69.6, 78.0, 73.0, 75.2, 90.2, 83.9, 79.4, 89.1, 87.8, 96.6, 80.2, 70.8, 90.4, 82.8, 83.8, 95.9, 83.7, 70.3, 85.6, 79.5, 79.0, 66.4, 68.1, 82.5, 81.3, 78.0, 71.3, 80.4, 78.8, 88.0, 79.7, 90.1, 76.3], "std_returns_eval": [0.0, 0.0, 0.0, 0.0, 0.0, 0.0, 0.9000000000000001, 11.469960767151735, 11.00727032465361, 9.940321926376429, 6.648308055437865, 6.648308055437865, 6.648308055437865, 6.648308055437865, 6.648308055437865, 7.38173421358423, 10.283968105745954, 10.283968105745954, 10.283968105745954, 10.283968105745954, 11.47170431975999, 10.283968105745954, 10.283968105745954, 10.283968105745954, 10.283968105745954, 10.283968105745954, 10.283968105745954, 10.283968105745954, 10.283968105745954, 10.283968105745954, 10.723805294763608, 7.6870020163910455, 10.9, 27.995713957675736, 19.815145722401336, 30.464569585011372, 26.70374505570333, 26.138094804327267, 24.274266209300745, 23.170023737579555, 23.879907872519105, 20.4215572373901, 25.92315567210134, 25.628889948649746, 25.151739502467816, 32.43084951092092, 19.67256973554802, 25.210315349078837, 36.199447509596055, 24.526720123163635, 27.220580449358533, 19.630588376307013, 9.613012014972206, 27.922929645723062, 21.82865089738713, 37.05253027797157, 26.754625768266692, 27.879921090275705, 28.464714999451513, 18.94623973246406, 18.74593289223025, 20.26548790431654, 19.80429246400891, 21.81284025522582, 25.01379619330101, 24.932107813018938, 26.32888148023003, 25.511566004461585, 30.19271435296933, 30.72132809629167, 29.62701469942593, 21.17451298141235, 22.871160880025307, 29.08332855778375, 25.602538936597675, 27.132268611378592, 19.81009843488921, 28.610487587596268, 26.70131082924582, 24.609754163745727, 29.64051281607658, 24.636558201177372, 18.785366645343924, 24.22003303053074, 22.86503881474947, 23.64825574963194, 25.515681452785067, 30.298514815086232, 26.99703687444235, 23.725302948539984, 20.22003956474863, 23.21228123214089, 25.42833065696606, 30.096677557497937, 20.333224043422135, 28.21985116899095, 22.239604313026796, 28.14267222564339, 27.395072549639288, 22.943626565998674], "timestamps_eval": [87.17553973197937, 172.2607400417328, 257.4095456600189, 342.55631256103516, 427.68551683425903, 513.1790392398834, 598.5472168922424, 683.7091543674469, 769.0132992267609, 854.2938504219055, 939.6514902114868, 1024.8748497962952, 1110.139272928238, 1195.4167804718018, 1280.5574686527252, 1365.8378863334656, 1451.0528841018677, 1536.315089225769, 1621.5306177139282, 1706.9671955108643, 1792.1571652889252, 1877.3733279705048, 1962.6529903411865, 2048.0337064266205, 2133.23033285141, 2218.823622941971, 2304.013914823532, 2389.9574422836304, 2475.109290599823, 2560.4657969474792, 2646.5927228927612, 2731.7770936489105, 2817.016435146332, 2902.3218047618866, 2987.5779218673706, 3072.7563252449036, 3158.153426885605, 3243.5398812294006, 3328.8990020751953, 3414.1380677223206, 3499.361884832382, 3584.6189754009247, 3669.8361773490906, 3755.046147584915, 3840.2105548381805, 3925.511099100113, 4010.778862953186, 4096.101566791534, 4181.390137672424, 4266.593288421631, 4351.923053979874, 4437.33247423172, 4522.62530875206, 4607.982587814331, 4693.329325675964, 4778.689872503281, 4863.937620639801, 4949.2609050273895, 5034.668674230576, 5119.907060146332, 5205.480971813202, 5290.682586431503, 5375.788407325745, 5461.0555284023285, 5546.204838275909, 5631.428332567215, 5716.7131605148315, 5802.056579113007, 5887.349150657654, 5972.539809703827, 6057.8394820690155, 6143.35608792305, 6229.3821930885315, 6314.695642948151, 6400.067826747894, 6485.361485719681, 6570.661967992783, 6655.974674463272, 6741.11950802803, 6826.269558429718, 6911.64337849617, 6996.931629180908, 7082.300277709961, 7167.664938926697, 7253.148111104965, 7338.428545475006, 7423.663068056107, 7508.805182218552, 7594.105331897736, 7679.46953701973, 7764.889967679977, 7850.3318066596985, 7935.688260316849, 8021.139238119125, 8106.406294822693, 8191.643347263336, 8276.806940793991, 8361.994631767273, 8447.337131500244, 8532.599520683289], "timesteps_eval": [8800, 17634, 26468, 35302, 44136, 52970, 61804, 70638, 79472, 88306, 97140, 105974, 114808, 123642, 132476, 141310, 150144, 158978, 167812, 176646, 185480, 194314, 203148, 211982, 220816, 229650, 238484, 247318, 256152, 264986, 273820, 282654, 291488, 300322, 309156, 317990, 326824, 335658, 344492, 353326, 362160, 370994, 379828, 388662, 397496, 406330, 415164, 423998, 432832, 441666, 450500, 459334, 468168, 477002, 485836, 494670, 503504, 512338, 521172, 530006, 538840, 547674, 556508, 565342, 574176, 583010, 591844, 600678, 609512, 618346, 627180, 636014, 644848, 653682, 662516, 671350, 680184, 689018, 697852, 706686, 715520, 724354, 733188, 742022, 750856, 759690, 768524, 777358, 786192, 795026, 803860, 812694, 821528, 830362, 839196, 848030, 856864, 865698, 874532, 883366],