{"gamma": [0.99, 0.98, 0.99], "learning_rate": [-3, -5, -3], "returns_eval": [0.0, 0.5, 0.0, 0.0, 0.3, 1.4, 0.7, 3.3, 1.9, 2.5, 4.3, 8.4, 3.0, 11.0, 4.2, 9.0, 15.1, 14.7, 14.4, 11.0, 11.2, 21.7, 19.1, 17.1, 22.5, 15.7, 18.9, 14.3, 15.7, 8.7, 9.7, 10.8, 10.3, 13.6, 13.6, 18.6, 11.3, 16.9, 17.6, 17.1, 21.8, 28.7, 30.4, 28.8, 22.5, 33.0, 31.1, 33.4, 28.5, 41.7, 34.9, 50.0, 42.8, 49.7, 41.7, 47.2, 54.3, 48.1, 52.1, 62.8, 42.0, 34.9, 16.9, 10.1, 7.2, 3.1, 3.9, 3.2, 3.3, 2.6, 3.1, 2.8, 3.8, 4.2, 2.1, 2.6, 3.4, 5.4, 4.0, 6.1, 6.5, 6.5, 7.3, 5.3, 9.2, 5.6, 5.2, 3.9, 4.6, 3.3, 1.7, 7.3, 4.5, 1.4, 4.9, 2.6, 3.3, 8.2, 7.3, 5.9], "std_returns_eval": [0.0, 1.5, 0.0, 0.0, 0.6403124237432849, 1.4966629547095767, 0.9, 3.7696153649941526, 2.6248809496813377, 2.7658633371878665, 4.196427051671457, 7.578918128598567, 1.9493588689617927, 9.327379053088816, 3.8418745424597094, 10.119288512538814, 6.977822009767805, 7.975587752636165, 10.258654882585729, 6.782329983125268, 8.328265125462805, 10.050373127401787, 12.128066622508303, 7.034912934784622, 8.488227141164401, 7.389857914736926, 4.1340053217188775, 6.634003316248793, 8.112336284942828, 5.710516614107694, 8.038034585643434, 6.764613810115105, 4.220189569201838, 7.952358140828417, 7.863841300534999, 5.023942674832188, 5.9506302187247355, 8.371977066380438, 5.96992462263972, 7.2862884927787475, 10.543244282477762, 9.1, 9.748846085563152, 8.14616474176652, 11.191514642799696, 11.515207336387824, 14.003213916812099, 8.101851640211638, 8.464632301523794, 6.649060083951716, 11.700000000000001, 16.186414056238647, 19.29144888285999, 6.435060217278468, 10.677546534667972, 14.441606558828557, 17.000294115102832, 10.64377752492037, 20.11690831116949, 17.057549648176316, 9.433981132056603, 12.23478647136925, 4.763402145525822, 4.3, 3.867815921162743, 2.022374841615669, 2.507987240796891, 2.5612496949731396, 2.193171219946131, 2.2, 3.3896902513356584, 3.709447398198282, 2.181742422927143, 2.3151673805580453, 1.57797338380595, 2.4979991993593593, 2.576819745345025, 2.973213749463701, 1.9493588689617927, 2.913760456866693, 2.1563858652847827, 2.6551836094703507, 2.72213151776324, 3.1320919526731648, 3.7094473981982814, 4.029888335921977, 3.249615361854384, 3.9357337308308855, 3.8522720568516444, 3.5227829907617076, 2.72213151776324, 4.267317658670374, 5.123475382979799, 2.1540659228538015, 6.876772498781678, 3.104834939252005, 3.2264531609803355, 5.1536394906900505, 3.4942810419312296, 2.7367864366808017], "timestamps_eval": [87.71268963813782, 173.00948238372803, 258.44827246665955, 343.97043442726135, 429.51899218559265, 515.0172710418701, 600.5726437568665, 686.3720791339874, 772.050229549408, 857.6877253055573, 943.4263052940369, 1029.242252588272, 1115.0993750095367, 1200.9373559951782, 1287.0646097660065, 1373.1727154254913, 1459.173181772232, 1545.9125986099243, 1631.7958121299744, 1717.6575496196747, 1803.5656583309174, 1889.381412267685, 1975.2828016281128, 2061.34569978714, 2147.1679742336273, 2233.120776414871, 2318.9788041114807, 2405.4770517349243, 2491.473081588745, 2577.4978544712067, 2663.3813586235046, 2749.234393119812, 2835.1699051856995, 2921.1165676116943, 3006.997223138809, 3092.9980595111847, 3179.7224311828613, 3265.708894968033, 3351.5811610221863, 3437.5054376125336, 3523.3495633602142, 3609.3321754932404, 3695.1685461997986, 3781.98326587677, 3867.856637239456, 3953.884248495102, 4039.8134047985077, 4126.41143655777, 4212.472962141037, 4298.426178216934, 4384.394490003586, 4471.050492048264, 4557.171429872513, 4643.196038484573, 4729.2243065834045, 4815.955844402313, 4901.967947721481, 4988.079153299332, 5075.04382276535, 5161.133173704147, 5247.234205007553, 5333.228248596191, 5419.266596317291, 5505.343811273575, 5591.317138195038, 5678.031792163849, 5763.979623556137, 5849.808000326157, 5935.713420152664, 6021.443445444107, 6107.40383887291, 6194.097264289856, 6279.917848110199, 6365.716348409653, 6451.675144433975, 6537.533195018768, 6623.473216056824, 6709.405766963959, 6795.408892393112, 6881.3770225048065, 6967.162169933319, 7052.981046915054, 7138.848139762878, 7225.440886735916, 7311.2956647872925, 7397.259975671768, 7483.200407743454, 7569.862231016159, 7655.8230266571045, 7741.742357254028, 7827.554767370224, 7913.477168560028, 7999.471294403076, 8085.358505964279, 8171.286169290543, 8257.270674228668, 8343.187162399292, 8429.113380908966, 8515.0558822155, 8601.182445764542], "timesteps_eval": [8805, 17638, 26471, 35304, 44137, 52970, 61803, 70636, 79469, 88302, 97135, 105968, 114801, 123634, 132467, 141300, 150133, 158966, 167799, 176632, 185465, 194298, 203131, 211964, 220797, 229630, 238463, 247296, 256129, 264962, 273795, 282628, 291461, 300294, 309127, 317960, 326793, 335626, 344459, 353292, 362125, 370958, 379791, 388624, 397457, 406290, 415123, 423956, 432789, 441622, 450455, 459288, 468121, 476954, 485787, 494620, 503453, 512286, 521119, 529952, 538785, 547618, 556451, 565284, 574117, 582950, 591783, 600616, 609449, 618282, 627115, 635948, 644781, 653614, 662447, 671280, 680113, 688946, 697779, 706612, 715445, 724278, 733111, 741944, 750777, 759610, 768443, 777276, 786109, 794942, 803775, 812608, 821441, 830274, 839107, 847940, 856773, 865606, 874439, 883272],