{"gamma": [0.99, 0.98, 0.99], "learning_rate": [-4, -3, -3], "returns_eval": [0.6, 4.1, 7.1, 15.8, 5.2, 0.7, 2.9, 1.3, 3.0, 4.8, 6.9, 4.4, 8.1, 5.7, 10.4, 18.7, 19.2, 33.5, 50.4, 57.2, 65.2, 80.2, 84.0, 80.3, 80.9, 74.9, 82.5, 107.5, 109.3, 118.8, 110.5, 101.8, 94.3, 88.7, 70.4, 74.3, 76.9, 86.2, 84.0, 82.7, 72.7, 65.6, 75.6, 47.0, 33.8, 37.2, 27.1, 24.5, 34.3, 29.4, 27.2, 33.2, 35.0, 23.4, 29.4, 22.2, 25.3, 19.9, 28.2, 26.2, 22.5, 21.3, 20.3, 13.1, 13.1, 8.5, 8.8, 3.4, 5.9, 5.5, 5.4, 3.1, 2.7, 1.6, 2.9, 1.8, 1.2, 2.8, 2.2, 2.7, 5.0, 3.8, 3.3, 5.3, 5.9, 2.1, 5.7, 2.3, 2.9, 2.3, 3.3, 2.7, 6.8, 6.5, 5.4, 4.6, 3.7, 4.2, 3.1, 2.3], "std_returns_eval": [1.4966629547095764, 4.928488612140643, 9.883825170448938, 15.54863338046145, 4.894895300208167, 0.7810249675906655, 3.176476034853718, 2.002498439450079, 3.3763886032268267, 5.015974481593781, 7.841555968046138, 4.029888335921977, 10.14347080638575, 4.920365840057018, 9.830564581955606, 12.977287852244013, 13.60735095453924, 27.100737997331365, 21.280037593951754, 29.109448637856403, 23.21120419107979, 23.54485081711073, 20.847062143141418, 21.54089134646011, 19.87687098111773, 27.555217291830598, 24.800201612083722, 18.282505298782223, 13.498518437221176, 13.151425778218876, 22.45996438109375, 9.206519429187123, 24.924084737458262, 17.193312653470823, 19.990997974088238, 15.614416415607725, 17.317332358074093, 17.092688495377196, 17.297398648351724, 14.31817027416562, 20.16953147695801, 26.10440575841557, 23.9716499223562, 19.28730152198591, 12.237646832622685, 14.749915253993834, 7.8160092118676525, 10.461835403025608, 9.497894503520241, 6.102458520956943, 4.354308211415448, 8.009993757800315, 13.674794331177344, 3.49857113690718, 7.6707235643060425, 7.782030583337489, 9.154780172128657, 6.59469483751902, 3.8418745424597094, 4.66476151587624, 8.511756575466665, 5.21632054229799, 7.239475119095306, 5.048762224545736, 5.3188344587888805, 7.158910531638177, 6.539113089708726, 3.6660605559646715, 3.477067730142742, 4.652956049652737, 3.903844259188627, 2.0712315177207983, 2.3685438564654024, 1.562049935181331, 2.8792360097775935, 1.7776388834631178, 1.16619037896906, 1.8330302779823362, 2.2715633383201093, 3.195309061734091, 1.9493588689617927, 1.661324772583615, 3.0675723300355937, 3.874274125562103, 6.3, 2.5475478405713994, 4.859012245302537, 2.1470910553583886, 3.726929030716845, 1.9000000000000001, 2.4103941586387903, 3.3778691508109078, 8.997777503361595, 5.084289527554465, 3.8000000000000003, 2.537715508089904, 3.3778691508109078, 4.6000000000000005, 2.7367864366808017, 3.2572994949804657], "timestamps_eval": [89.25674891471863, 176.58398246765137, 263.8762366771698, 351.0804793834686, 438.3841574192047, 526.5278408527374, 613.8953757286072, 701.398777961731, 788.9878282546997, 876.3995988368988, 963.8680365085602, 1051.4545946121216, 1138.9758956432343, 1226.4885370731354, 1313.9536743164062, 1401.4618346691132, 1489.026311635971, 1576.5866105556488, 1664.0994942188263, 1751.55273604393, 1839.0523390769958, 1926.7480623722076, 2014.350423336029, 2102.067313671112, 2190.7490577697754, 2278.380393266678, 2365.995935201645, 2453.6459052562714, 2541.3643085956573, 2629.1200091838837, 2716.831826210022, 2804.6016969680786, 2892.385251760483, 2980.1528294086456, 3067.8980073928833, 3155.610695362091, 3243.3469026088715, 3331.176527738571, 3419.154778242111, 3507.2525968551636, 3595.397254228592, 3683.559921503067, 3771.650002479553, 3859.6101863384247, 3947.578832626343, 4035.2408595085144, 4122.878709793091, 4210.573679447174, 4298.351101875305, 4386.041233301163, 4473.860091209412, 4561.543765068054, 4649.253996133804, 4737.018745183945, 4824.805565595627, 4912.513267993927, 5000.376468896866, 5088.222862958908, 5175.970777988434, 5263.623451471329, 5351.415093421936, 5439.179187297821, 5526.948893785477, 5614.78195142746, 5702.557694196701, 5790.227965831757, 5877.978103399277, 5965.894221067429, 6053.663855314255, 6141.573470830917, 6229.373567342758, 6317.737206935883, 6405.780668258667, 6493.844507694244, 6582.096978902817, 6670.175703763962, 6758.3891887664795, 6846.617781639099, 6934.812694311142, 7024.150455236435, 7112.459399700165, 7200.742522716522, 7288.9984130859375, 7377.186362028122, 7465.354898929596, 7553.4247052669525, 7641.424017906189, 7729.426918745041, 7817.58084321022, 7905.885361671448, 7993.977712392807, 8081.910808324814, 8170.027326822281, 8257.927387237549, 8345.8212287426, 8433.658508777618, 8521.390522003174, 8609.070777893066, 8696.669190883636, 8784.34856414795], "timesteps_eval": [8804, 17635, 26466, 35297, 44128, 52959, 61790, 70621, 79452, 88283, 97114, 105945, 114776, 123607, 132438, 141269, 150100, 158931, 167762, 176593, 185424, 194255, 203086, 211917, 220748, 229579, 238410, 247241, 256072, 264903, 273734, 282565, 291396, 300227, 309058, 317889, 326720, 335551, 344382, 353213, 362044, 370875, 379706, 388537, 397368, 406199, 415030, 423861, 432692, 441523, 450354, 459185, 468016, 476847, 485678, 494509, 503340, 512171, 521002, 529833, 538664, 547495, 556326, 565157, 573988, 582819, 591650, 600481, 609312, 618143, 626974, 635805, 644636, 653467, 662298, 671129, 679960, 688791, 697622, 706453, 715284, 724115, 732946, 741777, 750608, 759439, 768270, 777101, 785932, 794763, 803594, 812425, 821256, 830087, 838918, 847749, 856580, 865411, 874242, 883073],