{"gamma": [0.99, 0.95, 0.95], "learning_rate": [-3, -4, -4], "returns_eval": [0.1, 0.4, 0.1, 0.0, 0.0, 0.0, 0.3, 0.1, 0.1, 0.2, 0.8, 0.2, 1.3, 0.6, 1.2, 3.3, 0.1, 0.5, 1.4, 1.0, 2.7, 2.9, 2.3, 2.4, 2.0, 2.6, 2.0, 2.8, 6.8, 4.4, 4.8, 2.7, 7.0, 5.1, 6.4, 18.6, 14.3, 17.7, 22.8, 18.5, 31.3, 29.4, 32.0, 30.2, 41.0, 33.9, 46.1, 38.9, 41.4, 44.1, 47.1, 48.0, 46.9, 48.7, 60.8, 45.6, 52.2, 61.0, 46.8, 46.9, 51.9, 52.1, 65.3, 53.8, 56.0, 62.3, 60.5, 61.6, 69.6, 72.8, 73.0, 73.6, 67.6, 70.9, 74.7, 80.0, 73.4, 85.0, 87.8, 89.0, 82.3, 91.3, 89.3, 96.0, 92.5, 96.2, 102.7, 94.9, 96.9, 102.7, 95.6, 101.3, 98.6, 109.8, 107.5, 96.5, 107.5, 110.2, 116.6, 111.4], "std_returns_eval": [0.30000000000000004, 1.2000000000000002, 0.30000000000000004, 0.0, 0.0, 0.0, 0.9000000000000001, 0.30000000000000004, 0.30000000000000004, 0.4000000000000001, 1.077032961426901, 0.4000000000000001, 3.257299494980466, 1.0198039027185568, 1.5999999999999999, 6.649060083951715, 0.30000000000000004, 0.806225774829855, 1.9595917942265424, 1.5491933384829668, 2.9342801502242417, 2.9137604568666933, 2.193171219946131, 2.244994432064365, 1.5491933384829668, 2.154065922853802, 2.0, 2.08806130178211, 4.578209256903839, 4.24735211631906, 3.1240998703626617, 2.2825424421026654, 4.449719092257398, 3.6999999999999997, 3.352610922848042, 12.084701072016635, 7.1700767080973415, 9.654532614269838, 9.516301802696255, 8.674675786448736, 10.82635672791175, 13.624977064200879, 10.059821071967434, 10.361467077590895, 9.423375191511797, 8.490583018850943, 14.459944674859583, 14.597602542883541, 15.18025032731674, 14.54957044039445, 15.788920165736476, 24.2816803372419, 13.118307817702709, 19.209633000138236, 16.821414922651424, 14.867414032036642, 18.048822676285564, 15.830350596243912, 10.264501936285074, 14.404513181638594, 15.417198189035517, 19.480503073586164, 21.090519197023102, 16.624078921853084, 15.993748778819805, 14.05026690137949, 13.10915710486376, 18.320480343047777, 22.15942237514327, 12.663332894621384, 13.334166640626627, 18.932511719262184, 16.48757107641996, 16.902366698187564, 18.46645607581487, 13.542525613784159, 16.3902409988383, 16.911534525287763, 17.97665152357357, 15.472556349873152, 19.49384518251851, 19.74867084135031, 24.940128307609005, 6.131883886702357, 19.085334683992315, 14.524462124292244, 8.497646733066748, 13.780058055030104, 12.11981848048889, 11.670903992407785, 9.308061022576076, 10.602358228243375, 10.678951259369995, 8.14616474176652, 7.710382610480495, 20.3825906106167, 11.315917991926241, 7.756287771866126, 14.340153416194683, 9.666436778875658], "timestamps_eval": [89.20330309867859, 176.60672521591187, 264.0584578514099, 351.68874979019165, 439.18733525276184, 526.9315993785858, 614.7139596939087, 702.6724689006805, 790.6860220432281, 878.778183221817, 966.8625853061676, 1055.0931794643402, 1143.3243563175201, 1231.5762205123901, 1319.8325572013855, 1408.1254069805145, 1499.1623222827911, 1587.5290813446045, 1675.8546726703644, 1764.0872962474823, 1852.3046391010284, 1940.495454788208, 2028.6781764030457, 2116.8828949928284, 2205.1462528705597, 2293.337094306946, 2381.606315135956, 2469.8872985839844, 2557.9031913280487, 2645.907974720001, 2733.8220450878143, 2821.808136701584, 2909.61975979805, 2997.537838459015, 3085.5205659866333, 3173.410520553589, 3261.4004719257355, 3349.6845989227295, 3437.7335574626923, 3525.8534626960754, 3613.9361493587494, 3702.1864154338837, 3790.368772506714, 3878.456426382065, 3967.036541700363, 4055.311072587967, 4143.6487028598785, 4232.123849630356, 4320.268171310425, 4408.449511528015, 4496.665627002716, 4584.662054538727, 4672.9618146419525, 4761.167641401291, 4849.373012542725, 4937.188048124313, 5025.190401315689, 5113.3266451358795, 5201.479580163956, 5289.4268209934235, 5377.659160614014, 5465.6408150196075, 5553.54313659668, 5641.4533977508545, 5729.459725856781, 5817.669497013092, 5905.823884963989, 5993.861665964127, 6082.044778585434, 6170.305704116821, 6258.605784416199, 6346.686571598053, 6434.928377389908, 6523.1956906318665, 6611.158246278763, 6699.483724117279, 6787.448480129242, 6875.653711080551, 6963.980958938599, 7052.047198534012, 7140.197511434555, 7228.353908538818, 7316.516047477722, 7404.7251653671265, 7492.732602119446, 7580.967470169067, 7668.898990154266, 7757.145021677017, 7845.147640705109, 7933.2517964839935, 8021.213673353195, 8109.151818990707, 8197.27423453331, 8285.348953962326, 8373.874165534973, 8463.01044011116, 8552.034099817276, 8640.632766246796, 8729.326018095016, 8818.196888685226], "timesteps_eval": [8808, 17642, 26476, 35310, 44144, 52978, 61812, 70646, 79480, 88314, 97148, 105982, 114816, 123650, 132484, 141318, 150152, 158986, 167820, 176654, 185488, 194322, 203156, 211990, 220824, 229658, 238492, 247326, 256160, 264994, 273828, 282662, 291496, 300330, 309164, 317998, 326832, 335666, 344500, 353334, 362168, 371002, 379836, 388670, 397504, 406338, 415172, 424006, 432840, 441674, 450508, 459342, 468176, 477010, 485844, 494678, 503512, 512346, 521180, 530014, 538848, 547682, 556516, 565350, 574184, 583018, 591852, 600686, 609520, 618354, 627188, 636022, 644856, 653690, 662524, 671358, 680192, 689026, 697860, 706694, 715528, 724362, 733196, 742030, 750864, 759698, 768532, 777366, 786200, 795034, 803868, 812702, 821536, 830370, 839204, 848038, 856872, 865706, 874540, 883374],