{"gamma": [0.99, 0.95, 0.98], "learning_rate": [-3, -5, -4], "returns_eval": [0.0, 0.5, 0.0, 0.0, 0.3, 1.4, 0.7, 3.3, 1.9, 2.5, 4.3, 8.4, 3.0, 11.0, 4.2, 9.0, 15.1, 14.7, 14.4, 11.0, 11.2, 21.7, 19.1, 17.1, 22.5, 15.7, 18.9, 14.3, 15.7, 8.7, 9.7, 14.3, 16.6, 18.1, 17.7, 20.1, 24.7, 22.2, 17.8, 33.8, 33.6, 25.1, 39.3, 31.6, 35.8, 40.7, 36.1, 36.8, 49.3, 45.6, 49.3, 51.0, 47.6, 54.8, 48.1, 50.5, 66.1, 60.8, 63.5, 70.9, 74.1, 67.5, 68.3, 80.3, 74.8, 72.6, 77.5, 84.8, 70.1, 67.0, 71.8, 90.9, 74.6, 94.0, 78.1, 80.1, 88.3, 84.3, 97.2, 86.7, 85.7, 83.0, 91.5, 98.8, 92.3, 92.8, 82.2, 90.8, 89.0, 92.3, 94.7, 92.6, 93.4, 96.5, 98.2, 90.8, 96.7, 90.1, 91.9, 101.4], "std_returns_eval": [0.0, 1.5, 0.0, 0.0, 0.6403124237432849, 1.4966629547095767, 0.9, 3.7696153649941526, 2.6248809496813377, 2.7658633371878665, 4.196427051671457, 7.578918128598567, 1.9493588689617927, 9.327379053088816, 3.8418745424597094, 10.119288512538814, 6.977822009767805, 7.975587752636165, 10.258654882585729, 6.782329983125268, 8.328265125462805, 10.050373127401787, 12.128066622508303, 7.034912934784622, 8.488227141164401, 7.389857914736926, 4.1340053217188775, 6.634003316248793, 8.112336284942828, 5.710516614107694, 8.038034585643434, 6.527633568147036, 10.258654882585729, 6.4567793829431706, 10.583477689304212, 7.712976079309464, 10.286398786747478, 12.006664815842907, 10.562196741208714, 20.448960853794013, 13.039938650162432, 8.665448632355972, 21.711978260858682, 13.252924205623453, 12.631706139710504, 13.023440405668543, 18.822592807581, 13.31014650557987, 15.849605673328279, 9.86103442849684, 11.4109596441316, 19.590814173994914, 15.317963311093289, 18.26362505090378, 10.894494022211404, 21.15301396964508, 22.137976420621644, 20.52705531731232, 17.379585725787596, 24.035182545593447, 25.75441709687874, 16.3783393541592, 19.874858490062262, 26.649765477392105, 22.112439937736404, 17.379298029552288, 20.805047464497648, 17.010584939971935, 21.718425357285916, 15.270887335056859, 20.903588208726273, 12.69212354178764, 15.519020587653076, 10.21763181955584, 16.79553512097784, 19.470233691458354, 14.825990692024597, 27.331483677253967, 18.33466661818534, 14.973643511183242, 18.93171941478111, 24.883729623993265, 15.05489953470298, 9.108238029388561, 13.153326575433304, 15.477725931156682, 25.023189245178163, 14.23938200906205, 11.251666543228163, 21.68432613663611, 14.812494725737457, 13.169662106523463, 16.088505213350306, 20.543855529087036, 13.919770113044253, 16.648123017325407, 9.220086767487604, 19.806312125178682, 18.24527336051724, 19.163506985935534], "timestamps_eval": [87.39468741416931, 172.5078296661377, 257.63277888298035, 342.81301069259644, 427.86333203315735, 513.0417659282684, 598.4454185962677, 683.7571134567261, 769.0176179409027, 854.4424352645874, 939.7636148929596, 1025.1988565921783, 1110.547827720642, 1196.0375699996948, 1281.6233711242676, 1367.1754491329193, 1452.7267446517944, 1538.2348120212555, 1623.7891685962677, 1709.2372686862946, 1794.7632100582123, 1880.319772720337, 1965.9232807159424, 2051.472294330597, 2137.900111436844, 2223.4218122959137, 2308.9641280174255, 2394.419117450714, 2480.838807106018, 2566.4125843048096, 2651.960757493973, 2737.6411621570587, 2823.3760356903076, 2908.90739774704, 2994.5471181869507, 3080.1263597011566, 3165.7345707416534, 3251.3514878749847, 3337.0609695911407, 3422.54886841774, 3508.265175819397, 3593.8368887901306, 3679.405177116394, 3764.9388959407806, 3850.502450466156, 3936.0480234622955, 4021.6761615276337, 4107.219155073166, 4192.781521081924, 4278.29584646225, 4363.8573389053345, 4449.3947660923, 4535.05973982811, 4620.654947519302, 4706.336229324341, 4791.986237287521, 4877.533720493317, 4963.11966586113, 5048.640940189362, 5134.222636938095, 5219.7335793972015, 5305.356185674667, 5390.945948839188, 5476.593711137772, 5562.269549846649, 5647.9370975494385, 5733.504570007324, 5819.246164083481, 5904.911152601242, 5990.512322187424, 6076.058354854584, 6161.726848363876, 6247.378819704056, 6332.9882271289825, 6418.638976812363, 6504.315008163452, 6589.888248205185, 6675.533789634705, 6761.14239859581, 6846.770162343979, 6932.497821569443, 7018.241708755493, 7103.864147901535, 7189.505703687668, 7275.186367750168, 7360.869495868683, 7446.551226615906, 7532.221734046936, 7618.056144952774, 7703.844136238098, 7789.604698896408, 7875.287112951279, 7960.992504119873, 8046.797153234482, 8132.520966291428, 8218.293811321259, 8303.996259689331, 8389.614629745483, 8475.246230840683, 8561.027193307877], "timesteps_eval": [8805, 17638, 26471, 35304, 44137, 52970, 61803, 70636, 79469, 88302, 97135, 105968, 114801, 123634, 132467, 141300, 150133, 158966, 167799, 176632, 185465, 194298, 203131, 211964, 220797, 229630, 238463, 247296, 256129, 264962, 273795, 282628, 291461, 300294, 309127, 317960, 326793, 335626, 344459, 353292, 362125, 370958, 379791, 388624, 397457, 406290, 415123, 423956, 432789, 441622, 450455, 459288, 468121, 476954, 485787, 494620, 503453, 512286, 521119, 529952, 538785, 547618, 556451, 565284, 574117, 582950, 591783, 600616, 609449, 618282, 627115, 635948, 644781, 653614, 662447, 671280, 680113, 688946, 697779, 706612, 715445, 724278, 733111, 741944, 750777, 759610, 768443, 777276, 786109, 794942, 803775, 812608, 821441, 830274, 839107, 847940, 856773, 865606, 874439, 883272],